I	1	L	60	-325	46	611	11461
I	1	L	60	-324	58	694	16384
I	1	L	60	-326	55	673	14129
I	1	L	60	-325	77	807	12472
I	1	L	60	-326	67	735	11205
I	1	L	60	-325	75	783	7883
I	1	L	60	-325	41	597	20124
I	1	L	60	-325	56	671	14729
I	1	L	60	-325	84	832	11546
I	1	L	60	-325	83	835	15901
I	1	L	60	-325	79	813	17137
I	1	L	60	-330	62	706	15687
I	1	L	60	-325	67	741	13138
I	1	L	60	-325	78	815	6495
I	1	L	60	-326	52	650	14544
I	1	L	60	-325	73	764	16853
I	1	L	60	-325	69	742	11842
I	1	L	60	-326	111	1034	13533
I	1	L	60	-325	103	961	13676
I	1	L	60	-324	66	724	19578
I	1	L	60	-327	114	1079	17876
I	1	L	60	-326	50	638	15506
I	1	L	60	-330	61	731	21365
I	1	L	60	-326	98	988	9093
I	1	L	60	-340	74	835	19136
I	1	L	60	-329	53	681	15357
I	1	L	60	-325	70	748	4486
I	1	L	60	-325	64	713	12968
I	1	L	60	-329	75	861	6951
I	1	L	60	-325	75	802	13467
I	1	L	60	-324	115	1078	17256
I	1	L	60	-329	58	728	15925
I	1	L	60	-326	90	938	14414
I	1	L	60	-325	75	791	15113
I	1	L	60	-325	75	783	8827
I	1	L	60	-325	66	771	21323
I	1	L	60	-323	135	1215	18926
I	1	L	60	-325	63	711	9039
I	1	L	60	-325	79	804	9220
I	1	L	60	-325	54	654	15309
I	1	L	60	-325	79	808	10551
I	1	L	60	-325	54	669	16890
I	1	L	60	-326	97	924	5364
I	1	L	60	-324	89	883	18882
I	1	L	60	-325	93	889	16847
I	1	L	60	-325	111	1008	11332
I	1	L	60	-325	100	929	7688
I	1	L	60	-325	137	1185	8689
I	1	L	60	-325	98	923	9597
I	1	L	60	-325	81	831	15888
I	1	L	60	-325	59	683	9018
I	1	L	60	-325	82	823	7315
I	1	L	60	-325	67	730	16237
I	1	L	60	-324	86	851	16259
I	1	L	60	-325	74	783	13124
I	1	L	60	-323	70	817	15384
I	1	L	60	-325	84	829	7981
I	1	L	60	-325	85	840	10230
I	1	L	60	-325	78	798	12695
I	1	L	60	-325	116	1026	11168
I	1	L	60	-325	107	987	20170
I	1	L	60	-325	70	750	5018
I	1	L	60	-326	8	388	15996
I	1	L	60	-325	51	636	11662
I	1	L	60	-325	84	834	10618
I	1	L	60	-326	117	1076	15985
I	1	L	60	-324	53	660	11339
I	1	L	60	-323	66	724	12929
I	1	L	60	-325	91	876	4883
I	1	L	60	-329	55	672	6240
I	1	L	60	-326	97	917	10440
I	1	L	60	-325	76	785	8748
I	1	L	60	-327	123	1100	17699
I	1	L	60	-325	76	784	11080
I	1	L	60	-324	42	581	11520
I	1	L	60	-325	78	812	9331
I	1	L	60	-325	127	1105	15420
I	1	L	60	-324	50	634	14395
I	1	L	60	-639	2	9669	19979
I	1	L	60	-325	67	730	4910
I	1	L	60	-330	97	1034	18177
I	1	L	60	-325	78	817	19441
I	1	L	60	-325	109	984	15186
I	1	L	60	-325	105	976	19777
I	1	L	60	-325	68	758	6343
I	1	L	60	-325	74	789	13951
I	1	L	60	-325	68	737	16425
I	1	L	60	-325	79	803	12547
I	1	L	60	-325	103	960	11513
I	1	L	60	-326	64	725	20023
I	1	L	60	-326	155	1354	16777
I	1	L	60	-324	104	953	12749
I	1	L	60	-325	68	743	4512
I	1	L	60	-324	97	958	5608
I	1	L	60	-324	59	708	21139
I	1	L	60	-325	55	659	14504
I	1	L	60	-327	52	648	12155
I	1	L	60	-325	42	582	3390
I	1	L	60	-323	74	831	17517
I	1	L	60	-327	114	1043	10951
I	3	L	60	-328	94	917	10475
I	3	L	60	-340	45	614	17635
I	3	L	60	-321	32	559	17221
I	6	L	60	-330	85	857	23506
I	303405	L	60	-698	2	1408	12511
I	732157	R	60	104	3	5410	11328
I	1044412	L	60	-8	33	209	14044
I	1454492	L	60	-3256	2	10003	10255
I	1914473	R	60	2099	2	10569	24348
I	2404538	L	60	-4925	6	13069	26555
I	2423648	L	60	-837	2	8410	17841
I	2522298	L	60	-983	2	9326	27003
I	2649606	L	60	-747	2	5114	24808
I	2653993	L	60	-3771	2	11396	24573
I	2982874	R	60	0	91	555	23384
I	2982874	R	60	0	42	258	22731
I	2982874	R	60	0	32	209	22285
I	2982874	R	60	0	52	324	21273
I	2982874	R	60	0	85	519	21292
I	2982874	R	60	0	51	309	21027
I	2982874	R	60	0	48	310	20756
I	2982874	R	60	0	70	430	20578
I	2982874	R	60	0	34	208	20171
I	2982874	R	60	0	52	343	20137
I	2982874	R	60	0	81	506	19011
I	2982874	R	60	0	67	438	18830
I	2982878	R	60	2	104	678	18936
I	2982874	R	60	0	85	515	18681
I	2982874	R	60	0	74	488	18658
I	2982873	R	60	2	50	362	18501
I	2982874	R	60	0	32	196	17620
I	2982874	R	60	0	120	744	18087
I	2982874	R	60	0	86	526	17819
I	2982874	R	60	0	62	374	17065
I	2982873	R	60	3	29	183	16773
I	2982874	R	60	0	69	431	16994
I	2982874	R	60	0	115	748	17071
I	2982861	R	60	16	110	738	16572
I	2982874	R	60	0	78	478	16263
I	2982874	R	60	0	49	299	15874
I	2982874	R	60	0	25	155	15677
I	2982874	R	60	0	53	330	15769
I	2982874	R	60	0	79	495	15791
I	2982874	R	60	0	77	480	15728
I	2982874	R	60	0	77	501	15822
I	2982869	R	60	6	61	394	15336
I	2982874	R	60	0	37	227	15161
I	2982874	R	60	0	108	657	15570
I	2982874	R	60	0	69	419	15176
I	2982874	R	60	0	104	633	15376
I	2982874	R	60	0	55	367	15089
I	2982874	R	60	0	45	275	14875
I	2982874	R	60	0	90	547	14710
I	2982874	R	60	0	35	230	14192
I	2982874	R	60	7	57	382	14322
I	2982874	R	60	0	87	528	14359
I	2982874	R	60	0	45	275	13943
I	2982874	R	60	0	52	333	13883
I	2982874	R	60	0	83	507	13999
I	2982874	R	60	0	38	242	13677
I	2982874	R	60	0	76	472	13746
I	2982874	R	60	0	74	456	13669
I	2982874	R	60	0	38	232	13175
I	2982874	R	60	0	70	429	13357
I	2982874	R	60	0	65	417	13221
I	2982874	R	60	0	58	388	13164
I	2982874	R	60	0	33	203	12772
I	2982874	R	60	0	63	385	12891
I	2982874	R	60	0	51	342	12811
I	2982878	R	60	2	34	243	12516
I	2982874	R	60	0	71	431	12695
I	2982874	R	60	0	82	502	12709
I	2982874	R	60	0	71	432	12576
I	2982874	R	60	0	31	196	12096
I	2982874	R	60	0	111	727	12670
I	2982874	R	60	0	39	238	12044
I	2982874	R	60	0	27	166	11798
I	2982874	R	60	0	74	458	11936
I	2982874	R	60	0	81	504	11905
I	2982874	R	60	0	55	343	11694
I	2982874	R	60	0	72	437	11755
I	2982874	R	60	0	82	540	11895
I	2982874	R	60	0	86	561	11885
I	2982874	R	60	0	81	505	11622
I	2982874	R	60	0	85	524	11604
I	2982874	R	60	0	60	364	11430
I	2982874	R	60	0	44	268	11315
I	2982874	R	60	0	44	287	11156
I	2982874	R	60	0	57	353	11155
I	2982874	R	60	0	75	454	11149
I	2982874	R	60	0	68	455	10903
I	2982874	R	60	0	51	316	10652
I	2982874	R	60	0	90	544	10786
I	2982874	R	60	0	170	1057	11032
I	2982874	R	60	0	73	442	10402
I	2982874	R	60	0	29	177	9921
I	2982874	R	60	0	62	376	10102
I	2982874	R	60	0	80	492	10122
I	2982874	R	60	0	64	397	9943
I	2982874	R	60	0	40	262	9778
I	2982874	R	60	0	66	401	9844
I	2982874	R	60	0	83	515	9809
I	2982874	R	60	0	56	341	9578
I	2982874	R	60	0	46	314	9412
I	2982874	R	60	0	80	508	9576
I	2982874	R	60	0	47	295	9191
I	2982874	R	60	0	63	388	9247
I	2982874	R	60	0	63	382	9205
I	2982874	R	60	0	107	645	9434
I	2982874	R	60	0	49	299	8879
I	2982874	R	60	0	50	310	8870
I	2982874	R	60	0	92	568	9094
I	2982874	R	60	0	97	585	9033
I	2982874	R	60	0	78	496	8444
I	2982874	R	60	0	81	491	8298
I	2982874	R	60	0	68	461	8259
I	2982874	R	60	0	68	413	8067
I	2982874	R	60	0	37	226	7373
I	2982874	R	60	0	63	389	7030
I	2982874	R	60	0	57	347	6517
I	2982874	R	60	0	144	903	6487
I	2982874	R	60	0	58	352	5777
I	2982858	R	60	5	45	296	5465
I	2982874	R	60	0	45	275	5355
I	2982874	R	60	0	129	804	5685
I	2982874	R	60	0	75	454	5063
I	2982874	R	60	0	52	326	4750
I	2982874	R	60	0	38	233	3801
I	2982874	R	60	0	78	472	3926
I	2982874	R	60	5	81	535	3955
I	2982876	L	60	1	55	341	12901
I	3019284	L	60	-2	72	437	5909
I	3019284	L	60	-2	102	618	7051
I	3019286	L	60	-2	74	501	14333
I	3019287	L	60	1	78	487	18003
I	3019287	L	60	1	55	359	13506
I	3019287	L	60	1	36	219	11682
I	3019287	L	60	1	57	345	4847
I	3019287	L	60	1	135	872	15595
I	3019287	L	60	1	52	317	14847
I	3019287	L	60	1	58	428	14541
I	3019287	L	60	1	89	536	11512
I	3019287	L	60	1	60	379	15062
I	3019287	L	60	1	87	539	20376
I	3019287	L	60	1	92	626	14473
I	3019287	L	60	1	68	411	5823
I	3019287	L	60	1	7	42	5729
I	3019287	L	60	1	62	404	10992
I	3019287	L	60	1	83	523	18322
I	3019287	L	60	1	81	515	12103
I	3019287	L	60	1	39	237	4442
I	3019287	L	60	1	71	429	8880
I	3019287	L	60	1	65	392	20414
I	3019287	L	60	1	150	941	11396
I	3019287	L	60	1	68	423	13832
I	3019287	L	60	1	84	520	20060
I	3019287	L	60	1	103	681	13439
I	3019287	L	60	1	75	484	21788
I	3019287	L	60	1	55	340	9487
I	3019287	L	60	1	73	442	4963
I	3019287	L	60	1	49	298	12631
I	3019287	L	60	1	64	396	14923
I	3019287	L	60	1	38	254	11598
I	3019287	L	60	1	98	685	14339
I	3019287	L	60	1	93	601	4345
I	3019287	L	60	1	31	207	14970
I	3019287	L	60	1	96	610	18980
I	3019287	L	60	1	44	277	11432
I	3019287	L	60	1	59	364	11382
I	3019287	L	60	1	62	401	14572
I	3019287	L	60	1	58	351	7824
I	3019287	L	60	1	97	647	14178
I	3019287	L	60	1	85	514	11728
I	3019287	L	60	1	52	315	9449
I	3019287	L	60	1	85	585	17714
I	3019287	L	60	1	92	561	10105
I	3019287	L	60	1	80	499	16204
I	3019287	L	60	1	96	598	18733
I	3019287	L	60	1	92	561	10729
I	3019287	L	60	1	83	525	6863
I	3019287	L	60	1	60	383	10342
I	3019287	L	60	1	102	682	10944
I	3019287	L	60	1	51	316	19908
I	3019287	L	60	1	87	542	10488
I	3019287	L	60	1	38	235	15578
I	3019287	L	60	1	104	644	10065
I	3019287	L	60	1	66	399	9975
I	3019287	L	60	1	50	308	11508
I	3019287	L	60	1	35	214	8086
I	3019287	L	60	1	122	736	5324
I	3019287	L	60	1	81	490	14067
I	3019287	L	60	1	86	519	13658
I	3019287	L	60	1	132	833	11481
I	3019287	L	60	1	65	520	24326
I	3019287	L	60	1	68	416	17833
I	3019287	L	60	1	66	400	9226
I	3019287	L	60	1	59	357	3977
I	3019287	L	60	1	46	280	12766
I	3019287	L	60	1	90	548	9962
I	3019287	L	60	1	73	447	16800
I	3019287	L	60	1	103	621	9077
I	3019287	L	60	1	54	328	11024
I	3019287	L	60	1	97	584	15060
I	3019287	L	60	1	100	620	15739
I	3019287	L	60	-6	50	321	12231
I	3019287	L	60	1	109	670	10069
I	3019287	L	60	1	94	578	6785
I	3019287	L	60	1	50	311	16402
I	3019287	L	60	1	45	271	8821
I	3019287	L	60	1	61	372	11028
I	3019287	L	60	1	54	337	14243
I	3019287	L	60	1	119	749	13468
I	3019287	L	60	1	92	654	14212
I	3019287	L	60	1	141	862	10815
I	3019287	L	60	1	65	399	8981
I	3019287	L	60	1	85	524	11502
I	3019287	L	60	1	71	440	20516
I	3019287	L	60	1	91	562	11667
I	3019287	L	60	1	39	262	13117
I	3019287	L	60	1	50	302	6245
I	3019287	L	60	1	82	496	5460
I	3019287	L	60	1	91	552	22692
I	3019287	L	60	1	101	609	13356
I	3019287	L	60	1	67	406	9677
I	3019287	L	60	1	48	291	16951
I	3019287	L	60	1	74	463	15033
I	3019287	L	60	1	68	412	13793
I	3019287	L	60	1	119	726	7914
I	3019287	L	60	1	90	564	12822
I	3019288	L	60	-15	98	638	19917
I	3019289	L	60	-2	138	845	17146
I	3019289	L	60	-2	68	492	14173
I	3019289	L	60	-4	86	534	22857
I	3019289	L	60	-3	53	337	8111
I	3019290	L	60	-1	66	415	17217
I	3019292	L	60	-9	63	403	18335
I	3019295	L	60	-8	75	482	21753
I	3019297	L	60	1	84	556	12830
I	5416323	R	60	20	104	652	14702
I	5461409	L	60	-903	3	6912	17900
I	5643270	L	60	-3507	2	7317	15424
I	5802456	R	60	613	2	1989	17209
I	5966137	R	60	20	42	294	23431
I	6000798	L	60	-10402	2	12607	27998
I	6117117	R	60	2226	4	9660	25782
I	8182404	R	60	2909	3	7105	16194
I	8185366	L	60	-6679	2	16804	22499
I	9389540	R	60	5691	2	12772	29698
I	9552505	R	60	262	2	11507	24608
I	9747643	R	60	0	46	284	24060
I	9747643	R	60	0	123	778	20627
I	9747643	R	60	0	96	606	20457
I	9747643	R	60	0	57	365	20209
I	9747643	R	60	0	52	321	20157
I	9747643	R	60	0	70	449	20106
I	9747643	R	60	0	102	694	20199
I	9747643	R	60	0	93	608	19188
I	9747643	R	60	0	50	327	18555
I	9747643	R	60	0	68	413	18279
I	9747643	R	60	0	106	641	18487
I	9747643	R	60	0	95	590	18395
I	9747643	R	60	0	63	393	17914
I	9747643	R	60	0	107	646	17704
I	9747643	R	60	0	55	341	16837
I	9747643	R	60	0	57	351	16848
I	9747643	R	60	0	62	405	16599
I	9747643	R	60	0	63	381	16571
I	9747643	R	60	0	119	807	16980
I	9747643	R	60	0	67	416	16464
I	9747642	R	60	9	36	252	16260
I	9747637	R	60	8	50	335	16225
I	9747643	R	60	0	39	238	15420
I	9747643	R	60	0	81	496	15518
I	9747643	R	60	0	88	569	15206
I	9747643	R	60	0	42	303	14752
I	9747643	R	60	0	75	475	14750
I	9747643	R	60	0	38	237	14389
I	9747643	R	60	0	112	716	14652
I	9747643	R	60	0	91	561	14421
I	9747643	R	60	0	59	365	13965
I	9747643	R	60	0	63	393	13909
I	9747643	R	60	0	117	715	14208
I	9747643	R	60	0	114	697	14048
I	9747643	R	60	0	54	327	13388
I	9747642	R	60	2	46	289	13288
I	9747643	R	60	7	53	334	13273
I	9747643	R	60	0	4	76	12994
I	9747643	R	60	0	59	360	13214
I	9747643	R	60	0	79	482	13282
I	9747643	R	60	0	87	532	13132
I	9747643	R	60	0	60	373	12972
I	9747643	R	60	0	67	419	12934
I	9747642	R	60	2	75	463	12702
I	9747643	R	60	0	88	540	12764
I	9747643	R	60	0	60	376	12512
I	9747643	R	60	0	76	505	12323
I	9747643	R	60	0	47	286	12047
I	9747643	R	60	0	50	326	11995
I	9747643	R	60	0	63	407	11988
I	9747643	R	60	0	45	284	11843
I	9747643	R	60	0	51	316	11834
I	9747643	R	60	0	106	645	12113
I	9747643	R	60	0	68	422	11813
I	9747643	R	60	0	61	375	11727
I	9747643	R	60	0	38	239	11597
I	9747643	R	60	0	48	316	11693
I	9747643	R	60	10	120	758	11939
I	9747643	R	60	0	78	477	11600
I	9747643	R	60	0	68	408	11101
I	9747643	R	60	0	36	225	10936
I	9747643	R	60	0	56	350	11024
I	9747643	R	60	0	60	369	11005
I	9747643	R	60	0	91	550	10844
I	9747643	R	60	0	67	405	10449
I	9747643	R	60	0	66	407	10255
I	9747637	R	60	5	71	468	10160
I	9747643	R	60	0	69	423	9983
I	9747643	R	60	0	81	490	9948
I	9747643	R	60	0	111	702	9999
I	9747643	R	60	0	102	651	9827
I	9747643	R	60	0	82	500	9666
I	9747643	R	60	0	52	316	9303
I	9747643	R	60	0	75	463	9428
I	9747643	R	60	0	81	496	9461
I	9747643	R	60	0	80	518	9470
I	9747643	R	60	0	46	286	8716
I	9747643	R	60	0	74	473	8906
I	9747643	R	60	0	67	406	8563
I	9747643	R	60	0	96	607	8397
I	9747643	R	60	0	39	238	7802
I	9747643	R	60	0	68	412	7947
I	9747643	R	60	0	120	725	8155
I	9747643	R	60	0	83	501	7800
I	9747643	R	60	0	35	220	7443
I	9747642	R	60	4	79	501	7419
I	9747643	R	60	0	118	712	7615
I	9747643	R	60	0	110	664	7454
I	9747643	R	60	0	100	610	7286
I	9747643	R	60	0	72	438	6630
I	9747643	R	60	0	85	527	6704
I	9747643	R	60	0	26	161	6203
I	9747643	R	60	0	60	375	6326
I	9747649	R	60	0	44	315	6213
I	9747643	R	60	0	99	598	6460
I	9747643	R	60	0	61	370	6342
I	9747643	R	60	0	38	233	5570
I	9747643	R	60	0	56	341	5236
I	9747643	R	60	0	105	654	5300
I	9747643	R	60	0	58	352	4846
I	9747643	R	60	0	36	221	4533
I	9747643	R	60	0	119	719	4467
I	9747643	R	60	0	53	323	3980
II	6941	R	1	927	2	3275	10624
II	1374	L	60	-5	158	3391	8307
II	1374	L	60	-5	41	261	9716
II	1374	L	60	-10	68	420	12265
II	1374	L	60	-5	208	1320	3433
II	1374	L	60	-5	202	1328	13392
II	1374	L	60	-5	112	702	11273
II	1374	L	60	-5	91	553	4271
II	1374	L	60	-5	74	457	14441
II	6942	R	60	2194	3	6221	12088
II	1485	L	60	2	63	403	12088
II	6942	R	60	2205	2	4415	10708
II	1485	L	60	2	135	822	10708
II	3479	L	60	-27	4	2018	4550
II	3682	L	60	-34	69	501	8596
II	7833	L	60	-377	24	4460	15440
II	7833	L	54	-377	26	7327	17222
II	20396	L	60	0	95	580	7342
II	20402	L	60	0	30	195	11998
II	20402	L	60	0	43	300	13112
II	20402	L	60	0	82	537	20914
II	20402	L	60	-7	85	548	17776
II	20402	L	60	0	30	191	9232
II	20402	L	60	0	114	764	17304
II	20402	L	60	0	35	214	7329
II	20402	L	60	0	50	315	9694
II	20402	L	60	0	30	184	10214
II	20402	L	60	0	73	443	8935
II	20402	L	60	0	84	508	10181
II	20402	L	60	0	61	371	12103
II	20402	L	60	0	72	459	19746
II	20402	L	60	0	57	347	7758
II	20402	L	60	0	68	412	11792
II	20402	L	60	0	86	541	9902
II	20402	L	60	0	52	317	10128
II	20402	L	60	0	54	328	9160
II	20402	L	60	0	47	316	15889
II	20402	L	60	0	54	339	12244
II	20402	L	60	-7	51	328	19401
II	20402	L	60	0	63	429	8506
II	20402	L	60	0	58	357	11034
II	20402	L	60	0	63	399	14166
II	20402	L	60	0	62	396	12833
II	20402	L	60	0	69	419	12174
II	20402	L	60	0	58	370	18924
II	20402	L	60	0	19	119	8335
II	20402	L	60	0	111	697	12949
II	20402	L	60	0	72	452	11646
II	20402	L	60	0	40	245	9308
II	20402	L	60	0	48	288	12654
II	20402	L	60	0	99	631	13242
II	20402	L	60	0	42	256	13206
II	20402	L	60	0	50	316	7702
II	20402	L	60	0	56	356	19341
II	20402	L	60	0	60	432	15833
II	20402	L	60	0	46	280	19045
II	20402	L	60	0	49	298	9999
II	20402	L	60	0	69	436	12501
II	20402	L	60	0	50	312	14134
II	20402	L	60	0	111	693	10572
II	20402	L	60	0	113	700	8516
II	20402	L	60	0	116	706	11700
II	20402	L	60	0	87	529	9297
II	20402	L	60	0	66	436	11630
II	20402	L	60	0	91	552	9190
II	20402	L	60	-5	36	261	12198
II	20402	L	60	0	55	340	15114
II	20402	L	60	0	28	173	14813
II	20402	L	60	0	41	249	7647
II	20402	L	60	0	70	425	7289
II	20402	L	60	0	44	273	15502
II	20402	L	60	0	123	749	14041
II	20402	L	60	0	98	629	16036
II	20402	L	60	0	50	313	21695
II	20402	L	60	0	39	244	9013
II	20402	L	60	0	111	683	7225
II	20402	L	60	0	51	318	12030
II	20402	L	60	-4	52	335	22123
II	20402	L	60	0	46	285	9416
II	20402	L	60	0	36	221	11679
II	20402	L	60	0	55	346	13108
II	20402	L	60	0	67	424	17726
II	20402	L	60	0	37	248	20610
II	20402	L	60	0	89	571	8406
II	20402	L	60	0	30	185	20368
II	20402	L	60	0	64	397	19171
II	20402	L	60	0	68	418	7041
II	20402	L	60	0	31	196	12227
II	20402	L	60	0	85	542	19866
II	20402	L	60	0	45	276	11127
II	20402	L	60	0	49	303	16281
II	20402	L	60	0	53	320	15692
II	20402	L	60	0	86	521	9473
II	20402	L	60	0	102	632	16580
II	20402	L	60	0	64	384	5738
II	20402	L	60	0	67	429	11342
II	20402	L	60	0	77	466	13501
II	20402	L	60	0	37	228	10779
II	20402	L	60	0	62	401	18165
II	20402	L	60	0	102	617	10856
II	20402	L	60	0	60	364	4315
II	20402	L	60	0	64	388	9742
II	20402	L	60	0	118	720	10989
II	20402	L	60	0	103	622	12798
II	20402	L	60	0	56	345	11684
II	20402	L	60	0	53	323	15692
II	20402	L	60	0	49	312	18933
II	20402	L	60	0	45	273	12229
II	20402	L	60	0	58	353	6349
II	20402	L	60	0	98	597	10541
II	20402	L	60	0	48	293	3748
II	20402	L	60	0	78	472	12067
II	20402	L	60	0	88	531	4818
II	20402	L	60	0	35	215	13158
II	20402	L	60	0	70	433	10411
II	20402	L	60	0	115	712	18793
II	20402	L	60	0	66	401	8982
II	20403	L	60	0	52	344	15925
II	20403	L	60	-2	58	355	11541
II	20403	L	60	-2	129	789	10440
II	20403	L	60	-2	57	373	17011
II	20406	L	60	-4	57	358	7753
II	587142	R	60	7157	2	9227	21029
II	624129	L	60	-864	2	5838	27057
II	1013732	R	60	613	2	4374	10948
II	1081246	R	60	2096	3	10664	25991
II	1816194	R	60	6	29	211	9388
II	2776663	R	60	-2	4	13938	28903
II	3119529	R	60	3686	2	5454	18385
II	3245155	L	60	-1030	2	10229	12448
II	3947601	R	60	3755	2	4265	9262
II	4383186	L	60	-3309	2	4199	16375
II	4595060	L	60	-17	2	2140	6194
II	5043105	L	60	-2232	2	6727	19117
II	5315592	L	60	-4	10	82	8017
II	5434674	L	60	-563	2	9666	24460
II	5527186	L	60	-2187	2	4738	14049
II	5706128	L	60	-2070	2	3842	12353
II	5872980	R	60	574	2	7940	21083
II	6041491	R	60	-4	14	85	12397
II	6307629	L	60	-3486	3	5908	11471
II	7197066	L	60	-2765	2	8758	18958
II	7224008	L	60	-2612	2	8844	11129
II	7224008	L	60	-2609	2	4489	11530
II	7224008	L	60	-2611	2	3807	13733
II	7224008	L	60	-2613	2	5367	16597
II	7224008	L	60	-2605	2	7284	12196
II	7224008	L	60	-2613	2	11191	21276
II	7224008	L	60	-2608	2	12952	18303
II	7224008	L	60	-2613	2	6658	10184
II	7224008	L	60	-2612	2	7562	9756
II	7224008	L	60	-2623	2	9658	15933
II	7224008	L	60	-2609	3	8076	17942
II	7224008	L	60	-2612	2	3627	18516
II	7224008	L	60	-2614	2	9133	13845
II	7224008	L	60	-2619	2	5051	10545
II	7224008	L	60	-2627	2	5491	18390
II	7224008	L	60	-2615	2	3830	6137
II	7224008	L	60	-2619	2	8795	21860
II	7224008	L	60	-2613	2	5792	11171
II	7224008	L	60	-2612	2	5519	8929
II	7224008	L	60	-2614	2	6269	8020
II	7224008	L	60	-2612	2	4773	12503
II	7224008	L	60	-2618	2	9051	17803
II	7224008	L	60	-2621	3	10322	16288
II	7224008	L	60	-2612	2	5435	12605
II	7224008	L	60	-2612	2	3838	5987
II	7224008	L	60	-2615	2	13075	21347
II	7224008	L	60	-2613	2	4583	10497
II	7224008	L	60	-2610	2	4875	10154
II	7224008	L	60	-2613	2	3849	13691
II	7224008	L	60	-2612	2	4521	13380
II	7224008	L	60	-2629	2	8414	9652
II	7224008	L	60	-2612	2	6674	11282
II	7224008	L	60	-2612	2	6401	12519
II	7224008	L	60	-2611	2	4477	12002
II	7224008	L	60	-2612	2	3943	5432
II	7323673	R	60	-1	58	358	28974
II	7323673	R	60	-1	30	202	23049
II	7323673	R	60	-1	73	485	22775
II	7323673	R	60	-1	30	183	21928
II	7323673	R	60	-1	104	646	21540
II	7323667	R	60	2	50	335	21045
II	7323673	R	60	-1	53	339	21128
II	7323673	R	60	-1	119	801	21290
II	7323673	R	60	-1	76	473	19845
II	7323669	R	60	-1	53	369	19491
II	7323673	R	60	-1	30	183	19187
II	7323673	R	60	-1	71	442	19340
II	7323673	R	60	-1	79	483	19351
II	7323672	R	60	1	27	187	18550
II	7323668	R	60	3	128	793	18533
II	7323673	R	60	-1	74	453	18165
II	7323673	R	60	-1	58	375	18085
II	7323673	R	60	-1	28	172	17867
II	7323673	R	60	-1	55	334	17664
II	7323673	R	60	-1	147	900	17897
II	7323673	R	60	-1	107	651	17454
II	7323673	R	60	-1	83	524	17083
II	7323671	R	60	0	72	451	16669
II	7323673	R	60	-1	66	398	16417
II	7323664	R	60	7	66	407	16363
II	7323673	R	60	-1	66	436	16499
II	7323673	R	60	-1	70	424	15756
II	7323673	R	60	-1	55	343	15627
II	7323673	R	60	-1	80	493	15580
II	7323673	R	60	-1	70	452	15233
II	7323673	R	60	4	92	582	15347
II	7323673	R	60	-1	85	537	15134
II	7323673	R	60	-1	66	433	14609
II	7323673	R	60	-1	37	250	14329
II	7323673	R	60	-1	49	298	14116
II	7323673	R	60	-1	90	556	14298
II	7323673	R	60	-1	62	377	13933
II	7323673	R	60	-1	84	508	14024
II	7323673	R	60	-1	114	773	14386
II	7323673	R	60	-1	97	589	13950
II	7323673	R	60	-1	91	559	13860
II	7323673	R	60	6	49	306	13370
II	7323673	R	60	-1	60	363	13295
II	7323673	R	60	-1	100	656	13450
II	7323673	R	60	-1	68	422	12964
II	7323673	R	60	-1	49	305	12835
II	7323673	R	60	-1	86	523	12943
II	7323673	R	60	-1	92	563	12801
II	7323667	R	60	7	113	805	13009
II	7323673	R	60	-1	143	898	12876
II	7323671	R	60	2	88	540	12477
II	7323670	R	60	3	79	524	12317
II	7323673	R	60	-1	67	450	12274
II	7323673	R	60	-1	51	316	12086
II	7323673	R	60	-1	57	346	12096
II	7323673	R	60	-1	42	258	11749
II	7323673	R	60	-1	71	451	11847
II	7323673	R	60	-1	41	269	11585
II	7323673	R	60	-1	46	278	11453
II	7323673	R	60	-1	103	633	11297
II	7323673	R	60	-1	75	501	11118
II	7323673	R	60	-1	51	308	10899
II	7323673	R	60	-1	72	444	10979
II	7323673	R	60	-1	72	435	10930
II	7323673	R	60	-1	41	250	10495
II	7323673	R	60	-1	53	324	10391
II	7323673	R	60	-1	79	481	10479
II	7323673	R	60	-1	51	349	10224
II	7323673	R	60	-1	42	298	10151
II	7323673	R	60	-1	69	425	10106
II	7323673	R	60	-1	86	539	9856
II	7323669	R	60	-1	77	489	9757
II	7323673	R	60	-1	74	509	9682
II	7323670	R	60	6	59	364	9495
II	7323673	R	60	-1	51	314	9407
II	7323673	R	60	-1	153	927	9503
II	7323673	R	60	-1	51	310	8776
II	7323673	R	60	-1	101	690	9165
II	7323673	R	60	-1	128	776	9143
II	7323673	R	60	-1	59	388	8706
II	7323673	R	60	-1	82	494	8708
II	7323673	R	60	-1	84	518	8524
II	7323673	R	60	-1	60	364	7975
II	7323673	R	60	-1	39	238	7622
II	7323673	R	60	-1	26	160	7477
II	7323673	R	60	-1	29	178	6868
II	7323673	R	60	-1	57	346	6954
II	7323673	R	60	-1	90	554	6575
II	7323673	R	60	-1	37	223	6130
II	7323673	R	60	-1	61	369	5668
II	7323673	R	60	-1	67	415	5228
II	7323673	R	60	-1	90	542	4966
II	7323673	R	60	-1	37	226	4239
II	7323673	R	60	-1	105	643	4577
II	7323668	R	60	6	120	782	4051
II	7385839	R	60	-4	63	384	14397
II	7392423	L	60	-2	77	501	15120
II	7392423	L	60	-2	64	445	9084
II	7392425	L	60	-3	54	337	11298
II	7392425	L	60	-3	145	916	21089
II	7392426	L	60	1	94	588	9340
II	7392426	L	60	1	97	606	9791
II	7392426	L	60	1	96	666	12555
II	7392426	L	60	1	43	261	7150
II	7392426	L	60	1	113	709	11443
II	7392426	L	60	1	46	280	13683
II	7392426	L	60	1	60	369	9558
II	7392426	L	60	1	69	423	16227
II	7392426	L	60	1	87	537	10422
II	7392426	L	60	1	94	592	13762
II	7392426	L	60	1	53	339	16150
II	7392426	L	60	1	74	451	10654
II	7392426	L	60	1	64	431	13337
II	7392426	L	60	1	50	303	11156
II	7392426	L	60	1	73	441	4002
II	7392426	L	60	1	109	694	16419
II	7392426	L	60	1	39	247	9868
II	7392426	L	60	-8	73	501	13965
II	7392426	L	60	1	82	511	13974
II	7392426	L	60	1	68	441	21156
II	7392426	L	60	1	54	328	5298
II	7392426	L	60	1	63	395	16420
II	7392426	L	60	1	68	418	10960
II	7392426	L	60	1	54	425	9794
II	7392426	L	60	1	101	658	14055
II	7392426	L	60	1	90	548	7679
II	7392426	L	60	1	49	302	15963
II	7392426	L	60	1	83	503	14003
II	7392426	L	60	1	84	508	4082
II	7392426	L	60	1	55	344	10909
II	7392426	L	60	1	39	235	8635
II	7392426	L	60	1	55	339	13691
II	7392426	L	60	1	76	476	7201
II	7392426	L	60	1	52	340	9812
II	7392426	L	60	-4	39	260	16361
II	7392426	L	60	1	38	246	17972
II	7392426	L	60	1	67	417	12431
II	7392426	L	60	1	43	334	15839
II	7392426	L	60	1	55	334	12475
II	7392426	L	60	-7	52	458	9795
II	7392426	L	60	1	80	515	19189
II	7392426	L	60	1	80	489	21074
II	7392426	L	60	1	99	618	11995
II	7392426	L	60	1	85	513	6508
II	7392426	L	60	1	84	525	10143
II	7392426	L	60	1	58	359	15086
II	7392426	L	60	-8	134	817	19390
II	7392426	L	60	1	68	407	4271
II	7392426	L	60	1	39	241	17494
II	7392426	L	60	1	69	417	9840
II	7392426	L	60	1	91	558	13085
II	7392426	L	60	1	73	452	14873
II	7392426	L	60	1	130	794	19898
II	7392426	L	60	1	137	827	7419
II	7392426	L	60	1	104	649	13706
II	7392426	L	60	1	61	393	8681
II	7392426	L	60	1	53	322	11690
II	7392426	L	60	1	64	387	13154
II	7392426	L	60	1	52	324	13363
II	7392426	L	60	1	39	239	9418
II	7392426	L	60	1	71	449	21127
II	7392426	L	60	1	35	220	16384
II	7392426	L	60	1	67	409	11251
II	7392426	L	60	1	48	292	11181
II	7392426	L	60	1	80	492	10420
II	7392426	L	60	1	109	665	13651
II	7392426	L	60	1	109	658	12311
II	7392426	L	60	1	53	322	5190
II	7392426	L	60	1	33	207	9681
II	7392426	L	60	1	55	339	18685
II	7392426	L	60	1	49	298	7428
II	7392426	L	60	1	41	248	15392
II	7392426	L	60	1	63	381	7379
II	7392426	L	60	1	57	353	12873
II	7392426	L	60	1	35	225	10370
II	7392426	L	60	1	111	665	6697
II	7392426	L	60	1	40	244	6927
II	7392426	L	60	1	74	463	15714
II	7392426	L	60	1	118	730	10021
II	7392426	L	60	1	99	602	10195
II	7392426	L	60	1	53	326	13432
II	7392426	L	60	1	61	370	7029
II	7392426	L	60	1	125	817	12236
II	7392426	L	60	1	114	743	18778
II	7392426	L	60	1	111	685	13159
II	7392426	L	60	1	58	353	4785
II	7392426	L	60	1	131	822	17491
II	7392426	L	60	1	100	634	15541
II	7392426	L	60	1	69	468	12802
II	7392426	L	60	1	112	716	8613
II	7392426	L	60	1	75	455	14800
II	7392426	L	60	1	43	261	12043
II	7392426	L	60	1	110	662	8247
II	7392426	L	60	1	48	292	18366
II	7392426	L	60	1	100	612	10289
II	7392426	L	60	1	139	864	22479
II	7392426	L	60	-4	94	655	12858
II	7392426	L	60	1	53	382	13632
II	7392426	L	60	1	64	463	12821
II	7392426	L	60	-4	112	696	15800
II	7392426	L	60	1	92	560	3901
II	7392426	L	60	1	59	358	15335
II	7392426	L	60	1	113	725	16696
II	7392426	L	60	1	78	476	5583
II	7392426	L	60	1	56	339	10553
II	7392426	L	60	1	48	287	7329
II	7392426	L	60	1	48	300	13638
II	7392426	L	60	1	33	207	18712
II	7392428	L	60	-2	41	258	12129
II	7392428	L	60	-2	28	174	20858
II	7392428	L	60	-1	28	215	8034
II	7392428	L	60	-2	48	328	12300
II	7392428	L	60	-2	105	725	24060
II	7392428	L	60	-2	42	258	6335
II	7392429	L	60	-6	30	216	19684
II	7392435	L	60	-7	41	253	6224
II	7392449	L	60	-3	86	523	7041
II	7422322	L	60	-7	64	413	14681
II	7954016	R	60	585	3	11930	24785
II	8050411	L	60	-300	2	12712	18761
II	8673087	L	60	-8759	2	16087	17639
II	9074734	L	60	3	47	300	12015
II	9075436	L	60	-1965	3	8706	24591
II	9091168	R	60	869	5	903	16616
II	9077628	R	1	652	3	11693	13533
II	9075833	L	60	-2124	4	9590	21184
II	9091168	R	60	1199	4	13323	28093
II	9079310	L	60	2	81	556	13982
II	9079731	L	60	-12	127	793	10680
II	9081623	L	11	-3	91	553	7342
II	9329160	R	60	2481	3	3883	8137
II	9460534	R	60	8509	2	14359	16451
II	10031465	R	60	702	2	2520	10328
II	10200634	L	60	-1135	3	19806	23148
II	10222753	R	60	0	63	407	21936
II	10222753	R	60	0	60	381	20359
II	10222752	R	60	6	78	526	20384
II	10222747	R	60	7	60	418	20155
II	10222753	R	60	0	70	435	19944
II	10222753	R	60	0	52	319	18968
II	10222753	R	60	0	57	346	18917
II	10222759	R	60	0	35	215	18704
II	10222753	R	60	0	72	451	17904
II	10222753	R	60	0	40	245	17624
II	10222753	R	60	0	86	536	17990
II	10222753	R	60	0	48	291	17400
II	10222753	R	60	0	89	540	17353
II	10222753	R	60	0	100	631	17326
II	10222753	R	60	0	96	580	16972
II	10222753	R	60	11	20	146	16375
II	10222753	R	60	0	45	284	16312
II	10222753	R	60	0	58	358	16278
II	10222753	R	60	0	37	239	16097
II	10222753	R	60	0	101	626	16455
II	10222753	R	60	0	86	537	16106
II	10222753	R	60	0	85	548	15912
II	10222752	R	60	3	48	353	15555
II	10222753	R	60	0	104	628	15763
II	10222753	R	60	0	58	352	15466
II	10222753	R	60	0	59	384	15461
II	10222753	R	60	0	81	492	15543
II	10222753	R	60	0	56	339	15290
II	10222753	R	60	0	41	272	14980
II	10222753	R	60	0	77	474	15151
II	10222753	R	60	0	65	400	15004
II	10222753	R	60	0	76	461	14803
II	10222753	R	60	0	74	455	14787
II	10222753	R	60	0	107	657	14870
II	10222753	R	60	0	92	557	14467
II	10222753	R	60	0	55	347	14068
II	10222753	R	60	0	78	487	14102
II	10222753	R	60	0	86	548	14131
II	10222754	R	60	5	75	491	13915
II	10222753	R	60	0	45	323	13758
II	10222753	R	60	0	106	653	14031
II	10222753	R	60	0	94	582	13938
II	10222753	R	60	0	69	428	13673
II	10222753	R	60	0	70	425	13602
II	10222753	R	60	0	94	609	13719
II	10222753	R	60	0	67	405	13489
II	10222753	R	60	0	78	480	13267
II	10222753	R	60	0	57	347	13055
II	10222752	R	60	2	72	524	13128
II	10222753	R	60	0	80	489	13034
II	10222753	R	60	0	62	383	12796
II	10222753	R	60	0	73	487	12857
II	10222753	R	60	0	93	594	12964
II	10222753	R	60	0	43	263	12485
II	10222753	R	60	0	98	600	12814
II	10222753	R	60	0	141	861	12928
II	10222753	R	60	0	80	484	12173
II	10222753	R	60	0	71	446	12114
II	10222753	R	60	0	68	424	12083
II	10222753	R	60	0	78	479	12111
II	10222753	R	60	0	54	329	11518
II	10222753	R	60	0	76	481	11456
II	10222753	R	60	0	50	303	10988
II	10222753	R	60	0	85	515	11019
II	10222753	R	60	0	62	377	10774
II	10222753	R	60	0	121	741	11052
II	10222753	R	60	0	182	1170	11484
II	10222753	R	60	0	64	392	10512
II	10222753	R	60	0	70	423	10470
II	10222753	R	60	0	117	723	10638
II	10222753	R	60	0	57	379	10234
II	10222753	R	60	0	23	141	9268
II	10222753	R	60	0	99	598	9663
II	10222753	R	60	9	92	633	9680
II	10222753	R	60	0	59	366	9100
II	10222753	R	60	0	62	377	8687
II	10222753	R	60	0	130	799	9072
II	10222753	R	60	0	64	393	8656
II	10222753	R	60	0	108	725	8720
II	10222750	R	60	4	79	523	8191
II	10222753	R	60	0	75	459	7937
II	10222753	R	60	0	96	589	8067
II	10222753	R	60	0	92	561	7209
II	10222753	R	60	0	35	215	6854
II	10222753	R	60	0	90	545	6867
II	10222753	R	60	0	41	248	5604
II	10222753	R	60	0	34	209	5518
II	10222753	R	60	0	43	263	5215
II	10227710	R	60	2991	2	9745	19468
II	10222753	R	60	0	48	291	5037
II	10222753	R	60	0	98	592	5312
II	10222753	R	60	0	104	629	3793
III	5333	R	60	-1	50	304	18534
III	1	L	60	-2574	2	12899	18534
III	5331	R	60	1	28	193	14910
III	5331	L	60	-2	81	511	10616
III	5335	L	60	6	86	638	14274
III	5335	L	60	6	47	337	13986
III	5335	L	60	6	31	185	8160
III	5335	L	60	6	39	244	16013
III	5335	L	60	6	62	371	8358
III	5335	L	60	6	45	268	13704
III	5335	L	60	6	87	527	14161
III	5335	L	60	6	82	496	21044
III	5335	L	60	6	40	237	12493
III	5335	L	60	6	71	469	14146
III	5335	L	60	6	64	392	10714
III	5335	L	60	6	81	514	15708
III	5335	L	60	6	91	545	11686
III	5335	L	60	6	50	297	13766
III	5335	L	60	6	73	437	4209
III	5335	L	60	6	85	527	11177
III	5335	L	60	6	65	427	16031
III	5335	L	60	6	26	155	10860
III	5335	L	60	6	54	437	19655
III	5335	L	60	6	43	288	21005
III	5335	L	60	6	49	293	11976
III	5335	L	60	6	101	643	10301
III	5335	L	60	6	68	429	18319
III	5335	L	60	6	84	507	13384
III	5335	L	60	6	35	209	12598
III	5335	L	60	6	70	433	12925
III	5335	L	60	6	114	707	15356
III	5335	L	60	6	102	635	10886
III	5335	L	60	6	39	279	12593
III	5335	L	60	6	38	238	9512
III	5335	L	60	6	66	404	16395
III	5335	L	60	6	50	320	16380
III	5335	L	60	6	90	545	14995
III	5335	L	60	6	76	453	9225
III	5335	L	60	6	43	260	12136
III	5335	L	60	6	59	353	10268
III	5335	L	60	6	87	520	7605
III	5335	L	60	6	65	389	9118
III	5335	L	60	6	40	238	4909
III	5335	L	60	6	80	479	15789
III	5335	L	60	6	30	182	12966
III	5335	L	60	6	39	236	18212
III	5335	L	60	6	81	511	10997
III	5335	L	60	6	90	543	11592
III	5335	L	60	6	103	629	8826
III	5335	L	60	6	70	419	6588
III	5335	L	60	6	41	268	15077
III	5335	L	60	6	88	532	16205
III	5335	L	60	6	44	285	13169
III	5335	L	60	6	86	528	7758
III	5335	L	60	6	116	722	7233
III	5335	L	60	6	42	251	8581
III	5335	L	60	6	58	385	14157
III	5335	L	60	6	89	533	6959
III	5335	L	60	6	48	286	9207
III	5335	L	60	6	78	466	11173
III	5335	L	60	6	29	181	11003
III	5335	L	60	6	67	406	14800
III	5335	L	60	6	62	370	6119
III	5335	L	60	6	63	377	8740
III	5335	L	60	6	85	513	11177
III	5335	L	60	6	91	541	9568
III	5335	L	60	6	100	621	15576
III	5335	L	60	6	87	537	13977
III	5335	L	60	6	63	377	6986
III	5335	L	60	6	39	232	7769
III	5335	L	60	6	69	422	5931
III	5335	L	60	6	71	423	14266
III	5335	L	60	6	22	130	4772
III	5335	L	60	6	54	323	9723
III	5335	L	60	6	61	369	15488
III	5335	L	60	6	24	143	12160
III	5335	L	60	6	115	812	17600
III	5335	L	60	6	65	389	11815
III	5335	L	60	6	58	347	13862
III	5335	L	60	6	71	422	8035
III	5335	L	60	6	74	454	19177
III	5335	L	60	6	42	250	4836
III	5335	L	60	6	63	381	13538
III	5335	L	60	6	47	335	16696
III	5335	L	60	6	35	208	18112
III	5335	L	60	6	73	448	13926
III	5335	L	60	6	60	359	11792
III	5335	L	60	6	64	419	17052
III	5335	L	60	6	105	651	13624
III	5335	L	60	6	63	403	11005
III	5335	L	60	6	40	247	14593
III	5335	L	60	6	96	589	16203
III	5336	L	60	-5	41	254	6368
III	5336	L	60	-2	2	21	17694
III	5337	L	60	-3	62	388	22815
III	5337	L	60	-3	89	596	27457
III	5339	L	60	1	52	327	16103
III	5340	L	60	2	34	215	13900
III	5340	L	60	2	63	385	14518
III	5341	L	60	-2	62	418	19383
III	5343	L	60	-3	92	588	13875
III	5346	L	60	-5	50	309	8833
III	5347	L	60	-3	59	383	15240
III	5370	L	60	-37	50	439	20238
III	224481	R	60	98	2	545	10507
III	294571	R	60	184	2	1171	12961
III	653529	R	60	1348	2	5648	15998
III	1152124	L	60	-8305	2	13017	13507
III	2111973	R	60	4207	2	9109	12247
III	2781211	R	60	1	120	731	9307
III	2842175	R	60	7389	3	17895	18795
III	2951569	L	60	-7	69	442	12491
III	4430354	R	60	8	72	455	16296
III	4758890	R	60	2411	2	8305	19403
III	5152812	R	60	4277	3	11289	23804
III	5644107	R	60	-6	72	464	24376
III	5644107	R	60	-6	71	434	22742
III	5644107	R	60	-6	46	296	21646
III	5644107	R	60	-6	88	636	21906
III	5644107	R	60	-6	51	322	20210
III	5644099	R	60	4	55	343	20059
III	5644107	R	60	-6	79	487	20027
III	5644107	R	60	-6	105	643	19280
III	5644107	R	60	-6	71	424	18520
III	5644059	R	60	0	51	326	17984
III	5644107	R	60	-6	87	525	18056
III	5644107	R	60	-6	54	323	17809
III	5644107	R	60	-6	31	192	17691
III	5644107	R	60	-6	70	418	17817
III	5644107	R	60	-6	62	370	17597
III	5644107	R	60	-6	92	555	17603
III	5644107	R	60	-6	33	195	17292
III	5644107	R	60	-6	84	503	17371
III	5644107	R	60	-6	61	387	17140
III	5644107	R	60	-6	20	119	16569
III	5644107	R	60	-6	125	833	17136
III	5644107	R	60	-6	63	432	16602
III	5644107	R	60	-6	66	393	15724
III	5644107	R	60	-6	91	551	15385
III	5644107	R	60	-6	51	309	15027
III	5644111	R	60	2	75	457	14871
III	5644107	R	60	-6	99	608	14813
III	5644107	R	60	-6	90	534	14632
III	5644107	R	60	-6	62	377	14381
III	5644107	R	60	-6	88	532	14540
III	5644107	R	60	-6	93	568	14369
III	5644107	R	60	-6	42	250	13769
III	5644107	R	60	-6	46	286	13859
III	5644107	R	60	-6	33	1771	15095
III	5644107	R	60	-6	131	791	13829
III	5644107	R	60	-6	64	388	13210
III	5644107	R	60	-6	43	255	13076
III	5644107	R	60	-6	77	461	13245
III	5644107	R	60	-6	94	579	13329
III	5644107	R	60	-6	42	251	12843
III	5644107	R	60	-6	46	282	12751
III	5644107	R	60	-6	104	644	13111
III	5644107	R	60	-6	84	502	12884
III	5644107	R	60	-6	110	712	13065
III	5644107	R	60	-6	48	290	12555
III	5644107	R	60	-6	64	378	12592
III	5644107	R	60	-6	42	265	12439
III	5644107	R	60	-6	70	418	12498
III	5644107	R	60	-6	46	349	12267
III	5644107	R	60	-6	60	359	12189
III	5644107	R	60	-6	68	413	12097
III	5644107	R	60	-6	116	703	12333
III	5644107	R	60	-6	80	485	12071
III	5644107	R	60	-6	79	493	11987
III	5644107	R	60	-6	124	806	12321
III	5644107	R	60	-6	59	397	11515
III	5644107	R	60	-6	83	494	11538
III	5644107	R	60	-6	117	734	11613
III	5644107	R	60	-6	96	578	11418
III	5644100	R	60	13	70	460	11293
III	5644107	R	60	-6	53	327	11037
III	5644107	R	60	-6	82	487	11151
III	5644107	R	60	-6	42	259	10964
III	5644107	R	60	-6	91	556	10640
III	5644107	R	60	-6	55	333	10322
III	5644107	R	60	-6	60	358	10330
III	5644107	R	60	-6	87	534	9881
III	5644107	R	60	-6	87	542	9869
III	5644107	R	60	-6	43	254	9313
III	5644107	R	60	-6	79	476	9459
III	5644107	R	60	-6	59	348	9287
III	5644107	R	60	-6	89	536	9381
III	5644107	R	60	-6	90	539	9323
III	5644107	R	60	-6	54	348	8884
III	5644107	R	60	-6	35	209	8719
III	5644107	R	60	-6	67	399	8844
III	5644107	R	60	-6	54	322	8705
III	5644107	R	60	-6	54	346	8631
III	5644107	R	60	-6	41	244	8436
III	5644107	R	60	-6	51	300	8465
III	5644107	R	60	-6	80	478	8454
III	5644107	R	60	-6	86	2590	10505
III	5644107	R	60	-6	36	238	7692
III	5644103	R	60	6	63	393	7093
III	5644107	R	60	-6	47	281	6973
III	5644107	R	60	-6	64	383	6600
III	5644107	R	60	-6	98	587	6779
III	5644107	R	60	-6	30	177	6197
III	5644107	R	60	-6	29	173	5983
III	5644107	R	60	-6	49	298	5605
III	5644107	R	60	-6	90	539	5240
III	5644111	R	60	2	109	661	4690
III	5644107	R	60	-6	61	365	4341
III	5644107	R	60	-6	105	628	4421
III	5644107	R	60	-6	67	399	4068
III	5644107	R	60	-6	115	689	4093
III	5644107	R	60	-6	47	279	3442
III	5644107	L	60	1	98	614	6997
III	5644109	L	60	1	119	731	13807
III	5644109	L	60	1	54	323	19096
III	5644109	L	60	1	58	357	13537
III	5644109	L	60	1	15	94	4699
III	5644109	L	60	1	50	304	5579
III	5644109	L	60	1	76	459	6966
III	5644109	L	60	1	75	453	11672
III	5644109	L	60	1	47	297	11603
III	5644109	L	60	1	59	373	6726
III	5644109	L	60	1	56	351	8736
III	5644109	L	60	1	67	432	11888
III	5644109	L	60	1	70	424	14306
III	5644109	L	60	1	75	454	11177
III	5644109	L	60	1	81	489	12442
III	5644109	L	60	1	62	412	8812
III	5644109	L	60	1	41	255	11771
III	5644109	L	60	1	64	386	10655
III	5644109	L	60	1	45	280	8413
III	5644109	L	60	1	41	250	11565
III	5644109	L	60	1	78	516	9845
III	5644109	L	60	1	63	388	7989
III	5644109	L	60	1	41	248	11435
III	5644109	L	60	1	37	259	15585
III	5644109	L	60	1	60	402	16796
III	5644109	L	60	1	59	368	10745
III	5644109	L	60	1	60	363	4609
III	5644109	L	60	1	66	400	9083
III	5644109	L	60	1	101	610	16504
III	5644109	L	60	1	41	249	10271
III	5644109	L	60	1	61	426	15293
III	5644109	L	60	1	42	255	6634
III	5644109	L	60	1	36	220	11040
III	5644109	L	60	1	41	257	15371
III	5644109	L	60	1	121	826	16296
III	5644109	L	60	1	37	221	14642
III	5644109	L	60	1	43	262	8506
III	5644109	L	60	1	72	454	14551
III	5644109	L	60	1	74	461	10598
III	5644109	L	60	1	68	432	15785
III	5644109	L	60	1	56	341	9849
III	5644109	L	60	1	65	394	8701
III	5644109	L	60	1	94	573	10840
III	5644109	L	60	1	68	410	8761
III	5644109	L	60	1	62	376	8104
III	5644109	L	60	1	135	861	4722
III	5644109	L	60	1	43	259	19615
III	5644109	L	60	1	69	416	8515
III	5644109	L	60	1	88	541	6741
III	5644109	L	60	1	80	493	11060
III	5644109	L	60	1	39	237	9719
III	5644109	L	60	1	110	659	8482
III	5644109	L	60	1	67	421	9782
III	5644109	L	60	1	68	481	18747
III	5644109	L	60	1	55	347	21381
III	5644109	L	60	1	121	730	3759
III	5644109	L	60	1	44	267	7866
III	5644109	L	60	1	101	620	18787
III	5644109	L	60	1	64	399	7603
III	5644109	L	60	1	88	549	12180
III	5644109	L	60	1	59	386	5934
III	5644109	L	60	1	52	316	5676
III	5644109	L	60	1	88	527	3930
III	5644109	L	60	1	80	483	10524
III	5644109	L	60	-4	80	520	12459
III	5644109	L	60	1	21	125	4191
III	5644109	L	60	1	83	499	7216
III	5644109	L	60	1	55	332	6229
III	5644109	L	60	1	139	848	12922
III	5644109	L	60	1	45	269	8643
III	5644109	L	60	1	57	354	18159
III	5644109	L	60	1	88	533	10869
III	5644109	L	60	1	85	540	19752
III	5644109	L	60	1	33	201	15602
III	5644109	L	60	1	30	193	21182
III	5644109	L	60	1	70	424	10061
III	5644109	L	60	1	61	370	10917
III	5644109	L	60	1	37	225	5246
III	5644109	L	60	1	100	613	17939
III	5644109	L	60	1	74	468	8211
III	5644109	L	60	1	61	369	6897
III	5644109	L	60	1	80	482	7573
III	5644109	L	60	1	111	683	11460
III	5644109	L	60	1	28	187	14702
III	5644109	L	60	1	54	333	12125
III	5644109	L	60	1	77	464	10752
III	5644109	L	60	1	45	274	6307
III	5644109	L	60	1	55	334	14523
III	5644109	L	60	-5	34	212	14406
III	5644109	L	60	1	30	183	8039
III	5644109	L	60	1	45	273	8537
III	5644109	L	60	1	32	214	13425
III	5644109	L	60	1	87	526	8742
III	5644109	L	60	1	78	478	17623
III	5644109	L	60	1	61	370	4071
III	5644109	L	60	1	58	355	8093
III	5644109	L	60	1	115	692	5214
III	5644109	L	60	1	117	701	4512
III	5644109	L	60	1	59	367	10997
III	5644109	L	60	1	82	533	18793
III	5644109	L	60	1	47	286	5450
III	5644109	L	60	1	50	335	7369
III	5644109	L	60	1	78	478	13477
III	5644109	L	60	1	119	750	11572
III	5644109	L	60	1	96	596	13146
III	5644109	L	60	1	120	741	17414
III	5644109	L	60	1	61	382	16829
III	5644109	L	60	1	73	440	16596
III	5644109	L	60	1	121	765	16732
III	5644110	L	60	-1	33	204	15345
III	5644111	L	60	-2	96	600	21712
III	5644111	L	60	-2	126	769	16913
III	5644119	L	60	-12	111	730	19910
III	5644119	L	60	-12	89	571	22173
III	5728868	L	60	-1	75	470	15035
III	5827876	L	60	-539	2	5270	23171
III	6336686	L	60	-3943	2	24082	24726
III	7088099	L	60	-755	3	11645	25056
III	7518466	L	60	-5913	3	13174	18263
III	7962668	L	60	-1744	3	7206	19239
III	8496063	L	60	1	112	724	10922
III	8840181	L	60	-588	3	3669	12635
III	9108818	L	60	-2510	3	6658	14409
III	9261779	L	60	-1220	2	10197	10436
III	9498668	R	60	0	51	334	24185
III	9498668	R	60	0	62	398	24469
III	9498668	R	60	0	81	590	23825
III	9498668	R	60	0	52	327	22421
III	9498668	R	60	0	68	432	22155
III	9498668	R	60	0	55	358	21913
III	9498668	R	60	0	67	458	21964
III	9498668	R	60	0	49	374	21179
III	9498668	R	60	0	61	371	19575
III	9498668	R	60	0	80	563	19761
III	9498668	R	60	0	85	542	19554
III	9498668	R	60	0	64	396	19384
III	9498668	R	60	0	42	255	19076
III	9498668	R	60	0	74	448	19257
III	9498668	R	60	0	92	590	19142
III	9498668	R	60	0	143	909	18761
III	9498668	R	60	0	58	352	18020
III	9498668	R	60	0	54	338	17744
III	9498668	R	60	0	61	370	17628
III	9498668	R	60	0	58	381	17435
III	9498668	R	60	0	84	514	17554
III	9498668	R	60	0	39	239	16926
III	9498668	R	60	0	56	345	16986
III	9498668	R	60	0	58	386	17003
III	9498668	R	60	0	78	516	16985
III	9498668	R	60	0	76	467	16969
III	9498668	R	60	0	93	594	16956
III	9498668	R	60	0	91	551	16879
III	9498668	R	60	0	36	225	16522
III	9498668	R	60	0	66	428	16654
III	9498668	R	60	0	92	577	16693
III	9498662	R	60	8	83	527	16621
III	9498668	R	60	0	50	327	16274
III	9498668	R	60	0	38	239	15815
III	9498668	R	60	0	87	532	15412
III	9498668	R	60	0	65	412	15091
III	9498668	R	60	0	80	484	15063
III	9498668	R	60	0	85	529	14934
III	9498668	R	60	0	71	448	14710
III	9498668	R	60	0	71	435	14568
III	9498668	R	60	0	37	226	14290
III	9498668	R	60	0	32	203	13873
III	9498668	R	60	0	71	431	13776
III	9498668	R	60	0	48	293	13624
III	9498668	R	60	0	62	458	13698
III	9498668	R	60	0	34	215	13315
III	9498668	R	60	5	55	351	13364
III	9498668	R	60	0	44	268	13223
III	9498668	R	60	0	46	281	13026
III	9498668	R	60	0	56	382	13015
III	9498668	R	60	0	59	358	13010
III	9498668	R	60	0	32	196	12732
III	9498668	R	60	0	67	420	12906
III	9498668	R	60	0	90	562	13014
III	9498668	R	60	0	39	244	12705
III	9498668	R	60	0	48	298	12640
III	9498667	R	60	9	68	423	12787
III	9498668	R	60	0	38	231	12468
III	9498668	R	60	0	105	668	12881
III	9498668	R	60	0	88	537	12676
III	9498668	R	60	0	91	603	12605
III	9498668	R	60	7	66	436	12179
III	9498668	R	60	0	47	324	12044
III	9498668	R	60	0	32	196	11766
III	9498668	R	60	0	60	364	11763
III	9498668	R	60	0	62	374	11693
III	9498668	R	60	0	93	558	11866
III	9498668	R	60	0	78	483	11759
III	9498668	R	60	0	98	591	11812
III	9498668	R	60	0	84	513	11510
III	9498668	R	60	0	40	245	11219
III	9498668	R	60	0	37	225	11119
III	9498668	R	60	0	88	550	11328
III	9498668	R	60	0	55	344	10991
III	9498670	R	60	0	37	232	10760
III	9498668	R	60	0	93	562	11056
III	9498668	R	60	0	86	519	10988
III	9498666	R	60	1	54	338	10534
III	9498661	R	60	13	71	579	10767
III	9498668	R	60	0	87	528	10568
III	9498668	R	60	0	56	345	10306
III	9498668	R	60	0	53	328	10105
III	9498668	R	60	0	18	112	9803
III	9498668	R	60	0	89	535	10181
III	9498668	R	60	0	27	171	9764
III	9498668	R	60	0	88	542	10046
III	9498668	R	60	0	85	520	10019
III	9498668	R	60	7	45	300	9793
III	9498668	R	60	0	25	159	9597
III	9498668	R	60	0	40	245	9645
III	9498668	R	60	0	81	494	9884
III	9498668	R	60	0	80	507	9865
III	9498668	R	60	0	63	413	9370
III	9498668	R	60	0	65	394	9197
III	9498668	R	60	0	57	345	9133
III	9498668	R	60	0	53	326	9030
III	9498668	R	60	0	80	518	9141
III	9498668	R	60	0	33	202	8700
III	9498668	R	60	0	77	462	8822
III	9498668	R	60	0	104	636	8944
III	9498668	R	60	0	83	501	8734
III	9498668	R	60	0	118	708	8917
III	9498668	R	60	0	82	496	8639
III	9498668	R	60	0	56	340	8358
III	9498668	R	60	0	73	458	8449
III	9498668	R	60	0	89	539	8231
III	9498668	R	60	0	70	432	8124
III	9498634	R	60	1	61	372	7964
III	9498668	R	60	0	80	484	7946
III	9498668	R	60	0	64	396	7783
III	9498667	R	60	2	48	308	7623
III	9498668	R	60	0	71	429	7394
III	9498668	R	60	0	80	495	7297
III	9498668	R	60	0	61	372	7139
III	9498668	R	60	0	37	227	6315
III	9498666	R	60	7	31	242	5937
III	9498668	R	60	0	95	577	6258
III	9498668	R	60	0	91	551	5768
III	9498668	R	60	0	81	510	5564
III	9498668	R	60	0	68	419	4890
III	9498668	R	60	0	58	374	4559
III	9498668	R	60	0	70	430	4563
III	9498668	R	60	0	53	348	4267
III	9498668	R	60	0	84	509	4205
III	9498668	R	60	0	77	467	4142
III	9498668	R	60	0	77	467	4073
III	9498668	R	60	0	56	340	3642
III	9498668	R	60	0	33	203	2930
III	9498668	R	60	0	55	333	2413
III	9521662	R	60	4429	2	5667	18044
III	9518399	R	60	-2	14	87	13276
III	9510279	L	60	0	75	455	8068
III	9510287	L	60	-9	20	133	12801
III	9521662	R	60	4597	28	11243	21932
III	9514838	R	1	36	77	777	3420
III	9521662	R	60	4434	44	13701	22580
III	9521662	R	60	2272	10	7196	15155
III	9521662	R	60	2272	4	2379	10131
III	9521662	R	60	4436	2	7180	14977
III	9521662	R	60	4426	2	5767	12810
III	9521662	R	60	4594	139	11981	18364
III	9521662	R	60	4434	2	4520	10056
III	9521662	R	60	4447	2	7593	12323
III	9521662	R	60	4432	2	5415	9597
III	9521662	R	60	4437	166	14553	18077
III	9521662	R	60	4420	2	6406	9877
III	9521662	R	60	4592	2	6564	9765
III	9521662	R	60	4445	87	14044	16980
III	9521662	R	60	4435	2	6450	7854
III	9521662	R	60	4423	2	6973	7808
III	9521662	R	60	4421	2	5216	5883
III	9524223	L	60	-2239	4	3370	8208
III	9524223	L	60	-6254	8	13489	19962
III	9524230	L	60	-2253	8	9047	13112
IV	1	L	60	-1399	3	7894	21009
IV	5065	R	60	-1	89	592	8944
IV	1	L	60	-1394	140	3289	8944
IV	5066	L	60	-6	58	356	16375
IV	5067	L	60	6	57	352	3724
IV	5067	L	60	6	87	533	17788
IV	5067	L	60	6	104	632	11147
IV	5067	L	60	6	61	397	18445
IV	5067	L	60	6	82	527	18995
IV	5067	L	60	6	64	378	12754
IV	5067	L	60	6	120	772	19733
IV	5067	L	60	6	103	617	17716
IV	5067	L	60	6	49	313	14936
IV	5067	L	60	6	33	196	4241
IV	5067	L	60	6	88	560	9675
IV	5067	L	60	6	94	574	17024
IV	5067	L	60	6	48	287	11526
IV	5067	L	60	6	55	329	17290
IV	5067	L	60	6	56	341	11127
IV	5067	L	60	6	61	365	10597
IV	5067	L	60	6	88	551	11942
IV	5067	L	60	6	34	202	16125
IV	5067	L	60	6	44	270	16335
IV	5067	L	60	6	75	469	6255
IV	5067	L	60	6	79	474	14388
IV	5067	L	60	6	43	257	16861
IV	5067	L	60	6	77	483	13075
IV	5067	L	60	6	72	436	11551
IV	5067	L	60	6	59	353	14103
IV	5067	L	60	6	42	262	7919
IV	5067	L	60	6	64	384	20452
IV	5067	L	60	6	68	420	17388
IV	5067	L	60	6	107	655	15384
IV	5067	L	60	6	84	518	14178
IV	5067	L	60	6	62	410	11930
IV	5067	L	60	6	71	435	14256
IV	5067	L	60	6	115	727	13243
IV	5067	L	60	6	38	230	12611
IV	5067	L	60	6	62	371	14651
IV	5067	L	60	6	294	1994	22183
IV	5067	L	60	6	94	602	6948
IV	5067	L	60	6	83	497	9834
IV	5067	L	60	6	52	357	18203
IV	5067	L	60	6	51	349	10966
IV	5067	L	60	6	98	587	5469
IV	5067	L	60	6	109	662	16593
IV	5067	L	60	6	76	487	10593
IV	5067	L	60	6	61	364	8393
IV	5067	L	60	6	86	514	12403
IV	5067	L	60	6	70	432	18578
IV	5067	L	60	6	98	588	6511
IV	5067	L	60	6	38	226	6764
IV	5067	L	60	6	46	275	13362
IV	5067	L	60	6	31	183	11969
IV	5067	L	60	6	97	596	14013
IV	5067	L	60	6	59	458	21495
IV	5067	L	60	6	55	334	16861
IV	5067	L	60	6	71	481	13008
IV	5067	L	60	6	26	154	9585
IV	5067	L	60	6	31	192	19349
IV	5067	L	60	6	103	621	12890
IV	5067	L	60	6	29	172	7434
IV	5067	L	60	6	151	939	17111
IV	5067	L	60	6	111	695	18580
IV	5067	L	60	6	60	368	19792
IV	5067	L	60	6	61	365	11307
IV	5067	L	60	6	52	310	9622
IV	5067	L	60	6	68	409	14759
IV	5067	L	60	6	89	538	7481
IV	5067	L	60	6	78	467	10835
IV	5067	L	60	6	68	407	14065
IV	5067	L	60	6	60	401	6264
IV	5067	L	60	6	65	388	13007
IV	5067	L	60	6	89	544	13855
IV	5067	L	60	6	82	512	15475
IV	5067	L	60	6	51	305	14713
IV	5067	L	60	6	61	365	7878
IV	5067	L	60	6	53	315	12428
IV	5067	L	60	6	85	531	16409
IV	5067	L	60	6	60	370	19711
IV	5067	L	60	6	89	545	16890
IV	5067	L	60	6	82	495	15524
IV	5067	L	60	6	102	635	9953
IV	5067	L	60	6	57	345	13503
IV	5067	L	60	6	83	495	5197
IV	5067	L	60	6	33	196	4433
IV	5067	L	60	6	89	543	12170
IV	5067	L	60	6	38	236	13420
IV	5067	L	60	6	104	662	4759
IV	5067	L	60	6	67	412	20381
IV	5067	L	60	6	101	609	11968
IV	5067	L	60	6	52	320	19073
IV	5067	L	60	6	84	513	13830
IV	5067	L	60	6	71	447	14882
IV	5067	L	60	6	72	439	19799
IV	5067	L	60	6	111	679	12921
IV	5067	L	60	6	120	728	10207
IV	5068	L	60	-2	60	371	17118
IV	5071	L	60	1	68	432	12473
IV	5071	L	60	1	84	529	14869
IV	5071	L	60	1	66	429	12014
IV	5072	L	60	-3	121	778	13930
IV	5072	L	60	2	60	425	11846
IV	5072	L	60	2	52	344	7371
IV	5072	L	60	2	51	329	13629
IV	5073	L	60	-7	109	797	12500
IV	5074	L	60	-2	50	305	18077
IV	5078	L	60	-7	65	445	20648
IV	430493	L	60	-127	3	11109	22265
IV	928732	L	60	-805	3	10974	27075
IV	1284464	L	60	-82	2	242	14361
IV	1559170	L	60	-377	2	2227	8086
IV	1633432	L	36	-1187	2	7824	8462
IV	1633432	L	46	-1187	2	5229	5882
IV	1633432	L	46	-1188	2	5772	6432
IV	1633432	L	60	-1187	2	4653	5432
IV	1688695	R	60	1180	3	7176	15737
IV	1688695	R	60	1191	3	4824	15903
IV	1688695	R	60	1178	2	2191	10289
IV	1688695	R	60	1179	3	5605	12193
IV	1688695	R	60	1178	3	8349	15672
IV	1688695	R	60	1176	3	4993	12878
IV	1688695	R	60	1179	3	8449	17179
IV	1688695	R	60	1178	2	4293	18184
IV	1688695	R	60	1181	4	11650	16579
IV	1688695	R	60	1179	2	3615	10488
IV	1688695	R	60	1182	3	6351	21630
IV	1688695	R	60	1178	3	4858	15926
IV	1688695	R	60	1178	3	5370	14739
IV	1688695	R	60	1178	3	6237	12221
IV	1688695	R	60	1178	3	7965	12956
IV	1688695	R	60	1178	3	5939	13062
IV	1688695	R	60	1179	3	8161	16569
IV	1688695	R	60	1178	2	2706	17529
IV	1688695	R	60	1178	3	6031	18728
IV	1688695	R	60	1178	3	9944	18010
IV	1688695	R	60	1178	3	10087	14915
IV	1688695	R	60	1178	2	3227	13113
IV	1688695	R	60	1178	3	5397	13718
IV	1688695	R	60	1179	2	2730	17708
IV	1688695	R	60	1178	3	8543	20589
IV	1688695	R	51	1178	3	5241	11173
IV	1688695	R	60	1181	4	11553	23410
IV	1688695	R	60	1178	2	4172	12467
IV	1688695	R	60	1186	3	7260	12880
IV	1688695	R	60	1180	2	2065	12638
IV	1688695	R	60	1178	3	9869	17470
IV	1688695	R	60	1177	2	2496	15149
IV	1688695	R	60	1179	3	9627	19462
IV	1688695	R	60	1179	2	2888	9894
IV	1688695	R	60	1178	2	4198	14045
IV	1688695	R	59	1184	3	5466	9853
IV	1688695	R	60	1178	2	3177	7028
IV	1688695	R	60	1177	3	10182	14274
IV	1688695	R	60	1178	3	8428	11449
IV	1688695	R	60	1178	4	11924	14978
IV	1688695	R	60	1181	4	11403	14479
IV	1688695	R	60	1180	3	9518	12911
IV	1688695	R	60	1179	4	13090	16400
IV	1688695	R	60	1178	3	6811	9813
IV	1688695	R	60	1180	2	7596	10510
IV	1688695	R	60	1180	2	7832	16243
IV	1688695	R	60	1177	2	8933	15684
IV	1688695	R	60	1181	2	6592	11276
IV	1688695	R	60	1181	2	4339	10978
IV	1688695	R	60	1184	2	6840	15381
IV	1688695	R	60	1182	2	4768	15183
IV	1688695	R	60	1180	2	4603	9917
IV	1688695	R	60	1181	2	8857	17992
IV	1688695	R	60	1180	2	5106	9759
IV	1688695	R	60	1181	3	9791	13265
IV	1688695	R	60	1180	4	11858	14351
IV	1688695	R	60	1180	2	8383	16500
IV	1688695	R	60	1180	2	4622	9236
IV	1688695	R	60	1180	2	4597	8038
IV	1688695	R	60	1180	2	7717	11554
IV	1688695	R	60	1179	4	11002	15268
IV	1688695	R	60	1179	2	8035	13961
IV	1688695	R	60	1180	2	6056	11292
IV	1688695	R	60	1182	3	9477	15740
IV	1688695	R	60	1180	2	5598	12546
IV	1688695	R	60	1180	3	9810	13350
IV	1688695	R	60	1180	2	6434	13102
IV	1688695	R	60	1184	3	9930	12285
IV	1688695	R	60	1180	2	4891	9678
IV	1688695	R	60	1179	2	6037	9253
IV	1688695	R	60	1181	2	7175	13971
IV	1688695	R	60	1181	4	11291	15376
IV	1688695	R	60	1181	2	5618	11946
IV	1688695	R	60	1180	2	5010	12177
IV	1688695	R	60	1186	2	7869	15916
IV	1688695	R	60	1179	3	10653	12970
IV	1688695	R	60	1178	4	10973	13111
IV	1688695	R	60	1180	3	6024	8325
IV	1688695	R	60	1178	4	12039	14070
IV	1688695	R	60	1179	3	9045	10994
IV	1688695	R	60	1178	3	6476	8296
IV	1688695	R	60	1178	2	1927	3699
IV	1688695	R	60	1180	3	9392	11037
IV	1688695	R	60	1195	2	3708	5348
IV	1688695	R	60	1178	2	3453	5076
IV	1688695	R	60	1178	3	10662	12226
IV	1688695	R	60	1178	3	7381	8650
IV	1688695	R	60	1178	4	10962	12185
IV	1688695	R	60	1178	2	4219	5362
IV	1688695	R	54	1178	2	3547	4139
IV	1688695	R	56	1178	2	4084	4640
IV	1745082	R	60	8990	2	12720	21338
IV	1745087	R	60	8990	3	13774	19479
IV	1745087	R	60	8998	3	13633	18495
IV	1745087	R	60	9038	3	13955	17600
IV	1745087	R	60	9010	2	10433	14629
IV	1745087	R	60	9002	2	10713	14798
IV	1745087	R	60	8997	2	11863	15019
IV	1745087	R	60	8998	3	13754	16385
IV	1745087	R	60	9005	3	17659	19909
IV	1745087	R	60	9008	3	16068	17901
IV	1798365	R	60	1296	3	8200	21201
IV	1798365	R	60	1300	7	17757	23929
IV	1798365	R	60	1298	3	7771	16481
IV	1798365	R	60	1299	2	4489	15683
IV	1798365	R	60	1298	2	5267	14411
IV	1798365	R	60	1299	3	6329	14441
IV	1798365	R	60	1298	2	4085	9840
IV	1798365	R	60	1300	2	5548	12146
IV	1798365	R	60	1299	2	5308	17479
IV	1798365	R	60	1298	2	6013	11694
IV	1798364	R	60	1301	3	8812	17055
IV	1798365	R	60	1298	2	5023	17589
IV	1798359	R	60	1302	3	7516	14082
IV	1798365	R	60	1298	2	4148	9363
IV	1798365	R	17	1298	2	4745	9834
IV	1793241	L	54	-1736	2	6653	11045
IV	1793241	L	49	-1739	2	7320	11376
IV	1793241	L	60	-1738	2	6517	12897
IV	1793241	L	60	-1736	2	9947	13127
IV	1793241	L	60	-1736	2	9762	15008
IV	1793241	L	49	-1733	2	5245	9637
IV	1793241	L	60	-1737	2	7197	12371
IV	1793241	L	60	-1737	2	9894	16557
IV	1793241	L	60	-1738	2	7802	13611
IV	1793241	L	60	-1750	2	8466	12277
IV	1793241	L	52	-1734	2	7358	11653
IV	1793241	L	60	-1731	2	7903	11733
IV	1793241	L	60	-1736	2	5215	6760
IV	1793241	L	60	-1738	2	9371	11846
IV	1793241	L	60	-1737	2	8284	11027
IV	1793241	L	60	-1736	2	8447	11495
IV	1793241	L	59	-1737	2	7876	11197
IV	1793241	L	60	-1736	2	9278	12325
IV	1793241	L	60	-1736	2	10938	17513
IV	1793241	L	59	-1736	2	6404	9743
IV	1793241	L	60	-1739	2	6724	8774
IV	1798365	R	60	1298	2	5087	9616
IV	1798365	R	53	1298	2	4189	7993
IV	1799051	L	60	-6344	2	10406	15716
IV	1799051	L	60	-6367	2	11965	16504
IV	1799051	L	60	-6354	2	12014	22115
IV	1799051	L	60	-6365	2	15643	24177
IV	1799051	L	60	-6358	2	15770	21677
IV	1799051	L	60	-6341	2	17468	21474
IV	1799051	L	60	-6344	2	11099	20067
IV	1799051	L	60	-6343	2	14983	22621
IV	1799051	L	60	-6351	2	10574	20027
IV	1799051	L	60	-6348	2	11212	17123
IV	1799051	L	60	-6350	2	13377	17897
IV	1799051	L	60	-6350	2	11508	15592
IV	1816993	R	60	415	2	3250	18110
IV	1816993	R	60	414	2	3658	17538
IV	1816993	R	60	415	3	10630	23482
IV	1816993	R	60	416	2	7635	18736
IV	1816993	R	60	417	2	7035	17553
IV	2327781	L	60	-1994	2	7274	10359
IV	2327781	L	60	-1996	2	5201	6816
IV	2327781	L	60	-1994	2	9035	11393
IV	2327781	L	60	-1991	2	4831	6496
IV	2327781	L	60	-1993	2	5746	10500
IV	2327781	L	60	-1995	2	5178	11337
IV	2327781	L	60	-1992	2	5712	8931
IV	2327781	L	60	-1992	2	5137	6802
IV	2573831	R	60	354	77	855	25393
IV	2573831	R	60	354	59	718	24039
IV	2573831	R	60	354	97	948	23196
IV	2573831	R	60	354	109	1055	22362
IV	2573831	R	60	353	137	1208	20883
IV	2573831	R	60	354	70	803	20015
IV	2573831	R	60	355	45	635	19780
IV	2573831	R	60	358	55	789	19982
IV	2569105	R	60	1232	2	5851	20111
IV	2573831	R	60	355	92	926	19895
IV	2573831	R	60	363	122	1213	19765
IV	2573831	R	60	354	107	1018	19490
IV	2573831	R	60	354	75	830	19124
IV	2573831	R	60	354	26	515	18789
IV	2573831	R	60	354	94	960	18920
IV	2573831	R	60	354	117	1096	19039
IV	2573831	R	60	354	63	738	18652
IV	2573831	R	60	354	83	880	18556
IV	2573831	R	60	354	85	891	18021
IV	2573831	R	60	359	38	620	17859
IV	2573831	R	60	354	89	894	17915
IV	2573831	R	60	354	54	687	17629
IV	2573831	R	60	357	79	889	17403
IV	2573831	R	60	354	58	725	16965
IV	2573831	R	60	354	61	736	16907
IV	2573831	R	60	354	78	832	16996
IV	2573831	R	60	353	73	838	16974
IV	2573831	R	60	353	46	644	16678
IV	2573831	R	60	354	106	996	16855
IV	2573831	R	60	354	82	856	16229
IV	2573831	R	60	354	62	751	16063
IV	2573831	R	60	355	83	858	16129
IV	2573831	R	60	354	66	767	15997
IV	2573831	R	60	355	52	734	15753
IV	2573831	R	60	354	69	809	15763
IV	2573831	R	60	354	90	952	15395
IV	2573831	R	60	354	122	1106	15384
IV	2573831	R	60	356	60	750	14765
IV	2573831	R	60	354	89	892	14838
IV	2573831	R	60	354	60	722	14598
IV	2573831	R	60	354	101	972	14735
IV	2573831	R	60	354	49	665	14289
IV	2573831	R	60	354	66	755	14232
IV	2573823	R	60	370	53	709	14183
IV	2573831	R	60	354	71	785	14082
IV	2573831	R	60	354	75	854	13970
IV	2573831	R	60	354	116	1053	14112
IV	2573831	R	60	355	35	604	13549
IV	2573831	R	60	354	66	760	13517
IV	2573831	R	60	354	111	1024	13732
IV	2573831	R	60	354	33	561	13036
IV	2573831	R	60	354	150	1296	13741
IV	2573831	R	60	354	78	831	13262
IV	2573831	R	60	354	44	621	12905
IV	2573831	R	60	354	109	1016	13124
IV	2573831	R	60	354	36	579	12584
IV	2573831	R	60	359	62	731	12483
IV	2573831	R	60	354	93	932	12578
IV	2573831	R	60	354	67	761	12244
IV	2573831	R	60	354	76	814	12277
IV	2573831	R	60	354	76	814	12252
IV	2573831	R	60	357	43	627	11998
IV	2573831	R	60	354	77	824	11442
IV	2573831	R	60	354	98	943	11521
IV	2573831	R	60	353	39	591	10924
IV	2573831	R	60	355	111	1031	11147
IV	2573831	R	60	354	75	819	10858
IV	2573831	R	60	354	147	1250	10956
IV	2573831	R	60	354	39	593	10158
IV	2573823	R	60	363	79	880	10325
IV	2573831	R	60	354	69	782	9632
IV	2573831	R	60	354	55	684	9451
IV	2573831	R	60	354	82	851	9615
IV	2573831	R	60	354	89	906	9296
IV	2573831	R	60	354	82	861	8588
IV	2573831	R	60	378	47	788	8612
IV	2573831	R	60	354	46	635	8227
IV	2573823	R	60	365	70	812	8440
IV	2573831	R	60	363	31	574	7666
IV	2573831	R	60	354	93	923	7892
IV	2573831	R	60	354	74	812	7127
IV	2573831	R	60	354	130	1143	7348
IV	2573831	R	60	354	82	850	6773
IV	2573831	R	60	354	108	1006	6797
IV	2573831	R	60	354	76	814	6062
IV	2573831	R	60	354	103	976	5602
IV	2573831	R	60	354	89	902	3574
IV	2594937	R	60	-1	64	392	11881
IV	2621651	L	60	-2	60	377	6905
IV	2621653	L	60	-2	35	216	4777
IV	2621654	L	60	-8	103	709	6869
IV	2621654	L	60	1	77	497	19455
IV	2621654	L	60	1	69	416	10037
IV	2621654	L	60	-4	36	226	12651
IV	2621654	L	60	1	72	485	11290
IV	2621654	L	60	1	63	407	21015
IV	2621654	L	60	1	65	426	16251
IV	2621654	L	60	1	57	348	17513
IV	2621654	L	60	1	49	336	12497
IV	2621654	L	60	1	64	388	7779
IV	2621654	L	60	1	67	426	11228
IV	2621654	L	60	1	77	481	7109
IV	2621654	L	60	1	81	500	13863
IV	2621654	L	60	1	55	332	5265
IV	2621654	L	60	1	74	500	13667
IV	2621654	L	60	-4	61	390	11648
IV	2621654	L	60	1	53	324	12760
IV	2621654	L	60	1	38	247	7738
IV	2621654	L	60	1	71	431	7763
IV	2621654	L	60	1	52	321	12653
IV	2621654	L	60	1	65	398	6063
IV	2621654	L	60	1	27	170	7378
IV	2621654	L	60	1	56	337	17555
IV	2621654	L	60	1	96	648	16311
IV	2621654	L	60	1	73	442	10656
IV	2621654	L	60	1	69	472	12564
IV	2621654	L	60	1	59	363	6081
IV	2621654	L	60	1	88	547	13815
IV	2621654	L	60	1	54	357	21477
IV	2621654	L	60	1	83	530	14355
IV	2621654	L	60	1	62	375	12274
IV	2621654	L	60	1	43	261	8416
IV	2621654	L	60	1	75	467	6737
IV	2621654	L	60	1	62	420	20611
IV	2621654	L	60	1	49	301	18116
IV	2621654	L	60	1	33	201	15505
IV	2621654	L	60	1	30	183	11901
IV	2621654	L	60	1	74	460	13868
IV	2621654	L	60	1	87	533	8765
IV	2621654	L	60	1	101	655	9790
IV	2621654	L	60	1	26	159	7434
IV	2621654	L	60	1	73	486	19882
IV	2621654	L	60	1	71	426	9148
IV	2621654	L	60	1	104	632	4844
IV	2621654	L	60	1	70	423	5955
IV	2621654	L	60	1	78	493	6922
IV	2621654	L	60	-6	56	432	19049
IV	2621654	L	60	1	73	468	10219
IV	2621654	L	60	1	62	375	6999
IV	2621654	L	60	1	96	585	12587
IV	2621654	L	60	1	52	321	10077
IV	2621654	L	60	1	72	434	8371
IV	2621654	L	60	1	70	428	7898
IV	2621654	L	60	1	58	357	20439
IV	2621654	L	60	1	67	405	8324
IV	2621654	L	60	1	100	603	11626
IV	2621654	L	60	1	37	226	11814
IV	2621654	L	60	-4	83	516	16361
IV	2621654	L	60	1	64	399	6023
IV	2621654	L	60	1	110	668	13044
IV	2621654	L	60	1	78	477	18006
IV	2621654	L	60	1	45	273	9838
IV	2621654	L	60	1	57	345	12981
IV	2621654	L	60	1	55	333	14158
IV	2621654	L	60	1	52	316	10557
IV	2621654	L	60	1	61	380	12442
IV	2621654	L	60	1	79	477	6355
IV	2621654	L	60	1	73	449	16080
IV	2621654	L	60	1	48	300	11649
IV	2621654	L	60	1	42	251	9476
IV	2621654	L	60	1	45	274	13268
IV	2621654	L	60	1	72	452	14694
IV	2621654	L	60	1	75	556	15916
IV	2621654	L	60	1	69	434	11878
IV	2621654	L	60	1	102	623	12801
IV	2621654	L	60	-4	33	215	16736
IV	2621654	L	60	1	84	508	10212
IV	2621654	L	60	1	66	398	10446
IV	2621654	L	60	1	75	454	4669
IV	2621654	L	60	1	77	499	23413
IV	2621654	L	60	1	57	365	13663
IV	2621654	L	60	1	112	686	11338
IV	2621654	L	60	1	109	687	12993
IV	2621654	L	60	1	44	274	10700
IV	2621654	L	60	1	64	420	14135
IV	2621654	L	60	1	98	605	10149
IV	2621654	L	60	1	49	298	14252
IV	2621654	L	60	1	73	441	12307
IV	2621654	L	60	1	71	441	7958
IV	2621654	L	60	1	76	511	15306
IV	2621654	L	60	1	116	725	7668
IV	2621654	L	60	1	53	320	14776
IV	2621654	L	60	1	64	388	13047
IV	2621654	L	60	1	53	321	13581
IV	2621654	L	60	1	89	585	11388
IV	2621654	L	60	1	33	202	13892
IV	2621656	L	60	-2	87	559	21821
IV	2621657	L	60	-6	38	234	13431
IV	2621659	L	60	-6	27	171	13095
IV	2957769	L	60	-4	57	361	16332
IV	3262208	L	60	-2218	2	6990	7357
IV	4068631	R	60	5291	4	20965	21376
IV	4417645	R	60	3	35	222	18187
IV	4437217	R	60	-3	167	1021	14981
IV	6701995	R	60	-1	34	213	25683
IV	6701995	R	60	-1	41	257	24261
IV	6701995	R	60	-1	91	581	23536
IV	6701995	R	60	-1	49	319	23105
IV	6690066	R	60	3	36	223	10312
IV	6701995	R	60	-1	54	338	21829
IV	6701995	R	60	-1	114	740	22005
IV	6701995	R	60	-1	101	669	21311
IV	6701995	R	60	-1	70	445	20797
IV	6701993	R	60	5	100	659	20726
IV	6701995	R	60	-1	105	660	20405
IV	6701995	R	60	-1	92	614	20325
IV	6701995	R	60	-1	71	430	19955
IV	6701995	R	60	-1	51	324	19749
IV	6701995	R	60	-1	40	249	19578
IV	6701995	R	60	-1	60	381	19601
IV	6701995	R	60	-1	40	251	19379
IV	6701995	R	60	-1	49	323	19194
IV	6701995	R	60	-1	82	508	19367
IV	6701995	R	60	-1	95	602	18302
IV	6701995	R	60	-1	61	369	17902
IV	6701995	R	60	-1	48	306	17816
IV	6701995	R	60	-1	145	933	18413
IV	6701995	R	60	-1	60	363	17577
IV	6701995	R	60	-1	45	274	17104
IV	6701995	R	60	-1	25	160	16980
IV	6701995	R	60	-1	134	867	17269
IV	6701995	R	60	-1	50	303	16466
IV	6701995	R	60	-1	73	485	16333
IV	6701995	R	60	-1	31	193	16032
IV	6701995	R	60	-1	76	468	16275
IV	6701995	R	60	-1	91	560	16352
IV	6701987	R	60	8	103	688	16322
IV	6701986	R	60	10	80	523	15957
IV	6701995	R	60	-1	24	153	15459
IV	6701995	R	60	-1	137	865	16040
IV	6701995	R	60	-1	79	477	15602
IV	6701995	R	60	-1	30	184	15305
IV	6701995	R	60	-1	23	140	15037
IV	6701995	R	60	-1	44	296	15193
IV	6701995	R	60	-1	36	220	15112
IV	6701995	R	60	-1	60	372	15159
IV	6701990	R	60	3	83	511	15156
IV	6701995	R	60	-1	51	314	14912
IV	6701995	R	60	-1	71	597	15187
IV	6701995	R	60	-1	98	597	15078
IV	6701995	R	60	-1	87	563	14611
IV	6701995	R	60	-1	48	297	14124
IV	6701995	R	60	-1	106	654	14409
IV	6701995	R	60	-1	34	210	13951
IV	6701995	R	60	-1	44	275	13901
IV	6701995	R	60	-1	64	392	13841
IV	6701995	R	60	-1	107	643	13849
IV	6701995	R	60	-1	119	740	13985
IV	6701995	R	60	-1	39	243	13311
IV	6701995	R	60	-1	46	280	13225
IV	6701985	R	60	18	48	345	13288
IV	6701995	R	60	-1	55	339	13234
IV	6701995	R	60	-1	84	506	13226
IV	6701995	R	60	-1	37	233	12876
IV	6701995	R	60	-1	60	11921	24434
IV	6701995	R	60	-1	53	321	12682
IV	6701995	R	60	-1	37	225	12571
IV	6701995	R	60	-1	61	375	12526
IV	6701995	R	60	-1	61	375	12473
IV	6701995	R	60	-1	51	310	12240
IV	6701995	R	60	-1	57	395	11999
IV	6701995	R	60	0	56	408	11856
IV	6701995	R	60	-1	76	455	11728
IV	6701995	R	60	-1	50	304	11421
IV	6701995	R	60	-1	73	472	11365
IV	6701995	R	60	-1	35	230	11019
IV	6701992	R	60	4	106	649	11314
IV	6701995	R	60	-1	84	551	11128
IV	6701995	R	60	-1	74	447	10832
IV	6701995	R	60	-1	42	255	10633
IV	6701995	R	60	-1	102	673	11019
IV	6701995	R	60	-1	40	243	10359
IV	6701995	R	60	-1	18	134	10047
IV	6701995	R	60	-1	147	901	10615
IV	6701995	R	60	-1	69	424	10099
IV	6701995	R	60	-1	56	341	9674
IV	6701995	R	60	-1	64	388	9712
IV	6701995	R	60	-1	7	43	9327
IV	6701995	R	60	-1	44	266	9252
IV	6701995	R	60	-1	42	253	9220
IV	6701995	R	60	-1	116	728	9462
IV	6701995	R	60	-1	89	538	9225
IV	6701993	R	60	6	49	307	8957
IV	6701995	R	60	-1	63	386	8586
IV	6701995	R	60	-1	54	338	8535
IV	6701995	R	60	-1	112	681	8506
IV	6701995	R	60	-1	93	570	8369
IV	6701993	R	60	2	74	528	8178
IV	6701995	R	60	-1	78	472	8102
IV	6701995	R	60	-1	67	411	7828
IV	6701995	R	60	-1	130	800	8072
IV	6701995	R	60	-1	84	508	7617
IV	6701995	R	60	-1	74	444	7534
IV	6701995	R	60	-1	72	441	7486
IV	6701995	R	60	-1	90	543	7339
IV	6701995	R	60	-1	46	278	6858
IV	6701995	R	60	-1	78	471	6983
IV	6701995	R	60	-1	63	382	6693
IV	6701995	R	60	-1	128	772	7068
IV	6701995	R	60	-1	40	248	6404
IV	6701995	R	60	-1	59	358	6162
IV	6701995	R	60	-1	72	435	5764
IV	6701995	R	60	-1	73	442	5422
IV	6701995	R	60	-1	64	387	4446
IV	6701993	L	60	-2	61	372	13297
IV	6701993	L	60	-9	126	799	9148
IV	6701993	L	60	-2	21	132	12809
IV	6701993	L	60	-2	29	187	20966
IV	6701993	L	60	-2	118	720	14300
IV	6701994	L	60	-5	52	342	13416
IV	6701995	L	60	-2	66	403	12258
IV	6701996	L	60	1	46	286	4723
IV	6701996	L	60	1	146	901	10709
IV	6701996	L	60	1	106	642	8469
IV	6701996	L	60	1	54	327	16786
IV	6701996	L	60	1	57	392	17529
IV	6701996	L	60	1	119	805	19624
IV	6701996	L	60	1	52	316	9604
IV	6701996	L	60	1	38	246	12913
IV	6701996	L	60	1	101	618	10787
IV	6701996	L	60	-4	46	342	15430
IV	6701996	L	60	1	52	315	5206
IV	6701996	L	60	1	75	507	19645
IV	6701996	L	60	1	90	555	22716
IV	6701996	L	60	1	41	250	6846
IV	6701996	L	60	1	46	279	7252
IV	6701996	L	60	1	83	503	8137
IV	6701996	L	60	1	81	524	16361
IV	6701996	L	60	1	48	319	13917
IV	6701996	L	60	1	98	599	17645
IV	6701996	L	60	1	16	100	14114
IV	6701996	L	60	1	85	611	16676
IV	6701996	L	60	1	42	255	10531
IV	6701996	L	60	1	96	622	15496
IV	6701996	L	60	1	43	260	14115
IV	6701996	L	60	1	102	619	12801
IV	6701996	L	60	1	64	395	17642
IV	6701996	L	60	1	55	334	16480
IV	6701996	L	60	1	78	491	17141
IV	6701996	L	60	1	46	288	18942
IV	6701996	L	60	1	87	534	16382
IV	6701996	L	60	1	84	506	8760
IV	6701996	L	60	1	107	651	15337
IV	6701996	L	60	1	60	364	20563
IV	6701996	L	60	1	70	433	13741
IV	6701996	L	60	1	117	706	10340
IV	6701996	L	60	-4	97	596	17413
IV	6701996	L	60	1	73	462	9961
IV	6701996	L	60	1	80	541	19891
IV	6701996	L	60	1	63	428	9577
IV	6701996	L	60	1	68	411	10232
IV	6701996	L	60	1	96	580	5819
IV	6701996	L	60	1	73	444	9524
IV	6701996	L	60	1	123	796	14140
IV	6701996	L	60	1	80	482	9336
IV	6701996	L	60	1	104	641	11701
IV	6701996	L	60	1	157	952	5115
IV	6701996	L	60	1	93	569	12844
IV	6701996	L	60	1	83	510	15544
IV	6701996	L	60	1	65	394	8627
IV	6701996	L	60	1	48	291	11843
IV	6701996	L	60	1	118	724	7900
IV	6701996	L	60	-8	45	282	12435
IV	6701996	L	60	1	47	301	12853
IV	6701996	L	60	1	72	441	7241
IV	6701996	L	60	1	54	328	16153
IV	6701996	L	60	1	56	345	14945
IV	6701996	L	60	1	97	596	15991
IV	6701996	L	60	1	64	408	21174
IV	6701996	L	60	1	53	323	16728
IV	6701996	L	60	0	103	717	5373
IV	6701996	L	60	1	78	491	17722
IV	6701996	L	60	1	62	380	4367
IV	6701996	L	60	1	68	412	6821
IV	6701996	L	60	1	93	571	9563
IV	6701996	L	60	1	102	622	14574
IV	6701996	L	60	1	147	906	10612
IV	6701996	L	60	1	100	601	3775
IV	6701996	L	60	1	77	464	9849
IV	6701996	L	60	1	97	600	10000
IV	6701996	L	60	1	85	513	7492
IV	6701996	L	60	1	93	561	10521
IV	6701996	L	60	1	111	678	3781
IV	6701996	L	60	1	71	439	14363
IV	6701996	L	60	1	60	373	14561
IV	6701996	L	60	1	130	803	12157
IV	6701996	L	60	1	100	634	10425
IV	6701996	L	60	1	110	684	15365
IV	6701996	L	60	1	70	426	16042
IV	6701996	L	60	1	117	704	13720
IV	6701996	L	60	1	75	478	9567
IV	6701996	L	60	1	68	417	10223
IV	6701996	L	60	1	112	714	7274
IV	6701998	L	60	-4	107	726	7959
IV	6701999	L	60	-1	59	366	16216
IV	6701999	L	60	-1	106	709	15916
IV	6702001	L	60	-5	123	747	9419
IV	6702002	L	60	-4	68	420	16533
IV	6702003	L	60	-5	59	389	19346
IV	6702004	L	60	-8	84	531	14768
IV	6702011	L	60	-3	84	644	20840
IV	6702138	L	60	-12	51	320	7713
IV	6702789	L	60	3	96	602	13641
IV	6703979	L	60	-16	51	322	19385
IV	7404052	L	60	-1166	3	3255	9866
IV	7442542	R	60	-2	47	298	12886
IV	7689300	L	60	-657	2	3987	13137
IV	8397932	L	60	-1061	2	5979	12006
IV	8530914	L	60	-2732	4	14907	32832
IV	9040547	L	60	-3808	2	5115	12043
IV	9098667	L	60	-2537	3	11421	13163
IV	9520305	L	60	-3124	2	4698	16042
IV	9582850	L	60	-256	2	9806	20609
IV	9677810	R	60	-5	6	36	25128
IV	9677810	R	60	-5	5	42	24052
IV	9677810	R	60	-5	9	52	19257
IV	9677810	R	60	-5	7	44	17865
IV	9677810	R	60	-5	18	120	17332
IV	9677810	R	60	-5	5	30	15054
IV	9677798	R	60	4	9	67	14929
IV	9677810	R	60	-5	12	74	14870
IV	9677810	R	60	-5	17	117	14728
IV	9677810	R	60	-5	4	24	14524
IV	9677810	R	60	-5	8	48	13805
IV	9677810	R	60	-5	8	47	13794
IV	9677810	R	60	-5	29	179	13738
IV	9677810	R	60	-5	9	54	13357
IV	9677754	R	60	9	4	48	13267
IV	9677810	R	60	-5	24	144	12932
IV	9677810	R	60	-5	44	303	12549
IV	9677810	R	60	-5	18	107	11586
IV	9677810	R	60	-5	22	131	10990
IV	9677810	R	60	-5	4	26	10696
IV	9677810	R	60	-5	9	57	10479
IV	9677810	R	60	-5	21	129	9985
IV	9677810	R	60	-5	31	186	9293
IV	9677810	R	60	-5	15	100	8535
IV	9677810	R	60	-5	36	216	8498
IV	9677810	R	60	-5	17	106	8319
IV	9677810	R	60	-5	6	36	7883
IV	9677810	R	60	-5	28	167	9442
IV	9677810	R	60	-5	55	364	6687
IV	9677810	R	60	-5	35	217	6513
IV	9677810	R	60	-5	6	35	6096
IV	9677810	R	60	-5	40	240	5691
V	7	L	60	-576	92	3562	12896
V	7	L	60	-577	99	3616	20493
V	15478	L	60	-3811	99	8868	12613
V	15478	L	60	-3809	114	8950	12227
V	40704	L	60	0	35	222	11292
V	89531	R	60	-1	50	307	12927
V	89529	L	60	-2	103	647	17146
V	89529	L	60	-2	22	138	13837
V	89529	L	60	-2	80	511	25004
V	89530	L	60	-5	63	388	10968
V	89532	L	60	0	119	718	7021
V	89533	L	60	6	70	431	7781
V	89533	L	60	6	37	220	17170
V	89533	L	60	6	101	641	13506
V	89533	L	60	6	52	309	5298
V	89533	L	60	6	97	619	10088
V	89533	L	60	6	42	250	9436
V	89533	L	60	6	56	345	12737
V	89533	L	60	6	89	534	10302
V	89533	L	60	6	62	383	17414
V	89533	L	60	6	66	393	11004
V	89533	L	60	6	49	313	9816
V	89533	L	60	6	22	130	21295
V	89533	L	60	6	18	107	12321
V	89533	L	60	6	57	348	13650
V	89533	L	60	6	59	360	9224
V	89533	L	60	6	118	760	17795
V	89533	L	60	6	55	329	10467
V	89533	L	60	6	85	514	3812
V	89533	L	60	6	44	263	23107
V	89533	L	60	6	100	604	9905
V	89533	L	60	6	63	384	10580
V	89533	L	60	6	53	324	4970
V	89533	L	60	6	19	115	14408
V	89533	L	60	6	41	245	9167
V	89533	L	60	6	75	476	16562
V	89533	L	60	6	45	268	8251
V	89533	L	60	6	73	449	20445
V	89533	L	60	6	66	464	19003
V	89533	L	60	6	72	443	16301
V	89533	L	60	6	71	450	9829
V	89533	L	60	6	110	715	7674
V	89533	L	60	6	53	316	11358
V	89533	L	60	6	74	443	7234
V	89533	L	60	6	90	536	8220
V	89533	L	60	6	44	263	10986
V	89533	L	60	6	90	548	12080
V	89533	L	60	6	10	70	11507
V	89533	L	60	6	83	497	7178
V	89533	L	60	6	71	429	7598
V	89533	L	60	6	125	761	10693
V	89533	L	60	6	101	605	9727
V	89533	L	60	6	157	976	13526
V	89533	L	60	6	92	597	12191
V	89533	L	60	6	86	536	22665
V	89533	L	60	6	121	725	12861
V	89533	L	60	6	109	652	6771
V	89533	L	60	6	145	898	12707
V	89533	L	60	6	47	287	8605
V	89533	L	60	6	100	598	6634
V	89533	L	60	6	100	609	11902
V	89533	L	60	6	92	565	13709
V	89533	L	60	6	113	722	9338
V	89533	L	60	6	49	293	14757
V	89533	L	60	6	121	728	6696
V	89533	L	60	6	61	396	13936
V	89533	L	60	6	31	202	19261
V	89533	L	60	6	67	401	13024
V	89533	L	60	6	68	443	19173
V	89533	L	60	6	64	381	10794
V	89533	L	60	6	97	590	9066
V	89533	L	60	6	102	619	18635
V	89533	L	60	6	146	877	9073
V	89533	L	60	6	53	317	13596
V	89533	L	60	6	102	616	9038
V	89533	L	60	6	75	448	11494
V	89533	L	60	6	122	732	7589
V	89533	L	60	6	48	287	9443
V	89533	L	60	6	76	486	22373
V	89533	L	60	6	97	586	15645
V	89533	L	60	6	133	806	6661
V	89533	L	60	6	79	468	13012
V	89533	L	60	6	90	560	20983
V	89533	L	60	6	76	524	6920
V	89533	L	60	6	85	547	15826
V	89533	L	60	6	41	249	17118
V	89533	L	60	6	74	442	9792
V	89533	L	60	6	61	365	9372
V	89533	L	60	6	111	664	12238
V	89533	L	60	6	52	316	7978
V	89533	L	60	6	93	552	9756
V	89533	L	60	6	82	506	14138
V	89533	L	60	6	92	561	11493
V	89533	L	60	6	99	650	12481
V	89533	L	60	6	78	467	4827
V	89533	L	60	6	52	324	17094
V	89533	L	60	6	100	616	10147
V	89533	L	60	6	50	294	13678
V	89533	L	60	6	163	991	11847
V	89534	L	60	-2	95	582	11557
V	89535	L	60	-1	108	655	12538
V	89540	L	60	-2	63	392	11455
V	89540	L	60	-12	126	813	11529
V	89540	L	60	-2	49	301	13613
V	89540	L	60	-2	94	618	12071
V	89540	L	60	-2	92	567	19370
V	89541	L	60	-1	42	257	7522
V	89541	L	60	-8	95	632	14387
V	89544	L	60	-14	94	667	12639
V	89544	L	60	-9	75	518	8345
V	89580	L	60	-39	45	431	13988
V	333063	L	60	-285	2	4003	12608
V	515784	R	60	7	120	745	11007
V	969392	R	60	353	2	9793	24470
V	1438048	L	60	-796	2	8885	24459
V	1459934	R	60	5546	3	10599	28548
V	1926979	R	60	200	3	2816	5898
V	1973307	R	60	378	2	5415	16619
V	2109654	L	60	-16	110	697	13352
V	2380336	R	60	1152	2	5386	13220
V	2614126	R	60	2828	3	9689	13751
V	2627215	R	60	806	2	4957	10729
V	2627215	R	60	806	2	3357	12980
V	3296995	L	60	-4195	2	7836	15327
V	3351275	R	60	2780	2	4772	12595
V	3719939	L	60	-3169	3	6423	16597
V	4685181	R	60	0	44	279	22306
V	4685181	R	60	5	74	483	22425
V	4685181	R	60	0	20	125	21593
V	4685181	R	60	0	85	539	21869
V	4685181	R	60	0	45	282	20829
V	4685181	R	60	0	85	537	21002
V	4685185	R	60	2	56	350	20395
V	4685181	R	60	0	71	488	20374
V	4685181	R	60	0	105	637	20459
V	4685181	R	60	0	45	306	19976
V	4685180	R	60	2	54	353	19625
V	4685181	R	60	0	138	851	19731
V	4685171	R	60	11	88	660	19383
V	4685181	R	60	0	103	640	18616
V	4685181	R	60	0	79	479	17914
V	4685181	R	60	0	73	447	17691
V	4685181	R	60	0	106	655	17634
V	4685181	R	60	0	89	543	17507
V	4685181	R	60	0	90	559	17205
V	4685181	R	60	0	27	167	16808
V	4685178	R	60	4	34	216	16442
V	4685181	R	60	0	84	545	16586
V	4685181	R	60	0	49	306	15943
V	4685181	R	60	0	65	401	15849
V	4685179	R	60	1	47	287	15706
V	4685181	R	60	0	142	868	16206
V	4685181	R	60	0	46	292	15548
V	4685181	R	60	0	32	203	15378
V	4685181	R	60	0	81	507	15641
V	4685181	R	60	0	57	346	15167
V	4685181	R	60	0	79	490	15086
V	4685176	R	60	-2	52	315	14724
V	4685181	R	60	0	78	513	14866
V	4685178	R	60	4	80	494	14737
V	4685181	R	60	0	70	424	14575
V	4685181	R	60	0	63	382	14467
V	4685181	R	60	0	123	754	14787
V	4685181	R	60	0	90	559	14246
V	4685181	R	60	0	58	359	14034
V	4685181	R	60	0	45	274	13776
V	4685181	R	60	0	69	536	14092
V	4685181	R	60	0	112	712	14129
V	4685181	R	60	0	70	424	13767
V	4685181	R	60	0	32	214	13418
V	4685181	R	60	0	74	448	13630
V	4685181	R	60	0	55	336	13441
V	4685177	R	60	3	42	259	13122
V	4685181	R	60	0	115	751	13319
V	4685181	R	60	0	73	443	12985
V	4685181	R	60	0	85	552	13046
V	4685181	R	60	0	57	347	12818
V	4685181	R	60	0	92	556	12864
V	4685178	R	60	4	119	759	12921
V	4685181	R	60	6	52	327	12484
V	4685181	R	60	0	50	312	12329
V	4685181	R	60	0	27	165	12091
V	4685181	R	60	0	83	516	12390
V	4685181	R	60	0	94	609	12434
V	4685181	R	60	0	57	346	12135
V	4685181	R	60	0	14	102	11809
V	4685181	R	60	0	71	431	12065
V	4685181	R	60	0	108	667	12257
V	4685181	R	60	0	47	294	11765
V	4685181	R	60	0	69	418	11854
V	4685181	R	60	0	70	448	11881
V	4685181	R	60	0	55	334	11672
V	4685181	R	60	0	82	496	11830
V	4685181	R	60	0	103	631	11942
V	4685181	R	60	0	55	338	11640
V	4685181	R	60	0	60	374	11643
V	4685181	R	60	0	111	671	11934
V	4685181	R	60	0	101	617	11819
V	4685181	R	60	0	55	355	11551
V	4685181	R	60	0	127	773	11903
V	4685181	R	60	0	73	450	11477
V	4685181	R	60	0	33	221	11176
V	4685181	R	60	0	86	530	11428
V	4685181	R	60	0	36	222	11021
V	4685181	R	60	0	51	311	11050
V	4685181	R	60	0	73	446	11066
V	4685181	R	60	0	125	767	11107
V	4685181	R	60	0	73	486	10849
V	4685181	R	60	0	100	612	10878
V	4685181	R	60	0	71	431	10683
V	4685181	R	60	0	57	347	10554
V	4685181	R	60	0	57	347	10482
V	4685181	R	60	0	63	383	10277
V	4685181	R	60	0	78	478	10039
V	4685181	R	60	0	99	595	9973
V	4685178	R	60	4	57	368	9865
V	4685181	R	60	0	96	581	9869
V	4685181	R	60	0	28	172	9430
V	4685181	R	60	0	52	317	9449
V	4685181	R	60	0	65	477	8943
V	4685181	R	60	0	25	150	8493
V	4685181	R	60	0	84	517	8768
V	4685181	R	60	0	45	333	8157
V	4685181	R	60	0	65	435	7911
V	4685181	R	60	0	50	304	7616
V	4685181	R	60	0	168	1019	8217
V	4685181	R	60	0	72	446	7494
V	4685181	R	60	0	72	436	7101
V	4685181	R	60	0	87	537	6945
V	4685181	R	60	0	135	824	7089
V	4685181	R	60	0	88	531	6358
V	4685181	R	60	0	63	382	6194
V	4685181	R	60	0	108	675	5966
V	4685181	R	60	0	95	574	5489
V	4685181	R	60	0	28	172	4555
V	4685181	R	60	0	75	455	4663
V	4685181	R	60	0	44	283	4271
V	4685567	L	60	-6	108	659	12679
V	4685570	L	60	6	76	472	9324
V	4685570	L	60	6	68	408	11522
V	4685570	L	60	6	49	293	9677
V	4685570	L	60	6	88	568	4440
V	4685570	L	60	6	50	303	15580
V	4685570	L	60	6	72	454	15442
V	4685570	L	60	6	88	547	5231
V	4685570	L	60	6	58	346	14261
V	4685570	L	60	6	66	403	15995
V	4685570	L	60	6	71	441	19709
V	4685570	L	60	6	71	425	15946
V	4685570	L	60	6	55	335	9796
V	4685570	L	60	6	76	493	7402
V	4685570	L	60	6	95	572	14102
V	4685570	L	60	6	54	322	12134
V	4685570	L	60	6	94	586	15399
V	4685570	L	60	6	79	487	12189
V	4685570	L	60	6	48	317	14788
V	4685570	L	60	6	87	532	4704
V	4685570	L	60	6	106	744	23896
V	4685570	L	60	6	63	382	10923
V	4685570	L	60	6	46	274	12164
V	4685570	L	60	6	69	427	11633
V	4685570	L	60	6	74	442	13765
V	4685570	L	60	6	138	962	15041
V	4685570	L	60	6	40	239	20577
V	4685570	L	60	6	39	238	18046
V	4685570	L	60	6	61	365	14496
V	4685570	L	60	6	88	597	9922
V	4685570	L	60	6	42	262	8195
V	4685570	L	60	6	89	533	7948
V	4685570	L	60	6	68	412	10353
V	4685570	L	60	6	95	577	14279
V	4685570	L	60	6	117	726	11656
V	4685570	L	60	6	114	738	14571
V	4685570	L	60	6	116	695	13117
V	4685570	L	60	6	2	97	4476
V	4685570	L	60	6	102	655	16111
V	4685570	L	60	6	112	674	13879
V	4685570	L	60	6	42	250	20047
V	4685570	L	60	6	11	67	23038
V	4685570	L	60	6	30	185	9073
V	4685570	L	60	6	53	319	14550
V	4685570	L	60	6	110	663	12468
V	4685570	L	60	6	103	617	8724
V	4685570	L	60	6	66	412	14143
V	4685570	L	60	6	48	319	11690
V	4685570	L	60	6	110	659	15976
V	4685570	L	60	6	90	615	17241
V	4685570	L	60	6	103	622	11536
V	4685570	L	60	6	42	251	11860
V	4685570	L	60	6	74	446	14628
V	4685570	L	60	6	117	702	15209
V	4685570	L	60	6	69	412	10834
V	4685570	L	60	6	32	197	17230
V	4685570	L	60	6	129	785	17148
V	4685570	L	60	6	78	471	14093
V	4685570	L	60	6	130	814	13858
V	4685570	L	60	6	102	608	11939
V	4685570	L	60	6	92	555	19499
V	4685570	L	60	6	59	518	8040
V	4685570	L	60	6	110	665	16844
V	4685570	L	60	6	73	472	14489
V	4685570	L	60	6	70	436	16912
V	4685570	L	60	6	17	100	15956
V	4685570	L	60	6	87	527	8040
V	4685570	L	60	6	39	270	13773
V	4685570	L	60	6	40	239	5204
V	4685570	L	60	6	90	538	8257
V	4685570	L	60	6	48	312	5234
V	4685570	L	60	6	124	841	11371
V	4685570	L	60	6	52	312	10622
V	4685570	L	60	6	82	491	6914
V	4685570	L	60	6	50	297	10361
V	4685570	L	60	6	112	688	11032
V	4685570	L	60	6	55	334	13065
V	4685570	L	60	6	47	283	16555
V	4685570	L	60	6	82	501	15800
V	4685570	L	60	6	85	520	16121
V	4685570	L	60	6	111	670	6850
V	4685570	L	60	6	69	420	13914
V	4685570	L	60	6	85	512	7383
V	4685570	L	60	6	130	795	16784
V	4685570	L	60	6	150	915	14149
V	4685570	L	60	6	81	488	10183
V	4685570	L	60	6	46	275	5315
V	4685570	L	60	6	41	245	11849
V	4685570	L	60	6	65	393	13152
V	4685571	L	60	0	41	305	14744
V	4685571	L	60	0	93	593	17674
V	4685572	L	60	-3	100	656	16556
V	4685576	L	60	-2	106	677	17338
V	4685576	L	60	-1	116	733	11940
V	4685576	L	60	-1	86	528	14446
V	4685586	L	60	-8	70	447	12394
V	4885066	L	60	-2013	2	9088	9445
V	5426088	L	60	-1214	2	6024	13875
V	5439956	R	60	4252	5	11852	24733
V	6248555	L	60	-1050	2	2218	14204
V	6432795	R	60	4563	2	10795	21925
V	6848257	L	60	-1694	2	5976	14708
V	7213938	R	60	5	56	345	21736
V	8473705	R	60	1554	2	13110	20918
V	8831934	L	60	-4683	2	6486	16008
V	9114939	L	60	-1732	3	4467	16387
V	9392570	R	60	151	3	7458	22695
V	9576490	L	60	-3187	2	8376	10762
V	10859129	R	60	0	31	212	24629
V	10859129	R	60	0	76	497	24631
V	10859124	R	60	6	45	377	22327
V	10859129	R	60	0	41	258	21005
V	10859129	R	60	0	57	351	20489
V	10859129	R	60	0	83	570	20373
V	10859129	R	60	0	106	681	20486
V	10859129	R	60	3	44	304	20104
V	10859129	R	60	0	40	258	19617
V	10859129	R	60	0	53	328	19136
V	10859129	R	60	0	22	162	18803
V	10859129	R	60	0	106	654	19202
V	10859129	R	60	0	71	478	18965
V	10859129	R	60	0	64	398	18519
V	10859129	R	60	0	93	607	18501
V	10859129	R	60	0	34	214	17717
V	10859129	R	60	0	58	365	17791
V	10859129	R	60	0	57	347	17467
V	10859129	R	60	0	58	374	17497
V	10859129	R	60	0	45	284	16767
V	10859129	R	60	0	42	264	16414
V	10859129	R	60	0	60	418	16426
V	10859129	R	60	0	38	272	16032
V	10859129	R	60	0	48	298	15904
V	10859129	R	60	0	21	130	15727
V	10859129	R	60	0	76	477	15862
V	10859124	R	60	2	75	506	15909
V	10859129	R	60	0	23	143	15148
V	10859129	R	60	0	61	371	15262
V	10859129	R	60	0	54	336	15029
V	10859129	R	60	0	84	508	15110
V	10859129	R	60	0	101	626	15006
V	10859129	R	60	7	43	279	14616
V	10859129	R	60	0	64	389	14418
V	10859129	R	60	0	51	321	14321
V	10859129	R	60	0	45	277	14044
V	10859129	R	60	0	39	239	13771
V	10859129	R	60	4	124	836	14295
V	10859129	R	60	0	125	786	14184
V	10859129	R	60	0	99	616	13672
V	10859129	R	60	0	65	477	13616
V	10859129	R	60	0	70	424	13360
V	10859129	R	60	0	84	510	13397
V	10859129	R	60	0	54	339	13123
V	10859129	R	60	0	75	486	13261
V	10859129	R	60	0	25	155	12908
V	10859129	R	60	0	53	328	12988
V	10859129	R	60	0	78	495	13108
V	10859129	R	60	0	71	431	13052
V	10859129	R	60	0	87	561	13226
V	10859129	R	60	0	79	488	12913
V	10859129	R	60	0	44	276	12686
V	10859129	R	60	0	36	225	12270
V	10859129	R	60	0	32	194	12212
V	10859129	R	60	0	62	377	12365
V	10859129	R	60	0	39	244	11887
V	10859129	R	60	0	64	432	12122
V	10859129	R	60	0	37	233	11676
V	10859129	R	60	0	64	398	11808
V	10859129	R	60	0	70	434	11830
V	10859129	R	60	0	45	275	11623
V	10859130	R	60	6	53	347	11700
V	10859129	R	60	0	83	513	11789
V	10859129	R	60	0	25	159	11416
V	10859128	R	60	2	51	315	11435
V	10859129	R	60	0	57	370	11353
V	10859129	R	60	0	66	400	11272
V	10859129	R	60	0	22	137	10957
V	10859129	R	60	0	30	185	10545
V	10859129	R	60	0	80	483	10822
V	10859128	R	60	2	66	434	10853
V	10859129	R	60	0	71	430	10740
V	10859129	R	60	0	31	190	10428
V	10859129	R	60	0	53	323	10541
V	10859129	R	60	0	98	599	10725
V	10859129	R	60	0	54	333	10401
V	10859129	R	60	0	92	582	10624
V	10859129	R	60	0	69	419	10450
V	10859129	R	60	0	34	204	10199
V	10859129	R	60	0	57	358	10316
V	10859129	R	60	0	65	393	10355
V	10859124	R	60	8	41	304	10069
V	10859129	R	60	0	140	870	10686
V	10859129	R	60	0	55	339	10072
V	10859129	R	60	0	58	358	10041
V	10859129	R	60	0	60	391	9995
V	10859129	R	60	0	103	622	10171
V	10859129	R	60	7	25	161	9676
V	10859129	R	60	0	86	526	9941
V	10859129	R	60	0	43	275	9675
V	10859129	R	60	0	50	312	9576
V	10859129	R	60	0	43	263	9491
V	10859129	R	60	0	123	749	9697
V	10859129	R	60	0	84	509	8735
V	10859129	R	60	0	53	321	8381
V	10859129	R	60	0	81	487	8516
V	10859129	R	60	0	65	414	8405
V	10859129	R	60	0	75	454	8269
V	10859129	R	60	0	3	20	7623
V	10859129	R	60	0	75	465	7947
V	10859129	R	60	0	41	278	7754
V	10859129	R	60	0	76	460	7818
V	10859129	R	60	0	31	190	7097
V	10859129	R	60	0	84	524	7183
V	10859129	R	60	0	61	370	5916
V	10859129	R	60	0	37	226	5587
V	10859129	R	60	0	94	569	5709
V	10859129	R	60	0	91	562	5636
V	10859129	R	60	0	128	773	5725
V	10859129	R	60	0	15	120	4879
V	10859129	R	60	0	55	335	4608
V	10859113	R	60	4	26	163	4284
V	10859129	R	60	0	135	827	4786
V	10859129	R	60	0	47	299	3887
V	10859133	L	60	0	111	675	11983
V	10887779	R	60	2	41	252	14406
V	10896944	R	60	0	44	269	9837
V	10887784	L	60	0	67	407	9837
X	4393	R	37	589	3	2440	5193
X	2982	L	37	3	180	1644	5193
X	3072	L	60	0	74	449	9287
X	3077	L	60	-6	54	354	16436
X	3078	L	60	0	35	231	13870
X	3078	L	60	0	73	468	7826
X	3078	L	60	0	74	454	7798
X	3078	L	60	0	38	233	5085
X	3078	L	60	0	44	268	11245
X	3078	L	60	0	58	371	16037
X	3078	L	60	0	97	596	17266
X	3078	L	60	0	70	431	6980
X	3078	L	60	-5	21	149	19296
X	3078	L	60	0	49	298	10652
X	3078	L	60	0	43	287	9251
X	3078	L	60	0	66	406	13921
X	3078	L	60	0	63	393	17675
X	3078	L	60	0	31	216	18738
X	3078	L	60	0	54	349	16284
X	3078	L	60	0	94	577	2665
X	3078	L	60	0	55	340	17229
X	3078	L	60	0	52	319	15766
X	3078	L	60	0	25	153	4252
X	3078	L	60	0	46	285	9308
X	3078	L	60	0	74	470	14946
X	3078	L	60	0	37	241	13110
X	3078	L	60	0	69	419	13556
X	3078	L	60	-5	61	372	9817
X	3078	L	60	0	31	214	14344
X	3078	L	60	0	25	155	16966
X	3078	L	60	0	84	538	15796
X	3078	L	60	0	70	433	12650
X	3078	L	60	0	93	562	4612
X	3078	L	60	0	56	350	12810
X	3078	L	60	0	54	340	13335
X	3078	L	60	0	35	212	6126
X	3078	L	60	0	73	443	4895
X	3078	L	60	0	63	403	16436
X	3078	L	60	0	63	390	12062
X	3078	L	60	0	23	143	22392
X	3078	L	60	0	26	160	9381
X	3078	L	60	0	83	511	12329
X	3078	L	60	0	68	412	9919
X	3078	L	60	0	51	315	12332
X	3078	L	60	0	59	358	4221
X	3078	L	60	0	45	279	15319
X	3078	L	60	0	25	153	16779
X	3078	L	60	0	53	323	7429
X	3078	L	60	0	45	276	17342
X	3078	L	60	0	38	233	7306
X	3078	L	60	0	42	262	11954
X	3078	L	60	0	30	215	9976
X	3078	L	60	0	53	323	6042
X	3078	L	60	0	20	124	20589
X	3078	L	60	0	61	399	26485
X	3078	L	60	0	10	65	6926
X	3078	L	60	0	53	337	11050
X	3078	L	60	0	66	484	15571
X	3078	L	60	0	63	382	13284
X	3078	L	60	0	60	364	12026
X	3078	L	60	0	39	237	10509
X	3078	L	60	0	116	700	9715
X	3078	L	60	0	48	341	15221
X	3078	L	60	0	84	509	13924
X	3078	L	60	0	56	340	6871
X	3078	L	60	0	74	449	10445
X	3078	L	60	0	83	515	12455
X	3078	L	60	0	40	244	5988
X	3078	L	60	0	51	309	18038
X	3078	L	60	0	90	557	15602
X	3078	L	60	0	55	351	12816
X	3078	L	60	0	57	354	13537
X	3078	L	60	0	56	347	6014
X	3078	L	60	0	86	519	8771
X	3078	L	60	0	46	281	11346
X	3078	L	60	-5	76	540	11326
X	3078	L	60	0	37	222	7753
X	3078	L	60	0	55	340	19455
X	3078	L	60	0	46	280	13870
X	3078	L	60	0	47	286	9583
X	3078	L	60	0	69	419	6921
X	3078	L	60	0	33	213	14618
X	3078	L	60	0	49	304	8736
X	3078	L	60	0	65	396	8984
X	3078	L	60	0	43	270	13335
X	3078	L	60	0	158	967	11477
X	3078	L	60	0	39	254	7682
X	3078	L	60	0	92	644	12071
X	3078	L	60	0	11	88	10581
X	3078	L	60	0	41	251	23857
X	3078	L	60	0	86	533	13197
X	3078	L	60	0	53	323	19499
X	3078	L	60	0	82	516	11721
X	3078	L	60	0	89	549	10638
X	3078	L	60	0	25	174	16737
X	3078	L	60	0	32	209	19493
X	3078	L	60	0	89	562	14190
X	3078	L	60	0	77	482	17220
X	3078	L	60	0	120	725	8142
X	3078	L	60	0	65	412	17870
X	3078	L	60	0	44	269	5230
X	3078	L	60	0	49	298	14055
X	3078	L	60	0	101	622	13747
X	3078	L	60	0	57	346	14406
X	3078	L	60	0	47	292	8683
X	3078	L	60	0	81	491	13748
X	3078	L	60	0	57	351	17445
X	3078	L	60	0	32	203	15372
X	3078	L	60	0	122	754	9069
X	3078	L	60	0	43	268	12909
X	3078	L	60	0	89	543	10320
X	3078	L	60	0	50	343	12338
X	3078	L	60	0	78	494	18882
X	3078	L	60	0	65	395	4405
X	3078	L	60	0	103	622	4104
X	3078	L	60	0	47	297	8924
X	3078	L	60	0	40	245	16421
X	3078	L	60	0	66	401	19586
X	3078	L	60	0	51	311	8506
X	3078	L	60	0	56	421	12843
X	3078	L	60	0	66	400	10550
X	3078	L	60	0	32	200	9849
X	3078	L	60	0	14	95	14557
X	3078	L	60	0	34	204	8657
X	3078	L	60	0	54	328	11917
X	3078	L	60	0	55	338	5047
X	3078	L	60	0	53	333	13882
X	3078	L	60	0	71	428	9573
X	3078	L	60	0	56	341	12915
X	3078	L	60	0	32	197	11877
X	3078	L	60	0	41	255	14541
X	3078	L	60	0	86	520	9263
X	3079	L	60	-2	90	584	21250
X	3079	L	60	-2	69	421	4667
X	3080	L	60	-2	37	249	13942
X	3080	L	60	-1	31	192	25277
X	3083	L	60	-6	17	114	10896
X	3083	L	60	-6	76	497	18783
X	64580	R	60	1176	3	13395	22724
X	113434	R	60	5	94	578	19086
X	602418	R	60	972	4	11657	12063
X	893480	L	60	-1962	2	4367	18932
X	1325005	R	60	-6	87	531	24366
X	1325005	R	60	-6	77	500	24036
X	1325005	R	60	-6	55	350	23913
X	1325005	R	60	-6	90	569	20707
X	1325005	R	60	-6	45	274	19339
X	1325005	R	60	-6	69	441	19451
X	1325005	R	60	-6	73	454	19124
X	1325005	R	60	-6	63	396	18915
X	1325005	R	60	-6	77	488	18853
X	1325005	R	60	-6	53	321	18667
X	1325005	R	60	-6	98	624	18325
X	1325005	R	60	-6	45	269	17693
X	1325005	R	60	-6	55	333	17752
X	1325005	R	60	-6	54	333	17706
X	1325005	R	60	-6	49	302	17457
X	1325005	R	60	-6	56	347	17459
X	1325005	R	60	-6	82	505	16795
X	1325005	R	60	-6	96	611	16904
X	1325004	R	60	2	99	638	16911
X	1325005	R	60	-6	125	762	16966
X	1325005	R	60	-6	76	461	16393
X	1325005	R	60	-6	45	267	16140
X	1325005	R	60	-6	97	606	16377
X	1325005	R	60	-6	63	377	15915
X	1325005	R	60	-6	92	590	16103
X	1325005	R	60	-6	30	179	15584
X	1325005	R	60	-6	90	558	15910
X	1325005	R	60	-6	53	317	15547
X	1325005	R	60	-6	64	382	15136
X	1325005	R	60	-6	105	641	15284
X	1325005	R	60	-6	82	496	15118
X	1325005	R	60	-6	43	257	14654
X	1325005	R	60	-6	50	326	14557
X	1325005	R	60	-6	83	523	14717
X	1325005	R	60	-6	77	466	14590
X	1325005	R	60	-6	82	493	14599
X	1325005	R	60	-6	85	533	14573
X	1325005	R	60	-6	83	540	14574
X	1325005	R	60	-6	46	275	14200
X	1325005	R	60	-6	147	896	14435
X	1325005	R	60	-6	38	227	13738
X	1325005	R	60	-6	66	399	13865
X	1325005	R	60	-6	112	671	14110
X	1325005	R	60	-6	82	500	13683
X	1325005	R	60	-6	30	179	13135
X	1325005	R	60	-6	99	641	13389
X	1325005	R	60	-6	77	481	13095
X	1325005	R	60	-6	35	238	12781
X	1325005	R	60	-6	76	512	12831
X	1325005	R	60	-6	85	521	12835
X	1325005	R	60	-6	143	866	13132
X	1325005	R	60	-6	36	215	12437
X	1325005	R	60	-6	52	311	12536
X	1325005	R	60	-6	72	455	12658
X	1325005	R	60	-6	39	232	12414
X	1325005	R	60	-6	62	371	12475
X	1325005	R	60	-6	67	401	12480
X	1325005	R	60	-6	175	1154	13105
X	1325005	R	60	-6	113	684	12592
X	1325005	R	60	-6	33	196	12103
X	1325005	R	60	-6	79	473	12349
X	1325005	R	60	-6	64	400	12201
X	1325005	R	60	-6	46	275	11926
X	1325005	R	60	-6	113	677	12297
X	1325005	R	60	-6	55	329	11799
X	1325005	R	60	-6	58	356	11772
X	1325005	R	60	-6	40	243	11591
X	1325005	R	60	-6	62	422	11692
X	1325005	R	60	-6	70	432	11706
X	1325005	R	60	-6	43	269	11256
X	1325005	R	60	-6	59	352	11255
X	1325005	R	60	-6	68	406	11103
X	1325005	R	60	-6	67	401	10926
X	1325005	R	60	-6	65	396	10843
X	1325005	R	60	-6	68	406	10821
X	1325005	R	60	-6	48	384	10639
X	1325005	R	60	-6	69	448	10830
X	1325005	R	60	-6	104	629	10906
X	1325005	R	60	-6	47	280	10539
X	1325005	R	60	-6	63	377	10600
X	1325005	R	60	-6	77	464	10577
X	1325005	R	60	-6	54	323	10417
X	1325005	R	60	-6	81	484	10512
X	1325005	R	60	-6	74	443	10422
X	1325005	R	60	-6	50	296	10137
X	1325005	R	60	-6	63	381	10112
X	1325005	R	60	-6	43	252	9974
X	1325005	R	60	-6	62	406	10037
X	1325005	R	60	-6	61	364	9843
X	1325005	R	60	-6	42	287	9757
X	1325005	R	60	-6	16	105	9070
X	1325005	R	60	-6	69	417	9248
X	1325005	R	60	-6	18	107	8870
X	1325005	R	60	-6	128	767	9354
X	1325005	R	60	-6	79	472	8671
X	1325005	R	60	-6	69	413	8514
X	1325005	R	60	-6	65	404	8117
X	1325005	R	60	-6	72	436	7928
X	1325005	R	60	-6	54	328	7398
X	1325005	R	60	-6	66	395	7424
X	1325005	R	60	-6	46	280	7189
X	1325005	R	60	-6	68	416	7275
X	1325005	R	60	-6	47	280	7053
X	1325005	R	60	-6	54	344	5932
X	1325005	R	60	-6	79	468	6018
X	1325005	R	60	-6	95	568	3641
X	1325005	R	60	-6	154	923	3971
X	1325007	L	60	1	92	565	10450
X	1325007	L	60	1	88	553	12986
X	1325007	L	60	1	77	486	8421
X	1325007	L	60	1	44	290	18036
X	1325007	L	60	1	62	397	12884
X	1325007	L	60	1	106	674	21480
X	1325007	L	60	1	76	464	16571
X	1325007	L	60	1	96	579	4903
X	1325007	L	60	1	80	483	4977
X	1325007	L	60	1	102	644	18807
X	1325007	L	60	1	96	632	7771
X	1325007	L	60	1	91	579	18848
X	1325007	L	60	1	40	242	7493
X	1325007	L	60	1	70	422	7857
X	1325007	L	60	1	62	380	4616
X	1325007	L	60	1	127	787	23374
X	1325007	L	60	1	76	459	17343
X	1325007	L	60	1	61	391	20488
X	1325007	L	60	1	62	375	12863
X	1325007	L	60	1	58	353	13123
X	1325007	L	60	1	76	487	14107
X	1325007	L	60	1	70	434	9313
X	1325007	L	60	1	76	460	7282
X	1325007	L	60	1	80	498	11146
X	1325007	L	60	1	72	436	10887
X	1325007	L	60	-6	54	370	17995
X	1325007	L	60	1	82	597	16016
X	1325007	L	60	0	96	585	20459
X	1325007	L	60	1	114	688	14938
X	1325007	L	60	1	65	394	11414
X	1325007	L	60	1	58	350	11863
X	1325007	L	60	1	104	652	13766
X	1325007	L	60	1	57	399	14595
X	1325007	L	60	1	66	409	6772
X	1325007	L	60	1	38	228	10355
X	1325007	L	60	1	21	144	17340
X	1325007	L	60	1	108	674	21937
X	1325007	L	60	1	71	430	6301
X	1325007	L	60	1	108	656	10770
X	1325007	L	60	1	118	757	14284
X	1325007	L	60	1	88	528	10350
X	1325007	L	60	1	81	542	10440
X	1325007	L	60	1	73	449	12333
X	1325007	L	60	1	101	609	9571
X	1325007	L	60	1	62	375	2886
X	1325007	L	60	1	58	364	11195
X	1325007	L	60	1	53	320	18587
X	1325007	L	60	1	81	489	6191
X	1325007	L	60	1	73	441	9811
X	1325007	L	60	1	75	465	17539
X	1325007	L	60	1	41	249	21641
X	1325007	L	60	1	86	520	10672
X	1325007	L	60	1	41	260	10700
X	1325007	L	60	1	66	401	11269
X	1325007	L	60	1	77	466	12964
X	1325007	L	60	1	71	438	11939
X	1325007	L	60	1	66	419	13933
X	1325007	L	60	1	124	755	13052
X	1325007	L	60	1	76	459	15279
X	1325007	L	60	1	89	538	9199
X	1325007	L	60	1	92	593	13783
X	1325007	L	60	1	76	460	11650
X	1325007	L	60	1	105	656	16546
X	1325007	L	60	1	59	358	8432
X	1325007	L	60	1	118	715	5020
X	1325007	L	60	1	105	643	10445
X	1325007	L	60	1	55	333	13416
X	1325007	L	60	1	61	376	14017
X	1325007	L	60	1	83	507	9971
X	1325007	L	60	1	80	498	14546
X	1325007	L	60	1	126	764	16286
X	1325007	L	60	1	63	384	14339
X	1325007	L	60	1	69	435	10753
X	1325007	L	60	1	88	531	15701
X	1325007	L	60	1	77	475	20879
X	1325007	L	60	1	104	628	4069
X	1325007	L	60	1	99	605	6056
X	1325007	L	60	1	82	502	16714
X	1325007	L	60	1	101	613	6078
X	1325007	L	60	1	73	442	8261
X	1325011	L	60	-4	92	598	15870
X	1325011	L	60	2	80	487	11615
X	1325011	L	60	2	91	557	13340
X	1325012	L	60	-2	51	333	20298
X	1325012	L	60	-3	77	496	14341
X	1325012	L	60	-3	78	499	6324
X	1325012	L	60	-3	33	210	14138
X	1325019	L	60	-6	63	409	19321
X	1325560	L	60	2	82	573	20490
X	1356301	L	60	-10	51	341	12641
X	1701313	L	60	-3941	2	9086	18165
X	2046485	R	60	316	3	4011	18138
X	2152895	R	60	2863	2	6266	15874
X	2183143	L	60	-4	91	601	14156
X	2345644	R	60	4056	2	14013	14615
X	3621832	L	60	-124	2	6508	16225
X	4260205	R	60	663	4	10038	22369
X	5353831	L	60	-2059	2	8418	23163
X	5519518	R	60	16433	3	23834	25717
X	5606754	R	60	2393	2	13930	15840
X	6283018	R	60	-3	4	10303	29207
X	6339628	R	60	2	24	156	22717
X	6339633	R	60	-4	42	262	21121
X	6339633	R	60	-4	106	641	20693
X	6339128	R	60	-1	30	192	19658
X	6339633	R	60	-4	52	314	20190
X	6339633	R	60	-4	55	371	19797
X	6339633	R	60	-4	27	168	19106
X	6339633	R	60	-4	65	397	19206
X	6339633	R	60	3	44	270	18938
X	6339633	R	60	-4	46	287	18912
X	6339633	R	60	-4	64	441	19011
X	6339633	R	60	-4	86	517	18907
X	6339633	R	60	-4	38	230	18268
X	6339633	R	60	-4	100	607	18639
X	6339633	R	60	-4	88	529	18471
X	6339633	R	60	-4	70	450	18292
X	6339633	R	60	-4	63	387	18096
X	6339633	R	60	-4	70	435	17585
X	6339633	R	60	-4	68	448	17536
X	6339633	R	60	-4	72	447	17079
X	6339633	R	60	-4	42	276	16456
X	6339633	R	60	-4	57	342	16459
X	6339629	R	60	1	9	127	16195
X	6339627	R	60	1	82	507	16373
X	6339633	R	60	-4	27	163	16025
X	6339633	R	60	-4	30	180	16009
X	6339633	R	60	-4	28	185	15896
X	6339633	R	60	-4	41	258	15951
X	6339633	R	60	-4	62	417	16021
X	6339633	R	60	-4	61	379	15425
X	6339633	R	60	-4	101	619	15499
X	6339633	R	60	-4	45	281	15068
X	6339633	R	60	-4	64	389	15158
X	6339633	R	60	-4	38	232	14965
X	6339633	R	60	-4	78	469	15186
X	6339633	R	60	-4	87	531	15210
X	6339633	R	60	-4	37	227	14900
X	6339633	R	60	-4	60	374	14955
X	6339633	R	60	-4	87	548	15112
X	6339633	R	60	-4	97	636	14870
X	6339634	R	60	0	68	430	14649
X	6339633	R	60	-4	49	298	14459
X	6339633	R	60	-4	56	337	14391
X	6339633	R	60	-4	82	577	14459
X	6339633	R	60	-4	48	295	14128
X	6339633	R	60	-4	62	402	14151
X	6339633	R	60	-4	109	669	14408
X	6339633	R	60	-4	101	656	14339
X	6339633	R	60	-4	84	523	14163
X	6339633	R	60	-4	71	444	14084
X	6339633	R	60	-4	80	487	14048
X	6339633	R	60	-4	104	626	14141
X	6339633	R	60	-4	34	205	13714
X	6339633	R	60	-4	49	332	13972
X	6339633	R	60	-4	109	683	14086
X	6339631	R	60	4	61	389	13699
X	6339633	R	60	-4	124	841	14075
X	6339633	R	60	-4	67	408	13446
X	6339633	R	60	-4	95	575	13610
X	6339633	R	60	-4	62	423	13387
X	6339633	R	60	-4	120	720	13268
X	6339633	R	60	-4	109	655	13127
X	6339633	R	60	-4	103	627	13090
X	6339633	R	60	-4	51	307	12535
X	6339633	R	60	-4	68	408	12594
X	6339633	R	60	-4	65	520	12542
X	6339633	R	60	-4	93	661	12606
X	6339633	R	60	-4	62	373	12304
X	6339633	R	60	-4	114	692	12268
X	6339633	R	60	-4	80	483	11770
X	6339633	R	60	-4	41	251	11391
X	6339633	R	60	-4	51	328	11432
X	6339633	R	60	-4	61	366	11425
X	6339633	R	60	-4	36	217	11213
X	6339633	R	60	-4	60	360	11204
X	6339633	R	60	-4	62	373	11217
X	6339633	R	60	-4	122	743	11404
X	6339633	R	60	-4	136	817	11450
X	6339633	R	60	-4	44	265	10776
X	6339633	R	60	-4	49	294	10611
X	6339633	R	60	-4	71	444	10476
X	6339633	R	60	-4	69	449	10424
X	6339633	R	60	-4	82	493	10457
X	6339633	R	60	-4	28	186	10143
X	6339633	R	60	-4	54	328	9971
X	6339633	R	60	-4	111	695	10144
X	6339633	R	60	-4	102	623	9969
X	6339633	R	60	-4	62	368	9533
X	6339633	R	60	-4	80	479	9508
X	6339633	R	60	-4	52	325	9300
X	6339633	R	60	-4	58	346	9270
X	6339633	R	60	-4	46	276	9139
X	6339633	R	60	-4	70	428	9133
X	6339633	R	60	-4	58	352	8991
X	6339633	R	60	-4	115	758	9337
X	6339633	R	60	-4	112	672	9196
X	6339633	R	60	-4	50	301	8651
X	6339633	R	60	-4	54	324	8544
X	6339633	R	60	-4	74	442	8592
X	6339633	R	60	-4	82	493	8126
X	6339633	R	60	-4	89	534	8067
X	6339633	R	60	-4	46	276	7698
X	6339633	R	60	-4	96	581	7567
X	6339633	R	60	-4	165	1023	7977
X	6339633	R	60	-4	87	528	7378
X	6339633	R	60	-4	24	145	6763
X	6339633	R	60	-4	95	584	7012
X	6339633	R	60	-4	62	381	6759
X	6339633	R	60	-4	64	385	5547
X	6339633	R	60	-4	79	481	5466
X	6339633	R	60	-4	32	193	4498
X	6339633	R	60	-4	174	1058	5083
X	6339633	R	60	-4	69	419	3641
X	6341929	L	60	-2	63	401	20687
X	6341931	L	60	-3	48	295	10694
X	6341932	L	60	1	22	140	15968
X	6341932	L	60	1	56	376	18650
X	6341932	L	60	1	68	407	9732
X	6341932	L	60	1	52	316	7827
X	6341932	L	60	1	59	362	15725
X	6341932	L	60	1	106	671	19604
X	6341932	L	60	1	75	453	4275
X	6341932	L	60	1	84	537	14191
X	6341932	L	60	1	137	848	5791
X	6341932	L	60	1	72	442	18250
X	6341932	L	60	1	77	484	14420
X	6341932	L	60	1	62	376	13952
X	6341932	L	60	1	109	685	13799
X	6341932	L	60	1	52	341	11631
X	6341932	L	60	1	53	320	11864
X	6341932	L	60	1	55	334	5433
X	6341932	L	60	1	57	345	3321
X	6341932	L	60	1	51	333	12776
X	6341932	L	60	1	52	316	19300
X	6341932	L	60	1	40	249	19921
X	6341932	L	60	1	78	478	5926
X	6341932	L	60	1	52	314	9600
X	6341932	L	60	1	37	226	15801
X	6341932	L	60	1	20	138	17039
X	6341932	L	60	1	157	1004	19066
X	6341932	L	60	1	58	371	10696
X	6341932	L	60	1	58	381	11246
X	6341932	L	60	1	69	423	5487
X	6341932	L	60	1	29	177	11384
X	6341932	L	60	1	46	277	8846
X	6341932	L	60	1	59	387	15892
X	6341932	L	60	1	75	464	13111
X	6341932	L	60	1	111	682	17114
X	6341932	L	60	1	47	284	11642
X	6341932	L	60	1	97	607	10717
X	6341932	L	60	1	58	352	22370
X	6341932	L	60	1	67	421	20071
X	6341932	L	60	1	77	466	8124
X	6341932	L	60	1	56	373	16194
X	6341932	L	60	1	51	310	14675
X	6341932	L	60	1	52	311	9374
X	6341932	L	60	1	39	245	6688
X	6341932	L	60	1	109	681	14669
X	6341932	L	60	1	104	787	14307
X	6341932	L	60	1	98	593	11532
X	6341932	L	60	1	69	422	12038
X	6341932	L	60	1	72	443	9871
X	6341932	L	60	1	91	554	15836
X	6341932	L	60	1	61	370	14142
X	6341932	L	60	1	64	386	10152
X	6341932	L	60	1	76	458	14148
X	6341932	L	60	-9	87	746	13849
X	6341932	L	60	1	75	454	14210
X	6341932	L	60	1	47	286	17111
X	6341932	L	60	1	87	563	16000
X	6341932	L	60	1	72	436	11481
X	6341932	L	60	1	42	255	2987
X	6341932	L	60	1	60	364	12603
X	6341932	L	60	1	91	569	13515
X	6341932	L	60	1	59	368	12579
X	6341932	L	60	1	41	250	12162
X	6341932	L	60	1	151	909	4134
X	6341932	L	60	1	26	160	9485
X	6341932	L	60	1	71	447	11882
X	6341932	L	60	1	78	470	14842
X	6341932	L	60	1	118	718	11655
X	6341932	L	60	1	59	357	11641
X	6341932	L	60	1	59	358	11843
X	6341932	L	60	1	42	256	15871
X	6341932	L	60	1	35	228	13399
X	6341932	L	60	1	101	605	13776
X	6341932	L	60	1	29	177	11996
X	6341932	L	60	1	70	442	7480
X	6341932	L	60	1	26	170	14322
X	6341932	L	60	1	135	830	13945
X	6341932	L	60	1	90	551	8539
X	6341932	L	60	-9	69	439	11758
X	6341932	L	60	1	75	459	16199
X	6341932	L	60	1	61	385	17260
X	6341932	L	60	1	37	224	14064
X	6341932	L	60	1	33	202	16501
X	6341932	L	60	1	53	325	8755
X	6341932	L	60	1	65	398	17938
X	6341932	L	60	1	63	398	20429
X	6341932	L	60	1	81	492	10218
X	6341932	L	60	1	83	501	9054
X	6341932	L	60	1	34	206	14236
X	6341932	L	60	1	53	328	10852
X	6341932	L	60	1	80	513	11904
X	6341932	L	60	1	85	540	3740
X	6341932	L	60	1	123	741	7155
X	6341932	L	60	1	65	392	14846
X	6341932	L	60	1	154	927	11598
X	6341932	L	60	1	108	652	13726
X	6341932	L	60	1	73	448	6600
X	6341932	L	60	1	50	303	10825
X	6341932	L	60	1	79	487	11615
X	6341932	L	60	1	42	261	15859
X	6341934	L	60	-3	53	340	8176
X	6341935	L	60	-1	114	716	17294
X	6341937	L	60	-5	53	366	10955
X	6341937	L	60	-5	118	800	14651
X	6341937	L	60	-5	38	263	19174
X	6341958	L	60	-19	74	546	13529
X	6348654	L	60	-8	24	161	7782
X	6547735	R	60	3329	2	10694	13906
X	6857976	L	60	-970	3	17416	17626
X	6891105	R	60	440	3	11791	26511
X	7669427	R	60	0	73	449	25053
X	7669427	R	60	0	61	416	23101
X	7669427	R	60	0	69	448	22892
X	7669427	R	60	0	46	288	22664
X	7669427	R	60	7	105	671	22545
X	7669427	R	60	0	58	352	20555
X	7669427	R	60	0	69	426	20393
X	7669427	R	60	0	76	466	19926
X	7669431	R	60	13	49	341	19623
X	7669427	R	60	0	65	401	18992
X	7669427	R	60	0	63	418	18761
X	7669427	R	60	0	42	266	17696
X	7669427	R	60	0	54	345	17734
X	7669430	R	60	0	54	333	17484
X	7669427	R	60	0	113	693	17839
X	7669427	R	60	0	118	727	17792
X	7669422	R	60	8	74	474	17328
X	7669431	R	60	4	39	242	16813
X	7669427	R	60	0	51	324	16714
X	7669427	R	60	0	44	288	16018
X	7669427	R	60	0	71	436	16201
X	7669427	R	60	0	70	429	16086
X	7669427	R	60	0	89	601	16198
X	7669428	R	60	0	64	406	15991
X	7669427	R	60	0	52	323	15889
X	7669427	R	60	0	94	568	16067
X	7669427	R	60	0	61	376	15797
X	7669427	R	60	0	37	242	15145
X	7669427	R	60	0	73	444	15256
X	7669427	R	60	0	100	605	15187
X	7669427	R	60	0	26	188	14751
X	7669427	R	60	0	44	274	14495
X	7669427	R	60	0	105	675	14845
X	7669427	R	60	0	38	233	14227
X	7669427	R	60	0	77	467	14315
X	7669427	R	60	0	71	436	14254
X	7669427	R	60	0	80	499	14147
X	7669427	R	60	0	97	609	14236
X	7669427	R	60	0	66	401	13981
X	7669427	R	60	0	116	723	13815
X	7669427	R	60	0	139	846	13815
X	7669427	R	60	0	112	741	13452
X	7669427	R	60	0	54	363	13077
X	7669427	R	60	2	57	348	13032
X	7669427	R	60	0	30	196	12850
X	7669425	R	60	1	87	542	13069
X	7669427	R	60	0	80	508	12993
X	7669427	R	60	0	69	418	12792
X	7669427	R	60	0	90	544	12882
X	7669427	R	60	0	73	449	12613
X	7669427	R	60	0	82	501	12661
X	7669427	R	60	0	30	180	11992
X	7669422	R	60	-1	22	142	11887
X	7669427	R	60	0	47	287	11807
X	7669427	R	60	0	58	387	11800
X	7669428	R	60	8	92	569	11861
X	7669427	R	60	0	52	317	11525
X	7669427	R	60	0	69	417	11629
X	7669427	R	60	0	69	424	11416
X	7669427	R	60	0	81	490	11397
X	7669427	R	60	0	50	304	11006
X	7669427	R	60	0	90	557	11195
X	7669427	R	60	0	50	305	10331
X	7669427	R	60	0	57	357	10197
X	7669427	R	60	0	97	584	10224
X	7669425	R	60	5	58	422	9765
X	7669427	R	60	0	106	663	9708
X	7669427	R	60	0	34	208	9237
X	7669427	R	60	0	102	616	9450
X	7669427	R	60	0	45	276	8622
X	7669427	R	60	0	117	716	8950
X	7669427	R	60	0	70	426	8576
X	7669427	R	60	0	25	153	7897
X	7669427	R	60	0	97	582	8151
X	7669427	R	60	0	69	417	7913
X	7669427	R	60	0	53	343	7824
X	7669427	R	60	0	107	651	8116
X	7669427	R	60	0	53	344	7419
X	7669427	R	60	0	67	406	7286
X	7669427	R	60	0	76	460	7207
X	7669427	R	60	0	50	333	6616
X	7669427	R	60	0	42	256	6322
X	7669427	R	60	0	66	401	5693
X	7669427	R	60	0	80	484	5307
X	7669427	R	60	0	60	369	5136
X	7669427	R	60	0	100	616	4931
X	7669235	R	60	92	71	523	4505
X	7669422	R	60	-1	51	310	4068
X	7673380	L	60	-478	67	921	22062
X	7673380	L	60	-480	52	808	14582
X	7673380	L	60	-478	81	974	9220
X	7673380	L	60	-481	44	759	14605
X	7673380	L	60	-480	78	959	15599
X	7673380	L	60	-480	72	924	12495
X	7673380	L	60	-480	30	660	10238
X	7673380	L	60	-480	54	809	5610
X	7673380	L	60	-480	58	831	14748
X	7673380	L	60	-483	61	869	11563
X	7673380	L	60	-479	105	1248	25853
X	7673380	L	60	-480	83	983	6756
X	7673380	L	60	-480	34	689	9672
X	7673380	L	60	-487	98	1120	22324
X	7673380	L	60	-480	65	875	5594
X	7673380	L	60	-479	88	1046	16193
X	7673380	L	60	-483	41	733	18063
X	7673380	L	60	-480	39	718	8852
X	7673380	L	60	-480	40	723	9081
X	7673380	L	60	-480	44	748	11551
X	7673380	L	60	-481	61	880	13644
X	7673380	L	60	-480	71	926	12565
X	7673380	L	60	-480	69	898	17010
X	7673380	L	60	-480	42	737	9871
X	7673380	L	60	-481	60	926	16319
X	7673380	L	60	-480	35	693	16323
X	7673380	L	60	-481	64	877	14826
X	7673380	L	60	-480	67	898	8026
X	7673380	L	60	-486	68	905	6371
X	7673380	L	60	-480	76	961	15684
X	7673380	L	60	-480	80	971	11379
X	7673380	L	60	-480	99	1116	12493
X	7673380	L	60	-480	80	995	19934
X	7673380	L	60	-480	46	761	13147
X	7673380	L	60	-479	33	711	13600
X	7673380	L	60	-480	55	877	20781
X	7673380	L	60	-480	114	1196	1785
X	7673380	L	60	-487	64	907	17042
X	7673380	L	60	-480	54	809	13973
X	7673380	L	60	-480	63	878	12564
X	7673380	L	60	-480	51	790	13415
X	7673380	L	60	-480	63	907	15431
X	7673380	L	60	-480	83	985	5797
X	7673380	L	60	-477	42	757	16608
X	7673380	L	60	-480	81	1008	4741
X	7673380	L	60	-479	50	783	14603
X	7673380	L	60	-480	133	1282	4190
X	7673380	L	60	-480	62	860	12602
X	7673380	L	60	-480	122	1216	9002
X	7673380	L	60	-480	109	1157	21733
X	7673380	L	60	-480	93	1072	5718
X	7673380	L	60	-480	59	838	5644
X	7673380	L	60	-479	96	1078	18247
X	7673380	L	60	-480	72	923	6389
X	7673380	L	60	-480	42	735	6525
X	7673380	L	60	-480	129	1263	12212
X	7673380	L	60	-479	35	699	17075
X	7673380	L	60	-480	103	1103	8907
X	7673380	L	60	-480	74	929	8356
X	7673380	L	60	-479	50	789	13862
X	7673380	L	60	-480	77	944	7178
X	7673380	L	60	-480	118	1207	13033
X	7673380	L	60	-480	70	904	9407
X	7673380	L	60	-480	75	961	5730
X	7673380	L	60	-480	65	874	17637
X	7673380	L	60	-480	128	1271	13434
X	7673380	L	60	-480	106	1130	16504
X	7673380	L	60	-480	48	773	9726
X	7673380	L	60	-480	49	777	15290
X	7673380	L	60	-479	92	1058	23311
X	7673380	L	60	-480	104	1109	6900
X	7673380	L	60	-481	66	903	13596
X	7673380	L	60	-480	70	904	11985
X	7673380	L	60	-480	48	777	15817
X	7673380	L	60	-484	78	967	20381
X	7673380	L	60	-480	74	928	8096
X	7673380	L	60	-480	20	605	10295
X	7673380	L	60	-480	43	743	9563
X	7673380	L	60	-481	78	951	14985
X	7673380	L	60	-480	90	1023	12994
X	7673380	L	60	-480	115	1174	9652
X	7673380	L	60	-479	94	1052	20301
X	7673380	L	60	-480	74	928	10155
X	7673380	L	60	-480	81	1000	17001
X	7673380	L	60	-480	76	941	6531
X	7673380	L	60	-480	56	821	11153
X	7673380	L	60	-491	88	1063	13600
X	7673380	L	60	-480	40	724	9731
X	7673380	L	60	-480	40	725	14833
X	7673380	L	60	-480	44	744	9486
X	7673380	L	60	-480	63	903	18584
X	7673380	L	60	-480	36	700	7235
X	7673380	L	60	-480	74	934	15407
X	7673380	L	60	-480	112	1166	8641
X	7673380	L	60	-480	90	1025	8935
X	7673380	L	60	-480	123	1237	18429
X	7673380	L	60	-480	131	1284	21101
X	7673380	L	60	-480	94	1055	12058
X	7673380	L	60	-480	75	990	19739
X	7673380	L	60	-479	89	1017	18856
X	7673380	L	60	-480	96	1066	8903
X	7673380	L	60	-481	83	995	10919
X	7673380	L	60	-479	58	840	13199
X	7673380	L	60	-480	38	717	11199
X	7673380	L	60	-481	94	1054	17532
X	7673380	L	60	-480	29	665	12641
X	7673380	L	60	-480	40	726	13893
X	7673380	L	60	-486	59	868	18303
X	7673380	L	60	-480	96	1070	10543
X	7673380	L	60	-481	76	946	13230
X	7673380	L	60	-480	57	834	7858
X	7673380	L	60	-480	91	1037	12023
X	7673380	L	60	-480	70	909	17498
X	7673380	L	60	-480	100	1102	9068
X	7673380	L	60	-478	34	687	14232
X	7673380	L	60	-480	120	1213	5872
X	7673380	L	60	-480	57	827	7379
X	7673380	L	60	-480	112	1176	10302
X	7673380	L	60	-480	75	934	6123
X	7673380	L	60	-480	102	1102	10472
X	7673380	L	60	-480	20	605	12027
X	7673380	L	60	-482	72	933	14281
X	7673380	L	60	-480	95	1092	15607
X	7673380	L	60	-480	88	1036	16469
X	7673380	L	60	-480	52	796	11125
X	7673388	L	60	-491	40	750	20056
X	7975394	R	60	762	2	7701	17369
X	8095991	R	60	704	2	12077	16230
X	8102275	L	60	-2827	2	6104	13779
X	8476788	R	60	275	2	2381	10426
X	8733075	R	60	3303	3	10532	25891
X	9096067	L	60	-20	16	121	13245
X	9264411	R	60	-2	55	362	26988
X	9264411	R	60	-2	71	426	24177
X	9264411	R	60	-2	111	683	23204
X	9264411	R	60	-2	61	375	21618
X	9264411	R	60	-2	40	285	21201
X	9264404	R	60	-2	43	270	20077
X	9264411	R	60	-2	58	381	20128
X	9264411	R	60	-2	55	366	20065
X	9264411	R	60	-2	35	218	19045
X	9264411	R	60	-2	60	370	18337
X	9264411	R	60	-2	36	255	17695
X	9264408	R	60	2	55	385	17786
X	9264411	R	60	-2	36	238	17380
X	9264411	R	60	-2	44	267	17414
X	9264411	R	60	-2	53	326	17337
X	9264411	R	60	-2	57	347	17277
X	9264411	R	60	-2	86	528	17453
X	9264404	R	60	3	70	505	17429
X	9264411	R	60	-2	78	470	17174
X	9264411	R	60	-2	75	453	17155
X	9264411	R	60	-2	42	277	16947
X	9264411	R	60	-2	70	426	16671
X	9264411	R	60	-2	79	486	16570
X	9264411	R	60	-2	48	296	16304
X	9264411	R	60	-2	45	272	16239
X	9264411	R	60	-2	66	472	16167
X	9264411	R	60	-2	44	267	15771
X	9264411	R	60	-2	56	354	15693
X	9264411	R	60	-2	62	375	15598
X	9264411	R	60	-2	51	308	15513
X	9264411	R	60	-2	64	407	15488
X	9264411	R	60	-2	99	603	15633
X	9264411	R	60	-2	75	453	14617
X	9264411	R	60	-2	72	456	14533
X	9264411	R	60	-2	104	626	14594
X	9264411	R	60	-2	116	713	14684
X	9264411	R	60	-2	103	627	14469
X	9264411	R	60	-2	23	140	13972
X	9264411	R	60	-2	57	349	14026
X	9264410	R	60	4	30	203	13805
X	9264411	R	60	-2	62	375	13938
X	9264411	R	60	-2	77	482	13787
X	9264411	R	60	-2	27	165	13417
X	9264411	R	60	-2	86	519	13641
X	9264411	R	60	-2	90	551	13532
X	9264411	R	60	-2	33	201	13140
X	9264411	R	60	-2	39	236	12995
X	9264408	R	60	2	91	574	13245
X	9264411	R	60	-2	74	454	13121
X	9264411	R	60	3	65	433	12909
X	9264411	R	60	-2	52	317	12756
X	9264411	R	60	-2	75	453	12866
X	9264411	R	60	-2	103	644	12861
X	9264411	R	60	5	27	177	12416
X	9264411	R	60	-2	82	501	12694
X	9264411	R	60	-2	33	201	12258
X	9264411	R	60	-2	115	701	12679
X	9264411	R	60	-2	72	430	12355
X	9264411	R	60	-2	54	334	12171
X	9264411	R	60	-2	82	500	12229
X	9264404	R	60	1	86	532	12206
X	9264411	R	60	-2	59	357	11929
X	9264411	R	60	-2	101	614	12165
X	9264411	R	60	-2	57	355	11776
X	9264411	R	60	-2	35	212	11607
X	9264411	R	60	-2	131	831	12204
X	9264411	R	60	-2	70	523	11898
X	9264411	R	60	-2	55	332	11425
X	9264411	R	60	-2	72	438	11384
X	9264411	R	60	-2	77	471	11413
X	9264411	R	60	-2	42	252	11180
X	9264411	R	60	-2	69	421	11322
X	9264411	R	60	-2	23	145	11006
X	9264411	R	60	-2	92	555	11405
X	9264411	R	60	-2	67	403	10949
X	9264411	R	60	-2	74	465	10986
X	9264411	R	60	-2	85	512	11048
X	9264411	R	60	-2	99	601	10810
X	9264411	R	60	-2	43	261	10439
X	9264411	R	60	-2	20	122	10101
X	9264411	R	60	-2	22	135	10061
X	9264411	R	60	-2	74	446	10293
X	9264411	R	60	-2	63	385	9786
X	9264411	R	60	-2	38	228	9590
X	9264411	R	60	-2	46	278	9512
X	9264411	R	60	-2	56	339	9536
X	9264411	R	60	-2	63	388	9566
X	9264411	R	60	-2	78	478	9544
X	9264411	R	60	-2	92	562	9597
X	9264411	R	60	-2	37	246	9091
X	9264411	R	60	-2	98	589	9277
X	9264405	R	60	6	50	332	8845
X	9264411	R	60	-2	74	444	8755
X	9264408	R	60	2	61	373	8223
X	9264411	R	60	-2	85	512	8309
X	9264411	R	60	-2	105	632	8376
X	9264411	R	60	-2	62	375	8118
X	9264411	R	60	-2	107	644	8381
X	9264411	R	60	-2	94	564	8108
X	9264408	R	60	0	122	747	8080
X	9264411	R	60	-2	64	401	7626
X	9264411	R	60	-2	153	953	7881
X	9264414	R	60	0	57	346	6995
X	9264404	R	60	-2	66	398	6631
X	9264411	R	60	-2	20	122	6296
X	9264411	R	60	-2	102	639	6770
X	9264411	R	60	-2	74	447	6310
X	9264411	R	60	-2	96	577	6259
X	9264411	R	60	-2	107	645	5770
X	9264411	R	60	-2	65	397	5331
X	9264411	R	60	-2	73	456	4630
X	9264411	R	60	-2	24	147	3939
X	9264408	R	60	2	78	480	3735
X	9264665	L	60	-2	34	211	13201
X	9264668	L	60	0	35	237	14153
X	9264669	L	60	0	33	210	11115
X	9264669	L	60	0	55	330	11685
X	9264669	L	60	-8	44	276	7930
X	9264669	L	60	0	79	495	16984
X	9264669	L	60	0	71	455	20621
X	9264669	L	60	0	45	275	13720
X	9264669	L	60	0	73	443	8881
X	9264669	L	60	0	71	436	16808
X	9264669	L	60	0	48	306	16870
X	9264669	L	60	0	56	354	9971
X	9264669	L	60	0	78	472	7741
X	9264669	L	60	0	57	347	7980
X	9264669	L	60	0	55	335	15719
X	9264669	L	60	0	68	434	10496
X	9264669	L	60	0	33	203	4491
X	9264669	L	60	0	43	263	13327
X	9264669	L	60	0	52	317	5573
X	9264669	L	60	0	20	124	10944
X	9264669	L	60	0	43	269	14460
X	9264669	L	60	0	74	450	7513
X	9264669	L	60	0	34	206	7442
X	9264669	L	60	0	105	736	12916
X	9264669	L	60	0	76	462	20342
X	9264669	L	60	0	52	326	12406
X	9264669	L	60	0	35	240	13422
X	9264669	L	60	0	56	352	9989
X	9264669	L	60	0	72	478	8890
X	9264669	L	60	0	63	384	7140
X	9264669	L	60	0	83	502	14626
X	9264669	L	60	0	28	184	10751
X	9264669	L	60	0	110	669	16513
X	9264669	L	60	0	46	285	11134
X	9264669	L	60	0	77	479	13600
X	9264669	L	60	0	48	297	15100
X	9264669	L	60	0	104	687	22183
X	9264669	L	60	0	53	326	11849
X	9264669	L	60	0	71	435	15296
X	9264669	L	60	0	74	461	18751
X	9264669	L	60	0	55	345	8544
X	9264669	L	60	0	84	506	6187
X	9264669	L	60	0	71	430	12886
X	9264669	L	60	0	63	387	11781
X	9264669	L	60	0	70	426	11723
X	9264669	L	60	0	56	340	12380
X	9264669	L	60	0	72	441	12593
X	9264669	L	60	0	81	488	10564
X	9264669	L	60	0	86	535	16403
X	9264669	L	60	0	114	704	9618
X	9264669	L	60	0	81	498	12882
X	9264669	L	60	0	76	461	16234
X	9264669	L	60	0	63	388	8749
X	9264669	L	60	0	43	268	17664
X	9264669	L	60	0	99	594	15095
X	9264669	L	60	0	70	425	14414
X	9264669	L	60	0	84	509	16008
X	9264669	L	60	0	96	587	5725
X	9264669	L	60	0	79	481	5581
X	9264669	L	60	0	88	538	9714
X	9264669	L	60	0	53	318	13453
X	9264669	L	60	0	88	538	16490
X	9264669	L	60	0	82	495	8768
X	9264669	L	60	0	87	525	13126
X	9264669	L	60	0	72	435	4947
X	9264669	L	60	0	123	788	9857
X	9264669	L	60	0	77	467	4776
X	9264669	L	60	0	65	426	18564
X	9264669	L	60	0	74	449	10194
X	9264669	L	60	0	28	173	7768
X	9264669	L	60	0	52	317	5726
X	9264669	L	60	0	73	471	15865
X	9264669	L	60	0	95	590	13244
X	9264669	L	60	0	70	424	14838
X	9264669	L	60	0	88	533	13258
X	9264669	L	60	0	77	466	10629
X	9264669	L	60	0	88	539	7013
X	9264669	L	60	0	70	423	10847
X	9264669	L	60	0	109	663	10459
X	9264669	L	60	0	41	250	15567
X	9264669	L	60	0	63	398	12827
X	9264669	L	60	0	61	370	4145
X	9264669	L	60	0	80	496	15942
X	9264670	L	60	-2	101	630	4329
X	9264670	L	60	-3	59	361	5793
X	9264670	L	60	-2	72	488	16652
X	9264670	L	60	-2	51	343	13600
X	9264670	L	60	-1	59	358	15524
X	9264670	L	60	-2	82	509	3602
X	9264670	L	60	-10	117	733	12794
X	9264670	L	60	0	54	334	14120
X	9264670	L	60	-1	79	485	11534
X	9264670	L	60	0	98	598	10998
X	9264670	L	60	-1	86	529	9396
X	9264670	L	60	-2	108	667	16469
X	9264670	L	60	0	91	548	8647
X	9264670	L	60	0	62	385	13629
X	9264670	L	60	0	78	471	12865
X	9264671	L	60	5	80	615	9910
X	9264671	L	60	5	80	478	11773
X	9488002	L	60	-2504	2	7044	19202
X	9746888	R	60	258	2	5086	11327
X	9831468	L	60	-4	73	457	13592
X	10684672	R	60	1647	2	8744	20790
X	11014121	L	60	-1247	2	7851	18491
X	11738035	L	60	-2347	3	18849	26445
X	11761994	L	60	-60	2	4389	12969
X	12145074	R	60	0	44	291	24844
X	12145074	R	60	0	89	561	22364
X	12145074	R	60	0	57	346	20915
X	12145074	R	60	0	133	821	21166
X	12145074	R	60	0	56	338	20186
X	12145074	R	60	0	51	337	19708
X	12145072	R	60	1	68	460	19537
X	12145074	R	60	7	77	476	19396
X	12145074	R	60	0	71	441	19186
X	12145074	R	60	0	46	280	18615
X	12145074	R	60	5	56	425	18704
X	12145074	R	60	0	92	585	18884
X	12145074	R	60	0	61	369	18375
X	12145074	R	60	0	47	299	17487
X	12145074	R	60	0	47	290	17262
X	12145073	R	60	2	107	686	17506
X	12145074	R	60	5	53	380	17128
X	12145074	R	60	0	53	332	16758
X	12145074	R	60	0	117	755	17081
X	12145074	R	60	0	63	394	16487
X	12145074	R	60	0	61	371	16444
X	12145074	R	60	0	132	902	16710
X	12145074	R	60	0	38	232	16001
X	12145074	R	60	0	79	483	16150
X	12145074	R	60	0	59	368	15702
X	12145074	R	60	0	67	438	15702
X	12145074	R	60	8	93	597	15857
X	12145074	R	60	0	48	292	15491
X	12145074	R	60	0	79	502	15611
X	12145074	R	60	0	102	645	15278
X	12145074	R	60	0	102	652	15055
X	12145074	R	60	0	72	440	14622
X	12145074	R	60	0	54	342	14118
X	12145074	R	60	0	61	383	13891
X	12145074	R	60	0	71	430	13870
X	12145074	R	60	0	51	311	13675
X	12145074	R	60	0	63	383	13743
X	12145074	R	60	0	61	371	13488
X	12145074	R	60	7	52	334	13288
X	12145074	R	60	0	28	173	13005
X	12145074	R	60	0	61	368	13062
X	12145074	R	60	0	59	376	13051
X	12145074	R	60	0	78	473	13127
X	12145074	R	60	0	59	473	12932
X	12145074	R	60	0	52	322	12360
X	12145074	R	60	0	60	363	12369
X	12145074	R	60	0	71	446	12438
X	12145074	R	60	0	21	127	12046
X	12145074	R	60	20	33	276	11782
X	12145074	R	60	0	79	482	11980
X	12145074	R	60	0	43	265	11529
X	12145075	R	60	6	99	681	11913
X	12145074	R	60	0	68	412	11565
X	12145074	R	60	0	93	601	11711
X	12145074	R	60	0	86	539	11171
X	12145074	R	60	0	67	433	10999
X	12145069	R	60	6	92	566	10921
X	12145074	R	60	0	39	238	10563
X	12145074	R	60	0	103	642	10960
X	12145074	R	60	0	107	647	10911
X	12145074	R	60	0	91	560	10411
X	12145074	R	60	0	62	386	9957
X	12145074	R	60	0	51	310	9824
X	12145074	R	60	0	95	587	9965
X	12145074	R	60	0	62	377	8816
X	12145074	R	60	0	123	743	8870
X	12145074	R	60	0	108	659	8697
X	12145074	R	60	0	62	382	6810
X	12145074	R	60	0	114	699	6611
X	12145074	R	60	0	111	725	5358
X	12145074	R	60	0	99	597	4042
X	12145074	R	60	0	78	477	3815
X	12159065	R	60	49	4	1387	16350
X	12146590	L	60	0	43	278	10602
X	12159065	R	60	49	45	685	11349
X	12159065	R	60	49	139	3503	11416
X	12159065	R	60	50	127	3488	11291
X	12157009	R	60	2947	3	6615	11273
X	12159065	R	60	49	6	2510	6109
X	12157920	R	46	3891	50	10381	11395
X	12157920	R	60	3904	2	12138	13023
X	12161030	R	60	814	2	1732	4193
X	12161030	R	60	813	2	3420	6190
X	12161030	R	28	811	57	10598	12605
