#line	motif	seq	start	end	strand	seqLen	querybp	mRatio	m	mm	i	d
1	telomere	6b223161-a391-4bbc-be50-0f7ffbcf3633	0	613	-	22647	606	98.5%	605	0	8	1
5	telomere	0fa3c1b3-12c9-49fe-b764-63dbb3ebf9b1	0	10207	-	13404	10511	93.8%	9973	110	124	428
9	telomere	0fa3c1b3-12c9-49fe-b764-63dbb3ebf9b1	10426	13404	-	13404	3054	91.7%	2863	46	69	145
13	telomere	866aebd0-0dfc-4b9e-95c2-7899d538f85f	0	807	-	11483	803	99.0%	801	0	6	2
17	telomere	12595ad8-2bfa-42ff-ba5e-202e6df93398	29607	29689	+	29689	82	97.6%	80	2	0	0
21	telomere	bd3cb9be-e3a2-4702-87a8-fb01d97aadc8	0	941	-	19685	939	99.8%	939	0	2	0
25	telomere	c9130cbb-3354-42b4-bb7e-33e0d3f15569	0	605	-	22339	600	98.2%	596	2	7	2
29	telomere	2695d95c-da18-4468-b17a-86ef6bef46fc	14984	15924	+	16246	1001	91.6%	921	15	4	65
33	telomere	2695d95c-da18-4468-b17a-86ef6bef46fc	16054	16244	+	16246	192	99.0%	190	0	0	2
37	telomere	642156dc-094c-49a5-b2e6-7003c393272f	7	536	-	6343	536	96.5%	523	0	6	13
41	telomere	14c9eaa3-9261-4329-a230-63bca49a74ce	0	1329	-	5876	1338	98.1%	1320	1	8	17
45	telomere	ccbf29bc-3607-4aaf-a370-2c41e4cd84ff	20206	20259	+	20267	53	96.2%	51	2	0	0
49	telomere	ecb1ea7c-fbb9-4ee6-a8b1-1726f6496462	0	1075	-	5509	1083	95.2%	1050	5	20	28
53	telomere	35decac4-4a8f-4237-9980-06e1c7c17257	26	869	-	11244	865	94.5%	826	8	9	31
57	telomere	adff415e-42f6-4ce3-82a9-377e56faab6f	24222	24369	+	24369	150	97.3%	146	1	0	3
61	telomere	2ef899b1-a976-4687-bca5-3f8519a26d47	18311	18410	+	18410	103	92.2%	95	4	0	4
65	telomere	c4e68ee5-7011-4062-b229-44daae002b21	25471	25569	+	25571	101	96.0%	97	1	0	3
69	telomere	eec23e91-ad13-4a19-9fa4-9a448bf6cf90	8033	8353	+	8353	335	91.7%	308	11	1	16
73	telomere	b544ee27-84df-4f9d-809f-e8029d5b1f12	12061	12132	+	12162	71	98.6%	70	1	0	0
77	telomere	2f3b9415-5fa1-4c77-aa0b-21f9cf694f84	0	17557	-	28540	17584	98.9%	17472	5	80	107
81	telomere	4bc71ec9-2d91-4927-bbb4-fa4d4c5989db	6	869	-	10444	866	97.4%	851	4	8	11
85	telomere	5f688fd2-4dac-4192-92d9-a6e5e2ff8813	26	1228	-	12575	1219	98.1%	1198	2	2	19
89	telomere	c9d46acd-bcaa-440e-8cce-16eabc289a5b	0	540	-	19775	537	99.3%	536	1	3	0
93	telomere	1b27d754-9731-4fc9-b146-a57b1e68bc28	33145	33224	+	33224	83	94.0%	78	1	0	4
97	telomere	b91b00c0-5caf-4ef9-abe0-17839a1614b4	0	864	-	34322	864	98.8%	859	0	5	5
101	telomere	744c81e8-45e4-4872-846c-b2ff34fbc3c2	22216	22359	+	22387	143	98.6%	142	0	1	1
105	telomere	d9771c1f-1de1-412b-b5f4-6fbc368d1841	22117	22519	+	22519	410	90.2%	378	15	9	17
109	telomere	b6d09e3b-6603-46ce-9dfc-bda522c6154a	10712	13134	+	18962	2645	89.3%	2370	42	10	233
113	telomere	b6d09e3b-6603-46ce-9dfc-bda522c6154a	13198	13923	+	18962	778	91.7%	714	10	1	54
117	telomere	b6d09e3b-6603-46ce-9dfc-bda522c6154a	14055	14616	+	18962	594	93.1%	553	8	0	33
121	telomere	b6d09e3b-6603-46ce-9dfc-bda522c6154a	14721	15196	+	18962	498	93.2%	466	7	2	25
125	telomere	b6d09e3b-6603-46ce-9dfc-bda522c6154a	15356	16838	+	18962	1606	90.1%	1451	26	5	129
129	telomere	b6d09e3b-6603-46ce-9dfc-bda522c6154a	16919	17859	+	18962	1027	88.4%	913	21	6	93
133	telomere	b6d09e3b-6603-46ce-9dfc-bda522c6154a	18074	18962	+	18962	954	90.6%	869	14	5	71
137	telomere	657e76a1-42e1-427d-83bb-8ef2d8caa02a	4169	4232	+	4265	64	96.9%	62	1	0	1
141	telomere	451d44de-0aca-4242-8e19-5ca8b22730e3	1	1679	-	5927	1692	97.7%	1664	3	11	25
145	telomere	03a0a464-d54d-4c2c-87a9-9e8a0794ded9	0	696	-	29122	689	98.1%	686	0	10	3
149	telomere	4408048b-cc1f-49f9-80ec-ddeb833a8e5a	7640	8898	+	8898	1368	89.5%	1228	26	4	114
153	telomere	e0bcca5b-5df8-4d6f-9883-cb7c9adb9c4f	10	908	-	13082	888	98.1%	884	1	13	3
157	telomere	35f5e688-3ad2-40e0-a927-cb3649e2869c	17988	18179	+	18185	191	99.0%	189	2	0	0
161	telomere	341aa447-e789-45a8-83ad-4e3b35beb374	0	740	-	16773	738	98.7%	734	0	6	4
165	telomere	6d5b9006-4289-4111-80a5-084d590978e6	19917	20055	+	20055	144	91.7%	133	4	1	7
169	telomere	be0f5b74-7246-4663-99b8-5855b50209f9	0	671	-	5430	668	98.2%	663	1	7	4
173	telomere	0bb7136a-5cbe-4722-a7b0-107e73ca6490	0	1026	-	8838	1029	99.3%	1024	0	2	5
177	telomere	246c440d-7660-4f44-b255-214571a2af0d	16105	16164	+	16168	59	98.3%	58	1	0	0
181	telomere	28abb141-6f3c-490f-ad9d-eb7fbef4a0a0	22472	22647	+	22647	177	94.9%	169	5	1	3
185	telomere	2c21f51f-3211-43a2-8cfc-34c9fe7cd0a0	2	1180	-	20029	1220	93.0%	1149	13	16	58
189	telomere	8d7b907f-9c52-43ce-b044-cc32e5fc1897	8200	9481	+	9872	1361	91.6%	1249	30	2	82
193	telomere	8d7b907f-9c52-43ce-b044-cc32e5fc1897	9573	9872	+	9872	316	90.0%	287	9	3	20
197	telomere	c932ca61-92c8-4125-8711-fe3212eef4c3	29362	29631	+	29631	281	92.6%	262	5	2	14
201	telomere	b1a94596-c3e9-41a1-b9b7-d82a9d85be05	19724	19843	+	19861	119	99.2%	118	1	0	0
205	telomere	96b2d146-3dfe-42f3-8e93-c59536128853	0	554	-	29612	549	99.1%	549	0	5	0
209	telomere	3dd4d0d2-169f-4acd-b2eb-75dc97acaa95	3	712	-	10944	703	97.3%	696	1	12	6
213	telomere	09299816-836b-438d-b662-45faa32f79a4	0	880	-	12511	883	98.8%	876	0	4	7
217	telomere	f1ad7046-81e1-42ad-9ea4-7e3a35ef95c3	5770	5906	+	5906	145	91.7%	133	3	0	9
221	telomere	0fca6d20-18b2-4a08-abd8-609b788d9c32	16	1315	-	33080	1303	99.1%	1295	0	4	8
225	telomere	8edcabb6-f03e-4f58-bc12-63557d52e4dc	0	17027	-	17027	17121	98.4%	16935	10	82	176
229	telomere	9ab53c76-c3f6-44b8-bf4b-50ff1d3b329a	11	712	-	8434	705	98.3%	696	2	3	7
233	telomere	33e8eafa-acb9-47f7-a51f-62fa5e3196b7	0	1604	-	18481	1609	98.5%	1594	1	9	14
237	telomere	034ca46c-ebb0-4646-9e7b-6a9325935176	0	641	-	19077	630	98.0%	629	0	12	1
241	telomere	6baedeff-3b05-4cc9-80ba-bc6230ca9f7b	1	1399	-	9836	1411	98.4%	1392	3	3	16
245	telomere	abeb0f66-044d-41f0-a74c-8ee5782aa0bd	0	1118	-	20347	1130	98.9%	1118	0	0	12
249	telomere	a5ab8bab-8237-41e2-ae89-0a80f5daf7e6	8	1041	-	30718	1037	97.3%	1021	0	12	16
253	telomere	68a711ca-b27c-4a25-ac33-db1f4f4fb0f0	0	1078	-	11004	1092	95.4%	1057	5	16	30
257	telomere	284263e1-156d-480b-932e-2907a9b504c8	20428	20676	+	20676	255	93.4%	240	6	2	9
261	telomere	851115c7-755c-4bc7-9552-1ba142625193	1	848	-	15112	851	96.9%	832	7	8	12
265	telomere	5aeefb8f-57e3-4108-847b-8c0124cf4b01	22596	22813	+	22813	222	94.6%	211	5	1	6
269	telomere	02c198f7-f387-43d9-91a3-b103a46f5f65	26847	26930	+	26930	84	91.9%	79	2	2	3
273	telomere	ce49c01d-87ac-4213-893e-635c7ed61cab	2	1203	-	19026	1219	98.0%	1197	1	3	21
277	telomere	075d01cd-1187-4983-91af-0b525d54ef02	2118	2245	+	2245	127	93.8%	122	2	3	3
281	telomere	338ed15b-3e5a-42c5-9a23-91b8802f6acc	7	1176	-	8173	1177	98.6%	1164	2	3	11
285	telomere	51edf678-806a-482e-b1c6-f0d75740b6b6	4	1435	-	5930	1478	94.5%	1409	9	13	60
289	telomere	85cb1035-20db-40cc-b394-a66928e72376	0	18552	-	33086	18780	97.6%	18430	18	104	332
293	telomere	e9de7081-9f55-4c0d-9914-8f1c4811e335	0	1530	-	23587	1559	97.1%	1520	4	6	35
297	telomere	33bfec74-068e-4a2b-84e8-086e27dc8846	0	917	-	7052	917	98.9%	912	0	5	5
301	telomere	b9b6d51c-0801-4935-9085-7a9a814fc9fb	0	571	-	22080	563	98.6%	563	0	8	0
305	telomere	c312c7ad-baa8-4749-9e1c-8d6f92052af4	22403	22492	+	22493	89	98.9%	88	1	0	0
309	telomere	50be3c6e-87d4-4ea3-b161-47dc7fdea655	12	104	-	8672	91	92.6%	87	2	3	2
313	telomere	50be3c6e-87d4-4ea3-b161-47dc7fdea655	187	7062	-	8672	7011	96.6%	6815	16	44	180
317	telomere	24ac9bb5-9ff2-4a57-b0db-fe72abf5046e	8982	9089	+	9095	107	99.1%	106	1	0	0
321	telomere	503a81ee-0f78-4ba7-a18f-661801415d42	0	646	-	18633	636	97.2%	632	0	14	4
325	telomere	86282bd9-4a0d-47ba-832d-282e3a6226cb	0	1484	-	20500	1488	98.3%	1473	0	11	15
329	telomere	bdb29c63-f22e-47c7-b2f3-ff5dbd2db376	0	637	-	8859	636	97.2%	626	3	8	7
333	telomere	dcf0e095-353f-4503-a0bb-2404d29593e3	6848	6905	+	6905	57	100.0%	57	0	0	0
337	telomere	012dc6ab-ce2a-4ef7-9e4a-20a3990e5137	5	1217	-	7227	1212	97.1%	1191	6	15	15
341	telomere	e5266db6-8599-40aa-ba70-4563ccc284d9	22543	22637	+	22639	95	98.9%	94	0	0	1
345	telomere	ce25bb69-4266-4b5a-a0ab-041cf6d7a0fa	0	1049	-	6393	1052	98.7%	1043	1	5	8
349	telomere	dc5cd300-d979-4810-981a-e46a80768400	0	499	-	13447	497	99.0%	495	1	3	1
353	telomere	2b0386e9-bb42-403b-a04f-602216bab8e5	0	889	-	34117	882	98.8%	880	0	9	2
357	telomere	35d32331-ebc3-4ebb-8012-6a4ea33e9051	39069	39623	+	39623	587	90.7%	534	18	2	35
361	telomere	8622517e-a78c-4de3-b388-b43ac6c58b0a	22364	22507	+	22520	149	95.3%	142	1	0	6
365	telomere	2fed1fb6-ee50-43b2-97b0-bb0d5a927334	26227	26385	+	26391	158	97.5%	154	4	0	0
369	telomere	5ff8de04-6917-41ee-b8e3-359a08401600	0	1128	-	20898	1125	99.5%	1123	1	4	1
373	telomere	24575434-1d4c-474e-acf5-b2e16211d1aa	26370	26475	+	26629	113	89.5%	102	2	1	9
377	telomere	24575434-1d4c-474e-acf5-b2e16211d1aa	26491	26629	+	26629	144	92.4%	134	3	1	7
381	telomere	86c20b88-7037-4dee-afa6-c9e72dc4b503	0	399	-	34742	399	99.0%	397	0	2	2
385	telomere	ddf8ff28-f9d7-4146-b0bc-04b189ff862c	1	918	-	13367	919	98.3%	909	2	6	8
389	telomere	5adaf84a-f418-429c-8423-fa0399520bbb	19006	19082	+	19112	77	97.4%	75	1	0	1
393	telomere	c450e12f-3ed1-4dec-9335-1dc5b0d1eefa	14114	14307	+	14307	209	90.5%	190	2	1	17
397	telomere	bc8c969f-d234-4231-8cf8-45e318dffe08	5804	5850	+	5854	45	97.8%	45	0	1	0
401	telomere	862bce33-dd6c-45c7-96f8-e45cabda522d	7994	8085	+	8103	95	93.8%	90	0	1	5
405	telomere	97dd301d-65aa-41e8-82d4-bf9042b8ef9b	28196	28810	+	29475	647	92.8%	603	8	3	36
409	telomere	97dd301d-65aa-41e8-82d4-bf9042b8ef9b	28899	29087	+	29475	202	89.2%	181	6	1	15
413	telomere	97dd301d-65aa-41e8-82d4-bf9042b8ef9b	29189	29449	+	29475	264	97.3%	257	3	0	4
417	telomere	8ef32e8e-8c4b-4ef4-ab72-2e3a54e0c3d4	3	21543	-	21544	21665	99.1%	21499	8	33	158
421	telomere	2df6ae4b-f4b6-438a-8cbf-c05268a42e0d	0	8080	-	8080	8213	97.3%	8026	19	35	168
425	telomere	e8ecba05-7a28-4584-bee6-4260d62d5f1d	0	699	-	13607	696	99.0%	694	0	5	2
429	telomere	ac24f504-28aa-430d-916c-9b5477f26177	14178	14285	+	14287	107	97.2%	104	3	0	0
433	telomere	91fdde84-b042-44b9-868d-60e334f4b5e5	0	3702	-	9411	3726	97.7%	3669	5	28	52
437	telomere	0aea4d96-adac-4cbd-a166-777f096083f4	0	980	-	27197	983	99.0%	976	1	3	6
441	telomere	b825397b-e7e3-4eef-b0da-c9208898e33e	0	802	-	26465	798	97.0%	787	2	13	9
445	telomere	e330df85-d718-412d-b550-5f57d5f74c9d	155	5822	-	6241	5716	97.6%	5621	5	41	90
449	telomere	06c1d1f4-d1aa-4169-a2db-8debf9253c27	0	979	-	20527	993	97.5%	973	1	5	19
453	telomere	e3f8a60e-c79f-4e66-a038-5dd4153bc22d	109	639	+	7351	570	90.3%	519	6	5	45
457	telomere	e3f8a60e-c79f-4e66-a038-5dd4153bc22d	684	850	+	7351	168	97.0%	164	1	1	3
461	telomere	e3f8a60e-c79f-4e66-a038-5dd4153bc22d	962	1304	+	7351	366	91.8%	337	4	1	25
465	telomere	e3f8a60e-c79f-4e66-a038-5dd4153bc22d	1372	2352	+	7351	1008	93.5%	950	22	8	36
469	telomere	e3f8a60e-c79f-4e66-a038-5dd4153bc22d	2512	3651	+	7351	1199	90.3%	1103	14	22	82
473	telomere	e3f8a60e-c79f-4e66-a038-5dd4153bc22d	3764	4037	+	7351	288	91.7%	266	5	2	17
477	telomere	e3f8a60e-c79f-4e66-a038-5dd4153bc22d	4186	4272	+	7351	94	88.4%	84	1	1	9
481	telomere	e3f8a60e-c79f-4e66-a038-5dd4153bc22d	4501	7311	+	7351	2998	89.7%	2719	59	32	220
485	telomere	11255add-f3f0-42a0-8173-17fecf700ae2	21033	21087	+	21127	54	100.0%	54	0	0	0
489	telomere	b1715d8d-5125-4e2b-83ae-aab30a011e31	0	898	-	23705	906	98.2%	894	0	4	12
493	telomere	4fbbf769-e31e-4489-8864-aa101cb1b789	29576	29731	+	29747	161	93.8%	151	4	0	6
497	telomere	0837f3d1-d837-4576-b90e-827d38e147bf	85	270	-	19531	198	90.0%	181	1	3	16
501	telomere	0837f3d1-d837-4576-b90e-827d38e147bf	329	1303	-	19531	987	96.5%	962	2	10	23
505	telomere	a3b40250-30c5-4cff-adee-bc81dab69bb9	9697	9788	+	9788	91	100.0%	91	0	0	0
509	telomere	f601d4e1-c2d0-4e8d-81c2-e36f4a1dacda	13627	13984	+	13984	361	96.7%	352	2	3	7
513	telomere	2355a08e-58af-4561-8f4f-e50549d43606	44	544	-	28324	494	94.7%	482	3	15	9
517	telomere	99f5d54d-219f-49ee-8bf1-dc041b9c3d5c	1	629	-	6391	629	96.4%	616	2	10	11
521	telomere	2aa70e1c-0da0-4d98-9b41-373d42866377	0	1594	-	5418	1666	92.4%	1555	23	16	88
525	telomere	2aa70e1c-0da0-4d98-9b41-373d42866377	1728	5418	-	5418	3851	93.9%	3629	46	15	176
529	telomere	8716fbb9-d7a1-4790-b45a-0bc9c635a4a3	2	725	-	5269	722	96.2%	706	5	12	11
533	telomere	c27387c0-2149-4a72-8e31-32877d0ee499	23695	23766	+	23784	71	98.6%	70	1	0	0
537	telomere	f70072ff-d471-42a1-871b-fda277f2d15d	19368	19583	+	19659	219	95.5%	210	4	1	5
541	telomere	ed3ee16c-3999-4e8f-910d-f6948be1bc46	12072	12128	+	12128	58	94.8%	55	1	0	2
545	telomere	231eb9c2-1ec6-46cd-8125-23c2d73e0d8f	12046	12210	+	12210	164	99.4%	163	1	0	0
549	telomere	eb519a34-60ab-48a5-99f1-2afff1b78bc0	11950	12135	+	12137	191	93.3%	180	3	2	8
553	telomere	98ed5a3e-e676-435c-8e01-480decad9ddf	0	744	-	18048	736	98.5%	734	1	9	1
557	telomere	a3acf4bc-9fa3-47be-a11f-6ba414c6cc90	10950	11117	+	11117	173	92.0%	161	4	2	8
561	telomere	e02bcf54-6c8b-4092-818a-8dfaddb3260f	20795	21139	+	21139	359	90.9%	328	14	2	17
565	telomere	a2b8020c-6d41-4089-89b4-5cf2b2039546	0	1545	-	14164	1551	99.0%	1539	2	4	10
569	telomere	59d3e17d-9bce-4d1f-b176-8aa6250d74b7	0	1216	-	19939	1221	98.5%	1209	1	6	11
573	telomere	aab10616-81de-4de6-a6ae-6da275cce191	32218	32601	+	32601	401	92.5%	372	10	1	19
577	telomere	8a26da4a-ed43-4a69-8414-7f530eb24184	0	807	-	20479	807	97.5%	796	2	9	9
581	telomere	47636407-b80e-4d95-9411-59b3f12b24b1	0	13036	-	13036	13307	96.6%	12909	65	62	333
585	telomere	0b2d77b5-f493-4998-80b1-e856cb20ac20	13218	13289	+	13297	71	100.0%	71	0	0	0
589	telomere	e5347849-a3e0-490b-ba7d-d17158dbc51d	1	1443	-	25739	1441	98.2%	1428	1	13	12
593	telomere	79eec47d-132a-4ca1-a044-bc051f127751	5	65	-	9569	62	96.8%	60	0	0	2
597	telomere	79eec47d-132a-4ca1-a044-bc051f127751	81	124	-	9569	44	93.2%	41	2	0	1
601	telomere	79eec47d-132a-4ca1-a044-bc051f127751	240	9551	-	9569	9574	95.9%	9220	50	41	304
605	telomere	783670d1-0c6d-4028-a1eb-66ed380ff8bc	29094	29165	+	29175	71	98.6%	70	1	0	0
609	telomere	aaeae8fb-f2bc-43e8-838f-0b687690ecd4	185	1247	-	13885	1074	96.1%	1046	1	15	27
613	telomere	aaeae8fb-f2bc-43e8-838f-0b687690ecd4	0	48	+	13885	48	100.0%	48	0	0	0
617	telomere	aaeae8fb-f2bc-43e8-838f-0b687690ecd4	58	97	+	13885	42	92.9%	39	0	0	3
621	telomere	b39f0787-5c34-45ff-8395-c7690dcd8ada	0	583	-	20477	578	96.8%	569	4	10	5
625	telomere	d264e9b0-21b7-495e-9c1e-bc93291b4f99	8	773	-	3456	799	92.4%	743	17	5	39
629	telomere	15104aad-03bc-4676-a238-59eeed9ff343	6	1472	-	15246	1496	97.1%	1458	2	6	36
633	telomere	13099f71-6bb7-4111-8e32-173018279a1d	6	603	-	25288	589	96.5%	581	3	13	5
637	telomere	1f305ca9-640f-48c0-8a45-740a8599b1d4	8	796	-	14867	780	96.5%	770	0	18	10
641	telomere	e21493c9-5f30-4925-b051-0b2f337a0232	14	773	-	23669	757	97.1%	746	2	11	9
645	telomere	b5f514c9-5b61-4cfa-a8eb-7b30f790bb92	10423	10463	+	20461	42	92.9%	39	1	0	2
649	telomere	b5f514c9-5b61-4cfa-a8eb-7b30f790bb92	10467	10524	+	20461	58	93.2%	55	1	1	2
653	telomere	b5f514c9-5b61-4cfa-a8eb-7b30f790bb92	10530	10794	+	20461	281	93.2%	262	2	0	17
657	telomere	b5f514c9-5b61-4cfa-a8eb-7b30f790bb92	10866	11825	+	20461	1030	90.5%	939	13	7	78
661	telomere	b5f514c9-5b61-4cfa-a8eb-7b30f790bb92	11945	12200	+	20461	269	93.3%	252	2	1	15
665	telomere	b5f514c9-5b61-4cfa-a8eb-7b30f790bb92	12285	14571	+	20461	2448	90.7%	2231	43	12	174
669	telomere	b5f514c9-5b61-4cfa-a8eb-7b30f790bb92	14674	15361	+	20461	732	89.7%	662	19	6	51
673	telomere	b5f514c9-5b61-4cfa-a8eb-7b30f790bb92	15457	19447	+	20461	4254	90.4%	3874	86	30	294
677	telomere	b5f514c9-5b61-4cfa-a8eb-7b30f790bb92	19533	19712	+	20461	201	87.6%	176	3	0	22
681	telomere	b5f514c9-5b61-4cfa-a8eb-7b30f790bb92	19793	20461	+	20461	723	87.7%	643	15	10	65
685	telomere	b5f514c9-5b61-4cfa-a8eb-7b30f790bb92	10012	10072	+	20461	60	100.0%	60	0	0	0
689	telomere	f0309ba6-f142-4de5-87d2-b562be3d4fb6	0	953	-	8127	960	98.7%	950	0	3	10
693	telomere	400e5d9f-a671-49b8-aa8a-d26405d37c4f	0	9892	-	20284	9923	98.6%	9831	9	52	83
697	telomere	400e5d9f-a671-49b8-aa8a-d26405d37c4f	10242	10290	-	20284	48	100.0%	48	0	0	0
701	telomere	da798815-952b-4a79-afee-34a05c7705ca	3	2969	-	9610	2997	96.3%	2919	12	35	66
705	telomere	cd687f53-bd49-4c8d-80d8-13f067b65125	22031	22115	+	22117	84	100.0%	84	0	0	0
709	telomere	95e96042-8735-4bde-843a-6806eca54e7d	8	1000	-	13920	992	98.9%	986	1	5	5
713	telomere	0ff5a9a1-d507-4723-8cb3-fa03da7920f9	4	1408	-	12030	1476	92.5%	1378	13	13	85
717	telomere	9401008f-f6ff-4394-baf2-b6948129b6e2	0	1235	-	17978	1242	97.2%	1220	2	13	20
721	telomere	e232e055-bf2b-406c-ad45-0187a8b07a18	23102	23162	+	23184	60	100.0%	60	0	0	0
725	telomere	29ecf76f-7c16-4664-b01a-a6ce8263276c	0	1375	-	14261	1402	97.9%	1374	0	1	28
729	telomere	ef88efd1-1e67-4087-bd2b-e5e4f274e772	0	1036	-	15129	1041	98.1%	1027	3	6	11
733	telomere	66e75eba-52f2-41d0-818e-3ef4e2635487	0	1098	-	8009	1122	97.7%	1096	2	0	24
737	telomere	feddf843-0bb8-4372-8237-b9098b6af073	44	844	-	5803	805	97.2%	790	2	8	13
741	telomere	fc64a3fe-28f3-41bb-b1db-cecbe5c66de6	0	1537	-	8183	1658	89.2%	1493	28	16	137
745	telomere	fc64a3fe-28f3-41bb-b1db-cecbe5c66de6	1938	7929	-	8183	6245	91.9%	5828	69	94	348
749	telomere	fc64a3fe-28f3-41bb-b1db-cecbe5c66de6	8022	8183	-	8183	164	94.6%	157	2	2	5
753	telomere	d8f5fdc0-91fc-4e12-a607-68f0aab2de4f	179	13699	-	27997	13736	96.3%	13330	89	101	317
757	telomere	d8f5fdc0-91fc-4e12-a607-68f0aab2de4f	0	65	-	27997	64	93.8%	61	3	1	0
761	telomere	b16673f9-19f3-473e-aaec-568535d5ca57	13	900	-	27554	879	98.5%	876	1	10	2
765	telomere	7f2e3c0d-2a61-4be1-b017-135dcf0200a3	0	860	-	16659	885	95.2%	848	6	6	31
769	telomere	231eab07-bde6-47ef-87fb-e5035eb1fd65	17825	18427	+	18427	634	90.9%	581	16	5	37
773	telomere	ce7067ec-bdc1-4167-adee-bb31ac529a05	3	1501	-	24161	1505	99.0%	1494	0	4	11
777	telomere	9c7c724c-e39a-4186-a3d0-749bdcb98749	33237	33319	+	33385	83	98.8%	82	0	0	1
781	telomere	b6bc4f72-2861-4312-a643-0c86f2055339	0	852	-	22397	846	98.1%	840	2	10	4
785	telomere	398a8300-c355-41a7-8cd7-161d85feb33b	12636	12701	+	12747	65	100.0%	65	0	0	0
789	telomere	f822f2e2-1cb2-47f2-8b63-b03188e530c9	0	1293	-	26579	1290	98.6%	1282	1	10	7
793	telomere	4e3c1709-d2ea-4c56-be43-1dba65601c4a	19382	19476	+	19476	94	100.0%	94	0	0	0
797	telomere	a90d697c-f15b-4310-9a0a-edc7803f4320	0	1284	-	15031	1284	99.1%	1278	1	5	5
801	telomere	e546d855-a4fe-40f8-ac95-3cae741a8eb5	10	1174	-	23722	1153	99.1%	1153	0	11	0
805	telomere	9d7f026e-bd79-4045-9468-e88cca339f97	143	1081	-	12994	992	91.6%	915	16	7	61
809	telomere	9d7f026e-bd79-4045-9468-e88cca339f97	1202	1891	-	12994	734	91.4%	673	14	2	47
813	telomere	9d7f026e-bd79-4045-9468-e88cca339f97	1979	3265	-	12994	1366	90.8%	1251	23	12	92
817	telomere	9d7f026e-bd79-4045-9468-e88cca339f97	3392	9478	-	12994	6358	93.3%	5975	67	44	316
821	telomere	9d7f026e-bd79-4045-9468-e88cca339f97	9571	12989	-	12994	3583	92.4%	3340	47	31	196
825	telomere	2b5596e2-7e6b-4abe-a787-dcfd35a1e204	7777	7867	+	7871	90	95.6%	86	4	0	0
829	telomere	64f4f8d6-4919-4ac4-a25b-a81de85e1a60	10281	10329	+	10329	48	100.0%	48	0	0	0
833	telomere	d1c2a07d-15d9-4ff7-8632-b0a2ecdcd315	16050	16453	+	24833	428	89.4%	388	9	6	31
837	telomere	d1c2a07d-15d9-4ff7-8632-b0a2ecdcd315	16570	22725	+	24833	6653	89.2%	5983	117	55	553
841	telomere	d1c2a07d-15d9-4ff7-8632-b0a2ecdcd315	22834	24833	+	24833	2170	88.3%	1929	55	15	186
845	telomere	a55c515c-6a84-44d1-a012-0fb1281c4b5e	2	1447	-	17443	1454	99.0%	1442	1	2	11
849	telomere	439382d3-9946-4279-adc0-2ae80abb4364	0	443	-	20915	437	98.6%	437	0	6	0
853	telomere	cf61dbb6-f326-4fb3-a00e-baa3dda4df85	2	10890	-	19976	10943	98.2%	10809	16	63	118
857	telomere	c8cae972-9141-407b-9efa-9e877a35bfc3	23031	23172	+	23182	143	95.8%	138	2	1	3
861	telomere	217511ba-b7f5-431d-a556-0651bde52782	0	834	-	15473	857	92.7%	808	11	15	38
865	telomere	2f77140d-ecca-431a-8cde-8571a58d00c2	0	1258	-	13929	1249	93.0%	1199	19	40	31
869	telomere	9e24997b-97cd-4fda-bd9b-82a7e4237d47	15066	15177	+	15177	114	94.7%	108	3	0	3
873	telomere	d9d02b84-ae7b-4559-95d0-7e66201ae7d1	20791	20901	+	20907	113	97.3%	110	0	0	3
877	telomere	2774e564-17c7-4fbb-9f82-73be2445d41a	0	950	-	24101	954	98.7%	945	2	3	7
881	telomere	01bfb0d2-4949-4af5-967f-01f6b73fb18c	4	7377	-	7908	7631	91.8%	7134	98	141	399
885	telomere	01bfb0d2-4949-4af5-967f-01f6b73fb18c	7411	7461	-	7908	49	94.1%	48	0	2	1
889	telomere	01bfb0d2-4949-4af5-967f-01f6b73fb18c	7498	7570	-	7908	74	92.1%	70	0	2	4
893	telomere	01bfb0d2-4949-4af5-967f-01f6b73fb18c	7673	7839	-	7908	175	87.7%	157	5	4	13
897	telomere	8fa6a410-508f-4900-a018-e6bd6fc667c8	18255	18339	+	18360	84	96.5%	82	1	1	1
901	telomere	6448e53f-1e45-4ca0-a5c7-ed91dbb31d2f	0	699	-	23074	699	98.4%	693	1	5	5
905	telomere	7ccba5f2-83aa-4ec8-8c92-776e073ed9f5	6	729	-	11969	725	93.4%	696	7	20	22
909	telomere	6501d2a9-4939-4746-9af6-d29033090335	0	347	-	23456	341	97.7%	339	2	6	0
913	telomere	a6cd0d24-414a-43f2-b8f6-2cb113e4d3d4	0	796	-	19678	786	98.5%	785	0	11	1
917	telomere	f286e78b-9db6-4c1b-8086-f50bb1c507d9	0	691	-	11136	684	98.7%	682	2	7	0
921	telomere	30184b96-fdd9-4f52-a348-d9b90aec8633	0	869	-	12991	859	95.8%	843	5	21	11
925	telomere	e3cf69ec-a69f-4f98-9efe-1238d1e5aa21	1573	6083	+	9429	4722	92.9%	4419	54	37	249
929	telomere	e3cf69ec-a69f-4f98-9efe-1238d1e5aa21	6190	6442	+	9429	256	96.9%	250	0	2	6
933	telomere	e3cf69ec-a69f-4f98-9efe-1238d1e5aa21	6572	9429	+	9429	2980	93.4%	2804	32	21	144
937	telomere	116f2644-de61-4c65-8ce3-ea1388beb9f2	0	20624	-	31334	20837	97.8%	20485	20	119	332
941	telomere	e14bb0f5-fa47-4d4f-832b-9e86289c3775	14	6084	-	6086	6210	95.6%	5993	21	56	196
945	telomere	f58be8bc-8247-4f4e-92f3-27adb2f9f1b4	3438	3562	+	3562	131	90.9%	120	3	1	8
949	telomere	c96322ab-024f-45a6-9138-4b5a73acf4f1	0	3770	-	13568	3821	92.8%	3637	35	98	149
953	telomere	c96322ab-024f-45a6-9138-4b5a73acf4f1	3851	13562	-	13568	9944	93.3%	9437	101	173	406
957	telomere	ebdd95ca-f0cd-444f-ae30-be6968a85ac5	13067	13172	+	13190	106	97.2%	104	0	1	2
961	telomere	a357eb6d-a78e-4e53-84db-a8d12fb6acd2	13611	13655	+	13656	44	100.0%	44	0	0	0
965	telomere	1b046f70-4864-4e41-8120-1c3553eaa02b	0	417	-	25100	433	93.8%	410	3	4	20
969	telomere	bd1c0ea5-a9d4-4787-8877-e4bc203a74e5	20294	20351	+	20357	59	96.6%	57	0	0	2
973	telomere	c40cd370-6e34-40ec-925a-7029d789fbdb	0	1006	-	14837	1001	99.1%	999	0	7	2
977	telomere	91e9aae6-da57-448c-9ecd-4242ca951f1b	18282	18389	+	18417	107	99.1%	106	1	0	0
981	telomere	a9e7dc7a-96f9-47b4-8966-3563d5eb2433	6337	7633	+	7635	1384	90.4%	1258	30	8	96
985	telomere	40cf5965-842b-4fb8-86c4-c93ba6489eae	0	640	-	13280	642	98.3%	634	3	3	5
989	telomere	5962f763-3a10-4ced-8a25-e14b263f3f37	19646	19774	+	19802	130	96.9%	127	0	1	3
993	telomere	5ded5002-293e-492f-85b4-f33422804a7f	14683	14741	+	14786	60	96.7%	58	0	0	2
997	telomere	b66f015a-4925-48c7-9844-df258a00b5dc	48	625	-	8071	585	93.3%	557	8	12	20
1001	telomere	0044044d-fe02-4868-a441-98af2ab5fe0e	0	217	-	16132	220	95.5%	213	1	3	6
1005	telomere	0044044d-fe02-4868-a441-98af2ab5fe0e	334	16132	-	16132	16004	98.0%	15739	10	49	255
1009	telomere	fa8d0eda-1e50-4459-acdb-4dec01104e37	31	6334	-	11596	6384	96.6%	6223	24	56	137
1013	telomere	f135e3cd-876b-47f8-90ff-90d6e5e237c0	5155	5760	+	6084	635	91.9%	588	12	5	35
1017	telomere	f135e3cd-876b-47f8-90ff-90d6e5e237c0	5843	6048	+	6084	220	88.7%	196	8	1	16
1021	telomere	662349e4-c7cd-4772-b83e-76549553a40b	0	976	-	22075	971	99.5%	971	0	5	0
1025	telomere	af655b36-916b-4072-97b4-2a1804664759	0	869	-	16740	868	98.3%	860	2	7	6
1029	telomere	b1804b37-b176-4727-b71a-29e03b335c15	5	19189	-	19189	19375	98.4%	19118	10	56	247
1033	telomere	0e6e90bc-b184-456e-bcdd-0734f49619fd	19533	19700	+	19700	173	92.5%	161	5	1	7
1037	telomere	a4d5f1a8-fff1-446c-812d-cd91af76432c	0	725	-	35558	708	96.2%	701	3	21	4
1041	telomere	68bc5a00-16a1-491b-86a8-c2fd778a96bd	24275	24329	+	24329	54	94.4%	51	3	0	0
1045	telomere	d1e98298-eb01-4501-823c-5e3777165e8b	6897	7050	+	7050	159	93.7%	149	4	0	6
1049	telomere	87ba470f-506a-4ed8-b6b0-fcf0173e0a5f	0	5586	-	18406	5632	96.3%	5491	24	71	117
1053	telomere	486eb595-bd4a-4493-96b3-c34fabd0a39c	3	1108	-	11688	1110	97.9%	1095	1	9	14
1057	telomere	46ce3ff3-1cb7-48af-bcde-8db8674807b9	13893	14599	-	27492	715	98.2%	704	0	2	11
1061	telomere	46ce3ff3-1cb7-48af-bcde-8db8674807b9	13817	13856	+	27492	40	92.7%	38	0	1	2
1065	telomere	7643d862-2b32-4937-9b36-2a22b15cd511	36171	36497	+	36497	332	91.5%	313	3	10	16
1069	telomere	15b40a30-5096-4396-9882-8578aacd874e	26057	26162	+	26162	105	96.3%	103	0	2	2
1073	telomere	581307ea-09c9-4db1-8dc7-70d53872c38c	0	630	-	23046	623	97.9%	620	0	10	3
1077	telomere	926d8b1f-4429-4342-888a-d5e1c1e22f97	0	885	-	32253	887	99.0%	881	1	3	5
1081	telomere	e094d7bf-ca2a-4460-bb0c-e34f2a620fcc	28249	28404	+	28420	161	94.4%	152	3	0	6
1085	telomere	214ab4e2-9de1-4f8a-a10c-44c64078b123	1	698	-	25033	690	99.0%	690	0	7	0
1089	telomere	8b75794d-5246-4c73-bfe3-b31653daabc6	15849	22131	+	22131	6725	90.3%	6110	128	44	487
1093	telomere	0af2458a-e9a9-48bb-8393-d84ce6a3b396	11	569	-	26750	557	95.6%	544	2	12	11
1097	telomere	5935008a-01af-4ed5-b97f-96c0897c941b	0	994	-	29308	992	99.0%	988	0	6	4
1101	telomere	d4238089-eb5e-493f-9c06-ce75dc7fbbd1	20397	20451	+	20465	54	98.1%	53	1	0	0
1105	telomere	bc893475-58b7-4a5e-bbae-e3991132cd7a	0	717	-	10546	714	97.2%	704	3	10	7
1109	telomere	82ed98d5-fba7-4250-9390-049cd0d462ea	0	484	-	16524	483	97.5%	475	5	4	3
1113	telomere	bedfd065-6663-44e5-89ef-2fb370cba4e6	13379	13632	+	19094	263	91.3%	242	9	2	12
1117	telomere	bedfd065-6663-44e5-89ef-2fb370cba4e6	13705	14843	+	19094	1244	89.4%	1117	15	6	112
1121	telomere	bedfd065-6663-44e5-89ef-2fb370cba4e6	14917	15359	+	19094	462	94.6%	438	3	1	21
1125	telomere	bedfd065-6663-44e5-89ef-2fb370cba4e6	15455	16058	+	19094	666	87.9%	588	12	3	66
1129	telomere	bedfd065-6663-44e5-89ef-2fb370cba4e6	16291	16581	+	19094	316	89.3%	283	6	1	27
1133	telomere	bedfd065-6663-44e5-89ef-2fb370cba4e6	16657	18215	+	19094	1666	90.5%	1518	28	12	120
1137	telomere	bedfd065-6663-44e5-89ef-2fb370cba4e6	18294	18459	+	19094	173	92.6%	162	1	2	10
1141	telomere	bedfd065-6663-44e5-89ef-2fb370cba4e6	18633	19091	+	19094	492	88.0%	439	12	7	41
1145	telomere	f368bf75-1b6c-4893-a339-df04dd82a69c	1	951	-	19816	948	98.0%	939	1	10	8
1149	telomere	9405e60b-2c2e-4e02-be3a-195477b3bbe6	16776	16879	+	16879	108	93.6%	102	0	1	6
1153	telomere	9663c7b2-0c57-40b2-bca9-105c4463d03d	8938	9076	+	9173	137	96.4%	133	4	1	0
1157	telomere	9663c7b2-0c57-40b2-bca9-105c4463d03d	9105	9173	+	9173	68	98.5%	67	1	0	0
1161	telomere	4aaf08a8-a286-4a80-b9b7-69714ae1606a	0	1406	-	15395	1407	99.2%	1400	1	5	6
1165	telomere	d6367a87-386f-45fb-83a0-f39bdf7ca3e9	0	606	-	22335	611	95.2%	591	5	10	15
1169	telomere	864e5837-522b-4de2-bc78-c358b7c71e8b	0	785	-	27363	780	99.4%	780	0	5	0
1173	telomere	d976cdca-083f-4082-8f67-bcd50e333a84	28329	28397	+	28403	71	95.8%	68	0	0	3
1177	telomere	a1d533f3-9ed2-42c0-9499-b610095080d0	0	1289	-	18107	1287	99.0%	1281	1	7	5
1181	telomere	1515f0e4-58d2-42a6-a598-8041a412c5a7	0	236	-	11029	241	95.5%	231	4	1	6
1185	telomere	e3e21328-320e-42e8-aa99-a0d92cb46030	11	16762	-	25215	16859	96.3%	16462	50	239	347
1189	telomere	e3e21328-320e-42e8-aa99-a0d92cb46030	17103	17163	-	25215	60	100.0%	60	0	0	0
1193	telomere	1e97f385-8b10-4eef-8a31-256291d8c3ef	25925	26449	+	26463	563	89.9%	507	16	1	40
1197	telomere	ec94f3aa-d7d4-4772-9b3e-40bf39477908	0	1312	-	6351	1313	98.5%	1301	3	8	9
1201	telomere	efa5866d-c187-439f-bbb5-144f4f499613	7301	7378	+	7382	77	100.0%	77	0	0	0
1205	telomere	a376c436-7745-4025-8852-85181862743d	1	815	-	5986	822	95.6%	797	5	12	20
1209	telomere	9f815c64-31d2-4ded-bc9d-7fb3704e3333	13406	13717	+	13717	318	93.4%	299	10	2	9
1213	telomere	c05f9efc-354e-46f5-ba3c-acc87366c410	0	552	-	27169	546	98.4%	544	1	7	1
1217	telomere	72386ea2-b629-415b-b1b1-83cde36b6339	21125	21173	+	21173	48	97.9%	47	1	0	0
1221	telomere	19fa4b4b-191f-490c-ab33-ea175ce5e4e6	21889	22137	+	22137	260	92.4%	242	4	2	14
1225	telomere	cc3a268f-a656-4a9e-aa20-84d8660ba5a7	0	953	-	6814	971	95.6%	939	3	11	29
1229	telomere	ca56dec3-1b41-4e46-b2df-1bf44901b4a0	4	526	-	6731	536	92.5%	505	7	10	24
1233	telomere	95c99808-0a7a-4503-9c2b-4a172240f0bc	12132	13541	+	19861	1494	91.7%	1379	21	9	94
1237	telomere	95c99808-0a7a-4503-9c2b-4a172240f0bc	13617	13889	+	19861	279	94.3%	266	3	3	10
1241	telomere	95c99808-0a7a-4503-9c2b-4a172240f0bc	14015	16678	+	19861	2904	88.3%	2577	72	14	255
1245	telomere	95c99808-0a7a-4503-9c2b-4a172240f0bc	16798	17237	+	19861	474	89.9%	427	11	1	36
1249	telomere	95c99808-0a7a-4503-9c2b-4a172240f0bc	17348	18261	+	19861	988	90.1%	894	15	4	79
1253	telomere	95c99808-0a7a-4503-9c2b-4a172240f0bc	18348	19716	+	19861	1452	91.5%	1333	30	5	89
1257	telomere	95c99808-0a7a-4503-9c2b-4a172240f0bc	19798	19859	+	19861	60	95.2%	59	0	2	1
1261	telomere	a9efb4fb-cd8f-4946-bbda-0e01f72073e0	0	10049	-	29184	10184	96.3%	9905	39	105	240
1265	telomere	e1ff4388-2df7-4e98-9a5b-03c3f978f8d1	1	392	-	25328	391	97.7%	386	1	4	4
1269	telomere	3cda5c4a-ba0e-4bf4-8ac5-64a72338ad6e	0	1118	-	17890	1112	97.7%	1101	2	15	9
1273	telomere	5e1a5b59-3e4e-4d5a-aa93-27fbf5c82efc	16313	16358	+	16494	48	91.7%	44	1	0	3
1277	telomere	5e1a5b59-3e4e-4d5a-aa93-27fbf5c82efc	16362	16494	+	16494	130	97.0%	128	2	2	0
1281	telomere	599a88ae-730f-487b-b8ab-b64637556710	0	610	-	27634	599	96.9%	594	2	14	3
1285	telomere	fb523fc6-b7ff-4ecf-8546-0f2fe4836033	0	6632	-	11592	6774	96.7%	6582	16	34	176
1289	telomere	2a10cd99-dc95-4303-8b2a-770852e78993	0	707	-	14784	699	98.7%	698	1	8	0
1293	telomere	f8139455-3103-4769-9e74-3076cc7922d0	0	15882	-	15882	16069	98.2%	15823	9	50	237
1297	telomere	660cc141-1770-4026-99ea-3203bf926d30	0	549	-	26380	552	97.1%	542	1	6	9
1301	telomere	e5438fb2-45c5-4121-842a-479e7ef1ea75	0	1070	-	30772	1101	96.2%	1062	5	3	34
1305	telomere	4f504b25-14b0-449a-a680-cb3797b8e17a	29792	29863	+	29865	71	100.0%	71	0	0	0
1309	telomere	dab34a4d-edb1-4cf6-a7f6-ee8065ec5943	4	13400	-	13400	13465	99.1%	13366	2	28	97
1313	telomere	0ba70eac-7e4d-449f-95be-a0e7fcc26164	0	1198	-	5802	1199	98.8%	1191	1	6	7
1317	telomere	2e84140c-5640-496c-b474-cf392f493336	0	21245	-	21245	21532	97.1%	21044	50	151	438
1321	telomere	79dd4d2c-d4be-469d-ae77-edd025b1302c	4	578	-	11390	565	97.2%	561	1	12	3
1325	telomere	0258dac2-a080-4542-a7ce-81eec17db934	21549	21682	+	21682	142	91.5%	130	3	0	9
1329	telomere	68640c03-3701-437e-9990-37eb356e41b8	0	9937	-	15560	9977	98.6%	9883	3	51	91
1333	telomere	4c8829c6-f060-43de-9c8e-3b4113a74bcf	12989	13422	+	13423	451	91.2%	415	14	4	22
1337	telomere	d4f89358-5ca1-41a1-9103-a36fc479161c	0	394	-	6150	391	96.2%	384	2	8	5
1341	telomere	a5a087c9-c502-4125-b8bf-7bd663b63a20	13523	13765	+	13765	256	90.3%	232	9	1	15
1345	telomere	51a4c9d8-1877-4a9a-9417-b36135d44854	20345	20386	+	20472	41	100.0%	41	0	0	0
1349	telomere	94b0afa7-8dc5-4e9f-b282-bcb7c99f62f0	1	998	-	5421	1001	98.8%	993	0	4	8
1353	telomere	f409a80f-608f-42e6-9d06-feabf85c25f5	3943	3984	+	3987	41	100.0%	41	0	0	0
1357	telomere	ad29533f-4139-4cf0-9d5c-18ea1d6f6e78	1	759	-	21229	757	97.3%	746	2	10	9
1361	telomere	3d76840e-ef1d-4b3b-82f0-a2a1a7089851	1	729	-	5363	722	98.0%	717	1	10	4
1365	telomere	a6e77e05-77f6-4a90-b777-1f7d99e12690	2	1239	-	22247	1252	98.2%	1233	0	4	19
1369	telomere	746c748b-35fc-4bea-91de-ce8392485053	1	547	-	6561	544	93.7%	523	9	14	12
1373	telomere	4380092e-e860-4173-a020-0c7742b79681	0	795	-	33453	786	98.2%	783	1	11	2
1377	telomere	969a8723-d4df-4963-96c1-65e49095d112	2	1143	-	18686	1154	96.4%	1126	1	14	27
1381	telomere	52738f92-65b5-43cf-88f3-15aadca11a63	29117	29271	+	29295	155	98.7%	153	1	0	1
1385	telomere	01623031-69be-424a-bb7d-0be896437453	0	336	-	12474	335	95.3%	324	7	5	4
1389	telomere	52f70cce-7f65-44ad-a4ab-fb3017eb9c7a	17271	17549	+	17549	299	90.0%	269	9	0	21
1393	telomere	646e5b60-6b74-4bff-a87a-69315c2d91cc	1	86	-	49464	83	97.6%	83	0	2	0
1397	telomere	f041ffa8-6554-4010-a315-123bb0c0d4b2	0	130	-	19539	137	89.2%	124	4	2	9
1401	telomere	f041ffa8-6554-4010-a315-123bb0c0d4b2	313	369	-	19539	59	94.9%	56	0	0	3
1405	telomere	f041ffa8-6554-4010-a315-123bb0c0d4b2	441	562	-	19539	129	93.0%	120	1	0	8
1409	telomere	f041ffa8-6554-4010-a315-123bb0c0d4b2	687	10679	-	19539	10242	96.2%	9902	35	55	305
1413	telomere	10b0af52-7000-476d-a10c-bd8ad1a0831c	6	694	-	31753	692	94.2%	667	5	16	20
1417	telomere	2ddcde31-103a-4773-9363-39c86b9537ce	16316	16413	+	16433	101	94.1%	95	2	0	4
1421	telomere	03bc7345-d51d-4b3d-8f65-00dcbae4b562	0	963	-	26323	966	99.2%	960	1	2	5
1425	telomere	63ebb29a-2487-4044-a4b1-c558307826e5	32443	32483	+	32495	42	92.9%	39	1	0	2
1429	telomere	08d789e7-42dd-4e64-be11-ecb3e5d7aa09	3	1353	-	23149	1358	98.7%	1344	2	4	12
1433	telomere	151d8b07-7992-437e-99c7-85c7635c2b09	1	6237	-	16449	6242	97.1%	6140	15	81	87
1437	telomere	151d8b07-7992-437e-99c7-85c7635c2b09	6588	6648	-	16449	60	100.0%	60	0	0	0
1441	telomere	32d112b3-52f8-40ce-9ff0-e1435726e68e	34	6666	-	6667	6752	95.8%	6536	28	68	188
1445	telomere	6ee46fe2-5bb0-48ac-9116-e62b2962e256	10273	10653	+	19648	413	88.7%	369	8	3	36
1449	telomere	6ee46fe2-5bb0-48ac-9116-e62b2962e256	10740	10868	+	19648	132	96.2%	127	1	0	4
1453	telomere	6ee46fe2-5bb0-48ac-9116-e62b2962e256	10973	11015	+	19648	42	100.0%	42	0	0	0
1457	telomere	6ee46fe2-5bb0-48ac-9116-e62b2962e256	11109	11228	+	19648	125	94.4%	118	1	0	6
1461	telomere	6ee46fe2-5bb0-48ac-9116-e62b2962e256	11384	11451	+	19648	66	98.5%	66	0	1	0
1465	telomere	6ee46fe2-5bb0-48ac-9116-e62b2962e256	11517	11568	+	19648	55	92.7%	51	0	0	4
1469	telomere	6ee46fe2-5bb0-48ac-9116-e62b2962e256	11589	13457	+	19648	2016	90.5%	1832	28	8	156
1473	telomere	6ee46fe2-5bb0-48ac-9116-e62b2962e256	13563	14411	+	19648	912	90.4%	827	18	3	67
1477	telomere	6ee46fe2-5bb0-48ac-9116-e62b2962e256	14494	16216	+	19648	1866	90.0%	1684	33	5	149
1481	telomere	6ee46fe2-5bb0-48ac-9116-e62b2962e256	16324	16615	+	19648	307	93.8%	288	3	0	16
1485	telomere	6ee46fe2-5bb0-48ac-9116-e62b2962e256	16812	17690	+	19648	946	91.6%	868	8	2	70
1489	telomere	6ee46fe2-5bb0-48ac-9116-e62b2962e256	17780	18112	+	19648	358	90.8%	325	7	0	26
1493	telomere	6ee46fe2-5bb0-48ac-9116-e62b2962e256	18188	18510	+	19648	354	88.5%	314	7	1	33
1497	telomere	6ee46fe2-5bb0-48ac-9116-e62b2962e256	18627	19648	+	19648	1122	88.2%	991	28	2	103
1501	telomere	47972217-0d53-4926-9816-36303c9241f8	4	492	-	20886	476	96.7%	474	0	14	2
1505	telomere	ad345661-2cd1-4f19-8270-ecd15312fd4a	22772	22849	+	22850	77	97.4%	76	0	1	1
1509	telomere	440d8636-d5d2-4b72-a489-b83b85fb6bda	2	15242	-	15242	15731	95.4%	15082	87	71	562
1513	telomere	8bd82100-4357-470e-8618-4c7f2e0f8742	0	531	-	18548	531	96.5%	520	3	8	8
1517	telomere	8da6d406-bbfe-45af-ae48-8f919c6af20d	5	5376	-	18207	5516	94.9%	5284	36	51	196
1521	telomere	53ffa7df-2c02-4f1d-908a-6f8ba727e8cc	25099	26222	+	26222	1221	89.6%	1095	27	1	99
1525	telomere	307be4bf-8e14-4b3a-8b79-1f1ebb257b4c	34347	34401	+	34402	54	100.0%	54	0	0	0
1529	telomere	4d8c35f2-ec85-4e1f-8134-fdccc734d966	57	1377	-	17529	1358	95.5%	1305	7	8	46
1533	telomere	1008051b-de4c-4eb1-99f2-373587469475	1	656	-	17525	641	96.5%	636	1	18	4
1537	telomere	98d7c482-e215-46c7-9972-28f87bafd065	18179	18721	+	18731	577	90.3%	522	19	1	36
1541	telomere	2e561d70-e541-4ae6-8300-870f1f52966d	5331	5485	+	5491	155	99.4%	154	0	0	1
1545	telomere	42f01902-a6c5-4d39-9142-f3be36449a89	46533	46575	+	46644	41	97.6%	41	0	1	0
1549	telomere	6fbc5a50-0143-488d-aa8c-db4cd954857a	43043	43095	+	43098	53	98.1%	52	0	0	1
1553	telomere	1fd8c3f5-f778-4afe-b8e3-39c35a69c5bc	17554	17599	+	17625	47	95.7%	45	0	0	2
1557	telomere	44702c66-1b03-4be2-a00a-7cde7c28a20e	5	11613	-	11613	11735	97.7%	11522	24	62	189
1561	telomere	d9faa25a-00fb-4264-b46a-f95949c1b3f3	0	869	-	16256	875	98.1%	863	1	5	11
1565	telomere	cb5a6d9d-230c-4c4c-b453-a358da6484d0	31452	31564	+	31564	113	96.5%	110	1	1	2
1569	telomere	ec10b63a-9817-459f-a4ca-f26f91d626ce	0	12390	-	13809	12706	95.9%	12252	62	76	392
1573	telomere	6eb780f0-2e6a-4227-9aeb-4cab332fa2d0	3	7043	-	14420	7060	99.1%	7015	3	22	42
1577	telomere	12f2387f-929b-4c70-b90f-a85d39f62b5d	22524	22689	+	22689	168	92.3%	156	8	1	4
1581	telomere	8d9c0c9a-d1fc-4485-8cc5-e7fe8cdfbf16	0	14699	-	14712	14888	98.0%	14633	26	40	229
1585	telomere	93887f46-5742-472a-bd80-d3335ca501d2	2	17654	-	17656	17925	97.7%	17571	22	59	332
1589	telomere	8fe1cf80-07e8-4564-9eaa-5346a2987cfd	20340	20394	+	20400	54	100.0%	54	0	0	0
1593	telomere	9c6e0c1a-dead-4da0-8e0e-08bc6e1c1af1	15011	15449	+	15449	452	93.6%	426	9	3	17
1597	telomere	f0bc5819-266f-4ac0-b24e-0c34658cdff2	4	677	-	13803	673	95.3%	653	8	12	12
1601	telomere	11b42af2-c317-4683-93e5-2b9dea5806c7	150	1770	+	8374	1734	90.4%	1575	36	9	123
1605	telomere	11b42af2-c317-4683-93e5-2b9dea5806c7	1850	7422	+	8374	5962	91.2%	5462	83	27	417
1609	telomere	11b42af2-c317-4683-93e5-2b9dea5806c7	7611	8347	+	8374	768	91.2%	712	11	13	45
1613	telomere	54a020d9-0b7b-4abc-9b49-739569a8b696	0	250	-	26086	251	94.1%	241	4	5	6
1617	telomere	54a020d9-0b7b-4abc-9b49-739569a8b696	393	18972	-	26086	19149	94.3%	18230	168	181	751
1621	telomere	4e8ebc99-f1c9-4869-8d2d-7832769987ee	0	879	-	11655	882	99.4%	878	0	1	4
1625	telomere	4346df88-e32f-41fa-9925-57ea8fe75447	4456	4618	+	4619	167	95.8%	160	2	0	5
1629	telomere	bdf6a59c-df14-4c3b-8e4b-b2f77d2612d7	0	640	-	15925	636	97.2%	628	2	10	6
1633	telomere	666aeef2-5e5c-4fab-9a3c-0bc88c69ebdf	31639	31890	+	31890	273	89.0%	243	8	0	22
1637	telomere	d1e7e4d6-6bd8-4c7e-a4dd-ecfe7a211b70	33231	33362	+	33362	137	94.9%	130	1	0	6
1641	telomere	0e5976a6-8fc0-407b-9d2d-0fd31b2a285e	27094	27489	+	27489	419	90.7%	380	15	0	24
1645	telomere	fe95d73d-b27f-45eb-8436-6e3a76c096d4	1	678	-	13537	679	96.9%	667	1	9	11
1649	telomere	a58440d2-94f4-4e95-9617-d491a1c4847e	0	483	-	6733	474	98.1%	474	0	9	0
1653	telomere	760abd82-04c1-4031-83e6-d9bb2eafe42a	0	1006	-	35842	1007	98.8%	1000	1	5	6
1657	telomere	87395ba3-9047-49e8-ba52-b6092d673c63	1	729	-	18615	719	97.4%	713	2	13	4
1661	telomere	55ec4553-10e1-4c2e-84df-a2b8feb182a7	0	1375	-	23614	1409	97.1%	1371	1	3	37
1665	telomere	6d5e37c2-bce2-418e-91fe-ad2249106912	0	625	-	19523	625	96.5%	612	4	9	9
1669	telomere	9662028e-4ccf-4b24-961d-11260247edaa	0	4804	-	10639	4973	91.4%	4638	66	100	269
1673	telomere	9662028e-4ccf-4b24-961d-11260247edaa	4990	10635	-	10639	5837	92.6%	5495	52	98	290
1677	telomere	bcd71eb2-df47-463e-b8bd-041486fae425	2595	3925	+	4922	1389	90.3%	1272	38	20	79
1681	telomere	bcd71eb2-df47-463e-b8bd-041486fae425	4026	4922	+	4922	949	89.3%	861	20	15	68
1685	telomere	a5c684f2-311d-4368-bcc0-11fc552da747	0	16470	-	18267	16838	96.0%	16289	57	124	492
1689	telomere	00b0ea03-d502-4d98-a5d3-807b8bbd6016	0	1151	-	14975	1158	96.2%	1127	11	13	20
1693	telomere	4ef2b68c-3810-479b-a1a2-af86994e01ca	13652	13702	+	13704	53	92.5%	49	1	0	3
1697	telomere	9c6d697f-5809-47bc-bcde-2a7cccaed113	0	251	-	18279	258	93.1%	244	3	4	11
1701	telomere	c423f999-7dee-47cb-8582-713bbee48702	3	1035	-	20039	1079	94.3%	1022	5	5	52
1705	telomere	2474e0ce-cadc-43dc-a092-fb39e8f49a79	17867	17912	+	17944	45	100.0%	45	0	0	0
1709	telomere	1cb34488-7f00-4e42-9483-1baa8bf51b0b	0	1194	-	29895	1199	99.1%	1191	0	3	8
1713	telomere	8fa38fe8-05da-4dd3-b062-f6a092e599bb	0	703	-	7646	690	97.3%	687	0	16	3
1717	telomere	d3cc21df-6cf1-4fe1-a126-622f38239f05	0	13700	-	22553	13746	99.2%	13664	2	34	80
1721	telomere	baf748cc-1aa6-4388-b789-0be4198ab2c5	0	1151	-	30811	1178	96.3%	1142	1	8	35
1725	telomere	60bdc9e0-83b8-4447-9460-6a506c60ef84	0	6201	-	6201	6262	97.4%	6141	19	41	102
1729	telomere	538c5ae0-f09d-44a7-b2b2-2810db2afe73	12958	13026	+	13026	70	95.7%	67	1	0	2
1733	telomere	269163e3-e6f4-4dee-9076-be26c211c1b3	1	1198	-	10918	1201	99.3%	1195	0	2	6
1737	telomere	a8e1e432-f721-4771-99b2-d66cf6e43834	5	6097	-	6097	6324	92.6%	5932	79	81	313
1741	telomere	2b3eec96-b2e2-40a2-bf7d-780f5e5958b5	0	1353	-	12851	1356	99.0%	1348	0	5	8
1745	telomere	ef526507-3519-4a98-b477-e0e93556555a	8952	9051	+	9051	102	94.2%	97	1	1	4
1749	telomere	4861a087-2691-4778-ad32-d3b3f3ddfca1	0	573	-	23233	570	98.6%	566	3	4	1
1753	telomere	101b2c58-777d-41e3-97e2-a3decec6631a	28335	28499	+	28499	162	93.4%	155	5	4	2
1757	telomere	88da3c28-f0ae-495b-adee-84bcb9104dc6	1	45	+	1606	45	97.8%	44	0	0	1
1761	telomere	88da3c28-f0ae-495b-adee-84bcb9104dc6	57	244	+	1606	198	93.4%	185	2	0	11
1765	telomere	88da3c28-f0ae-495b-adee-84bcb9104dc6	309	393	+	1606	86	97.7%	84	0	0	2
1769	telomere	88da3c28-f0ae-495b-adee-84bcb9104dc6	513	1490	+	1606	1048	90.4%	949	26	2	73
1773	telomere	612f754b-5d31-4a61-b5bc-b33aca92a233	7997	8109	+	8109	112	94.6%	106	6	0	0
1777	telomere	a7d82fc5-4a50-48de-9110-73a3d1f998df	0	449	-	6461	447	96.5%	439	2	8	6
1781	telomere	140117be-0afd-4a9c-a493-eb8f483d65ca	0	565	-	27257	564	96.0%	552	2	11	10
1785	telomere	22cc8237-ab67-45c6-94f8-d483413023f7	5	15866	-	15866	16074	98.0%	15790	25	46	259
1789	telomere	1e9b8b52-3bdd-493b-91d5-3b7ef4cca8d9	0	922	-	13858	912	98.9%	912	0	10	0
1793	telomere	912600c3-fe5c-4109-babe-6404efadcceb	27872	29287	+	35426	1571	88.1%	1386	26	3	159
1797	telomere	912600c3-fe5c-4109-babe-6404efadcceb	29485	30552	+	35426	1152	91.0%	1053	9	5	90
1801	telomere	912600c3-fe5c-4109-babe-6404efadcceb	30625	31083	+	35426	516	85.9%	443	15	0	58
1805	telomere	912600c3-fe5c-4109-babe-6404efadcceb	31265	32793	+	35426	1648	89.9%	1490	28	10	130
1809	telomere	912600c3-fe5c-4109-babe-6404efadcceb	32936	33048	+	35426	114	97.4%	111	1	0	2
1813	telomere	912600c3-fe5c-4109-babe-6404efadcceb	33125	35202	+	35426	2250	89.2%	2019	45	13	186
1817	telomere	912600c3-fe5c-4109-babe-6404efadcceb	35260	35426	+	35426	174	89.8%	159	4	3	11
1821	telomere	c137a54c-5f4b-43a9-8687-ad5b0582cc1c	0	1303	-	8447	1302	98.6%	1293	0	10	9
1825	telomere	a1602043-a7d6-4c6c-9bd0-3c2cb310a52b	12	927	-	7854	921	98.9%	913	0	2	8
1829	telomere	77ed5be0-d83b-4df7-b8e6-87c6972b68ec	0	1051	-	13027	1046	98.9%	1042	1	8	3
1833	telomere	27a54a75-7adf-41f8-9a72-7183c98184dd	3	10307	-	34737	10354	98.8%	10262	7	35	85
1837	telomere	5db11e65-8d62-4bfe-ad4e-4530cc77922f	5060	5148	+	5154	90	96.7%	87	1	0	2
1841	telomere	e8de2c7f-9fc3-45d6-96ac-a462f041580e	18584	18736	+	18736	153	91.7%	144	4	4	5
1845	telomere	336e8071-76f4-4e27-9de2-85cef9760f81	34351	34419	+	34419	69	98.6%	68	0	0	1
1849	telomere	80a23a6f-834c-4f31-af30-15f28f799409	0	1080	-	19982	1081	98.5%	1072	1	7	8
1853	telomere	34d8123e-0dab-469a-965e-f2db7b37dc71	1	76	-	15422	75	94.8%	73	0	2	2
1857	telomere	683534bf-42d6-4dbe-b73d-0790eea82174	0	8705	-	22165	8681	98.4%	8619	6	80	56
1861	telomere	2b89d8e3-38a6-4fa7-8707-2102b6447008	28459	28516	+	28516	56	96.5%	55	1	1	0
1865	telomere	adf25b33-0b8f-4cd0-a529-259f4884dd71	5918	6145	+	6145	227	94.8%	217	8	2	2
1869	telomere	78edaacf-b307-4f10-8840-b7bfe92a5017	12910	13116	+	13116	204	96.1%	199	4	3	1
1873	telomere	48c069e3-a817-460b-93ba-eb378ef3edd9	0	1422	-	12947	1431	98.1%	1412	1	9	18
1877	telomere	3ccff52c-0f0f-4636-8ac6-0b3fe823f099	0	905	-	28909	917	97.4%	898	2	5	17
1881	telomere	0eb027cd-8053-4376-8287-f42c5c40e0ec	0	442	-	27572	437	98.9%	437	0	5	0
1885	telomere	7140a17c-9c89-48ef-96ca-f49910cd9fef	0	814	-	16585	811	96.5%	795	6	13	10
1889	telomere	873435c2-2d4a-494f-8eed-b17e91380581	3	628	-	32868	617	97.8%	613	2	10	2
1893	telomere	8441a41e-f4b3-4fb4-a5dd-bb7a3caaec5c	20876	21627	+	21713	785	92.9%	733	14	4	38
1897	telomere	cec27734-5e0b-4c60-98c4-20d878aa1e51	7935	8289	+	8289	364	95.3%	348	5	1	11
1901	telomere	af4cc6ef-c939-494e-955c-62033ec5369c	0	1066	-	19753	1069	98.3%	1057	3	6	9
1905	telomere	399128bb-feff-4a09-ac3c-59f6190db5ba	0	6647	-	30614	6731	94.5%	6487	30	130	214
1909	telomere	56f90b9a-0575-4a21-9c8d-cdf065ba3a09	3	6844	-	6844	6903	95.1%	6681	35	125	187
1913	telomere	ecbadeb9-1c08-404c-a778-f1fb78c1860b	0	571	-	24068	563	95.8%	552	6	13	5
1917	telomere	903e0e41-5feb-4e34-874f-afc96fd9d1bb	8413	8518	+	8524	107	94.4%	101	4	0	2
1921	telomere	ee0a8831-33de-40f7-a6ce-42ff81f11fa4	1	559	-	31419	555	97.3%	549	0	9	6
1925	telomere	7594e4dd-f3d1-40bd-88ad-9d2ef781c9ea	0	1207	-	12346	1215	98.4%	1201	0	6	14
1929	telomere	4e19bebe-c079-4a5f-9aa9-625ff4109f33	9	1071	-	10900	1058	98.0%	1049	1	12	8
1933	telomere	9a308e4a-f5b6-4d18-a20d-022a69011bbd	40	11139	-	16164	11354	96.3%	10993	41	65	320
1937	telomere	9530facc-4321-4b15-bb12-5d566de27899	4	1538	-	18687	1541	98.8%	1528	1	5	12
1941	telomere	b9e728f3-ff36-4366-b57d-d1ec2ecf2691	11118	11476	-	21404	372	93.4%	351	3	4	18
1945	telomere	f54ca22b-a93d-4733-ba28-97150e0660f3	11987	12482	-	23995	515	92.7%	482	8	5	25
1949	telomere	f54ca22b-a93d-4733-ba28-97150e0660f3	11110	11195	+	23995	85	95.3%	81	4	0	0
1953	telomere	f54ca22b-a93d-4733-ba28-97150e0660f3	11284	11346	+	23995	60	95.2%	59	1	2	0
1957	telomere	f54ca22b-a93d-4733-ba28-97150e0660f3	11401	11594	+	23995	208	90.4%	189	3	1	16
1961	telomere	f54ca22b-a93d-4733-ba28-97150e0660f3	10872	10919	+	23995	47	100.0%	47	0	0	0
1965	telomere	f54ca22b-a93d-4733-ba28-97150e0660f3	11753	11814	-	23995	63	92.2%	59	1	1	3
1969	telomere	7a844e3c-6e20-4fcf-8b1b-dfea44fdc382	12592	12633	+	12675	41	100.0%	41	0	0	0
1973	telomere	84544d05-da33-4025-8152-1ed03344d4bb	6	10961	-	13039	11157	96.4%	10835	33	87	289
1977	telomere	3ab8fc9a-f3ab-4328-9785-5d37311a34ad	9681	9758	+	9761	77	100.0%	77	0	0	0
1981	telomere	506bdd73-7c21-49d2-9644-e4969eb096f5	8	1603	-	7099	1606	98.3%	1586	2	7	18
1985	telomere	6266f980-3d63-4f51-9d5d-942be4593564	28586	28681	+	28735	95	98.9%	94	1	0	0
1989	telomere	dc3a32e7-564b-414e-b7f8-7d250f2ae89d	0	11487	-	32346	11618	97.7%	11416	10	61	192
1993	telomere	4e866f65-4d30-400c-86ed-dd7ed49f2287	0	57	-	10861	59	94.9%	56	1	0	2
1997	telomere	4e866f65-4d30-400c-86ed-dd7ed49f2287	107	176	-	10861	73	93.2%	68	1	0	4
2001	telomere	4e866f65-4d30-400c-86ed-dd7ed49f2287	195	240	-	10861	47	91.5%	43	2	0	2
2005	telomere	4e866f65-4d30-400c-86ed-dd7ed49f2287	321	10861	-	10861	10777	96.7%	10457	43	40	277
2009	telomere	5f896efa-3571-484d-a1cd-6aa0819afb51	11632	11691	+	11712	59	100.0%	59	0	0	0
2013	telomere	b061e2e2-7258-4872-af7e-ea77b4de7bfb	13577	13719	+	13721	148	91.3%	136	5	1	7
2017	telomere	3326de4a-a9a5-425c-b07f-4a2f8636cfee	2	1382	-	14636	1386	98.6%	1373	1	6	12
2021	telomere	4dcba383-9464-4ed2-ba19-078850a3fb6e	8	1248	-	24342	1254	97.9%	1234	0	6	20
2025	telomere	0d27e5e9-3570-445f-8cd1-05ee9bb06d60	0	831	-	29488	839	95.9%	814	7	10	18
2029	telomere	34eb1368-79e0-4c1a-a644-704836ec5058	1	887	-	9618	881	98.1%	874	2	10	5
2033	telomere	de4a8cd0-5e19-4887-ba76-f86b061200f1	34081	34728	-	66793	696	91.1%	637	7	3	52
2037	telomere	de4a8cd0-5e19-4887-ba76-f86b061200f1	32263	32608	+	66793	361	88.2%	321	21	3	19
2041	telomere	de4a8cd0-5e19-4887-ba76-f86b061200f1	33482	33538	+	66793	58	96.6%	56	0	0	2
2045	telomere	de4a8cd0-5e19-4887-ba76-f86b061200f1	32919	33048	+	66793	131	89.5%	119	8	2	4
2049	telomere	7008b936-bbac-4f79-94ba-6109d47be8e5	11570	12594	+	12665	1098	91.2%	1003	19	2	76
2053	telomere	1244defe-c023-43b1-a074-9a92721f2319	0	17695	-	19285	18101	96.0%	17496	74	125	531
2057	telomere	99314767-eb11-4e54-af15-48807e88e36b	0	19779	-	23153	20115	96.5%	19564	46	169	505
2061	telomere	3d8038c7-52ad-48e5-94fb-1938ac004895	0	1471	-	26765	1483	98.1%	1461	4	6	18
2065	telomere	cd5b8ae4-9091-434e-9101-917f766e84ba	0	738	-	11656	738	98.7%	732	2	4	4
2069	telomere	105e64bc-260c-4c45-98b2-276ba9dfdea6	2	946	-	22218	974	95.1%	934	2	8	38
2073	telomere	642e05bb-5cc7-463c-9b71-8b1fff7c6517	63	17626	-	24282	17889	96.4%	17360	75	128	454
2077	telomere	642e05bb-5cc7-463c-9b71-8b1fff7c6517	17959	18019	-	24282	60	100.0%	60	0	0	0
2081	telomere	3bffb9db-0f02-43cb-a311-ba9dd2d772e6	3	11558	-	11558	11661	98.5%	11519	8	28	134
2085	telomere	70135f22-be1d-4c40-b66a-b8b05266dfc3	23445	23522	+	23535	77	98.7%	76	1	0	0
2089	telomere	69bdf359-3742-4c3c-a48e-aedd59916932	7313	7366	+	7522	54	94.4%	51	2	0	1
2093	telomere	69bdf359-3742-4c3c-a48e-aedd59916932	7375	7522	+	7522	152	94.8%	145	1	1	6
2097	telomere	5e4b65da-75b4-445e-a9bb-cc53b25c0a23	27746	27899	+	27899	156	93.6%	147	5	1	4
2101	telomere	5cfdaa20-e194-480b-824b-62521cbb992f	0	644	-	21193	638	98.3%	635	1	8	2
2105	telomere	d0d71a50-30a6-4d1e-b854-c3f10a8d438b	0	10896	-	26068	10925	98.8%	10841	5	50	79
2109	telomere	7851687b-6acf-4e26-8936-987729c5936b	4	1042	-	22294	1045	98.5%	1032	3	3	10
2113	telomere	52d93177-d39d-44d2-92d0-6c5bbc9343f0	0	1204	-	13369	1218	97.9%	1196	4	4	18
2117	telomere	c7eac38c-2ec0-4600-b20d-81f80a83d954	30	21383	-	21385	21453	99.1%	21305	6	42	142
2121	telomere	bb8760ee-dcdf-4af0-8698-6799dd05a717	27184	27290	+	27290	105	96.3%	103	1	2	1
2125	telomere	9edb7b33-43c3-4233-b2fb-cbd47c110b59	21150	21249	+	21249	100	98.0%	98	1	0	1
2129	telomere	d2707be8-b960-4b8b-9bac-9db07f7fdc25	32232	32312	+	32314	82	95.1%	78	2	0	2
2133	telomere	360562f8-b2f8-49dd-b32a-d6f3bf51cb2f	24576	24677	+	24691	101	99.0%	100	1	0	0
2137	telomere	c39660d5-6cd9-4deb-a3c1-da6705131cb5	5075	5248	+	6268	188	90.4%	170	3	0	15
2141	telomere	c39660d5-6cd9-4deb-a3c1-da6705131cb5	5270	5418	+	6268	154	95.5%	147	1	0	6
2145	telomere	c39660d5-6cd9-4deb-a3c1-da6705131cb5	5539	6183	+	6268	682	91.5%	627	14	3	41
2149	telomere	f7ad253a-b87c-453a-a753-6369ee1cc756	0	548	-	35900	546	98.7%	543	1	4	2
2153	telomere	500d3287-d86b-43ac-b975-6d8bda9752af	27537	27658	+	27658	124	94.4%	117	4	0	3
2157	telomere	d9926abc-25a1-4119-b2a3-df2eab7db3f3	1	1015	-	15128	1020	99.0%	1012	0	2	8
2161	telomere	bca5967f-e530-4169-ba6e-eae03abfa9dc	0	5233	-	5237	5396	92.5%	5078	64	91	254
2165	telomere	c9b25f51-7715-4fe5-bace-73541c70bf08	0	1081	-	14442	1092	97.6%	1073	1	7	18
2169	telomere	24417238-164f-482b-87c8-4ea7f9a050af	0	886	-	14926	881	98.5%	877	0	9	4
2173	telomere	35450d61-a7c8-4a4f-afa4-e27a73eda2ee	18757	18939	+	18939	195	91.3%	178	4	0	13
2177	telomere	4ad949ad-ca2e-4a24-b5c8-43fe96e7c407	3	1310	-	17057	1411	89.3%	1273	20	14	118
2181	telomere	c0da2baa-5813-4dd3-a1f4-90b3168a1ad3	2	72	-	24764	74	93.2%	69	1	0	4
2185	telomere	c0da2baa-5813-4dd3-a1f4-90b3168a1ad3	157	201	-	24764	47	93.6%	44	0	0	3
2189	telomere	c0da2baa-5813-4dd3-a1f4-90b3168a1ad3	385	10514	-	24764	10356	95.2%	9954	79	96	323
2193	telomere	c0da2baa-5813-4dd3-a1f4-90b3168a1ad3	10837	10897	-	24764	60	100.0%	60	0	0	0
2197	telomere	52e382c9-db5a-44eb-8758-33a935df1137	9617	9681	-	18955	65	90.8%	59	5	0	1
2201	telomere	52e382c9-db5a-44eb-8758-33a935df1137	9759	10128	-	18955	376	93.2%	355	9	5	12
2205	telomere	52e382c9-db5a-44eb-8758-33a935df1137	8999	9429	+	18955	448	89.4%	405	20	5	23
2209	telomere	60a0d006-6237-4c6a-9898-047bb8521654	12	947	-	6100	942	96.5%	921	2	12	19
2213	telomere	2045bdff-a564-4321-959b-eeac5851964d	2	1395	-	24599	1400	99.2%	1391	0	2	9
2217	telomere	70636f0c-de9a-4575-9ef7-c86af35c1c78	9637	9730	+	9730	93	98.9%	92	1	0	0
2221	telomere	f8fd9fda-1f04-4b08-8505-6f79a04251a7	23645	23806	+	23850	167	93.4%	156	5	0	6
2225	telomere	f8985ceb-af96-42b6-b5cc-42f9a4bcd5df	24089	24232	+	24232	149	92.7%	139	3	1	7
2229	telomere	82c291d0-b270-4352-8cec-7f40efe45410	0	1101	-	28013	1113	98.2%	1097	0	4	16
2233	telomere	85ff19df-b638-4a77-b79a-19181209eda0	9180	9232	+	9233	52	100.0%	52	0	0	0
2237	telomere	ec35e3af-07b7-4ab0-b4fb-90907300b3c8	0	48	-	9604	50	92.2%	47	0	1	3
2241	telomere	ec35e3af-07b7-4ab0-b4fb-90907300b3c8	286	580	-	9604	318	91.5%	291	3	0	24
2245	telomere	ec35e3af-07b7-4ab0-b4fb-90907300b3c8	716	9105	-	9604	8556	96.7%	8315	34	40	207
2249	telomere	ec35e3af-07b7-4ab0-b4fb-90907300b3c8	9480	9534	-	9604	55	92.9%	52	1	1	2
2253	telomere	98abe8db-2c54-47a1-a4cb-b80ba6b10fc4	19270	19334	+	19340	64	98.4%	63	1	0	0
2257	telomere	a5ecdaff-0e8d-42e7-a95a-1e5b64d9ed44	36666	36750	+	36750	85	95.3%	82	1	1	2
2261	telomere	ca9d8154-4fb6-4bea-9704-babb32ec5229	2	569	-	12163	564	96.5%	555	1	11	8
2265	telomere	fe7f0420-7639-4af8-bd4b-3ba3b2ce95d8	4	5943	-	18633	5974	97.2%	5867	13	59	94
2269	telomere	b021b79d-393d-4975-b5e5-3015f6a6a7ef	14590	14873	+	14885	299	93.0%	278	5	0	16
2273	telomere	beb24a6b-57e8-4f29-afab-ab24254b0f33	0	874	-	25878	873	98.2%	865	1	8	7
2277	telomere	af96349e-e8c8-4eb0-a484-4751a9d43a60	17818	18153	+	18153	359	90.8%	327	7	1	25
2281	telomere	377bfcb8-09b1-4fe5-9979-bde08eaa4d33	10983	11068	+	11082	88	93.2%	82	3	0	3
2285	telomere	6406ed63-ffa2-41b2-803a-24cd3519397b	0	586	-	10597	578	98.0%	576	0	10	2
2289	telomere	3fc5771a-d54a-4dbc-ad22-0f5a84d74e9e	0	643	-	14015	645	96.0%	629	4	10	12
2293	telomere	2962d7ce-0a61-40bb-b94a-3c1996830c4b	17354	18440	+	18440	1166	91.3%	1068	14	4	84
2297	telomere	75837b9c-0a1d-4702-acc4-f653820d6498	14056	14322	+	14323	275	93.5%	260	3	3	12
2301	telomere	7b47da77-33f9-4540-9343-1ac6a53526d0	3	1437	-	28098	1441	99.2%	1432	0	2	9
2305	telomere	22aa71d6-5d19-4995-88c3-dff818ffab11	0	546	-	20889	527	96.3%	526	1	19	0
2309	telomere	fec86a5e-39b7-4ed2-b1a7-3a5e9abbb3ea	0	1306	-	15811	1317	98.4%	1301	0	5	16
2313	telomere	a890d0d6-ea47-48a4-80e4-3fa7238a4602	0	434	-	27630	425	97.9%	425	0	9	0
2317	telomere	b0a43c6f-3314-45ef-a644-e18896dd934f	0	24051	-	28195	24327	97.8%	23902	30	119	395
2321	telomere	f7159fb4-b8eb-41f7-88bd-2b321251ba3e	20827	20904	+	20910	78	98.7%	77	0	0	1
2325	telomere	f93febfd-f591-41d7-952c-3db18cfa0e8a	7	5593	-	14937	5582	98.7%	5547	2	37	33
2329	telomere	4b701be7-ea3c-4dbc-8416-d7b5cb0276f5	0	1097	-	29980	1097	99.5%	1094	0	3	3
2333	telomere	3710e35b-0fa4-4eb9-a08f-05108adce916	19482	20556	+	20556	1148	91.8%	1056	16	2	76
2337	telomere	31937a8f-58fb-4e0e-a802-4d6aa709185b	8894	9007	+	9008	113	99.1%	112	1	0	0
2341	telomere	8870f654-18d9-45ed-8d72-a2c2c4a017b6	5744	6918	+	7028	1247	90.5%	1132	38	4	77
2345	telomere	986c6ffa-9045-413b-9389-d105035343a9	14254	14313	+	14323	59	100.0%	59	0	0	0
2349	telomere	98297bbe-e480-45d0-ae73-23ef50a83905	3	9703	-	9703	9816	97.9%	9646	13	41	157
2353	telomere	1f5ccf2e-515b-4423-aaf6-416875003ed2	3	8541	-	17227	8752	95.2%	8407	48	83	297
2357	telomere	1f5ccf2e-515b-4423-aaf6-416875003ed2	8631	8993	-	17227	384	90.7%	350	10	2	24
2361	telomere	1f5ccf2e-515b-4423-aaf6-416875003ed2	9163	9211	-	17227	50	96.0%	48	0	0	2
2365	telomere	1f5ccf2e-515b-4423-aaf6-416875003ed2	9291	10280	-	17227	1036	88.3%	932	37	20	67
2369	telomere	1f5ccf2e-515b-4423-aaf6-416875003ed2	10369	11851	-	17227	1557	91.4%	1438	28	16	91
2373	telomere	1f5ccf2e-515b-4423-aaf6-416875003ed2	12048	12190	-	17227	151	92.7%	140	2	0	9
2377	telomere	1f5ccf2e-515b-4423-aaf6-416875003ed2	12585	17227	-	17227	4866	90.9%	4485	88	69	293
2381	telomere	cbfa8f29-1ea9-47c7-b054-fe5b3e211977	23652	23761	+	23763	113	95.6%	108	1	0	4
2385	telomere	e09ecec5-df02-43b7-b89a-75b07f88b414	0	591	-	36517	582	97.6%	579	1	11	2
2389	telomere	f8fc932e-d8f1-48d8-9716-7e346b617a02	12531	13080	+	13555	574	91.3%	527	19	3	28
2393	telomere	f8fc932e-d8f1-48d8-9716-7e346b617a02	13202	13555	+	13555	371	92.2%	343	9	1	19
2397	telomere	82d8ed5e-7bed-4b5e-a050-39ed285b7b76	0	983	-	19781	997	98.4%	982	0	1	15
2401	telomere	e100bc21-ef91-4d6e-98f3-6d18fece0f44	30807	30848	+	30899	41	100.0%	41	0	0	0
2405	telomere	e100bc21-ef91-4d6e-98f3-6d18fece0f44	30854	30899	+	30899	46	95.7%	44	1	0	1
2409	telomere	6480659a-22c3-4d07-9aec-ab52c17cf3d3	20329	20406	+	20419	77	100.0%	77	0	0	0
2413	telomere	ba7af52d-caa0-4125-a694-ec4af96b185c	5	799	-	12220	788	98.1%	783	1	10	4
2417	telomere	760b86d7-e770-4af9-9d1c-86ed20c2e8a5	0	943	-	25417	956	96.8%	931	6	6	19
2421	telomere	f23df8ec-58b3-4f79-b798-64649d6842cd	33271	33357	+	33357	93	91.4%	85	1	0	7
2425	telomere	24c70fd6-e117-460f-bd4f-2c0f5ee2339f	31	1471	+	15239	1555	89.0%	1393	36	11	126
2429	telomere	24c70fd6-e117-460f-bd4f-2c0f5ee2339f	1688	2016	+	15239	340	94.4%	323	3	2	14
2433	telomere	24c70fd6-e117-460f-bd4f-2c0f5ee2339f	2143	3847	+	15239	1854	88.8%	1657	36	11	161
2437	telomere	24c70fd6-e117-460f-bd4f-2c0f5ee2339f	4031	4443	+	15239	454	88.6%	403	8	1	43
2441	telomere	24c70fd6-e117-460f-bd4f-2c0f5ee2339f	4538	5253	+	15239	766	90.6%	698	13	4	55
2445	telomere	24c70fd6-e117-460f-bd4f-2c0f5ee2339f	5375	6123	+	15239	816	88.5%	726	18	4	72
2449	telomere	24c70fd6-e117-460f-bd4f-2c0f5ee2339f	6366	6899	+	15239	571	89.8%	517	11	5	43
2453	telomere	24c70fd6-e117-460f-bd4f-2c0f5ee2339f	7087	7786	+	15239	748	92.0%	691	5	3	52
2457	telomere	24c70fd6-e117-460f-bd4f-2c0f5ee2339f	7890	10425	+	15239	2712	90.7%	2473	48	14	191
2461	telomere	24c70fd6-e117-460f-bd4f-2c0f5ee2339f	10544	12175	+	15239	1770	89.2%	1587	34	10	149
2465	telomere	24c70fd6-e117-460f-bd4f-2c0f5ee2339f	12236	12550	+	15239	324	96.3%	312	2	0	10
2469	telomere	24c70fd6-e117-460f-bd4f-2c0f5ee2339f	12627	13227	+	15239	650	90.0%	587	11	2	52
2473	telomere	24c70fd6-e117-460f-bd4f-2c0f5ee2339f	13313	13765	+	15239	504	86.7%	438	13	1	53
2477	telomere	24c70fd6-e117-460f-bd4f-2c0f5ee2339f	13838	14213	+	15239	418	86.7%	365	7	3	46
2481	telomere	24c70fd6-e117-460f-bd4f-2c0f5ee2339f	14347	14520	+	15239	186	89.8%	168	4	1	14
2485	telomere	24c70fd6-e117-460f-bd4f-2c0f5ee2339f	14613	15238	+	15239	668	92.1%	616	8	1	44
2489	telomere	5a7b1540-1f78-4234-a198-6c154f4280a1	17892	19001	-	29759	1153	95.5%	1103	4	2	46
2493	telomere	5a7b1540-1f78-4234-a198-6c154f4280a1	16440	16517	+	29759	77	97.4%	75	2	0	0
2497	telomere	5a7b1540-1f78-4234-a198-6c154f4280a1	16620	16689	+	29759	71	91.5%	65	4	0	2
2501	telomere	5a7b1540-1f78-4234-a198-6c154f4280a1	16989	17048	+	29759	60	98.3%	59	0	0	1
2505	telomere	5a7b1540-1f78-4234-a198-6c154f4280a1	17105	17147	+	29759	42	92.9%	39	3	0	0
2509	telomere	5a7b1540-1f78-4234-a198-6c154f4280a1	17230	17287	+	29759	59	94.9%	56	1	0	2
2513	telomere	5a7b1540-1f78-4234-a198-6c154f4280a1	17661	17704	+	29759	45	95.6%	43	0	0	2
2517	telomere	1f1012eb-c910-430a-8089-3ef351364712	0	654	-	8762	650	98.2%	645	2	7	3
2521	telomere	f6fda0f6-d9c2-4bff-a478-6fe73d62aea1	7090	7495	+	7495	426	90.9%	390	12	3	24
2525	telomere	032f49e7-092d-4d57-8791-59714629d90c	0	43	-	13438	47	91.5%	43	0	0	4
2529	telomere	032f49e7-092d-4d57-8791-59714629d90c	73	13438	-	13438	13756	96.0%	13255	56	54	445
2533	telomere	945d197f-3c40-406c-9c04-73437577d93c	0	778	-	16373	776	98.1%	769	1	8	6
2537	telomere	f445ab7f-7790-469b-bb9b-a5a15bb52091	0	5908	-	26627	5903	99.3%	5883	2	23	18
2541	telomere	c004290f-bd39-415a-bd5f-bd9af98d136d	28673	28743	+	28743	70	97.1%	68	2	0	0
2545	telomere	d8374015-8906-4186-ab8e-ef284faf8cec	0	1097	-	19700	1091	98.9%	1088	0	9	3
2549	telomere	ce8ce86a-236e-4344-8a4a-ec6d22851c55	0	700	-	16319	692	96.7%	684	1	15	7
2553	telomere	0f76b3fe-f51b-4f38-a284-2eb296828429	0	926	-	15651	921	99.5%	921	0	5	0
2557	telomere	dd480e86-f53a-41ec-a7c5-ad0c014dbc93	16357	16471	+	16471	118	93.2%	110	4	0	4
2561	telomere	93efeda2-d110-4a78-844d-e75cd7276460	5846	6258	+	6258	432	89.9%	392	16	4	24
2565	telomere	f08feb72-5ec4-4a25-a2d0-52a69acb93cf	0	1356	+	12479	1417	92.3%	1320	23	13	74
2569	telomere	f08feb72-5ec4-4a25-a2d0-52a69acb93cf	1521	1729	+	12479	228	89.9%	205	3	0	20
2573	telomere	f08feb72-5ec4-4a25-a2d0-52a69acb93cf	1831	5568	+	12479	3955	91.2%	3640	59	38	256
2577	telomere	f08feb72-5ec4-4a25-a2d0-52a69acb93cf	5730	6194	+	12479	481	93.4%	452	9	3	20
2581	telomere	f08feb72-5ec4-4a25-a2d0-52a69acb93cf	6328	6441	+	12479	117	94.0%	110	3	0	4
2585	telomere	f08feb72-5ec4-4a25-a2d0-52a69acb93cf	6522	6701	+	12479	178	97.2%	176	0	3	2
2589	telomere	f08feb72-5ec4-4a25-a2d0-52a69acb93cf	6787	7597	+	12479	838	91.0%	779	13	18	46
2593	telomere	f08feb72-5ec4-4a25-a2d0-52a69acb93cf	7699	8519	+	12479	868	89.9%	793	13	14	62
2597	telomere	f08feb72-5ec4-4a25-a2d0-52a69acb93cf	8602	9824	+	12479	1303	86.3%	1146	51	25	106
2601	telomere	f08feb72-5ec4-4a25-a2d0-52a69acb93cf	9908	10644	+	12479	774	88.5%	702	15	19	57
2605	telomere	f08feb72-5ec4-4a25-a2d0-52a69acb93cf	10707	10893	+	12479	188	94.2%	180	3	3	5
2609	telomere	f08feb72-5ec4-4a25-a2d0-52a69acb93cf	10975	12346	+	12479	1432	90.4%	1314	35	22	83
2613	telomere	70917b85-43b7-45c9-a2cf-b33569d146fe	19673	19755	+	19755	86	94.2%	81	1	0	4
2617	telomere	20a03383-7178-4dd2-aeb2-f93e2f5f5c6e	6349	6997	+	7179	689	91.2%	631	14	3	44
2621	telomere	20a03383-7178-4dd2-aeb2-f93e2f5f5c6e	7056	7179	+	7179	128	92.2%	119	3	1	6
2625	telomere	c76c2f54-adbf-49ea-8785-37e65bd770d4	7	5798	-	5798	5968	95.7%	5737	26	28	205
2629	telomere	240d39d0-23ba-4c7c-8670-54106fb3df9f	0	1107	-	26203	1098	98.6%	1094	1	12	3
2633	telomere	97b0b04b-b964-4be1-b848-299cd0f3d593	19572	19619	+	19639	47	100.0%	47	0	0	0
2637	telomere	f5e8238c-df9d-447c-a777-6e1ae8ccbec7	0	850	-	22486	854	98.7%	846	1	3	7
2641	telomere	8d570130-ad69-4bc7-847c-8c07fc4e028b	23891	24097	+	24097	221	90.5%	200	6	0	15
2645	telomere	515d80a9-a74e-480e-a4c1-022ed878522d	1	582	-	15666	570	97.6%	568	1	12	1
2649	telomere	2241ad2f-554c-4b15-ae07-63ad81bcaece	5	701	-	24000	693	96.9%	683	1	12	9
2653	telomere	d18183ff-410a-4efc-a0a6-9d25cecf595e	1	4016	-	13295	4060	97.6%	3983	10	22	67
2657	telomere	88afd2f4-a460-4e02-9245-70fbc91291b8	17372	17489	+	17489	125	90.4%	113	4	0	8
2661	telomere	5191d4f2-0e32-43a1-b9b3-16ae6e6f3133	0	564	-	25993	566	96.9%	555	2	7	9
2665	telomere	133ab5c0-a508-4fb0-a054-b8db12382071	0	757	-	10295	763	95.4%	739	6	12	18
2669	telomere	df1135b9-7670-4d55-8091-8eb6bf681cc7	1733	1979	+	1979	252	92.5%	235	9	2	8
2673	telomere	984b98c5-ce7b-4488-ad1a-f006912f1136	0	807	-	19474	803	98.4%	798	1	8	4
2677	telomere	eb7ae67a-349e-41f6-93d0-cc091dac388a	7161	7234	+	15022	76	96.1%	73	0	0	3
2681	telomere	eb7ae67a-349e-41f6-93d0-cc091dac388a	7256	7302	+	15022	46	100.0%	46	0	0	0
2685	telomere	eb7ae67a-349e-41f6-93d0-cc091dac388a	7356	7564	+	15022	217	90.0%	199	5	4	13
2689	telomere	eb7ae67a-349e-41f6-93d0-cc091dac388a	7640	9357	+	15022	1842	88.9%	1657	39	21	146
2693	telomere	eb7ae67a-349e-41f6-93d0-cc091dac388a	9619	12412	+	15022	3042	88.7%	2712	66	15	264
2697	telomere	eb7ae67a-349e-41f6-93d0-cc091dac388a	12501	12547	+	15022	46	100.0%	46	0	0	0
2701	telomere	eb7ae67a-349e-41f6-93d0-cc091dac388a	12728	13880	+	15022	1271	87.6%	1119	27	6	125
2705	telomere	eb7ae67a-349e-41f6-93d0-cc091dac388a	14033	14940	+	15022	971	90.9%	885	19	3	67
2709	telomere	8ec0f25b-2cb3-48e5-b8fa-459e0d6484f8	26725	26934	+	26934	215	93.1%	203	3	3	9
2713	telomere	9cecc35a-d9ab-43a2-839f-83044e99e4ce	0	743	-	10805	770	95.0%	734	6	3	30
2717	telomere	5e8442ab-a3f9-4386-a6f5-8aecaaba2337	16162	16236	+	16236	76	94.7%	72	2	0	2
2721	telomere	7d8894c0-1dea-4302-9fe6-0a3f9bd2b73e	1	1457	-	7453	1457	98.2%	1443	0	13	14
2725	telomere	50a53717-2f73-40ee-9db7-32428eb96ccb	7074	7281	+	7281	221	90.1%	201	4	2	16
2729	telomere	7ed44c98-c35b-4335-9fe8-ffa5ffe837ab	6922	7176	+	7176	268	91.8%	247	6	1	15
2733	telomere	f9102848-df91-4767-9820-0f4489f5a5cb	0	1021	-	9535	1019	99.6%	1018	0	3	1
2737	telomere	e1b07513-f558-4661-84b6-65e50c837a41	1	1295	-	5523	1289	98.4%	1281	0	13	8
2741	telomere	973c752d-02df-446a-ad8c-5fd246492dc0	2	878	-	21946	876	99.5%	874	0	2	2
2745	telomere	76a8ea51-e7d1-48c7-8900-6b3f718a2a9b	0	1777	-	25782	1785	98.5%	1767	2	8	16
2749	telomere	732d27cc-8dd2-491a-8177-8e1c1de79a74	5	1042	-	14522	1034	99.7%	1034	0	3	0
2753	telomere	87bb668e-bd8f-4f9c-aa26-cd9c4040b865	0	7496	-	7496	7538	99.2%	7487	0	9	51
2757	telomere	ba4a4aa0-b979-4c15-83fd-836b922e185a	7183	7271	+	7288	88	98.9%	87	1	0	0
2761	telomere	4b5a9778-ec65-45ef-9154-d7a7f862abfb	17	863	-	23848	858	94.5%	826	4	16	28
2765	telomere	515cfab9-f934-4900-b635-6ae0a6242041	0	570	-	20695	576	95.2%	556	6	8	14
2769	telomere	7fe2786a-d36e-4b5c-9b4e-82632e4e42b1	0	380	-	15120	390	93.9%	372	2	6	16
2773	telomere	80d6bf8f-74ea-4fb7-a3e6-95f4a11de5b0	21000	23093	+	29848	2245	90.1%	2036	42	15	167
2777	telomere	80d6bf8f-74ea-4fb7-a3e6-95f4a11de5b0	23229	25919	+	29848	2902	89.7%	2621	49	20	232
2781	telomere	80d6bf8f-74ea-4fb7-a3e6-95f4a11de5b0	26007	26643	+	29848	678	89.1%	611	17	8	50
2785	telomere	80d6bf8f-74ea-4fb7-a3e6-95f4a11de5b0	26803	27479	+	29848	742	88.2%	656	18	2	68
2789	telomere	80d6bf8f-74ea-4fb7-a3e6-95f4a11de5b0	27694	28376	+	29848	726	89.8%	658	17	7	51
2793	telomere	80d6bf8f-74ea-4fb7-a3e6-95f4a11de5b0	28485	28973	+	29848	514	90.9%	472	11	5	31
2797	telomere	80d6bf8f-74ea-4fb7-a3e6-95f4a11de5b0	29063	29842	+	29848	822	89.3%	745	22	12	55
2801	telomere	dcdf469f-d9b0-4896-9c8d-86296e0a42ee	17200	17241	+	17273	41	100.0%	41	0	0	0
2805	telomere	89498443-9fda-4134-a96d-ecdb37638c12	4	1206	-	5415	1226	96.9%	1194	2	6	30
2809	telomere	eb0ccdfe-b8b6-48c8-8bbd-8c3383b9e913	0	1009	-	12514	1021	98.0%	1004	1	4	16
2813	telomere	fe642fab-35d4-447e-8e00-4d9c8c544455	0	1242	-	31950	1252	97.5%	1231	1	10	20
2817	telomere	1d070102-4ab2-47a4-af91-c2f15eb08ecb	0	1163	-	17531	1182	95.5%	1143	5	15	34
2821	telomere	b964493c-934d-4aaa-887b-71e3bf2b609e	6425	6473	+	6475	48	97.9%	47	1	0	0
2825	telomere	2468cd4f-3512-4f8e-9f59-3bf2e2453c9a	15	533	-	7645	533	91.8%	501	4	13	28
2829	telomere	39eb7825-c9dc-48f8-92c0-0c4ebc15c1d9	3	1179	-	6858	1177	99.7%	1175	0	1	2
2833	telomere	9cbc2d1f-8b82-45c0-b3db-1eeea2feff0e	3	21849	-	28709	22314	95.9%	21580	89	177	645
2837	telomere	9cbc2d1f-8b82-45c0-b3db-1eeea2feff0e	21989	22190	-	28709	220	89.6%	198	2	1	20
2841	telomere	9cbc2d1f-8b82-45c0-b3db-1eeea2feff0e	22323	22414	-	28709	98	89.9%	89	1	1	8
2845	telomere	d78c092d-8a27-4465-a039-eac8c1a1a73c	0	699	-	7968	721	91.6%	675	8	16	38
2849	telomere	1ebbfe29-5f58-4ea2-9ab3-8ca1cbbe26f5	0	886	-	9293	888	97.3%	873	4	9	11
2853	telomere	c902f629-e4c7-45e6-b0c5-6233437f63fb	0	732	-	8298	727	98.0%	721	2	9	4
2857	telomere	b629b895-2c92-4634-b9ce-da9aebad6dd1	2	749	-	7918	743	98.8%	740	1	6	2
2861	telomere	15a2119e-c826-452d-8262-20b58d319243	7489	7786	+	7786	296	92.6%	277	17	3	2
2865	telomere	6d0412c4-0fd5-4082-bc7b-15a1f5be6e32	0	764	-	5820	762	95.9%	744	6	14	12
2869	telomere	f75da05b-9c02-4ee5-8532-54d9b63a3d5f	0	515	-	25230	510	97.7%	506	1	8	3
2873	telomere	10c90b18-279d-4279-a213-0e4491949e0f	0	968	-	25661	981	98.3%	966	0	2	15
2877	telomere	9acbc967-761a-4567-ba65-e9dd9179f6d4	0	1140	-	16449	1143	97.7%	1127	2	11	14
2881	telomere	88bff93b-22eb-468c-bfc3-06992f5d2e25	2788	3296	-	5298	539	92.4%	499	8	1	32
2885	telomere	88bff93b-22eb-468c-bfc3-06992f5d2e25	2179	2251	+	5298	72	98.6%	71	1	0	0
2889	telomere	88bff93b-22eb-468c-bfc3-06992f5d2e25	2268	2316	+	5298	48	97.9%	47	1	0	0
2893	telomere	88bff93b-22eb-468c-bfc3-06992f5d2e25	2379	2436	+	5298	57	94.7%	54	3	0	0
2897	telomere	88bff93b-22eb-468c-bfc3-06992f5d2e25	2467	2637	+	5298	167	95.3%	162	5	3	0
2901	telomere	88bff93b-22eb-468c-bfc3-06992f5d2e25	2717	2769	+	5298	52	92.3%	48	4	0	0
2905	telomere	e280ca12-e47a-4da2-8d6d-650bc38cfee4	1	6172	-	6524	6450	91.8%	6014	59	98	377
2909	telomere	58ff906b-cb71-4b5a-ac62-f98a84c52949	0	536	-	25630	534	98.0%	529	1	6	4
2913	telomere	aa9850c2-b60a-4940-b5c2-7cdba814df54	1	994	-	22290	1002	97.9%	987	0	6	15
2917	telomere	d4b5566d-a280-40d3-b3ea-bb4aeac1feb5	0	732	-	15395	731	93.2%	700	12	20	19
2921	telomere	ff045b2f-4778-4dc8-bd15-60f592486b48	97	5858	-	5875	5918	94.4%	5647	51	63	220
2925	telomere	c0f558c4-b563-497a-852b-4fa198bc3664	3	852	-	9891	871	95.2%	836	6	7	29
2929	telomere	9d83ad04-dbde-49c4-a865-b9bf5cbfd3e1	0	738	-	19612	739	98.8%	733	2	3	4
2933	telomere	64449077-aadd-4547-9c68-828eb22db49a	4550	4609	+	4621	59	100.0%	59	0	0	0
2937	telomere	f04ee3d8-576f-4d3d-96fe-2364b44ee47b	0	1175	-	14830	1200	97.3%	1171	1	3	28
2941	telomere	b3cfdf5a-8cb2-44b7-81dd-df1d7336f09f	24114	24179	+	24179	66	98.5%	65	0	0	1
2945	telomere	735dae5f-d3b7-4f46-82ea-3472b3845db8	0	497	-	13743	494	96.8%	486	3	8	5
2949	telomere	e5afd47f-4658-4495-96e0-c5552bc7d907	0	18761	-	21176	18970	96.1%	18443	93	225	434
2953	telomere	e734b067-7d43-43b7-8caf-d88bea9ad106	0	15599	-	15599	15885	96.5%	15441	47	111	397
2957	telomere	90136533-b373-4269-8689-f79314daf9c1	0	1206	-	20815	1223	96.8%	1191	7	8	25
2961	telomere	c9686d95-eaf2-4703-81f6-3c9e923f9f16	30109	30224	+	30236	119	94.2%	113	1	1	5
2965	telomere	d6389454-9809-4c8c-b85c-2ae87a835cea	0	673	-	10058	666	97.8%	662	0	11	4
2969	telomere	890cb5e7-4d62-477e-84b8-c279ff746245	21388	21442	+	21452	54	96.3%	52	2	0	0
2973	telomere	68142d47-e91e-4ad6-a909-c96f9059465f	14311	15053	-	28562	763	96.5%	739	0	3	24
2977	telomere	68142d47-e91e-4ad6-a909-c96f9059465f	13581	13668	+	28562	89	97.8%	87	0	0	2
2981	telomere	68142d47-e91e-4ad6-a909-c96f9059465f	14198	14263	+	28562	65	95.5%	63	1	1	1
2985	telomere	68142d47-e91e-4ad6-a909-c96f9059465f	14269	14311	+	28562	45	93.3%	42	0	0	3
2989	telomere	68142d47-e91e-4ad6-a909-c96f9059465f	13808	13852	+	28562	44	95.5%	42	2	0	0
2993	telomere	68142d47-e91e-4ad6-a909-c96f9059465f	13870	13941	+	28562	71	93.0%	66	5	0	0
2997	telomere	d7a5e347-6d12-4207-9c81-8aaa2eae160b	7721	7761	+	7762	40	100.0%	40	0	0	0
3001	telomere	984f250a-374e-4a8a-ac4d-0173633be8c3	0	1011	-	22020	1008	98.0%	999	1	11	8
3005	telomere	33eed2de-cb4f-4f90-ac15-a018ff63c18e	24369	25112	+	26106	792	91.4%	727	13	3	52
3009	telomere	33eed2de-cb4f-4f90-ac15-a018ff63c18e	25234	25682	+	26106	486	90.1%	439	8	1	39
3013	telomere	33eed2de-cb4f-4f90-ac15-a018ff63c18e	25700	25760	+	26106	60	100.0%	60	0	0	0
3017	telomere	33eed2de-cb4f-4f90-ac15-a018ff63c18e	25776	25820	+	26106	44	100.0%	44	0	0	0
3021	telomere	33eed2de-cb4f-4f90-ac15-a018ff63c18e	25855	25903	+	26106	51	94.1%	48	0	0	3
3025	telomere	33eed2de-cb4f-4f90-ac15-a018ff63c18e	25933	26106	+	26106	184	91.8%	169	4	0	11
3029	telomere	09db2a9d-186d-406d-ab6e-bc536fb48943	0	1514	-	15562	1527	98.0%	1505	1	8	21
3033	telomere	a73d2ee7-4489-4194-b511-2969a0ab6558	1	1255	-	26657	1254	98.3%	1243	1	10	10
3037	telomere	0939bcfa-5b6e-4846-b004-0e86fae8c053	14675	15728	-	28629	1100	94.5%	1042	8	3	50
3041	telomere	0939bcfa-5b6e-4846-b004-0e86fae8c053	13091	13165	+	28629	77	91.0%	71	2	1	4
3045	telomere	0939bcfa-5b6e-4846-b004-0e86fae8c053	13201	13373	+	28629	178	90.0%	162	8	2	8
3049	telomere	0939bcfa-5b6e-4846-b004-0e86fae8c053	13483	13567	+	28629	84	95.2%	80	4	0	0
3053	telomere	0939bcfa-5b6e-4846-b004-0e86fae8c053	13646	13686	+	28629	41	92.7%	38	2	0	1
3057	telomere	0939bcfa-5b6e-4846-b004-0e86fae8c053	13744	13890	+	28629	150	94.0%	141	5	0	4
3061	telomere	0939bcfa-5b6e-4846-b004-0e86fae8c053	13942	13989	+	28629	47	93.6%	44	3	0	0
3065	telomere	0939bcfa-5b6e-4846-b004-0e86fae8c053	13996	14062	+	28629	66	97.0%	64	2	0	0
3069	telomere	0939bcfa-5b6e-4846-b004-0e86fae8c053	14198	14267	+	28629	69	92.8%	64	5	0	0
3073	telomere	b01143cd-f7e5-4955-b036-9d9b0b09a6e3	23467	23555	+	23571	88	98.9%	87	1	0	0
3077	telomere	c6be2463-af7d-46ad-b250-bd0de72f80b6	13174	13606	+	13606	426	93.4%	410	9	13	7
3081	telomere	25dbd815-a822-49a4-9535-d6c8a40e13db	8544	9629	+	14541	1171	90.0%	1059	20	6	92
3085	telomere	25dbd815-a822-49a4-9535-d6c8a40e13db	9758	9985	+	14541	234	95.7%	225	1	1	8
3089	telomere	25dbd815-a822-49a4-9535-d6c8a40e13db	10112	10748	+	14541	666	92.4%	621	9	6	36
3093	telomere	25dbd815-a822-49a4-9535-d6c8a40e13db	10832	11000	+	14541	180	92.2%	166	2	0	12
3097	telomere	25dbd815-a822-49a4-9535-d6c8a40e13db	11088	11359	+	14541	284	92.7%	265	4	2	15
3101	telomere	25dbd815-a822-49a4-9535-d6c8a40e13db	11421	13510	+	14541	2241	90.4%	2039	35	15	167
3105	telomere	25dbd815-a822-49a4-9535-d6c8a40e13db	13637	14538	+	14541	951	92.4%	883	13	5	55
3109	telomere	4344aa0e-4d99-4470-b746-8d0817956ced	14989	15058	+	15058	68	98.6%	68	0	1	0
3113	telomere	b1c3e778-8175-4ddd-a71b-358db45d7d4d	0	1262	-	5800	1292	97.1%	1257	2	3	33
3117	telomere	9ff4eae7-5475-42ed-8f04-5479c72421f7	12624	13726	+	16350	1183	89.2%	1062	33	7	88
3121	telomere	9ff4eae7-5475-42ed-8f04-5479c72421f7	13813	15991	+	16350	2340	88.5%	2091	65	22	184
3125	telomere	9ff4eae7-5475-42ed-8f04-5479c72421f7	16068	16350	+	16350	291	93.9%	275	5	2	11
3129	telomere	ff23ed57-8496-4d3d-ac47-1468b96e22a6	27	1396	-	27109	1375	98.8%	1363	2	4	10
3133	telomere	8b8ef6a3-4eeb-4b92-af91-099483d7c19f	0	890	-	18554	891	97.8%	880	1	9	10
3137	telomere	30bdbedd-9621-4b7a-bfa7-05b17d6d6d7d	0	23284	-	34645	23560	97.3%	23088	25	171	447
3141	telomere	aa2e9ac4-176a-478c-8462-55b1091c7ee1	3	808	-	15431	811	94.0%	777	12	16	22
3145	telomere	152e7322-3e10-4bc3-ad63-decd7b3d47e0	21	9290	-	9290	9517	95.8%	9174	39	56	304
3149	telomere	4e1aa42a-8056-4bd6-a3ca-37ffccc6dfb1	18512	19309	+	19360	851	91.2%	779	15	3	57
3153	telomere	4e1aa42a-8056-4bd6-a3ca-37ffccc6dfb1	19315	19360	+	19360	45	95.6%	43	2	0	0
3157	telomere	8e5004d4-22f5-4d5a-8414-58dd571f2295	0	1178	-	34813	1192	95.9%	1158	5	15	29
3161	telomere	d3fd4c0f-4a56-4631-9917-4548417c9d0c	2	1277	-	15475	1292	97.9%	1270	0	5	22
3165	telomere	de7fbc77-f567-47c7-8c5b-4d41b10e6990	6	813	-	23053	806	98.4%	800	0	7	6
3169	telomere	eefcccd1-5fa0-431a-996e-0f36ccee3235	0	93	-	23219	94	93.8%	90	1	2	3
3173	telomere	eefcccd1-5fa0-431a-996e-0f36ccee3235	174	222	-	23219	45	93.8%	45	0	3	0
3177	telomere	eefcccd1-5fa0-431a-996e-0f36ccee3235	359	1341	-	23219	983	89.6%	918	23	41	42
3181	telomere	eefcccd1-5fa0-431a-996e-0f36ccee3235	1446	3944	-	23219	2500	92.0%	2377	37	84	86
3185	telomere	eefcccd1-5fa0-431a-996e-0f36ccee3235	4036	5315	-	23219	1292	92.4%	1230	10	39	52
3189	telomere	eefcccd1-5fa0-431a-996e-0f36ccee3235	5458	7587	-	23219	2108	92.0%	2025	12	92	71
3193	telomere	eefcccd1-5fa0-431a-996e-0f36ccee3235	7711	17197	-	23219	9555	90.8%	9000	128	358	427
3197	telomere	eefcccd1-5fa0-431a-996e-0f36ccee3235	17465	20311	-	23219	2883	89.7%	2686	48	112	149
3201	telomere	eefcccd1-5fa0-431a-996e-0f36ccee3235	20328	20391	-	23219	60	92.2%	59	0	4	1
3205	telomere	eefcccd1-5fa0-431a-996e-0f36ccee3235	20471	20554	-	23219	78	91.7%	77	0	6	1
3209	telomere	2a24bed2-4e4e-4a7a-928b-849246540145	4	916	-	30426	902	98.4%	899	1	12	2
3213	telomere	3ec1ecc6-8543-4809-bf47-3f76022dc55e	32802	32866	+	32869	64	96.9%	63	0	1	1
3217	telomere	caab90b6-44c9-4465-9b3d-67a4ac532d89	57	15156	-	24453	15319	96.5%	14927	28	144	364
3221	telomere	7210ef1d-7fef-42bf-a59f-5ba33570da03	0	8396	-	12471	8706	94.7%	8287	65	44	354
3225	telomere	7210ef1d-7fef-42bf-a59f-5ba33570da03	8481	12471	-	12471	4143	94.0%	3922	40	28	181
3229	telomere	3d989efc-d049-4363-84d8-085f1ac1442a	1	1007	-	11353	1015	97.6%	997	2	7	16
3233	telomere	dad587bf-359a-4d44-89c7-8317fde47f83	18948	19081	+	19083	143	91.6%	131	2	0	10
3237	telomere	31198df2-1024-44e1-ba13-dd3947668fdc	25007	25096	+	25097	90	94.5%	86	2	1	2
3241	telomere	62b398d3-fa77-4b5b-acc5-e271e9f3b797	7	17716	-	20594	18128	95.3%	17453	79	177	596
3245	telomere	d035ffae-ec22-49e5-9f67-17821230efed	11	886	-	7127	880	98.0%	868	1	6	11
3249	telomere	05320109-684b-4545-8957-55797e68643e	9	1390	-	7696	1382	98.9%	1374	0	7	8
3253	telomere	e57e8885-f965-4c18-a795-f3a66f5d3c46	6871	6929	+	8661	58	96.6%	56	2	0	0
3257	telomere	e57e8885-f965-4c18-a795-f3a66f5d3c46	6945	8486	+	8661	1662	90.7%	1509	30	2	123
3261	telomere	e57e8885-f965-4c18-a795-f3a66f5d3c46	8551	8617	+	8661	66	100.0%	66	0	0	0
3265	telomere	903ee2e7-2093-4030-8d0f-0c649c9b4177	0	1068	-	9120	1070	98.3%	1059	2	7	9
3269	telomere	5abeee55-4dd5-4e68-b2b3-60f3da55e69f	1	1309	-	13291	1343	96.5%	1300	4	4	39
3273	telomere	eb128457-f8b5-4cd2-a266-40a79ae3b8f7	5197	5372	+	5393	179	95.0%	171	3	1	5
3277	telomere	130f9eb8-4c70-4f1e-83eb-b3cd32bef67e	22096	22137	+	22137	41	100.0%	41	0	0	0
3281	telomere	8f2c085f-6f5a-4ff7-81f4-0c735abb203b	0	1157	-	20830	1158	99.6%	1155	0	2	3
3285	telomere	5a1874b4-b411-496f-a721-99a3abc36e04	0	4389	-	4389	4595	89.9%	4199	113	77	283
3289	telomere	eba134bc-e3b0-4126-a6dd-317749cb31a5	21166	21223	+	21223	57	100.0%	57	0	0	0
3293	telomere	d0140d5d-7d79-4a00-b498-b51dc11dec3f	1	569	-	3983	560	96.9%	555	0	13	5
3297	telomere	95ec98d5-48e1-4364-89a8-1908ecbf549c	0	703	-	19361	709	98.0%	699	0	4	10
3301	telomere	2f80b927-ad87-47dd-a3f7-fb63a184c1f7	0	13898	-	26295	14200	96.2%	13739	73	86	388
3305	telomere	2f80b927-ad87-47dd-a3f7-fb63a184c1f7	13991	14444	-	26295	500	82.5%	421	22	10	57
3309	telomere	2f80b927-ad87-47dd-a3f7-fb63a184c1f7	14530	19795	-	26295	5512	92.4%	5138	79	48	295
3313	telomere	2f80b927-ad87-47dd-a3f7-fb63a184c1f7	19895	25462	-	26295	5824	91.9%	5413	90	64	321
3317	telomere	1981dc8b-b93f-461e-9c7e-27f6f142d88b	16550	16628	+	16628	78	96.2%	75	3	0	0
3321	telomere	28516183-7652-4391-b460-629ec35cab21	0	563	-	20949	554	95.3%	544	2	17	8
3325	telomere	bc710f5b-cef8-4eaf-826a-772383454c79	1	1341	-	35529	1343	97.4%	1323	1	16	19
3329	telomere	3556b9a5-81be-47ab-a755-2ef89a1f44ec	9	2658	-	6367	2689	93.4%	2565	26	58	98
3333	telomere	a3210724-40f1-44ab-bed3-64f5bbc182d1	14262	15352	+	15354	1185	89.0%	1060	24	6	101
3337	telomere	23287a51-dc68-41fa-a755-694745b2b153	25816	25857	+	25877	41	100.0%	41	0	0	0
3341	telomere	0e826fbe-44f6-4fbc-bb03-e8e781edf4a6	0	453	-	14148	468	94.5%	446	3	4	19
3345	telomere	0e826fbe-44f6-4fbc-bb03-e8e781edf4a6	544	14148	-	14148	13986	96.1%	13504	37	63	445
3349	telomere	ce458c6f-4278-4165-92e9-9bfcc88c21ae	22518	22606	+	35281	90	91.1%	82	6	0	2
3353	telomere	ce458c6f-4278-4165-92e9-9bfcc88c21ae	23136	23178	+	35281	41	95.2%	40	1	1	0
3357	telomere	ce458c6f-4278-4165-92e9-9bfcc88c21ae	22661	22703	+	35281	42	95.2%	40	2	0	0
3361	telomere	ce458c6f-4278-4165-92e9-9bfcc88c21ae	22716	22756	+	35281	40	95.0%	38	2	0	0
3365	telomere	8d5a6adf-e5e2-418b-af76-1b2ade91accc	0	12152	-	13115	12231	98.5%	12097	5	50	129
3369	telomere	14c37e4f-5175-42ce-a421-f35b86f807ba	60	4402	-	19084	4456	94.1%	4246	42	54	168
3373	telomere	14c37e4f-5175-42ce-a421-f35b86f807ba	4588	5541	-	19084	994	90.3%	912	25	16	57
3377	telomere	14c37e4f-5175-42ce-a421-f35b86f807ba	5716	6479	-	19084	783	92.8%	739	11	13	33
3381	telomere	14c37e4f-5175-42ce-a421-f35b86f807ba	6581	9718	-	19084	3276	91.5%	3032	68	37	176
3385	telomere	14c37e4f-5175-42ce-a421-f35b86f807ba	9806	10325	-	19084	534	95.4%	513	2	4	19
3389	telomere	14c37e4f-5175-42ce-a421-f35b86f807ba	10420	12023	-	19084	1662	92.7%	1562	18	23	82
3393	telomere	14c37e4f-5175-42ce-a421-f35b86f807ba	12103	13029	-	19084	981	89.9%	891	25	10	65
3397	telomere	14c37e4f-5175-42ce-a421-f35b86f807ba	13170	15838	-	19084	2786	92.3%	2595	47	26	144
3401	telomere	14c37e4f-5175-42ce-a421-f35b86f807ba	15964	18977	-	19084	3137	92.4%	2930	48	35	159
3405	telomere	531321ee-c650-4aa3-8b07-baff977fd13f	23166	23266	+	23268	100	98.0%	98	2	0	0
3409	telomere	58bd55e1-3d6d-408d-9c8c-7a52706b4013	0	845	-	26752	847	97.8%	835	3	7	9
3413	telomere	1d997edc-b9cd-42c2-be3e-f47b36f651c2	0	905	-	5937	906	97.8%	895	1	9	10
3417	telomere	88094c45-d2a1-40d9-a96d-c901c080e455	4	1023	-	31206	1016	99.5%	1015	0	4	1
3421	telomere	683a0697-cc6a-4876-993f-5488e5a4ff38	12	739	-	13987	729	97.6%	719	0	8	10
3425	telomere	446ca024-3757-4a0a-9a27-6f9bdf0af6ca	12523	12630	+	12636	107	100.0%	107	0	0	0
3429	telomere	7aa81487-7db9-4240-a06a-d4c0d4382481	0	761	-	9709	756	96.9%	745	3	13	8
3433	telomere	191e02ab-59e6-4f41-b4c9-dcb9420d3af8	1	860	-	14342	863	97.9%	852	0	7	11
3437	telomere	1c63fc78-6772-4b0e-bcb5-a9aa61b37829	0	465	-	18105	478	93.2%	452	6	7	20
3441	telomere	f7b5ca5a-be48-458a-ba68-ccb9942c8b99	0	1275	-	15374	1308	96.9%	1270	2	3	36
3445	telomere	956a59d6-770b-41d8-a7d0-93c5d943c81b	7	1162	-	26588	1167	94.1%	1118	16	21	33
3449	telomere	1e6eea76-0aa4-40fe-9ccf-e33f4965cc84	1	999	-	16146	1003	98.7%	994	0	4	9
3453	telomere	bb26e792-bcba-493a-8f9a-260667906e5e	0	630	-	16913	624	97.2%	615	6	9	3
3457	telomere	6b90d028-406a-4c56-9b8d-765bf649ba21	7950	8101	+	8119	155	93.0%	147	1	3	7
3461	telomere	44a715d8-b091-4d6a-9104-bd7cd1bf98c6	0	706	-	26993	701	98.7%	699	0	7	2
3465	telomere	9c5751f5-c63c-4c92-adff-68355c2af773	21106	21225	+	21225	118	95.8%	114	4	1	0
3469	telomere	269090e0-e71a-4e8e-a46f-1193c0ba9c70	0	618	-	24975	613	97.9%	609	0	9	4
3473	telomere	c18d5239-a47d-45d7-8598-b823d4109877	30833	30890	+	30890	61	93.4%	57	0	0	4
3477	telomere	17159285-79ec-4447-a2bd-95618c105f82	20142	20216	+	20228	77	94.8%	73	1	0	3
3481	telomere	d4d4290e-0712-4797-9a0a-ece32b931e9e	19478	19523	+	19523	47	91.7%	44	0	1	3
3485	telomere	f93eb805-73ff-4161-a903-5af6b6f7f21f	32235	32286	+	32298	53	96.2%	51	0	0	2
3489	telomere	4786125a-19bc-4c5e-9360-dfbff92f61e1	25511	25576	+	25579	65	100.0%	65	0	0	0
3493	telomere	20cf8050-3ba8-4738-b8a0-9ac2636a112d	10965	11054	+	11060	89	96.7%	87	1	1	1
3497	telomere	0c6a6a0b-8634-499a-8635-5f5346f2bdc2	0	636	-	28442	630	96.9%	623	0	13	7
3501	telomere	7b5ba6cb-8b73-4644-967e-a65438771ac9	0	25528	-	29533	25848	97.4%	25315	58	155	475
3505	telomere	7b5ba6cb-8b73-4644-967e-a65438771ac9	25753	29533	-	29533	3890	93.2%	3678	47	55	165
3509	telomere	9667f5fd-0174-4f48-aedb-6b970a4e2267	24558	24618	+	24630	60	100.0%	60	0	0	0
3513	telomere	7f89a059-23fd-4405-8e7e-753acead8978	16971	17141	+	17145	174	94.3%	165	4	1	5
3517	telomere	779c0ea6-bd11-4bcc-97a5-d4b19fccc7a3	0	823	-	10783	803	95.7%	793	4	26	6
3521	telomere	60e1603e-42ff-4e0a-b700-c6f008f39988	20	1494	-	7527	1483	98.3%	1465	2	7	16
3525	telomere	cccf1eed-d160-404a-a225-f31b259466c7	42816	42922	+	86641	107	98.1%	105	1	0	1
3529	telomere	cccf1eed-d160-404a-a225-f31b259466c7	42934	43000	+	86641	66	95.5%	63	3	0	0
3533	telomere	cccf1eed-d160-404a-a225-f31b259466c7	43063	43110	+	86641	47	93.6%	44	3	0	0
3537	telomere	cccf1eed-d160-404a-a225-f31b259466c7	43153	43671	+	86641	556	88.2%	494	20	4	42
3541	telomere	cccf1eed-d160-404a-a225-f31b259466c7	43696	43848	-	86641	159	93.1%	149	2	1	8
3545	telomere	404b61e7-905e-4f22-b733-386472587a5e	19041	19305	+	19305	275	92.8%	257	5	2	13
3549	telomere	822e683a-b350-4a34-94c5-dc3ba549adb3	7	874	-	13207	874	96.1%	852	2	13	20
3553	telomere	8ea9d6c7-6c3b-435b-a43c-b775cce4921e	0	828	-	23571	828	98.6%	821	2	5	5
3557	telomere	96170549-f313-429e-8289-7ee130a97e53	22733	22812	+	22812	83	91.7%	77	1	1	5
3561	telomere	a4719a42-4845-4cf9-a7f7-92f5a50bb564	0	1048	-	12271	1047	98.8%	1041	0	7	6
3565	telomere	89dbdc59-6558-454b-b7dc-685db4186656	11390	11457	+	11461	66	97.0%	65	1	1	0
3569	telomere	7b57654c-9916-435f-b07a-0677e883883a	0	434	-	11023	432	99.1%	431	0	3	1
3573	telomere	65e1de1d-54e4-455f-9e28-50d0636a336e	4	10738	-	10738	10808	98.6%	10693	7	34	108
3577	telomere	6e6d6eed-dbc6-4fb4-9da4-e3a1f8f5de23	0	188	-	41462	191	95.9%	185	1	2	5
3581	telomere	c844e749-cb31-49a1-8220-d81cd4d8ff7e	3	792	-	38874	788	98.6%	783	0	6	5
3585	telomere	600a1ce8-ba14-43ae-83d1-91c8ddab1723	10262	10373	+	10378	114	94.8%	109	1	1	4
3589	telomere	e8bb3e28-6e66-466d-be14-aba900dcfeea	9	659	-	13274	655	93.1%	625	9	16	21
3593	telomere	15609087-20c2-4b1a-9f0e-5baef32eb924	25578	25680	+	25680	107	94.4%	101	1	0	5
3597	telomere	db0d770c-52bc-49a6-8472-f405bbf91a3e	25173	25232	-	50114	63	90.5%	57	2	0	4
3601	telomere	db0d770c-52bc-49a6-8472-f405bbf91a3e	25274	26069	-	50114	835	93.1%	783	6	6	46
3605	telomere	db0d770c-52bc-49a6-8472-f405bbf91a3e	24929	24981	+	50114	54	92.6%	50	2	0	2
3609	telomere	db0d770c-52bc-49a6-8472-f405bbf91a3e	24997	25075	+	50114	78	91.0%	71	7	0	0
3613	telomere	db0d770c-52bc-49a6-8472-f405bbf91a3e	24767	24811	+	50114	46	93.5%	43	1	0	2
3617	telomere	db0d770c-52bc-49a6-8472-f405bbf91a3e	24227	24290	+	50114	66	90.9%	60	3	0	3
3621	telomere	db0d770c-52bc-49a6-8472-f405bbf91a3e	24483	24522	+	50114	40	92.7%	38	0	1	2
3625	telomere	db0d770c-52bc-49a6-8472-f405bbf91a3e	25130	25171	+	50114	41	95.1%	39	2	0	0
3629	telomere	08db3e66-3bdd-47b0-9235-12093b657b6a	5204	5934	+	6026	767	92.1%	709	18	3	40
3633	telomere	08db3e66-3bdd-47b0-9235-12093b657b6a	5975	6023	+	6026	48	100.0%	48	0	0	0
3637	telomere	493c8f40-6cf0-40c8-8da2-0d68d3b491d1	0	757	-	24823	758	96.6%	742	5	10	11
3641	telomere	d524658d-d7d3-43c1-b988-5cd2ffc4f478	2	13371	-	13371	13723	96.2%	13265	39	65	419
3645	telomere	286d4f4f-a51e-4fe9-9c9e-8d66a67d14ee	0	616	-	7603	615	98.2%	609	2	5	4
3649	telomere	fcb2f80b-36e1-4663-a13d-4716ccfaa6fc	17903	17957	+	17957	54	96.3%	52	2	0	0
3653	telomere	244dec15-7ff5-4d89-a78b-767ea07a9cf9	0	993	-	13246	1004	97.9%	987	2	4	15
3657	telomere	11c63733-e8ce-4e66-8b10-2891c38f626a	5	19798	-	25951	20235	95.4%	19494	98	201	643
3661	telomere	11c63733-e8ce-4e66-8b10-2891c38f626a	19942	20589	-	25951	689	88.3%	620	14	13	55
3665	telomere	11c63733-e8ce-4e66-8b10-2891c38f626a	20713	22064	-	25951	1453	87.6%	1299	22	30	132
3669	telomere	32c2a29f-b8d9-4144-b0f3-695ed228fdca	0	437	-	19135	435	96.8%	428	2	7	5
3673	telomere	d4b167d8-4fcb-4af8-a481-a06b9da2d171	0	906	-	33507	918	97.6%	901	0	5	17
3677	telomere	d9d22d85-ea84-4a8a-b4b0-d9252944131b	32605	32694	+	32705	89	100.0%	89	0	0	0
3681	telomere	8cd5c30b-e790-469e-bcc4-1b9db75522c2	7638	9136	+	9202	1629	89.5%	1462	31	5	136
3685	telomere	8cd5c30b-e790-469e-bcc4-1b9db75522c2	9149	9202	+	9202	57	93.0%	53	0	0	4
3689	telomere	912c133f-e3d0-41c0-8aab-145dbaf75d5a	6	953	-	16860	949	98.4%	940	1	6	8
3693	telomere	725b932f-1dd2-49c6-9bc3-abe37bab93e8	27324	27458	+	27471	143	92.3%	132	2	0	9
3697	telomere	476689de-7aa7-4bdc-ac4c-cdf38f3335a2	20181	20345	+	20345	177	92.1%	163	1	0	13
3701	telomere	b429c88a-0b03-42b9-884e-890da8accf19	1	843	-	11109	839	99.2%	837	0	5	2
3705	telomere	f07789de-9eeb-49a1-b626-b532218e35d3	25198	25258	+	25259	60	100.0%	60	0	0	0
3709	telomere	24496cf1-e2ce-444f-8355-1ed4bbbd96df	2	679	-	3209	680	97.8%	671	0	6	9
3713	telomere	06a6369d-f7e8-4607-b4bf-dd9bebe8de1e	0	958	-	34318	979	94.1%	935	8	15	36
3717	telomere	e9447ea7-1af9-4f11-aa86-d1b350e95e30	22520	22579	+	22580	59	100.0%	59	0	0	0
3721	telomere	4576afa1-da17-473e-991a-4a064aa9383d	17699	17798	+	17808	101	96.1%	98	0	1	3
3725	telomere	f9dc0bf0-0a15-47f4-b169-7458b7e2e92a	0	11569	-	20686	11650	98.8%	11536	2	31	112
3729	telomere	8ec7cf74-6d6e-42e7-be7d-15b4e8394663	11715	12018	+	12018	322	90.7%	292	11	0	19
3733	telomere	3c0a44fe-b5f0-48da-8004-31884b57cafb	0	995	-	24311	993	97.6%	981	2	12	10
3737	telomere	a078059b-eec5-4acf-af2d-1a080e1ab3e9	0	1065	-	27814	1080	97.5%	1058	2	5	20
3741	telomere	bc619238-319a-4e22-bad4-392ba86fce33	0	732	-	17078	743	94.2%	712	7	13	24
3745	telomere	b9c84593-b3de-4c1c-b75e-dd71deffb9f3	16633	16675	+	16685	41	92.9%	39	2	1	0
3749	telomere	8adf4524-7e40-4cc3-8cff-6edb586b1ad4	0	11284	-	17753	11332	98.5%	11222	3	59	107
3753	telomere	281572ff-53e2-4b4e-9148-b420e7765968	0	13283	-	20590	13392	95.0%	12958	72	253	362
3757	telomere	2b9349b8-110b-4712-97ed-fc43c3e18bd2	1	804	-	35932	797	99.0%	796	0	7	1
3761	telomere	863b0943-4d48-4874-b449-fa0b4db32e51	1	830	-	28672	830	96.8%	816	0	13	14
3765	telomere	81f896e1-8e75-4082-ac4f-08d4c25c843a	7	16364	-	22080	16647	95.9%	16122	67	168	458
3769	telomere	1ccc4a91-7f8b-4d66-9116-8ba2d394597f	47	14856	-	19550	15127	95.2%	14570	54	185	503
3773	telomere	016e18bb-17b7-443d-927f-50f9eef8f494	5	1125	-	18187	1143	95.1%	1098	10	12	35
3777	telomere	04ccfc8a-91d4-48e0-b635-1cf6c1c24ad3	0	1166	-	29426	1172	99.0%	1163	0	3	9
3781	telomere	06e49eb7-b506-4e91-b7ec-3844890832e9	4	1394	-	5137	1415	96.1%	1371	7	12	37
3785	telomere	9ca5dbe5-ef30-4f41-ac63-06c3d750bd44	27545	27641	+	27671	101	93.1%	94	2	0	5
3789	telomere	cff69a72-59ea-482d-a4fb-5e075eaf9f9e	33101	33263	+	33263	171	91.9%	158	3	1	10
3793	telomere	0f7cd2dd-510f-4335-ae65-16020d164f46	9770	9823	+	14690	54	90.9%	50	2	1	2
3797	telomere	0f7cd2dd-510f-4335-ae65-16020d164f46	9867	12595	+	14690	2953	89.6%	2659	54	15	240
3801	telomere	0f7cd2dd-510f-4335-ae65-16020d164f46	12667	13334	+	14690	714	90.0%	648	13	6	53
3805	telomere	0f7cd2dd-510f-4335-ae65-16020d164f46	13411	14658	+	14690	1322	91.8%	1218	24	5	80
3809	telomere	da47ebf0-655c-4200-8716-5cc8fc250fb2	0	854	-	7396	872	95.7%	843	2	9	27
3813	telomere	ca137c2f-c2df-4ef7-a3b4-7511f102358f	0	906	-	12193	906	98.2%	897	2	7	7
3817	telomere	3b45349c-5613-4d2b-8b68-a5904a7a136b	21	1240	-	14276	1237	97.7%	1212	3	4	22
3821	telomere	675adff8-48ee-4dcd-bd9f-da4651b99e96	0	968	-	11853	980	97.7%	961	3	4	16
3825	telomere	8cc750dd-172a-4fd1-977e-006b5fe99811	0	1033	-	14036	1027	99.0%	1025	0	8	2
3829	telomere	97289164-38a4-43ee-b306-3a8f42d4aea6	22763	22847	+	22847	85	98.8%	84	0	0	1
3833	telomere	28d70a0a-7fde-4c18-b257-6f2d02a95dac	0	1250	-	9731	1262	98.1%	1243	2	5	17
3837	telomere	802ece36-fabe-4d44-9cf5-328bb3753428	0	539	-	11121	527	97.6%	526	1	12	0
3841	telomere	0251a94d-1648-42da-b9f4-a795d6282bcd	33047	33099	+	33099	52	96.2%	50	2	0	0
3845	telomere	1c7ef395-ddc0-4bbf-88ea-53ee2815413c	0	1299	-	5842	1301	97.0%	1277	7	15	17
3849	telomere	263762ea-d4d6-46dd-8894-37e9f09b0e76	0	1296	-	10497	1320	97.4%	1289	4	3	27
3853	telomere	f072a131-d5f7-4cba-b5d4-16302f2046d6	8228	8282	+	8282	54	94.4%	51	3	0	0
3857	telomere	7846ffb7-2aaa-4627-8cfe-1d4fcd70de23	0	4404	-	4427	4506	91.9%	4235	66	103	205
3861	telomere	63d7f26b-7c22-471f-b35f-9b48942c8874	5	875	-	34040	871	99.4%	867	2	1	2
3865	telomere	c4f4fcc9-53dc-45da-9896-0c4d930100c1	4434	4516	+	4519	83	98.8%	82	0	0	1
3869	telomere	5b24f981-75f7-46ed-b930-5763e8edda0f	0	5694	-	6711	5792	96.5%	5635	13	46	144
3873	telomere	9fbd6beb-bcd3-4120-a612-1f0bd28abfac	8	1372	-	23673	1374	98.8%	1361	0	3	13
3877	telomere	ddb5fcb5-3b4b-4d3a-adc2-183348ee318e	0	1025	-	20960	1038	98.5%	1022	3	0	13
3881	telomere	afa5b007-4ff2-4e7d-a3cc-35fa9525a7d5	22929	23062	+	23062	135	97.0%	131	2	0	2
3885	telomere	4752c32a-0d71-4718-ac96-1483fac29914	0	560	-	22268	554	96.8%	547	2	11	5
3889	telomere	0627a218-4729-4665-8066-081d12511c74	0	923	-	9130	930	95.6%	901	10	12	19
3893	telomere	1f637560-3194-499f-92db-453ad2329b0c	0	1002	-	24758	1014	97.4%	994	1	7	19
3897	telomere	dcfc9adc-3534-4794-a394-1b074a7c1c23	0	533	-	19270	533	97.4%	526	0	7	7
3901	telomere	95b742a0-8019-4585-942d-bdb3172c64f4	2847	3002	+	3002	162	92.1%	151	2	2	9
3905	telomere	71c68cce-21ba-434d-b6a3-9ff899fe8439	0	898	-	11429	906	98.6%	895	1	2	10
3909	telomere	1b0fc29e-ef65-49ed-a274-229375ae66e7	0	1381	-	17495	1384	99.2%	1377	0	4	7
3913	telomere	b2523f2e-a6e5-434b-953c-2f2455c22faa	10	1421	-	32882	1429	97.9%	1404	2	5	23
3917	telomere	47a0ecbe-3212-4e23-8a60-f7b4d18fcde6	0	550	-	24224	550	96.2%	538	3	9	9
3921	telomere	69e71caa-9f7c-48ac-b609-20b439457ad1	30167	30241	+	30241	75	98.7%	74	0	0	1
3925	telomere	8813f2cd-0d2d-43e4-9dfa-23e751e6bac9	4	2148	-	5366	2157	97.9%	2125	5	14	27
3929	telomere	635a25dc-3836-4269-a06d-1ac5f6abd595	20232	20300	+	20300	69	95.7%	67	0	1	2
3933	telomere	2a266d7c-5f09-49be-a883-37d889d8f92c	28	1243	-	23820	1273	93.4%	1197	9	9	67
3937	telomere	5ed37d61-4618-4c83-9c24-b3ddbab302b7	36939	37007	-	73442	69	91.4%	64	3	1	2
3941	telomere	5ed37d61-4618-4c83-9c24-b3ddbab302b7	37033	37498	-	73442	497	88.0%	441	20	4	36
3945	telomere	5ed37d61-4618-4c83-9c24-b3ddbab302b7	37584	37998	-	73442	449	90.0%	407	4	3	38
3949	telomere	5ed37d61-4618-4c83-9c24-b3ddbab302b7	35550	35675	+	73442	133	89.6%	120	4	1	9
3953	telomere	5ed37d61-4618-4c83-9c24-b3ddbab302b7	35721	35763	+	73442	42	97.6%	41	1	0	0
3957	telomere	5ed37d61-4618-4c83-9c24-b3ddbab302b7	36121	36249	+	73442	131	92.4%	121	7	0	3
3961	telomere	5ed37d61-4618-4c83-9c24-b3ddbab302b7	35933	35981	+	73442	48	93.8%	45	3	0	0
3965	telomere	5ed37d61-4618-4c83-9c24-b3ddbab302b7	36776	36868	+	73442	94	92.6%	87	5	0	2
3969	telomere	5ed37d61-4618-4c83-9c24-b3ddbab302b7	36370	36424	+	73442	54	92.6%	50	4	0	0
3973	telomere	5ed37d61-4618-4c83-9c24-b3ddbab302b7	36564	36605	+	73442	42	92.9%	39	2	0	1
3977	telomere	4adfcf3b-9950-402c-93cc-e7addd9c544f	22463	22510	+	22551	47	100.0%	47	0	0	0
3981	telomere	ad4e2e51-6761-478f-9eaa-1af56670fa3f	9631	9724	+	9724	100	93.0%	93	0	0	7
3985	telomere	fa94f406-3655-48ef-8b37-dc74341a691f	12289	12612	+	13049	330	93.1%	308	14	1	8
3989	telomere	fa94f406-3655-48ef-8b37-dc74341a691f	12686	13049	+	13049	387	90.3%	352	8	3	27
3993	telomere	502d82c2-3bc3-4ab4-ba4e-d00f7715aac2	4806	4877	+	4880	72	94.4%	68	3	0	1
3997	telomere	413c1be4-4db6-492e-8ba7-d46edea254e2	11462	12065	+	12065	621	91.4%	571	28	4	22
4001	telomere	8688bac5-ccd3-47a8-8055-9dd43a4df697	0	7175	-	21844	7195	97.1%	7074	13	88	108
4005	telomere	0750f225-8a93-47e8-abe3-890216258806	28575	28641	+	28715	65	98.5%	65	0	1	0
4009	telomere	fbe1dbcb-1875-430c-b985-d6b90d0c58b6	15172	15284	+	15299	115	94.0%	109	2	1	4
4013	telomere	eaf16106-a7ef-47e3-be84-ebbf666a987a	0	590	-	12285	594	95.5%	577	3	10	14
4017	telomere	cced0bd6-824f-4428-8861-662f4ff48b99	0	19518	-	31125	19828	96.8%	19337	43	138	448
4021	telomere	ba0f64e1-3df5-4f72-a513-c8783b266ca5	0	1107	-	24563	1106	97.9%	1094	2	11	10
4025	telomere	db5e9f79-8c7c-40e5-aa1d-2df42e21baf6	32323	32389	+	32412	65	97.0%	64	1	1	0
4029	telomere	1b077726-15e5-40b4-9d78-dfbd35914d1d	3	1244	-	23258	1261	97.7%	1236	1	4	24
4033	telomere	b065d6c0-b578-49a0-8bb1-08a12e4b8903	0	645	-	13158	631	96.5%	626	1	18	4
4037	telomere	cc6bd1f1-d63c-4589-865f-adac444b9000	0	1102	-	30236	1104	99.1%	1098	0	4	6
4041	telomere	5bb0d2e7-d62c-4384-9e16-652d17a7e58b	5370	6038	+	6460	701	92.8%	653	12	3	36
4045	telomere	5bb0d2e7-d62c-4384-9e16-652d17a7e58b	6100	6212	+	6460	112	99.1%	111	1	0	0
4049	telomere	5bb0d2e7-d62c-4384-9e16-652d17a7e58b	6347	6459	+	6460	112	95.6%	108	3	1	1
4053	telomere	b3e68c1f-854f-44e5-bed6-2913817efac6	14027	14078	+	14080	53	96.2%	51	0	0	2
4057	telomere	15958f68-fa0a-4958-bde3-b3fe7d7811b8	4	1457	-	4222	1496	91.5%	1402	15	36	79
4061	telomere	dbdb1577-7566-43fa-b1f3-e2f49fc1d5ec	0	561	-	20021	555	96.3%	545	5	11	5
4065	telomere	c3974b9d-b173-4a55-9f13-a123c9097ea9	2	9584	-	13716	9833	94.7%	9412	68	102	353
4069	telomere	46844868-82ec-4dcf-930d-86ff9ca214d1	23671	23772	+	23811	101	99.0%	100	1	0	0
4073	telomere	84b3ad58-727a-48d4-b1c9-f65dcce30533	10688	11011	+	11011	341	92.4%	315	8	0	18
4077	telomere	69fc78db-4bab-4bfe-9114-1988a1b08a01	0	933	-	28143	925	98.8%	923	1	9	1
4081	telomere	18563b3a-ff33-4cb6-9352-217f75202b8a	0	841	-	14611	834	98.5%	831	0	10	3
4085	telomere	1045b501-47fb-4371-9baa-195b7bd227bd	0	573	-	25761	576	94.9%	558	3	12	15
4089	telomere	7a7015a5-eb89-4dd3-b73c-e5926b824bc3	2167	3179	+	3399	1107	88.7%	985	23	4	99
4093	telomere	7a7015a5-eb89-4dd3-b73c-e5926b824bc3	3267	3399	+	3399	134	98.5%	132	0	0	2
4097	telomere	6d96e908-d189-456a-8fea-c3b387244c90	22550	22616	+	22624	66	98.5%	65	1	0	0
4101	telomere	9efbb39e-e462-4be7-aed4-15629a3b8630	10924	10989	+	11033	65	100.0%	65	0	0	0
4105	telomere	04b2be5d-9025-46a4-81b5-d9ce9dbdd0d5	0	444	-	7858	442	97.8%	437	2	5	3
4109	telomere	fa6ccb7d-645c-467c-8680-899066d09c31	0	506	-	27248	504	99.2%	503	0	3	1
4113	telomere	b95d2380-1c09-4fb3-85aa-994262b024bf	0	421	-	29095	426	92.4%	402	10	9	14
4117	telomere	a92cb5d2-235c-4ee9-80fa-61025e081d2f	18189	18274	+	18274	85	98.8%	84	1	0	0
4121	telomere	39823a0c-e09c-4a3a-b0de-bdfa8e4ef2ba	0	10887	-	38905	10923	96.7%	10705	30	152	188
4125	telomere	39823a0c-e09c-4a3a-b0de-bdfa8e4ef2ba	31406	31599	-	38905	195	98.0%	192	0	1	3
4129	telomere	454c4a53-8374-4b64-8801-4f2baf441eb7	18352	18450	+	18456	99	96.0%	95	3	0	1
4133	telomere	568471a0-3aca-442b-b285-67ee818949a5	0	882	-	13171	882	94.9%	856	6	20	20
4137	telomere	ed22835b-a095-46be-a5db-9c2c7f01a8f7	0	719	-	11961	721	96.4%	705	4	10	12
4141	telomere	5f5b285e-ab5b-4fff-a8e8-2526e68a7cce	0	6528	-	16045	6567	98.3%	6488	6	34	73
4145	telomere	0b3ed972-91de-4cc4-ad74-36e7976624f8	21791	21862	+	21864	72	93.2%	68	2	1	2
4149	telomere	7203abb2-3906-4e78-8418-ead1e61eb492	37764	37876	+	37876	117	92.3%	108	4	0	5
4153	telomere	42b59706-f9f1-45b7-86b9-162942e1146b	0	104	-	14455	107	94.4%	101	3	0	3
4157	telomere	754b3040-1080-480b-8d5d-2c165187d497	3	640	-	14271	629	96.6%	620	4	13	5
4161	telomere	676779b3-a5df-495c-8f9c-6f9b33acbd20	12501	12577	+	12579	77	98.7%	76	0	0	1
4165	telomere	ead7ba93-16f9-405c-aad3-972c36a8abc9	5	167	-	30449	163	99.4%	162	0	0	1
4169	telomere	b560624c-b69a-4436-a29e-410dd8a3b643	13952	14080	+	14086	136	93.4%	127	1	0	8
4173	telomere	4ae2df1b-0047-4ce0-abea-445e1a9c5bda	17284	17359	+	17360	75	98.7%	74	1	0	0
4177	telomere	46db2e25-f195-4b8b-92c6-8cf6562d8b9b	0	23773	-	25516	24225	95.0%	23309	146	318	770
4181	telomere	1f1d38d8-d7da-4e3a-9ac7-ba1cdc018154	0	787	-	22435	786	99.4%	784	0	3	2
4185	telomere	4458f89d-d9e1-4dfd-8532-224b3e80a0bc	17771	17842	+	17860	71	100.0%	71	0	0	0
4189	telomere	ab9dd3bc-651a-41b3-b3d2-09cec7a4c82d	21834	21976	+	21986	149	92.6%	138	4	0	7
4193	telomere	57685990-644d-4026-aef6-352eac5ff897	0	8599	-	8636	8863	94.8%	8465	69	65	329
4197	telomere	2fbd9654-b080-4373-bdda-cc21595d66fb	7602	7776	+	7776	185	91.9%	171	2	1	12
4201	telomere	8e6537c1-5bfd-4e2a-a3b8-a09b1fcc8a68	0	1093	-	8782	1096	98.4%	1085	1	7	10
4205	telomere	592b5294-7539-4891-9d90-e08928440d06	0	1002	-	16266	993	98.2%	988	1	13	4
4209	telomere	d51d2603-56fd-4c80-8081-7cee5ee3dd06	25693	25832	+	25832	143	93.7%	134	5	0	4
4213	telomere	31ea3c7f-c478-4dd9-845a-31dd2ceaf0a3	16	889	-	29591	875	97.1%	860	2	11	13
4217	telomere	88a84998-e155-462f-90d5-7eb796de3fe2	1	574	-	23041	569	95.9%	559	0	14	10
4221	telomere	737a5cc1-8118-43a0-a028-4e9982958ac1	3	797	-	17139	797	95.8%	776	5	13	16
4225	telomere	6e482c00-9b6e-4319-b364-d5378a444fc7	16973	17080	+	17086	107	100.0%	107	0	0	0
4229	telomere	1d92f194-59f0-4c77-bd7a-89c29c9d6e09	0	443	-	9540	449	93.3%	429	3	11	17
4233	telomere	ed5e1aed-7a10-45bd-809f-622106c4f7b9	0	161	-	8276	168	92.4%	157	2	2	9
4237	telomere	ed5e1aed-7a10-45bd-809f-622106c4f7b9	388	694	-	8276	314	95.3%	302	1	3	11
4241	telomere	ed5e1aed-7a10-45bd-809f-622106c4f7b9	801	3167	-	8276	2472	91.4%	2288	46	32	138
4245	telomere	ed5e1aed-7a10-45bd-809f-622106c4f7b9	3248	5315	-	8276	2135	92.8%	2012	23	32	100
4249	telomere	ed5e1aed-7a10-45bd-809f-622106c4f7b9	5423	7573	-	8276	2255	91.0%	2081	38	31	136
4253	telomere	ed5e1aed-7a10-45bd-809f-622106c4f7b9	7694	8276	-	8276	602	92.7%	568	3	11	31
4257	telomere	f52480f9-c4cd-4c49-a0fc-17b846f52ca5	0	775	-	24357	774	97.1%	762	2	11	10
4261	telomere	c26ef33f-106d-49b9-a9ab-2031ecba7cb5	7376	7458	+	7490	82	98.8%	81	1	0	0
4265	telomere	fbc6a9ff-02b6-461b-8611-e1e4f100911b	21032	21073	+	21076	41	100.0%	41	0	0	0
4269	telomere	f38aef93-d73e-45f4-9a86-34c78d45e40e	18889	18950	+	18951	65	93.8%	61	0	0	4
4273	telomere	e0918cc0-63ed-4aa0-8638-2a9b08cdf9f5	34	883	-	13514	864	97.2%	844	1	4	19
4277	telomere	2ecec6eb-f812-480d-b7c6-16f1832e7701	3	1339	-	13155	1354	96.4%	1319	3	14	32
4281	telomere	d6a85a11-3cae-4700-b79c-7b17017eba9c	4	4572	-	16901	4570	97.9%	4518	6	44	46
4285	telomere	4f1e5f38-6b67-45f2-88d2-94cd6b1e2cba	18994	19091	+	19112	100	97.0%	97	0	0	3
4289	telomere	b092bede-0ed6-437c-93a2-a6e6c058a9ad	1	811	-	15414	811	97.8%	801	1	8	9
4293	telomere	474abc81-0a4f-42a3-9a61-b0309ee18aef	0	1352	-	30511	1364	98.0%	1344	1	7	19
4297	telomere	209b725f-612b-4498-b62d-f58017e68c2c	0	11986	-	11986	12057	98.9%	11956	3	27	98
4301	telomere	ef86123e-5227-4935-a206-043da9f8ab3f	31169	31357	+	31357	189	91.8%	178	5	5	6
4305	telomere	81fe5bc5-9d66-44dc-b375-1e9dba1f5548	22397	22628	+	22628	239	90.8%	218	12	1	9
4309	telomere	bbd26105-b95e-48d7-944c-39a3248f77cb	23818	23880	+	23915	66	92.4%	61	1	0	4
4313	telomere	e9c45e24-db1a-42ae-b389-c89928a56f8c	0	708	-	20739	702	98.0%	698	0	10	4
4317	telomere	18e3b397-a1db-432e-bdee-1d950f75252e	13	439	-	19536	431	91.7%	408	4	14	19
4321	telomere	4bbae74f-424f-4091-a092-b11761d0efb4	15462	15764	+	23827	316	92.8%	296	3	3	17
4325	telomere	4bbae74f-424f-4091-a092-b11761d0efb4	15867	18612	+	23827	2922	91.5%	2684	49	12	189
4329	telomere	4bbae74f-424f-4091-a092-b11761d0efb4	18694	18930	+	23827	251	91.7%	231	4	1	16
4333	telomere	4bbae74f-424f-4091-a092-b11761d0efb4	19040	19714	+	23827	750	87.6%	658	15	1	77
4337	telomere	4bbae74f-424f-4091-a092-b11761d0efb4	19788	20445	+	23827	708	90.8%	644	12	1	52
4341	telomere	4bbae74f-424f-4091-a092-b11761d0efb4	20551	21289	+	23827	814	86.9%	711	23	4	80
4345	telomere	4bbae74f-424f-4091-a092-b11761d0efb4	21363	21489	+	23827	126	100.0%	126	0	0	0
4349	telomere	4bbae74f-424f-4091-a092-b11761d0efb4	21642	22464	+	23827	894	89.5%	804	14	4	76
4353	telomere	4bbae74f-424f-4091-a092-b11761d0efb4	22561	22889	+	23827	354	90.4%	322	4	2	28
4357	telomere	4bbae74f-424f-4091-a092-b11761d0efb4	22977	23342	+	23827	391	91.3%	358	6	1	27
4361	telomere	4bbae74f-424f-4091-a092-b11761d0efb4	23416	23827	+	23827	439	92.7%	407	4	0	28
4365	telomere	b89a9220-a692-4994-a2e5-cb321cea8e93	54	476	+	4264	445	92.0%	412	7	3	26
4369	telomere	b89a9220-a692-4994-a2e5-cb321cea8e93	593	1512	+	4264	1006	88.2%	892	22	5	92
4373	telomere	b89a9220-a692-4994-a2e5-cb321cea8e93	1591	3501	+	4264	2046	89.1%	1840	52	18	154
4377	telomere	b89a9220-a692-4994-a2e5-cb321cea8e93	3576	4154	+	4264	620	88.1%	553	17	8	50
4381	telomere	b89a9220-a692-4994-a2e5-cb321cea8e93	4184	4264	+	4264	84	92.9%	79	0	1	5
4385	telomere	58366263-a2ef-4bae-9c0e-5fe9589bdc69	1	1019	-	6768	1026	97.8%	1008	5	5	13
4389	telomere	8c36a5c1-2324-4e67-b3b4-444d3695892c	0	873	-	28074	873	99.5%	871	0	2	2
4393	telomere	047504c3-4ae9-4ac5-a6ff-5bdacf9ecf26	1	9445	-	17398	9624	95.8%	9317	27	100	280
4397	telomere	62bc103e-6e2a-415b-84fc-c72758c446c4	25295	25365	+	25367	70	94.3%	66	4	0	0
4401	telomere	20d707a6-e8cd-4729-97f1-9c5c5920be88	25445	25654	+	25656	215	94.9%	204	5	0	6
4405	telomere	82d21b20-75e0-4d30-acff-03120211d0b1	0	1017	-	12091	1049	89.9%	965	27	25	57
4409	telomere	2d55f394-4ca4-4f25-b8dd-727ff9921e3b	0	776	-	11046	779	98.6%	771	2	3	6
4413	telomere	433623bd-97a5-4ac6-ab04-69a29a11133f	0	779	-	9805	774	98.8%	772	0	7	2
4417	telomere	ce60297f-2044-4869-9a35-b017fc53ec48	29	895	-	14382	864	98.9%	860	0	6	4
4421	telomere	be5f02a6-8f8a-4397-8223-28ec02d01004	17323	18056	+	18057	756	91.7%	708	9	16	39
4425	telomere	a9084b10-43cc-45c0-b225-5ce5c7763f7d	16681	16783	+	16787	102	100.0%	102	0	0	0
4429	telomere	1b695b58-6af0-4a45-907e-be7ce255396f	10924	10986	+	10998	65	95.4%	62	0	0	3
4433	telomere	21bae1c8-4685-40bd-b44b-0e15035b8a1f	1	685	-	23591	677	97.4%	671	1	12	5
4437	telomere	e10bd969-3a14-4f5d-8e9f-ddb57d3d3c8f	0	700	-	8565	693	96.9%	684	3	13	6
4441	telomere	2ac83c1b-1556-45e8-9923-5adde1578493	1	946	-	26954	947	98.6%	939	1	5	7
4445	telomere	bf4e41cf-ec46-4d6d-951d-4a5c9a29cfbe	3	925	-	8265	938	95.9%	908	5	9	25
4449	telomere	acc80be8-475e-498c-b5f3-14252402ce95	0	936	-	17470	930	98.5%	926	0	10	4
4453	telomere	2b1927a5-dc02-4a72-a948-390f699b8d2a	0	69	-	29862	71	95.8%	68	1	0	2
4457	telomere	d08b7a5e-3581-4212-af6b-b163ad1c304d	0	611	-	14470	604	97.7%	600	1	10	3
4461	telomere	822e619d-ad67-4832-93e8-190b480a9550	0	747	-	10938	779	90.2%	717	14	16	48
4465	telomere	822e619d-ad67-4832-93e8-190b480a9550	836	6548	-	10938	5832	93.7%	5561	48	103	223
4469	telomere	e7b400f6-b664-4302-8c1c-c5dba076add5	28063	28184	+	28184	123	96.7%	119	2	0	2
4473	telomere	469fa607-df82-44af-9efc-24888c5c868f	0	843	-	6269	863	95.0%	828	6	9	29
4477	telomere	b12e651a-e6aa-4d0f-aa8d-ee92d6957aa8	3918	3967	+	3967	49	100.0%	49	0	0	0
4481	telomere	a2da687c-5eaa-4637-a28a-c224af6441a9	18851	18989	+	18989	142	93.0%	133	4	1	5
4485	telomere	6507c0b4-4324-4514-92e6-ae15111a0498	0	1001	-	18116	1020	95.8%	987	4	10	29
4489	telomere	5471d9e5-e46a-4dfa-8365-b5e41939377b	0	346	-	8169	352	96.3%	342	1	3	9
4493	telomere	5471d9e5-e46a-4dfa-8365-b5e41939377b	508	5850	-	8169	5554	92.1%	5187	77	78	290
4497	telomere	22505926-1661-459e-b6d9-132c5be93ba9	21015	21804	-	41528	823	90.3%	755	21	13	47
4501	telomere	22505926-1661-459e-b6d9-132c5be93ba9	20159	20326	+	41528	180	90.6%	164	2	1	14
4505	telomere	22505926-1661-459e-b6d9-132c5be93ba9	20720	20795	+	41528	76	93.4%	71	4	0	1
4509	telomere	22505926-1661-459e-b6d9-132c5be93ba9	20840	21002	+	41528	179	88.3%	159	2	1	18
4513	telomere	331c7e63-8e91-4250-9d5b-31464a9f104d	8377	8419	+	8419	42	100.0%	42	0	0	0
4517	telomere	cae4ea79-c75f-4540-85d4-7957077e4803	0	793	-	28527	821	93.6%	780	1	12	40
4521	telomere	a3902428-1330-4c6f-a52a-e67912997d94	1	640	-	29290	642	95.7%	625	3	11	14
4525	telomere	58ee93b1-d652-405e-a73f-e7559cea715f	16643	18295	+	18344	1794	88.5%	1597	44	11	153
4529	telomere	58ee93b1-d652-405e-a73f-e7559cea715f	18301	18341	+	18344	40	97.5%	39	1	0	0
4533	telomere	65fb55fd-8938-4a7e-bcaf-343557de58be	8723	8850	+	8863	131	93.9%	124	2	1	5
4537	telomere	ef43ea08-ecf1-40ce-ac97-4648564f63e2	1	623	-	10212	611	98.2%	611	0	11	0
4541	telomere	f4081bb9-f242-4ebf-81de-ced070956f9d	12897	12948	+	12948	51	96.2%	50	0	1	1
4545	telomere	1316d791-cce5-4639-a370-798c8391b102	9423	9484	+	9486	61	100.0%	61	0	0	0
4549	telomere	e3344bd7-54ef-4348-8d08-fad9a47689e7	2	18673	-	19695	19173	95.1%	18377	138	156	658
4553	telomere	e3344bd7-54ef-4348-8d08-fad9a47689e7	18757	19695	-	19695	970	94.5%	922	10	6	38
4557	telomere	6a87aa39-566a-48dc-b54b-9dd4d37cf35e	0	1114	-	26064	1120	98.3%	1107	1	6	12
4561	telomere	7a0b0460-67b8-4190-9475-cff17005e002	12835	12946	+	12946	119	91.6%	109	2	0	8
4565	telomere	7654cbb5-d734-49ae-8f26-21de8255d252	15905	15965	+	15971	60	98.3%	59	1	0	0
4569	telomere	867f17e7-4f40-491d-b1cd-ddcb1e181db1	5362	5754	+	5754	425	90.4%	384	8	0	33
4573	telomere	70274038-e2ac-426c-a905-5600599f88a0	1	862	-	22418	859	94.1%	832	4	25	23
4577	telomere	ea307a83-2899-433e-8f43-465763376097	0	584	-	19544	576	95.4%	565	3	16	8
4581	telomere	81fe66b6-24e4-4c21-a043-f911528e2560	3	734	-	29523	735	96.4%	719	1	11	15
4585	telomere	897ea556-bb33-4dfc-ace2-b38b9d75676c	10316	10367	+	10367	51	96.1%	49	2	0	0
4589	telomere	b93e4f13-781b-45a0-9276-8603fe91334e	9053	9298	+	9298	238	96.7%	237	1	7	0
4593	telomere	f3f7cacc-abf7-4cdc-84c9-1d055df86686	0	1428	-	10990	1440	97.9%	1415	8	5	17
4597	telomere	dd0aa837-cc93-4063-965e-71992e15e0e3	0	955	-	15556	957	97.1%	942	0	13	15
4601	telomere	09628247-e937-48ca-83ee-5ccb8cce5fe7	0	7235	-	19084	7216	98.5%	7166	9	60	41
4605	telomere	56dc7ffd-f079-4d0d-a2d8-380268fd2a7a	0	1303	-	32740	1313	98.6%	1297	3	3	13
4609	telomere	cbfc728a-1978-4f43-b680-c921bf581859	9	1249	-	5473	1232	97.4%	1220	0	20	12
4613	telomere	d80f663a-3a80-44bb-b961-9a71c390fb86	0	1202	-	9531	1221	95.3%	1181	3	18	37
4617	telomere	27985629-af9c-4263-a629-3d63bcfd29a5	0	892	-	6527	888	97.6%	877	4	11	7
4621	telomere	bc923673-2c82-44ba-a494-2e970cb06bcf	25060	25236	+	25236	179	94.4%	170	5	1	4
4625	telomere	ed706826-b9d6-4e1c-b765-95b8772fcba3	30085	30186	+	30190	102	96.1%	98	3	0	1
4629	telomere	1704cd1f-05ed-4874-915e-5d5d1190eb22	15660	15768	+	15774	113	95.6%	108	0	0	5
4633	telomere	2ea62501-0185-47e9-8018-56fa07f081c5	19	15463	-	15463	15859	95.5%	15266	60	118	533
4637	telomere	e0427f18-d3dc-45b4-8ae0-21200adff4d0	0	511	-	19802	507	99.0%	506	1	4	0
4641	telomere	279cee07-9c18-4bf2-98ed-d319b7982d5f	0	983	-	16617	978	96.4%	961	3	19	14
4645	telomere	02f62a4a-3ed7-4c7b-92e8-403e722227d9	16089	16173	+	16173	84	95.2%	80	4	0	0
4649	telomere	6ef565c3-db56-41dd-a283-14a1d5a3dbd7	3	8750	-	19355	8899	95.7%	8613	29	105	257
4653	telomere	db40bdb5-7b22-467a-a9e4-80330bda0f28	20713	20772	+	20821	59	100.0%	59	0	0	0
4657	telomere	bea05025-7593-470f-a954-b69b75bec909	23437	23485	+	23493	48	100.0%	48	0	0	0
4661	telomere	7839e5bd-9020-4755-b67f-c32196d4923c	0	492	-	13619	486	98.0%	484	0	8	2
4665	telomere	e041b905-9d6b-484d-82d6-cbd92f142cfe	0	621	-	6150	611	98.1%	610	0	11	1
4669	telomere	eb16a81e-3260-426d-a0a4-bc7b725d0701	0	736	-	6572	732	97.8%	725	2	9	5
4673	telomere	48ed9174-75a4-4835-9e9b-d800ab58cc95	24851	24904	+	24906	53	100.0%	53	0	0	0
4677	telomere	519f7da8-e50b-4461-af50-753b07c966e6	23396	23443	+	23445	47	97.9%	46	1	0	0
4681	telomere	9d0bdae1-5ce8-4964-aa40-26b7d8074f09	4997	5239	+	5239	244	93.9%	232	7	3	5
4685	telomere	5c8d736b-52eb-40da-8c5c-1c479103758b	0	9481	-	26261	9471	98.6%	9405	4	72	62
4689	telomere	42ed50bc-0f49-4788-a02f-0a9b91c12b26	0	837	-	5499	839	98.1%	829	2	6	8
4693	telomere	9fb4c58c-49ba-462d-a775-74b85ce3322d	16927	16999	+	16999	76	92.1%	70	2	0	4
4697	telomere	6fee7dc2-b7f9-4300-bfad-b46236b40a1b	19436	19576	+	22393	141	97.2%	137	3	0	1
4701	telomere	6fee7dc2-b7f9-4300-bfad-b46236b40a1b	19651	22182	+	22393	2673	91.1%	2447	72	12	154
4705	telomere	6fee7dc2-b7f9-4300-bfad-b46236b40a1b	22211	22253	+	22393	42	100.0%	42	0	0	0
4709	telomere	6fee7dc2-b7f9-4300-bfad-b46236b40a1b	22319	22393	+	22393	74	100.0%	74	0	0	0
4713	telomere	e9013f98-546d-49cd-aa38-79e019df028e	8	6356	-	6356	6566	92.2%	6154	84	110	328
4717	telomere	44f61388-e7da-4439-8492-7b4524609723	0	780	-	7045	779	96.8%	766	2	12	11
4721	telomere	fb89db1f-f890-4dca-bbdc-51d229d41ed0	1	798	-	13133	794	98.4%	789	0	8	5
4725	telomere	af880fc1-491d-4e5c-8f13-db7dc1c926cf	6	16052	-	16057	16199	98.0%	15956	15	75	228
4729	telomere	8ad4b296-f7a8-499c-bd8d-324b5f46b779	11751	11810	+	11818	59	100.0%	59	0	0	0
4733	telomere	c2a3a973-df55-40d5-9dcd-9a0441cecd5d	15620	15660	+	15660	40	97.5%	39	1	0	0
4737	telomere	ef037bbc-b643-4f0c-921e-b7ba98b39c35	13468	13533	+	13601	65	100.0%	65	0	0	0
4741	telomere	3d08e38e-83bd-4238-89a9-d44e69e113dc	7467	7535	+	7535	68	100.0%	68	0	0	0
4745	telomere	e14bef3a-84ff-465d-af5d-bc70ec395e89	29161	29204	+	29204	43	100.0%	43	0	0	0
4749	telomere	3a65c001-3717-4d03-94db-fe54f39509b5	2120	2177	+	2177	57	100.0%	57	0	0	0
4753	telomere	9baf98c1-be1b-4310-96f0-44279c90c05f	0	1246	-	27305	1254	98.6%	1241	0	5	13
4757	telomere	d47e8615-1b9c-4e7e-9bfa-44d7c69efb69	18370	18413	+	18455	44	95.5%	42	1	0	1
4761	telomere	0f8ed3b3-c70c-4e2d-a184-76131955bd5a	24389	25220	+	25220	869	89.8%	784	43	4	42
4765	telomere	910336ff-5616-4d83-ba9c-c30c7600c125	3	11896	-	29075	11974	98.0%	11804	12	77	158
4769	telomere	176e9c72-2a39-412b-9547-bdb156e8c91c	15969	16026	+	16032	57	100.0%	57	0	0	0
4773	telomere	ad672fff-bab6-47da-9580-ba52df09a40b	0	944	-	5892	949	97.2%	931	4	9	14
4777	telomere	27773f28-50fd-4d3d-98df-58668901abae	4106	4254	+	4254	153	94.2%	145	2	1	6
4781	telomere	f3e9e278-67f9-4ee6-a76c-0fd36fdf1103	3	1236	-	12938	1243	99.0%	1231	1	1	11
4785	telomere	12c36364-19a5-474c-b8b9-ba510fc45e77	23663	24073	-	47227	433	91.8%	402	3	5	28
4789	telomere	e2360aab-a706-452a-a1d6-06f527902762	0	760	-	19051	778	91.2%	728	12	20	38
4793	telomere	c010e6ad-17e8-42d6-8665-8ffc4757b10e	16578	16646	+	16649	72	94.4%	68	0	0	4
4797	telomere	ee6afb91-74ca-4b6b-8a84-97aa7db671e9	5885	6274	+	6274	394	94.2%	375	10	4	9
4801	telomere	4cf43b03-bdf9-4631-aa8d-d3ccf59befe2	1	636	-	11614	631	98.4%	628	0	7	3
4805	telomere	05257823-dca8-47f3-b038-fb5beae417c4	0	899	-	18804	912	97.1%	891	2	6	19
4809	telomere	ca3b4b56-0cdb-4e95-a063-9ee6383b2394	15368	15421	+	15423	53	96.2%	51	2	0	0
4813	telomere	aca2684e-89f9-4838-819d-5cb8b5342560	0	1003	-	33708	1005	98.7%	997	1	5	7
4817	telomere	2ae30ce3-f387-495a-95a7-fabfb529b4bf	19434	19560	+	19580	131	93.1%	122	4	0	5
4821	telomere	68dfe34a-2dcd-40ff-a2ab-aa2eea8f018e	10	1152	-	25107	1167	96.5%	1133	2	7	32
4825	telomere	fe32226c-00fa-477f-9402-edb7f3fb6f55	0	897	-	8141	897	98.2%	888	2	7	7
4829	telomere	9569ea83-8803-495c-98eb-29a93c9c8198	20961	21021	+	21025	60	100.0%	60	0	0	0
4833	telomere	21a0be77-372a-40c2-a58f-d13417244e3e	0	684	-	18041	672	97.2%	668	1	15	3
4837	telomere	7d6ab51e-7d40-4e35-a7e0-48340ebe74fc	27772	27875	+	27875	111	90.2%	101	1	1	9
4841	telomere	fa2ee6fc-9395-4dff-998c-3c3189a584df	19960	20001	+	20019	41	100.0%	41	0	0	0
4845	telomere	cbe59c92-6c81-4b86-9c3f-f12dcdec5768	14678	14725	+	14931	47	97.9%	46	1	0	0
4849	telomere	cbe59c92-6c81-4b86-9c3f-f12dcdec5768	14789	14931	+	14931	142	96.5%	137	5	0	0
4853	telomere	4e6402ef-3192-4734-9201-da8700042cac	123	1068	-	31298	984	93.1%	924	12	9	48
4857	telomere	8a981871-0384-407c-af4e-4eb02f86f7ba	22697	22750	+	22756	54	98.1%	53	0	0	1
4861	telomere	89327897-4008-4c44-a165-08f4d4ea7f98	1	562	-	16627	557	95.3%	544	3	14	10
4865	telomere	44bd874f-0ca0-4509-bd73-b66a237d8ab5	133	406	+	7464	288	91.7%	265	7	1	16
4869	telomere	44bd874f-0ca0-4509-bd73-b66a237d8ab5	454	497	+	7464	43	100.0%	43	0	0	0
4873	telomere	44bd874f-0ca0-4509-bd73-b66a237d8ab5	564	635	+	7464	70	98.6%	70	0	1	0
4877	telomere	44bd874f-0ca0-4509-bd73-b66a237d8ab5	642	681	+	7464	42	92.9%	39	0	0	3
4881	telomere	44bd874f-0ca0-4509-bd73-b66a237d8ab5	737	863	+	7464	126	95.3%	122	2	2	2
4885	telomere	44bd874f-0ca0-4509-bd73-b66a237d8ab5	872	915	+	7464	43	100.0%	43	0	0	0
4889	telomere	44bd874f-0ca0-4509-bd73-b66a237d8ab5	1028	1489	+	7464	479	94.6%	454	6	1	19
4893	telomere	44bd874f-0ca0-4509-bd73-b66a237d8ab5	1568	7282	+	7464	6183	89.5%	5570	102	42	511
4897	telomere	44bd874f-0ca0-4509-bd73-b66a237d8ab5	7305	7381	+	7464	74	97.4%	74	0	2	0
4901	telomere	2357698e-12c1-4418-8c4e-557ffcea81d3	151	1262	+	4272	1194	91.0%	1091	15	5	88
4905	telomere	2357698e-12c1-4418-8c4e-557ffcea81d3	1406	2560	+	4272	1266	88.4%	1124	25	5	117
4909	telomere	2357698e-12c1-4418-8c4e-557ffcea81d3	2653	3517	+	4272	942	89.9%	850	11	3	81
4913	telomere	2357698e-12c1-4418-8c4e-557ffcea81d3	3629	3807	+	4272	192	91.1%	175	3	0	14
4917	telomere	2357698e-12c1-4418-8c4e-557ffcea81d3	3846	3897	+	4272	54	94.4%	51	0	0	3
4921	telomere	2357698e-12c1-4418-8c4e-557ffcea81d3	3903	4005	+	4272	108	93.5%	101	1	0	6
4925	telomere	2357698e-12c1-4418-8c4e-557ffcea81d3	4040	4272	+	4272	246	91.5%	227	3	2	16
4929	telomere	9d725206-f70d-4dab-90de-b11dda1a9008	13325	13388	+	13389	64	95.4%	62	0	1	2
4933	telomere	b02b5379-b6c2-494f-a9ff-6e54e2b11397	0	1409	-	35398	1425	97.8%	1400	2	7	23
4937	telomere	95c6caec-c4b0-4fd7-b4a7-bdc006e58166	0	824	-	17693	822	96.9%	808	4	12	10
4941	telomere	eb3add94-fe7e-4730-a1c1-9fa86972894d	25989	26055	+	26057	65	98.5%	65	0	1	0
4945	telomere	907a14ac-0879-4994-950a-294a6f6b2e7a	0	841	-	36298	845	98.6%	837	0	4	8
4949	telomere	9ac30697-3f8e-4a87-9e9e-c6dc50a38470	0	818	-	27032	816	99.5%	815	0	3	1
4953	telomere	097e5aad-4f32-414c-85f6-645224ac8831	0	1339	-	6054	1344	96.8%	1318	3	18	23
4957	telomere	6aea117e-041b-4036-a893-c62ad656f52a	0	669	-	17710	658	95.4%	647	2	20	9
4961	telomere	17ec9a13-0cee-41e6-b49e-f1d1bf5f3255	22515	22571	+	22571	59	93.2%	55	1	0	3
4965	telomere	88f2e6d2-5a81-400c-a8d5-b8769b8dea39	3	941	-	8017	958	91.0%	897	13	28	48
4969	telomere	f95f4efa-316f-4084-9b7a-5867a2fef523	0	1451	-	35676	1470	94.0%	1407	17	27	46
4973	telomere	e58b4ef4-a155-4415-b490-d7ec300f7a87	2	1119	-	10040	1133	94.1%	1085	12	20	36
4977	telomere	27f42e81-c7fc-4002-8b70-8a15a722f2fe	0	723	-	41356	726	97.7%	714	4	5	8
4981	telomere	566341b3-0154-4b4c-8642-0e71d4995f1b	0	995	-	7560	1000	97.2%	983	1	11	16
4985	telomere	dd0d40bd-238f-423c-a66f-3d673b4d7179	0	1479	-	19703	1527	91.7%	1423	32	24	72
4989	telomere	e1585857-82ab-4dbb-9de0-6ced33bf9c44	12285	12444	+	12445	167	91.0%	152	7	0	8
4993	telomere	6f8ac3f8-8bbd-4089-b071-8517b5d14c4a	0	956	-	35071	960	97.6%	946	1	9	13
4997	telomere	54c4e7ef-c1b6-436e-9a46-3c7db0136a7b	8018	8176	+	8218	161	97.5%	157	1	0	3
5001	telomere	9d9ae0ba-d8ea-4f07-b35a-4f33e57ba2a2	3	504	-	6788	517	91.8%	482	11	8	24
5005	telomere	4006e101-5a68-4735-9721-8554a5fff709	23337	23455	+	23457	119	95.0%	113	5	0	1
5009	telomere	d3068b89-4b62-4e31-850f-67d009aa6f66	0	783	-	11583	788	96.2%	768	5	10	15
5013	telomere	0c425c50-2ebe-44d9-b058-39e575454442	0	616	-	31479	605	95.8%	596	3	17	6
5017	telomere	e1c491ed-2c3a-4e4d-bded-d5b038ab2c97	8496	9509	+	9509	1089	89.7%	981	27	5	81
5021	telomere	9873bd89-4ce5-439a-855c-8c07939ff9e8	0	928	-	10182	923	97.6%	914	1	13	8
5025	telomere	07c38aa3-f878-4e27-8530-0bb0f4fc3daf	3	13469	-	13470	13742	96.8%	13370	28	68	344
5029	telomere	8ba56526-1234-4ca2-adce-32052a889ca8	12016	12063	+	12087	47	100.0%	47	0	0	0
5033	telomere	6b8cc0c4-f908-4c2f-a629-1ef1b1b00aee	0	712	-	6026	710	98.7%	705	3	4	2
5037	telomere	bebd0740-ff82-4e1a-a5bf-c2d8676fb7d0	29576	29759	+	29759	195	91.8%	179	4	0	12
5041	telomere	df6bc7bb-c85e-449a-815f-4acf79332bd5	0	835	-	17761	834	98.9%	830	0	5	4
5045	telomere	f5677afb-c48b-4acc-b0ba-0091b7eee236	0	462	-	12410	466	97.7%	458	1	3	7
5049	telomere	914d6fb3-de9a-4f5a-94be-f372a17905ea	0	250	-	16240	253	91.5%	238	5	7	10
5053	telomere	c9181215-1036-4698-ae52-7f277b80c5d7	0	746	-	17156	744	99.2%	742	0	4	2
5057	telomere	d9401b65-1e96-44a2-8dad-d1950eb5526c	0	1105	-	26760	1097	98.3%	1091	1	13	5
5061	telomere	29ce5c6c-e98f-4482-b61e-45c384a35b5c	23	9976	-	12702	10128	95.4%	9772	67	114	289
5065	telomere	29ce5c6c-e98f-4482-b61e-45c384a35b5c	10156	12697	-	12702	2620	93.9%	2488	22	31	110
5069	telomere	85891819-8526-458f-a28f-0999b0392f39	9464	9514	+	9514	50	100.0%	50	0	0	0
5073	telomere	e05f39a3-d7c5-4895-b750-4d1c5e6ed4f1	13648	15126	+	15243	1571	91.6%	1444	29	5	98
5077	telomere	e05f39a3-d7c5-4895-b750-4d1c5e6ed4f1	15154	15243	+	15243	94	94.7%	89	0	0	5
5081	telomere	fa435720-5892-4945-b4c7-dba2d91789c3	7977	8021	+	8021	45	97.8%	44	0	0	1
5085	telomere	b094226a-a057-4a77-966f-eca93de8683a	7113	8443	+	18572	1447	89.7%	1303	22	5	122
5089	telomere	b094226a-a057-4a77-966f-eca93de8683a	8560	12454	+	18572	4153	90.3%	3784	73	37	296
5093	telomere	b094226a-a057-4a77-966f-eca93de8683a	12539	12994	+	18572	480	92.7%	446	8	1	26
5097	telomere	b094226a-a057-4a77-966f-eca93de8683a	13109	13163	+	18572	54	100.0%	54	0	0	0
5101	telomere	b094226a-a057-4a77-966f-eca93de8683a	13266	13334	+	18572	69	98.6%	68	0	0	1
5105	telomere	b094226a-a057-4a77-966f-eca93de8683a	13471	16099	+	18572	2790	90.6%	2553	46	29	191
5109	telomere	b094226a-a057-4a77-966f-eca93de8683a	16188	16252	+	18572	64	100.0%	64	0	0	0
5113	telomere	b094226a-a057-4a77-966f-eca93de8683a	16334	18569	+	18572	2360	91.1%	2172	40	23	148
5117	telomere	2a15e4cc-86bf-400b-9a97-f2514318adec	23008	23049	+	23049	41	100.0%	41	0	0	0
5121	telomere	3761ae35-3bf7-4917-b050-b438af456ef8	17000	17101	+	17104	101	96.1%	99	0	2	2
5125	telomere	4078e434-b914-4004-9097-e103230b4b34	12474	12743	+	12743	281	92.2%	259	10	0	12
5129	telomere	c33c9062-68fe-4ba1-ac55-a8e617979ca2	0	9809	-	17031	9903	97.8%	9744	8	57	151
5133	telomere	3d619d55-8fb1-4a18-9ca8-c1bef8a779cc	0	539	-	18287	549	95.3%	529	4	6	16
5137	telomere	a0cb7abd-aaec-4481-8cf1-ba351a472bb0	6	546	-	6630	541	94.9%	523	7	10	11
5141	telomere	c1e72fe3-1930-4644-92c0-a97b6720d73c	0	576	-	28188	564	97.6%	563	0	13	1
5145	telomere	ea5adba3-ad37-4e6a-b692-4cc9348cc711	1	698	-	29738	689	96.9%	681	2	14	6
5149	telomere	8f27d8e5-f12a-442e-befc-d2e1e4678188	27550	27609	+	27610	59	98.3%	58	1	0	0
5153	telomere	624de223-0095-470d-b069-18a6cc15bfaf	1	872	-	16067	870	98.6%	863	3	5	4
5157	telomere	cdaf5ddd-ca87-49d7-972c-42ac012d6440	0	624	-	7391	615	96.7%	607	4	13	4
5161	telomere	5a55b87f-d290-4017-9d61-07dfed4ed194	29194	29316	+	29316	131	91.6%	120	2	0	9
5165	telomere	7b0f37fd-1899-4044-8b6f-6f9c1556c2a9	16934	16992	+	16992	58	100.0%	58	0	0	0
5169	telomere	02bea459-7ec0-45f7-aee8-44cf1181eeaf	0	998	-	26109	996	99.6%	995	0	3	1
5173	telomere	b81f9daa-aef8-4c25-b76d-2a91cd04e720	0	370	-	6588	378	93.5%	358	7	5	13
5177	telomere	1198f238-1bb9-45fa-a774-aa2667c26d6f	0	940	-	20227	942	99.2%	937	0	3	5
5181	telomere	c0750cce-a212-4686-b70d-a48ae0ff2c44	19849	19986	+	20004	143	91.6%	131	6	0	6
5185	telomere	0499b5bb-47f4-410e-bacb-bb4997ff0983	4	1055	-	20200	1082	95.0%	1035	8	8	39
5189	telomere	b1e34a57-821d-4e85-b48c-3fb9412783f3	40	1173	-	10239	1133	95.4%	1103	7	23	23
5193	telomere	a719e283-b500-4ccd-ac29-08eda1864abe	17364	17422	+	17426	59	98.3%	58	0	0	1
5197	telomere	b4e6665e-eeaa-4b1e-a32d-23a4818c1ccf	10	468	-	5836	456	97.4%	450	2	6	4
5201	telomere	f636468b-7a7b-4605-9e6b-30210d7ddc09	9859	9969	+	9969	114	91.2%	104	6	0	4
5205	telomere	6116680f-2ac2-486b-85f7-a988d319b0d6	0	744	-	28287	744	99.2%	741	0	3	3
5209	telomere	ec26148b-4ff5-48ae-887f-e50e0a8f06a2	0	1039	-	31890	1038	99.3%	1035	0	4	3
5213	telomere	79101191-b3bb-42bf-b7f2-a9d1a3245f5b	0	1088	-	22768	1103	98.1%	1085	0	3	18
5217	telomere	4a7fdf10-f47b-437a-8ce2-7bfbfb13ca3f	0	9421	-	9421	9514	98.5%	9396	4	21	114
5221	telomere	b354a328-77ed-43ed-971a-6f44e7ad7dc7	26217	26258	+	26279	41	100.0%	41	0	0	0
5225	telomere	09edeee1-cc34-4c21-8c8b-ef1b17106cca	0	773	-	11826	769	98.2%	763	2	8	4
5229	telomere	ef66645a-acd8-4964-8bed-e43a1f36c0f1	0	945	-	5919	954	96.3%	928	7	10	19
5233	telomere	f1597d38-588f-4810-9112-f6e7b9c54ea8	3	1233	-	8105	1235	98.6%	1224	0	6	11
5237	telomere	80798f6a-6d78-4cc5-a2bc-f59603f0bfad	0	6664	-	18051	6681	98.2%	6610	5	49	66
5241	telomere	55ea309c-2ed4-4a48-a58b-2d71505552d8	33978	34027	+	34030	49	100.0%	49	0	0	0
5245	telomere	89e8d66a-2f7f-43ca-9853-c468624ded51	6772	7143	+	7143	396	90.9%	361	9	1	26
5249	telomere	e98a53fd-c81d-4bf9-9758-de4ef81bd177	0	670	-	18018	674	95.0%	652	6	12	16
5253	telomere	28a9cc66-8c13-424a-9d37-9ddb13cf4562	2	1158	-	12454	1158	98.9%	1150	1	5	7
5257	telomere	662f4a7b-352e-459e-ae96-96764d9a9a5a	0	659	-	21681	648	97.7%	646	0	13	2
5261	telomere	17454f08-9add-447a-9f8f-6c7964f6f60a	3	338	-	6504	326	95.5%	322	2	11	2
5265	telomere	5d2066c3-8322-4053-b533-5a9587348324	2084	2152	+	7711	72	94.4%	68	0	0	4
5269	telomere	5d2066c3-8322-4053-b533-5a9587348324	2198	2731	+	7711	570	89.3%	515	11	7	44
5273	telomere	5d2066c3-8322-4053-b533-5a9587348324	2941	4142	+	7711	1283	89.9%	1163	27	11	93
5277	telomere	5d2066c3-8322-4053-b533-5a9587348324	4224	6213	+	7711	2122	91.3%	1947	32	10	143
5281	telomere	5d2066c3-8322-4053-b533-5a9587348324	6283	6445	+	7711	168	95.8%	161	1	0	6
5285	telomere	5d2066c3-8322-4053-b533-5a9587348324	6605	7708	+	7711	1206	87.3%	1059	37	7	110
5289	telomere	9defc1b2-7ee9-4b05-9cee-7ba9555983c2	24463	24516	+	24529	53	100.0%	53	0	0	0
5293	telomere	811657b2-1f57-45d0-986d-0d6ae10dee6b	27	722	-	17616	708	96.4%	687	3	5	18
5297	telomere	a0742f3f-2e26-445c-bfd7-ac33b3e03215	0	838	-	26092	834	98.1%	828	0	10	6
5301	telomere	7c4f874d-35ef-4d4d-bd74-5e1935bc650d	14406	14593	+	14594	198	91.5%	182	4	1	12
5305	telomere	9932d4e7-c8bd-4bff-a9e5-19859a96ec1a	13286	13333	+	13333	47	97.9%	46	1	0	0
5309	telomere	3f169301-c415-4b6a-8927-857362d4f6c9	0	17393	-	23447	17631	95.7%	17089	82	222	460
5313	telomere	3f169301-c415-4b6a-8927-857362d4f6c9	17485	19937	-	23447	2552	92.7%	2395	25	32	132
5317	telomere	6930d3d9-d460-4890-99c5-3453ca4a0322	0	782	-	30654	780	97.8%	772	1	9	7
5321	telomere	98f4d709-e05d-49aa-a2ae-cc7835776578	0	715	-	6475	714	94.4%	692	4	19	18
5325	telomere	38bb7fa6-c998-45e2-bc5e-62c2e7f6ded9	0	446	-	20313	444	98.2%	440	2	4	2
5329	telomere	2e79e96f-bd74-4176-9415-9373b89674b6	10	1052	-	7062	1032	97.1%	1021	2	19	9
5333	telomere	d48a4437-8bd9-4714-872e-37f7fd568c11	0	6157	-	18605	6297	94.0%	6008	57	92	232
5337	telomere	4123ec57-02c3-4f48-9380-aeb67f0ae84c	0	1078	-	25758	1132	91.8%	1052	12	14	68
5341	telomere	49cae69a-1c56-47c0-8cf4-2b34b868ef7d	17	8269	-	27403	8270	98.5%	8196	9	47	65
5345	telomere	49cae69a-1c56-47c0-8cf4-2b34b868ef7d	8620	8675	-	27403	55	100.0%	55	0	0	0
5349	telomere	b3c4bc92-2f66-4c5c-bda8-0e984aaf5cdc	0	310	-	23431	309	96.2%	303	1	6	5
5353	telomere	b845a94e-5c39-419c-a246-06bc17d3e363	23966	24050	+	24186	83	95.2%	80	3	1	0
5357	telomere	b845a94e-5c39-419c-a246-06bc17d3e363	24067	24186	+	24186	120	95.0%	115	3	1	2
5361	telomere	79d6fdf5-b7d0-420d-9c39-3f2ca0261294	12703	14298	+	17782	1706	90.3%	1551	32	12	123
5365	telomere	79d6fdf5-b7d0-420d-9c39-3f2ca0261294	14387	15097	+	17782	753	89.4%	683	16	11	54
5369	telomere	79d6fdf5-b7d0-420d-9c39-3f2ca0261294	15187	17756	+	17782	2695	90.2%	2469	59	41	167
5373	telomere	d891a5dd-242d-49ce-ac86-fe0f032645a0	0	6306	-	19180	6525	93.9%	6184	61	61	280
5377	telomere	68bf52f4-c238-473c-8591-4cb082eeaad1	0	810	-	27892	822	97.8%	806	2	2	14
5381	telomere	ad2ff91b-cf94-45f6-bb70-21c8167f6a12	27384	27492	+	27494	113	93.0%	106	1	1	6
5385	telomere	1a9289bc-bfba-4fe4-939a-30099dbd3b10	13259	13333	+	13335	78	93.6%	73	1	0	4
5389	telomere	28bafbc8-3d09-4958-9170-357b17bf3826	0	12590	-	12590	12833	97.3%	12531	14	45	288
5393	telomere	7ebd8d19-c7a2-491a-8aad-063336c39343	0	734	-	23748	735	96.3%	719	3	12	13
5397	telomere	3e595e14-b428-44b1-8b7f-2732107569e9	0	630	-	18337	630	96.1%	617	1	12	12
5401	telomere	267218fc-e748-4594-9f28-0f0965dc1611	0	9184	-	20321	9232	97.0%	9060	18	106	154
5405	telomere	a0c5c45a-86d6-4441-88c2-c591e4530102	0	779	-	20276	777	98.1%	770	1	8	6
5409	telomere	595cc846-8eab-48e6-ab6d-222a73c5ef95	0	685	-	29974	684	98.0%	676	3	6	5
5413	telomere	b0004517-0d52-4414-b746-24485cca535b	10310	10403	+	10433	96	93.8%	91	1	1	4
5417	telomere	99077024-7c26-4e7e-9213-ddc1ac8617d7	10216	10265	+	10265	49	98.0%	48	1	0	0
5421	telomere	30d8c2d5-8e3f-46d5-8c14-05074efa5f38	11552	11599	+	11605	47	100.0%	47	0	0	0
5425	telomere	5297a8f8-b622-4abe-ba76-8184fea1a150	11436	11628	+	11629	191	93.8%	183	5	4	3
5429	telomere	bed7a6c4-34e5-4523-a979-ca9f3cf5c5cc	33437	33545	+	33607	107	98.1%	106	1	1	0
5433	telomere	cb1248a5-a257-45c5-9ad9-9110ef4a7b77	0	856	-	24000	857	90.6%	808	13	35	36
5437	telomere	fe551470-2854-473a-a687-b9fd8d1b1562	0	1396	-	29624	1441	93.9%	1369	10	17	62
5441	telomere	2c7532e2-ebad-4596-ae5c-a54321cc2529	8422	8555	+	8555	141	93.0%	132	0	1	9
5445	telomere	52757b0a-c61d-4ab8-8083-532499fd0307	0	831	-	28358	845	97.3%	825	3	3	17
5449	telomere	e7d1fb04-1a69-4a04-8ae8-23aaf197d182	6905	6994	+	6996	89	100.0%	89	0	0	0
5453	telomere	3f086371-c2a9-44d3-899b-04b84196b102	1	1384	-	11547	1385	97.9%	1368	3	12	14
5457	telomere	e2b4662d-61f2-4a9b-82e5-135b29c0668c	0	589	-	10411	576	97.0%	573	1	15	2
5461	telomere	cd32a13f-4aa4-4462-a863-9e668c44e5ff	18410	18470	+	18488	60	100.0%	60	0	0	0
5465	telomere	5efe1feb-dc6e-497a-ae96-a98a38c59b2d	17162	17239	+	17239	77	97.4%	76	0	1	1
5469	telomere	a646d110-4c5f-4e1c-995e-6f40ce3ae2ab	0	1197	-	22324	1220	98.0%	1196	0	1	24
5473	telomere	fc8ef950-44a2-4bad-ab54-dad9a7877abb	0	1024	-	20638	1057	94.3%	1008	4	12	45
5477	telomere	8a814434-d01a-48f8-b17f-d4c14a9f9368	0	1179	-	11640	1181	98.3%	1169	2	8	10
5481	telomere	f90ee9de-e159-4ef8-a0ed-ab746dbe2ea5	16116	16169	+	16205	53	100.0%	53	0	0	0
5485	telomere	b5fc8565-ecc4-45b9-8a8f-dae3b0273c5c	3	984	-	12326	986	96.1%	962	4	15	20
5489	telomere	1dbeff0b-7bdc-4422-95c3-9e7652dc02c0	0	1634	-	11063	1650	97.2%	1618	2	14	30
5493	telomere	11c7d467-b6a2-4541-947f-d6a0a9504d41	0	710	-	17553	708	97.6%	699	3	8	6
5497	telomere	907026fa-3795-4b65-a584-7a76a16ebd99	0	72	-	12869	73	95.9%	71	0	1	2
5501	telomere	907026fa-3795-4b65-a584-7a76a16ebd99	161	10155	-	12869	10303	93.8%	9769	114	111	420
5505	telomere	907026fa-3795-4b65-a584-7a76a16ebd99	10335	10673	-	12869	348	93.8%	330	4	4	14
5509	telomere	907026fa-3795-4b65-a584-7a76a16ebd99	10882	11001	-	12869	124	95.2%	118	1	0	5
5513	telomere	907026fa-3795-4b65-a584-7a76a16ebd99	11265	12869	-	12869	1680	90.1%	1540	34	30	106
5517	telomere	f4130cd8-90ff-49c7-886e-0518ab126e1a	29557	29611	+	29612	54	100.0%	54	0	0	0
5521	telomere	660b5931-5b91-4a2e-9743-e2b2eb39b1b9	4	293	-	15442	295	95.6%	284	3	2	8
5525	telomere	93269306-4cb8-4c03-9d09-9f2ff627c3eb	0	11067	-	11068	11303	96.8%	10984	42	41	277
5529	telomere	c4f525e1-299b-44b6-b69c-6c4f0ef2bfeb	11	1432	-	6328	1434	98.5%	1416	2	3	16
5533	telomere	6a0f5237-7168-47af-9b66-eb840ef83540	1	790	-	7913	785	95.9%	768	5	16	12
5537	telomere	5b7c14e5-c32d-45e5-80fd-6461d504ac84	1	8533	-	18896	8568	96.6%	8392	19	121	157
5541	telomere	e5adc8f2-9330-448f-aa62-bdc01e86aefc	0	6622	-	18205	6929	92.4%	6468	86	68	375
5545	telomere	e5adc8f2-9330-448f-aa62-bdc01e86aefc	6726	9543	-	18205	2956	91.3%	2735	43	39	178
5549	telomere	e5adc8f2-9330-448f-aa62-bdc01e86aefc	9700	11077	-	18205	1425	94.0%	1351	14	12	60
5553	telomere	e5adc8f2-9330-448f-aa62-bdc01e86aefc	11342	11456	-	18205	119	90.8%	109	4	1	6
5557	telomere	e5adc8f2-9330-448f-aa62-bdc01e86aefc	11567	12594	-	18205	1081	89.5%	987	18	22	76
5561	telomere	e5adc8f2-9330-448f-aa62-bdc01e86aefc	12682	13924	-	18205	1331	88.8%	1194	35	13	102
5565	telomere	e5adc8f2-9330-448f-aa62-bdc01e86aefc	14073	16243	-	18205	2254	94.1%	2137	15	18	102
5569	telomere	e5adc8f2-9330-448f-aa62-bdc01e86aefc	16427	18205	-	18205	1843	90.9%	1708	35	35	100
5573	telomere	2a343350-8df7-4464-bf90-11c016081381	20022	20921	+	21041	959	90.4%	869	28	2	62
5577	telomere	2a343350-8df7-4464-bf90-11c016081381	20950	21041	+	21041	90	94.5%	86	4	1	0
5581	telomere	b8ac517e-abe8-4ee7-a8b4-2c1f7cd5cae7	14582	14824	+	14824	251	91.7%	233	6	3	12
5585	telomere	822996b2-b19e-4b30-976b-da70309aeee8	0	769	-	34028	774	98.3%	763	4	2	7
5589	telomere	17da306c-ebe8-4cab-b278-025b8c347dc7	4	17193	-	17193	17241	99.4%	17163	1	25	77
5593	telomere	cb1c49d4-08b1-462b-b3da-17d47c9db0d7	6	837	-	11941	829	96.0%	811	4	16	14
5597	telomere	f896cc90-ef26-4659-aa55-4388fe32adb4	24594	24642	+	24645	48	100.0%	48	0	0	0
5601	telomere	ae583bd4-df31-4b9f-bbdf-2a39f48f281b	0	14812	-	14812	15244	95.3%	14633	73	106	538
5605	telomere	6fed14e9-0899-4f80-8c3a-91e16924c444	10	975	-	25054	964	96.5%	943	9	13	12
5609	telomere	d5e3a5ba-af1f-4a74-928a-5352e9ac3f7a	3	180	-	4488	186	93.5%	174	3	0	9
5613	telomere	d5e3a5ba-af1f-4a74-928a-5352e9ac3f7a	369	2708	-	4488	2440	92.3%	2281	26	32	133
5617	telomere	d5e3a5ba-af1f-4a74-928a-5352e9ac3f7a	2799	3951	-	4488	1244	87.7%	1103	36	13	105
5621	telomere	d5e3a5ba-af1f-4a74-928a-5352e9ac3f7a	4110	4488	-	4488	391	93.2%	370	2	6	19
5625	telomere	70727f06-1f28-4449-af62-fc1cf9e444c4	0	1047	-	12467	1050	98.8%	1042	0	5	8
5629	telomere	37cceb4b-9e40-456e-b715-e7b058e72c03	0	746	-	38384	744	98.5%	739	1	6	4
5633	telomere	3e723350-0cdf-4385-adfb-c790607d0bc1	31954	32023	+	32023	69	98.6%	68	1	0	0
5637	telomere	a799aaea-2080-4343-a23e-92a02ea5237f	4	309	-	9138	320	89.8%	292	8	5	20
5641	telomere	a799aaea-2080-4343-a23e-92a02ea5237f	408	6035	-	9138	5867	92.4%	5484	77	66	306
5645	telomere	00836b9f-cb08-44d3-9039-ab89b2cb6c85	22109	22240	+	22241	131	96.2%	126	5	0	0
5649	telomere	b7071b5b-e198-4ce1-9dc0-c2c379269893	16178	16273	+	16320	101	93.1%	94	1	0	6
5653	telomere	03b1b93c-21f8-4527-8ce3-47e9bb89813e	19	1557	-	14465	1532	98.4%	1523	0	15	9
5657	telomere	b186f792-81b1-4fdd-97b1-7aa30e1fcfe1	0	1331	-	16506	1344	99.0%	1330	1	0	13
5661	telomere	e099317f-e4e5-40de-90a9-4977c17a1010	7	877	-	15182	891	95.8%	859	5	6	27
5665	telomere	2421a44c-4d3c-40a3-8f5e-8add17050dd9	12895	13003	+	13009	108	99.1%	107	1	0	0
5669	telomere	3f9378c7-bd3d-4b4f-917b-190fac212c41	5	799	-	20498	800	94.7%	773	5	16	22
5673	telomere	36c2a58a-1c2c-4367-972e-f999ad4a7d19	0	1252	-	6419	1259	98.9%	1248	1	3	10
5677	telomere	83aa4705-f558-41d3-912f-1d0a167ea835	0	637	-	15572	654	94.1%	623	6	8	25
5681	telomere	3771fc96-3d8f-44f5-adb1-04723225b34b	0	10764	-	29675	10805	98.4%	10694	5	65	106
5685	telomere	3771fc96-3d8f-44f5-adb1-04723225b34b	11110	11170	-	29675	60	100.0%	60	0	0	0
5689	telomere	a5faaf48-b76c-44cc-8cb4-2d549aac31ac	9280	9322	+	9342	42	97.6%	41	1	0	0
5693	telomere	cfd03848-48c3-475d-82de-ec0041f35e23	17648	17737	+	17739	89	98.9%	88	1	0	0
5697	telomere	640ab4da-47e7-4c78-962a-5d22820d8d4b	0	4422	-	26881	4500	95.4%	4345	23	54	132
5701	telomere	640ab4da-47e7-4c78-962a-5d22820d8d4b	4616	6258	-	26881	1729	88.2%	1555	53	34	121
5705	telomere	640ab4da-47e7-4c78-962a-5d22820d8d4b	6381	7406	-	26881	1070	90.4%	983	25	17	62
5709	telomere	33d69f27-4fce-42ab-8088-98a233746e03	0	21053	-	28584	21511	95.7%	20760	108	185	643
5713	telomere	bc0e324c-de10-4732-8fec-cfa64bb29c64	0	962	-	21005	986	95.8%	952	2	8	32
5717	telomere	2c07cd8b-11ab-41e2-aba4-48a5ccc8bc44	0	19270	-	20709	19810	95.1%	18968	157	145	685
5721	telomere	2c07cd8b-11ab-41e2-aba4-48a5ccc8bc44	19336	19435	-	20709	99	94.1%	96	0	3	3
5725	telomere	f62d9a2e-8a46-47e6-8bb8-6f22119f21dd	0	20009	-	20031	20482	95.5%	19723	109	177	650
5729	telomere	a184351f-2528-40a1-aeb1-2906a78f87d9	26	1128	-	18625	1109	98.1%	1095	0	7	14
5733	telomere	d0d3db18-9db5-4066-8e6f-237453bbac6f	1	6951	-	11819	7127	95.8%	6875	26	49	226
5737	telomere	0476b447-653b-46b7-9f35-77f171bbd39b	10529	10624	+	10671	96	96.9%	94	0	1	2
5741	telomere	0476b447-653b-46b7-9f35-77f171bbd39b	10630	10671	+	10671	41	97.6%	40	1	0	0
5745	telomere	756e1422-6347-4574-8f32-789388b58d3c	18124	18187	+	18187	63	100.0%	63	0	0	0
5749	telomere	f8427947-c712-463d-bb69-a54d09b392a5	29351	29394	+	29398	44	97.7%	43	0	0	1
5753	telomere	e720598d-5fe4-4b43-b561-55e4ebee0c22	40	1042	-	28486	1005	96.6%	985	2	15	18
5757	telomere	43b043d0-c91c-493c-be31-3e3c6fd7df44	9439	9504	+	9504	66	92.5%	62	2	1	2
5761	telomere	6f2e9e66-67e4-4392-9fc6-9904fe25b915	29568	29655	+	29657	89	96.6%	86	1	0	2
5765	telomere	842569e0-10bc-423e-8870-464dfe5b5a8b	5949	6109	+	6111	167	94.0%	158	1	1	8
5769	telomere	b1cd5cea-00f1-4758-9d8a-4b9afd4bc072	0	1150	-	7142	1184	95.7%	1140	3	7	41
5773	telomere	ca02c8d0-1f39-4a65-822f-80c91e811f71	32760	32830	+	32831	70	95.7%	67	3	0	0
5777	telomere	bb99dc72-047b-456d-8bc3-51c2c91fb90b	13612	13757	+	13757	150	93.3%	140	5	0	5
5781	telomere	682e10ae-b9a3-435b-880a-05cffae31ccd	1	785	-	21282	779	95.1%	761	2	21	16
5785	telomere	1365ce5a-6af1-48f6-9e3c-92755bf725ee	6	1991	-	8067	2041	93.3%	1932	23	30	86
5789	telomere	24f6bf4e-679b-4c03-8e98-3448cb168862	7189	8915	+	8915	1862	90.6%	1689	34	3	139
5793	telomere	a8f46adc-2ce1-4b89-8ddd-7675af2998a2	9779	9821	+	9825	42	100.0%	42	0	0	0
5797	telomere	82a235b6-e811-406b-8d85-90dc0ab7288c	18608	18649	+	18689	41	100.0%	41	0	0	0
5801	telomere	ac0c37a1-2c41-4714-9602-ae902faa6297	20	1012	-	37698	1010	96.3%	980	4	8	26
5805	telomere	eb1151b6-67e2-438d-8dcb-53e314092d49	32385	32448	+	32462	65	92.3%	60	3	0	2
5809	telomere	277772c4-6a21-423e-ac4c-f16de69f76d1	46	994	-	42521	979	95.2%	938	4	6	37
5813	telomere	8458d296-46cb-4bd6-9bdb-53ad78e2524d	0	622	-	18219	611	97.9%	610	0	12	1
5817	telomere	5a313995-2dda-4121-af0e-50b08e04d4f3	18	1069	-	7947	1075	93.2%	1021	9	21	45
5821	telomere	d45784e2-52cc-491e-b0ea-076eb1a34c1f	39321	39489	+	39489	174	92.6%	162	5	1	7
5825	telomere	a5a1d0ab-a29c-44e5-81b8-2cee812a6964	26	16198	-	16198	16411	97.3%	16055	26	91	330
5829	telomere	f0333f4b-b4df-465c-93f3-499195f6e2b0	27735	27806	+	27810	71	100.0%	71	0	0	0
5833	telomere	a2103b09-b8e1-465e-9e53-b804eaf69c08	8658	8749	+	8750	95	95.8%	91	0	0	4
5837	telomere	3ffa0a09-e3ca-4968-8c5e-27101702666f	7439	7484	+	7486	45	100.0%	45	0	0	0
5841	telomere	52029acf-f6b1-4733-9122-ce7526d5b8ae	24652	24706	+	24742	54	98.1%	53	1	0	0
5845	telomere	47ad78e0-cd03-465d-bc7b-c3f3ddd438ba	4	631	-	27608	631	96.7%	617	3	7	11
5849	telomere	0cb90135-96f0-4402-9c2e-c08183b2b9cd	21154	21402	+	21402	257	92.7%	241	4	3	12
5853	telomere	b1f6e019-ce16-4ac4-a2a4-c3a24f8a6a0c	0	635	-	13761	633	98.6%	629	1	5	3
5857	telomere	89136a47-07ab-4c7f-92e2-1296688de5d3	7	1334	-	26686	1339	98.7%	1324	1	2	14
5861	telomere	ade011b5-e72a-4c7f-8e95-b43bd92036c6	0	8868	-	8868	9268	89.8%	8487	200	181	581
5865	telomere	e0fbfa50-1f85-4788-889b-343733a5387e	11233	11420	+	11422	191	96.4%	185	1	1	5
5869	telomere	4b2cc9a2-5110-4b06-8bc8-ce0bb54e71a6	0	619	-	17452	625	97.5%	614	0	5	11
5873	telomere	e140b304-29a0-425a-8942-f85a4afc7945	0	71	-	15149	73	95.9%	70	1	0	2
5877	telomere	913f59df-6f47-4070-b9d5-480f79e290d4	0	719	-	11071	731	95.7%	704	10	5	17
5881	telomere	a6d6e8fc-50ef-40bf-b451-c9e35a6393e0	12846	12926	+	12926	83	94.0%	79	0	1	4
5885	telomere	2c4c75a9-f302-4296-a4bd-142f6f4568af	23484	23579	+	23581	101	92.1%	93	2	0	6
5889	telomere	205ba2a0-88de-43ca-b195-63ab558d83fb	30343	30406	+	30423	63	96.9%	62	0	1	1
5893	telomere	b3433bbc-f7dd-4c26-a63b-b100caa1e843	0	6629	-	9187	6770	93.7%	6452	58	119	260
5897	telomere	104b1ec6-fd79-46ea-9be1-a74e47dd075f	25	983	-	6590	961	94.7%	931	5	22	25
5901	telomere	76f64eed-dd41-458a-b708-0164075d323d	25389	25440	+	25440	51	98.0%	50	1	0	0
5905	telomere	701083c7-f31a-4aeb-98ac-681a3fd16187	36742	36793	+	36794	53	94.3%	50	1	0	2
5909	telomere	37c7ffd1-0e87-4333-97c6-5e0bd32f2d5b	27760	27915	+	27933	161	92.5%	149	6	0	6
5913	telomere	488b1c20-62da-4d78-91d3-45b57bdc48c0	30425	30492	+	30498	65	94.0%	63	2	2	0
5917	telomere	ecffbfab-ec69-48ac-8a12-a9e6a3bd7df5	29397	29530	+	29532	138	93.5%	129	4	0	5
5921	telomere	4aebaca2-03a5-4288-8685-e5a50a82746e	30784	30898	+	30934	113	96.5%	110	3	1	0
5925	telomere	13f47001-6369-41b3-ae5f-4532311a0433	42	996	-	29287	977	96.2%	946	2	6	29
5929	telomere	c94cf4ba-e132-4cad-8f47-3436bea0026a	0	1240	-	33494	1254	97.3%	1228	4	8	22
5933	telomere	e41eb8ee-7696-4c8a-b8b6-d6905d6faa61	0	975	-	15741	977	98.7%	969	1	5	7
5937	telomere	98bf64e6-59ff-46d9-ba74-27b6e65c4aa2	1	975	-	7456	978	97.3%	961	3	10	14
5941	telomere	ff047fc9-ec82-4aa6-9dfd-e8cd532f81d7	1209	2068	+	9898	910	91.4%	837	16	6	57
5945	telomere	ff047fc9-ec82-4aa6-9dfd-e8cd532f81d7	2150	6291	+	9898	4426	90.8%	4047	61	33	318
5949	telomere	ff047fc9-ec82-4aa6-9dfd-e8cd532f81d7	6386	9115	+	9898	2886	91.8%	2671	35	23	180
5953	telomere	ff047fc9-ec82-4aa6-9dfd-e8cd532f81d7	9167	9240	+	9898	72	97.3%	71	1	1	0
5957	telomere	ff047fc9-ec82-4aa6-9dfd-e8cd532f81d7	9392	9475	+	9898	88	92.1%	82	0	1	6
5961	telomere	ff047fc9-ec82-4aa6-9dfd-e8cd532f81d7	9578	9864	+	9898	296	90.4%	272	9	5	15
5965	telomere	7ee30138-5196-4643-a9b0-22cb7a7337bd	15877	15930	-	31289	58	89.7%	52	1	0	5
5969	telomere	7ee30138-5196-4643-a9b0-22cb7a7337bd	15973	16055	-	31289	86	94.2%	81	1	0	4
5973	telomere	7ee30138-5196-4643-a9b0-22cb7a7337bd	16185	16562	-	31289	389	95.4%	374	0	3	15
5977	telomere	7ee30138-5196-4643-a9b0-22cb7a7337bd	15534	15627	+	31289	95	89.5%	85	8	0	2
5981	telomere	7ee30138-5196-4643-a9b0-22cb7a7337bd	15443	15485	+	31289	42	95.2%	40	2	0	0
5985	telomere	7ee30138-5196-4643-a9b0-22cb7a7337bd	14952	15006	+	31289	53	90.7%	49	4	1	0
5989	telomere	fa316eaf-54c7-449a-aec7-5d1272e1f3b4	31351	31488	+	31494	137	99.3%	136	1	0	0
5993	telomere	df0c59b2-d6a6-41ed-bba1-3cc4001aa1f1	12883	12985	+	12985	102	92.3%	96	4	2	2
5997	telomere	d0cb91a2-d10b-49d4-aeb2-ad735be6eacf	3	1293	-	18960	1297	99.3%	1289	0	1	8
6001	telomere	941207bc-1e9e-483e-8cb7-4fdc9a4dec4f	0	853	-	7679	880	91.4%	821	14	18	45
6005	telomere	0696a8a1-a46b-45d4-be5d-ddd2338a3cd5	1	8480	-	13483	8817	91.6%	8205	132	142	480
6009	telomere	0696a8a1-a46b-45d4-be5d-ddd2338a3cd5	8754	9752	-	13483	1065	86.4%	940	35	23	90
6013	telomere	0696a8a1-a46b-45d4-be5d-ddd2338a3cd5	10035	10189	-	13483	162	91.5%	150	2	2	10
6017	telomere	0696a8a1-a46b-45d4-be5d-ddd2338a3cd5	10303	13483	-	13483	3287	89.0%	3007	80	93	200
6021	telomere	7ec22bf8-8604-4802-abfa-d34c97fb2ff2	0	888	-	30419	884	98.3%	877	3	8	4
6025	telomere	d7ff9c6b-67dd-4856-8c7b-6dbf79b658f1	0	640	-	20392	651	93.7%	621	7	12	23
6029	telomere	14dc4568-1839-4da0-9138-04ec151f6b01	17604	17755	+	17755	158	92.4%	146	5	0	7
6033	telomere	bc7435ec-04a8-4e53-859f-ae69b9e468fc	0	491	-	5576	481	95.8%	474	3	14	4
6037	telomere	652c60ae-16fa-4a0c-a0cb-832a50139309	0	768	-	12982	771	98.2%	762	1	5	8
6041	telomere	04e7a81d-0368-41de-902b-b6b5a47b9379	0	345	-	14210	347	98.3%	343	0	2	4
6045	telomere	eeb16b72-e1b2-4372-b9e1-42faa9d526a6	12479	12567	+	12569	90	94.5%	86	1	1	3
6049	telomere	51146943-2b39-4c44-8850-0a54f4adf702	0	1376	-	8145	1416	95.9%	1365	4	7	47
6053	telomere	ab70dd73-3939-4cf5-87ff-41751856b005	0	773	-	11042	787	96.0%	763	2	8	22
6057	telomere	4c2a1d2a-b571-45d8-9902-2901ddec6da5	0	1041	-	16174	1041	99.2%	1037	0	4	4
6061	telomere	8c18acb9-dd78-4f30-948c-7b2e2c1b5d06	32	1219	-	17274	1205	97.8%	1182	2	3	21
6065	telomere	31d308d6-f2e8-4b8c-bcab-60808248f4c9	0	423	-	26844	413	95.3%	407	2	14	4
6069	telomere	0edb488e-1b5a-47b1-9025-a109f344d0c8	25794	25905	+	25905	111	99.1%	110	1	0	0
6073	telomere	4a601e0e-4369-416a-a225-a2e71f3d5135	3	9414	-	19528	9650	93.2%	9139	114	158	397
6077	telomere	4a601e0e-4369-416a-a225-a2e71f3d5135	9566	13843	-	19528	4433	92.0%	4141	68	68	224
6081	telomere	4a601e0e-4369-416a-a225-a2e71f3d5135	14082	15381	-	19528	1348	90.8%	1247	27	25	74
6085	telomere	4a601e0e-4369-416a-a225-a2e71f3d5135	15493	19030	-	19528	3628	91.4%	3400	45	92	183
6089	telomere	4a601e0e-4369-416a-a225-a2e71f3d5135	19140	19428	-	19528	291	98.3%	287	0	1	4
6093	telomere	e2db7330-ba5d-4502-b5f3-af59bcf67157	5	1176	-	8087	1178	95.2%	1139	14	18	25
6097	telomere	94b30609-cb16-4738-b580-d1465728d189	0	3991	-	16754	4137	93.8%	3917	37	37	183
6101	telomere	94b30609-cb16-4738-b580-d1465728d189	4096	15872	-	16754	12258	93.2%	11526	141	109	591
6105	telomere	94b30609-cb16-4738-b580-d1465728d189	16018	16754	-	16754	768	92.3%	718	8	10	42
6109	telomere	620fad0d-3866-4721-b633-152a9f73f71c	0	1003	-	19592	1004	98.7%	997	0	6	7
6113	telomere	239800ba-322d-4432-bedb-e5d4908473da	18413	18518	+	18518	107	95.3%	102	3	0	2
6117	telomere	a1b047eb-e4e1-4d39-98af-e6b2d8b5c1c1	0	514	-	17880	516	98.3%	509	3	2	4
6121	telomere	6f674428-de14-4d28-9adb-69f305a3fe66	4	1286	-	10714	1297	97.3%	1272	0	10	25
6125	telomere	5d717874-4275-4bde-bf03-f7886534551b	0	1667	-	30251	1670	98.1%	1652	1	14	17
6129	telomere	9e314ac8-7e07-4109-b094-8b2dacffbbf7	0	822	-	29567	811	97.5%	806	0	16	5
6133	telomere	b6456ec4-a55e-4434-bc7e-be9dc04896ca	0	1237	-	22650	1244	98.8%	1233	0	4	11
6137	telomere	942a3de3-7853-4a1c-88ee-d3c0b9b418db	0	1334	-	5051	1358	96.9%	1324	1	9	33
6141	telomere	fe452700-0a46-457f-9ebf-c45e59bac576	1	1181	-	7220	1188	96.8%	1163	3	14	22
6145	telomere	8d893265-caef-41a0-9dd3-49c1bc17f9a3	18090	18152	+	18152	62	100.0%	62	0	0	0
6149	telomere	388c9c36-e8b8-4415-bf00-6df2334a3a57	0	15273	-	29759	15453	96.6%	15073	43	157	337
6153	telomere	56febbd9-00f8-4dcd-982e-ce11ca03acf8	18	805	-	13322	788	98.5%	780	3	4	5
6157	telomere	f87438d2-8480-476a-bbbe-3113c97892fd	29391	29560	+	29562	173	96.0%	166	3	0	4
6161	telomere	3917a30a-612e-4f23-8e90-6e26d5ccde69	8	700	-	28544	702	95.5%	679	4	9	19
6165	telomere	62ba1dbe-5648-4698-a446-4b59dff3ccbd	27532	27631	+	27632	103	95.1%	98	1	0	4
6169	telomere	d0b7ab4f-e9ad-4045-8213-69ea1b63ab1a	12259	12334	+	12334	78	94.9%	74	1	0	3
6173	telomere	a3872fb5-81e1-4ba0-83b6-030aa79059ff	9482	10890	+	14902	1554	88.3%	1375	30	3	149
6177	telomere	a3872fb5-81e1-4ba0-83b6-030aa79059ff	11099	11877	+	14902	834	89.7%	755	15	8	64
6181	telomere	a3872fb5-81e1-4ba0-83b6-030aa79059ff	12048	13771	+	14902	1848	89.9%	1677	29	17	142
6185	telomere	a3872fb5-81e1-4ba0-83b6-030aa79059ff	13863	14843	+	14902	1068	88.8%	953	22	5	93
6189	telomere	a3872fb5-81e1-4ba0-83b6-030aa79059ff	14859	14902	+	14902	46	93.5%	43	0	0	3
6193	telomere	4c892b9f-f6ef-4fc4-9b23-c1181620cd71	0	895	-	29782	885	96.7%	874	2	19	9
6197	telomere	3a0aa2eb-703c-4429-acdc-1f056459e1cf	8334	8405	+	8427	71	98.6%	70	1	0	0
6201	telomere	2b8c5df7-5ac8-42d7-b255-774c6e6dbcd0	42	593	-	30846	570	93.1%	536	9	6	25
6205	telomere	1131ae62-9210-4ce0-a069-e2545d82c4aa	0	17382	-	17383	17607	98.3%	17341	4	37	262
6209	telomere	be0a1565-9e51-4b40-b479-bd5e1a86b435	0	380	-	32083	381	94.3%	365	9	6	7
6213	telomere	42a9f68c-9478-4eba-b10f-c4cdf2d8d770	7867	7933	+	7933	67	97.0%	65	1	0	1
6217	telomere	d75afb5a-63ce-4029-887b-bfc4be652fc6	0	604	-	9944	607	95.2%	589	3	12	15
6221	telomere	495050df-bb7e-4822-b6e6-d52842536490	0	463	-	12100	491	90.6%	451	5	7	35
6225	telomere	9eef499a-5e41-48ad-a942-ea63a0a14388	0	53	-	21120	55	92.9%	52	0	1	3
6229	telomere	9eef499a-5e41-48ad-a942-ea63a0a14388	203	12154	-	21120	12130	96.3%	11794	41	116	295
6233	telomere	c1ad855f-e3c3-4ed1-bbf6-931b5abf07b7	0	1076	-	27675	1091	97.8%	1071	1	4	19
6237	telomere	c312801a-2268-4681-be42-1cfce7c3d2c8	0	16223	-	22124	16499	95.4%	15939	76	208	484
6241	telomere	70679778-2c40-4941-98e1-dcf033342877	21145	21291	+	21299	153	94.8%	145	1	0	7
6245	telomere	51649f83-72dd-4e9a-90fa-0829fd80a384	29672	29731	+	29731	59	91.8%	56	1	2	2
6249	telomere	87dfd8cb-0201-486b-a7be-5de172c5cad7	5	441	-	34548	445	91.6%	416	11	9	18
6253	telomere	eecb6450-505c-4381-8493-5fd6bd318d5f	116	1048	-	2534	946	92.8%	896	16	20	34
6257	telomere	eecb6450-505c-4381-8493-5fd6bd318d5f	1178	2534	-	2534	1406	89.9%	1296	25	35	85
6261	telomere	46c975f4-3ffb-4ec2-aac7-2c5ec49324c0	1	554	-	9245	579	91.7%	539	5	9	35
6265	telomere	c73848b3-5551-4da0-9491-2681d26398fa	18368	18412	+	18419	45	93.3%	42	2	0	1
6269	telomere	8f52bb50-5c40-447f-b042-aaaecf358d3e	0	483	-	14312	480	96.9%	474	0	9	6
6273	telomere	1024ddf6-8943-426b-a251-3387cc5a07a7	0	636	-	14517	639	92.1%	610	3	23	26
6277	telomere	24e59ebf-bc6f-4045-8b2e-ae269367410f	0	733	-	19511	721	97.7%	718	1	14	2
6281	telomere	e5b191dc-f781-48ea-b23b-1e2961270d57	0	865	-	20547	855	97.7%	850	0	15	5
6285	telomere	24d1e1e0-eab1-4539-b133-c61c88bb265f	6	951	-	21271	957	94.4%	920	7	18	30
6289	telomere	cdf5d66e-e4b0-49a5-b338-693d7fd8afa8	0	617	-	19905	611	95.8%	599	4	14	8
6293	telomere	1969145b-53b6-4145-bfe4-ffd3198ece9e	0	1203	-	19313	1211	97.6%	1191	3	9	17
6297	telomere	4f61e360-a1d4-4ef6-a867-f94e806972de	23877	23949	+	23963	71	97.2%	70	1	1	0
6301	telomere	80e92f1c-0691-483d-a19b-207fa3b0598a	0	1336	-	23616	1383	94.4%	1316	9	11	58
6305	telomere	7250d8e7-2319-4bbb-9c21-d2da4ff0d5de	19051	19115	+	19129	65	98.5%	64	0	0	1
6309	telomere	fcf52e0e-37c3-4bd3-a102-bb364adc40ee	9098	10234	+	10330	1204	92.2%	1115	16	5	73
6313	telomere	8891a489-01a2-4099-ae10-0c501b59e2ab	0	569	-	23698	572	94.0%	549	8	12	15
6317	telomere	a5829745-c8e0-403e-bbd9-f2e005ba7d31	4	594	-	15398	589	95.2%	573	4	13	12
6321	telomere	d3622745-1b3b-4e38-86c4-0a7d79e716fb	0	9387	-	12010	9737	92.3%	9123	117	147	497
6325	telomere	a32a0be0-7f03-4fff-a3f8-9e3d806ddbbf	9	686	-	14318	673	94.5%	654	4	19	15
6329	telomere	8a33a4ac-84be-428c-be14-d44f2f15bae5	7	572	-	26690	575	95.2%	555	2	8	18
6333	telomere	76a42bfb-ee49-4124-9a68-6ddc15be9b35	10896	11221	+	11221	347	90.5%	314	11	0	22
6337	telomere	81b5a4ef-1393-4c5a-9412-56d33b744a74	0	4172	-	12909	4275	92.6%	4038	48	86	189
6341	telomere	81b5a4ef-1393-4c5a-9412-56d33b744a74	4262	12909	-	12909	8907	93.0%	8420	80	147	407
6345	telomere	8d14beab-7b93-44c5-9bf9-f4fe1e4ccd5b	1	7317	-	14840	7458	96.0%	7220	37	59	201
6349	telomere	0dbf8b8c-b9c3-4b75-b58d-9a9387a4faf1	10007	10164	+	10164	167	91.1%	153	3	1	11
6353	telomere	42f74031-a9dd-4925-b0d5-810a0f7b04ef	1	7016	-	32670	7118	94.7%	6852	42	121	224
6357	telomere	47418f91-470c-4e31-b4d6-6a1268eed873	23308	23353	+	23353	45	93.3%	42	3	0	0
6361	telomere	a2fe1b9a-21c9-4699-ac88-320812df6763	0	1070	-	17749	1068	98.4%	1060	1	9	7
6365	telomere	db2efb40-482b-4cd5-8c44-ffe2db5e1d20	1	7751	-	12179	7962	94.0%	7587	56	107	319
6369	telomere	2d81cacb-c912-4ba8-80e3-fd5393d807b8	0	477	-	24150	470	95.7%	463	0	14	7
6373	telomere	8450c6a1-0007-4eb6-96eb-803600daec7a	0	535	-	8448	543	91.4%	509	12	14	22
6377	telomere	45e2fefa-bcd3-4657-8969-ccd4691b1697	15091	15152	+	15152	63	95.2%	60	1	0	2
6381	telomere	e1d9cea5-9d74-42ae-85fe-627ad5176109	2	1027	-	10953	1027	99.0%	1020	2	3	5
6385	telomere	a780c0a7-9be6-4554-bca4-f709471d54be	9	1087	-	13549	1081	95.6%	1052	7	19	22
6389	telomere	2f07516e-e201-461f-809e-5266effd4c1f	0	307	-	20976	319	92.3%	298	5	4	16
6393	telomere	5f98a55d-777c-450b-aa6c-8054cad32447	0	725	-	33164	723	96.2%	707	6	12	10
6397	telomere	07f40375-baf0-483b-bc0e-60132c251457	30	80	-	12784	49	92.2%	47	1	2	1
6401	telomere	07f40375-baf0-483b-bc0e-60132c251457	150	699	-	12784	575	91.6%	533	9	7	33
6405	telomere	07f40375-baf0-483b-bc0e-60132c251457	706	768	-	12784	67	89.7%	61	0	1	6
6409	telomere	f5db08d3-d903-40e9-afe9-a0ec7279b2c1	28171	28236	+	28273	65	98.5%	64	1	0	0
6413	telomere	5251b798-3a2e-41db-b02b-d87daa8b8296	0	55	-	27506	56	98.2%	55	0	0	1
6417	telomere	5251b798-3a2e-41db-b02b-d87daa8b8296	103	190	-	27506	85	91.0%	81	2	4	2
6421	telomere	5251b798-3a2e-41db-b02b-d87daa8b8296	255	1134	-	27506	901	97.0%	876	1	2	24
6425	telomere	393568bf-3d2e-46e6-9281-e607577ebd36	0	7564	-	17433	7635	95.6%	7410	40	114	185
6429	telomere	18aa7440-4559-4f86-bb8d-451cc283cb3d	0	844	-	32188	848	98.4%	838	2	4	8
6433	telomere	5e2f1079-85fd-43eb-a470-fcb7471f4a7c	5214	6116	+	6331	974	90.2%	880	20	2	74
6437	telomere	5e2f1079-85fd-43eb-a470-fcb7471f4a7c	6139	6199	+	6331	60	96.7%	58	2	0	0
6441	telomere	5e2f1079-85fd-43eb-a470-fcb7471f4a7c	6217	6263	+	6331	48	95.8%	46	0	0	2
6445	telomere	45c03118-6b1c-4bcd-a0df-a13e7edf0a37	23066	23145	+	23145	81	97.5%	79	0	0	2
6449	telomere	90bf50d4-7960-4737-b22b-fed651ffcd45	22533	22580	+	22592	47	95.7%	45	2	0	0
6453	telomere	00cea8d3-467c-49bd-86ba-8d3bd2a09d24	0	12825	-	25847	12990	95.9%	12618	41	166	331
6457	telomere	f3336066-d8c8-4359-8aac-e79c356d726f	9359	12754	+	17499	3700	88.5%	3298	72	25	330
6461	telomere	f3336066-d8c8-4359-8aac-e79c356d726f	12908	13650	+	17499	810	88.9%	724	14	4	72
6465	telomere	f3336066-d8c8-4359-8aac-e79c356d726f	13736	14879	+	17499	1247	88.5%	1111	24	8	112
6469	telomere	f3336066-d8c8-4359-8aac-e79c356d726f	14979	17499	+	17499	2707	90.3%	2457	49	14	201
6473	telomere	1344c194-a0bb-4f0c-a7ed-3fa550894deb	0	271	-	16508	280	93.0%	265	1	5	14
6477	telomere	1344c194-a0bb-4f0c-a7ed-3fa550894deb	355	16508	-	16508	16528	92.9%	15650	185	318	693
6481	telomere	a95a94c9-a9af-462c-9e88-223ac820b6b5	18365	18454	+	18454	95	93.7%	89	0	0	6
6485	telomere	60d36d56-f9e7-406e-8707-7caf155291ea	6798	8036	+	8089	1334	90.2%	1206	29	3	99
6489	telomere	02de06a1-33a4-450e-9bb9-1388cd69cc0e	0	898	-	14957	900	98.9%	894	0	4	6
6493	telomere	559b5bae-8faa-4461-a05d-71900c46ccd3	22313	22385	+	22403	77	93.5%	72	0	0	5
6497	telomere	88780008-cfab-4e2e-a4a3-947908304f26	14042	14120	+	14154	78	96.2%	75	3	0	0
6501	telomere	ec65e9af-0f91-4bfa-b417-98d9afed6e35	20227	21009	+	28064	824	90.8%	756	17	9	51
6505	telomere	ec65e9af-0f91-4bfa-b417-98d9afed6e35	21119	21511	+	28064	414	91.8%	382	8	2	24
6509	telomere	ec65e9af-0f91-4bfa-b417-98d9afed6e35	21655	28064	+	28064	6746	90.9%	6210	110	89	426
6513	telomere	c02a655e-112a-4f36-b5b9-63ef491b4681	0	919	-	15667	918	99.0%	914	0	5	4
6517	telomere	015eea29-f9ce-4b03-a4e9-c3f1b0c6db1d	15990	16188	+	16188	203	93.1%	189	9	0	5
6521	telomere	52e9ab25-821a-42cf-b19b-22853680b568	22980	23028	+	23028	48	97.9%	47	1	0	0
6525	telomere	c8153348-887b-4a79-a452-15df5f0ea7b7	32153	32195	+	32198	42	100.0%	42	0	0	0
6529	telomere	48820d23-259e-4066-b7eb-91ccd7a62c7a	0	12271	-	12271	12385	97.5%	12168	14	89	203
6533	telomere	ddf162e0-4ba7-442a-b816-7fac373a3d4d	12593	12955	+	12955	376	92.1%	348	12	2	16
6537	telomere	4089c40a-786e-44c0-a96d-75ed74a77290	1	614	-	6589	622	97.1%	608	1	4	13
6541	telomere	1e4b9150-0c1c-4439-884c-512d9aae89c9	0	46	-	8110	50	92.0%	46	0	0	4
6545	telomere	1e4b9150-0c1c-4439-884c-512d9aae89c9	72	8108	-	8110	8213	96.5%	7964	36	36	213
6549	telomere	fc40e805-abb8-4d24-a126-57dedc29980d	19983	20056	+	20056	73	97.3%	72	0	1	1
6553	telomere	7ca66497-ca55-44b3-b536-5d5ae35da505	0	1294	-	8560	1307	98.5%	1290	1	3	16
6557	telomere	abf23829-703d-4e03-8293-1c75406f784d	0	86	-	7458	89	94.4%	84	2	0	3
6561	telomere	abf23829-703d-4e03-8293-1c75406f784d	296	7451	-	7458	7313	97.4%	7131	14	10	168
6565	telomere	ff41faa3-7dcf-4410-9ff9-1fbb16368888	0	523	-	9265	516	97.1%	511	2	10	3
6569	telomere	198c5c9a-e602-48f0-88ae-04d6b0acb3f8	3274	4713	+	4982	1561	89.2%	1399	33	7	129
6573	telomere	198c5c9a-e602-48f0-88ae-04d6b0acb3f8	4793	4915	+	4982	120	98.4%	120	0	2	0
6577	telomere	198c5c9a-e602-48f0-88ae-04d6b0acb3f8	4936	4982	+	4982	46	100.0%	46	0	0	0
6581	telomere	8736a7e9-c78a-46ea-928b-17aac80df983	52	1046	-	25808	1027	96.1%	987	7	0	33
6585	telomere	02ade72b-4d5f-4d6d-ac4c-7409208ad404	16517	16570	+	16737	56	92.9%	52	1	0	3
6589	telomere	02ade72b-4d5f-4d6d-ac4c-7409208ad404	16631	16737	+	16737	105	97.2%	103	2	1	0
6593	telomere	c2080382-20fd-4b4e-9110-636aa908bebb	6582	6690	+	6690	111	96.4%	107	1	0	3
6597	telomere	4c5c5293-dfe9-4450-82f2-3c843a1d2f95	3	67	-	7489	63	95.4%	62	0	2	1
6601	telomere	4c5c5293-dfe9-4450-82f2-3c843a1d2f95	140	214	-	7489	79	93.7%	74	0	0	5
6605	telomere	4c5c5293-dfe9-4450-82f2-3c843a1d2f95	241	1071	-	7489	836	98.6%	827	0	3	9
6609	telomere	1f4e813b-f85a-4b0a-a2c3-7d23d573cb29	0	1058	-	12188	1056	98.7%	1050	0	8	6
6613	telomere	848d1b3c-770f-4dce-860a-b132fad8d925	21512	21600	+	21629	89	94.5%	86	0	2	3
6617	telomere	9c627e0f-f007-4ef4-a5de-919516d14208	30864	31068	+	31068	210	93.3%	196	8	0	6
6621	telomere	efd01724-e89d-421a-adf6-b1694e846920	0	677	-	5797	687	95.1%	663	4	10	20
6625	telomere	3d2f3cb8-35cd-44b8-9d64-5c567f5c4d44	1	4246	-	7986	4321	96.9%	4212	7	26	102
6629	telomere	0d32d20f-9e8a-494f-95c2-5e01df84f22d	5	470	-	5389	475	95.6%	457	5	3	13
6633	telomere	294badc1-a2dd-474a-82d9-8168fd64a3c1	3	5318	-	5517	5446	96.6%	5278	17	20	151
6637	telomere	6e00e627-b860-44ff-a43b-fd8cb044b628	0	374	-	7542	397	91.0%	364	7	3	26
6641	telomere	4d7dc200-c5a6-409e-b565-e075cabc8c5b	8345	9412	+	9412	1128	93.1%	1053	11	3	64
6645	telomere	257b188a-6f14-4a33-b0ba-867f75357955	3	1626	-	27747	1655	97.0%	1612	4	7	39
6649	telomere	2529f137-3787-45f7-b891-cc0a28d2198b	30	1155	-	17334	1123	99.3%	1120	0	5	3
6653	telomere	6cf2730c-e726-4943-bfae-9e30c95ac363	16251	16323	+	16363	72	98.6%	71	1	0	0
6657	telomere	38b6eed4-2e82-43ac-aa4c-27b477596ded	26062	26178	+	26178	118	93.3%	112	2	2	4
6661	telomere	dace5e0a-424c-41d6-8036-62e614a54e02	0	227	-	25952	221	97.4%	221	0	6	0
6665	telomere	493d5388-4984-4786-a5ed-cac2e12660c4	0	1076	-	17032	1079	98.6%	1070	0	6	9
6669	telomere	b2161d97-17a4-4e3c-8636-575f01356791	4	991	-	16728	987	99.2%	983	0	4	4
6673	telomere	cf138b59-8bef-4651-93ba-afee732368d5	12080	12197	+	12197	119	93.3%	112	4	1	3
6677	telomere	a942d025-c901-4e30-b0c7-637911268bf6	19717	19855	+	19855	141	97.9%	138	0	0	3
6681	telomere	28816bf8-4c9f-4d7f-823b-e4691d6ef693	4596	4640	+	4652	44	100.0%	44	0	0	0
6685	telomere	65553971-a65a-415d-a2ed-4cb8f1a9d058	16449	17440	+	17442	1054	90.8%	961	26	4	67
6689	telomere	aefc199a-656d-45b8-b4eb-4e4b5cc0978e	15644	15728	+	15820	89	93.3%	83	1	0	5
6693	telomere	ae3b4d5f-65e0-4fcf-bc6a-ea34f140a2bc	4	932	-	15376	937	97.5%	918	5	5	14
6697	telomere	49af9f15-95cb-44ca-8b3d-7a0a7363a285	20801	20841	+	20904	42	92.9%	39	1	0	2
6701	telomere	49af9f15-95cb-44ca-8b3d-7a0a7363a285	20847	20904	+	20904	58	98.3%	57	0	0	1
6705	telomere	f339bdc5-6960-40c3-8783-736baa3cc257	29448	29579	+	29579	138	92.8%	128	3	0	7
6709	telomere	8879bef6-e0bf-4893-a7a7-488ed001b5a9	11037	11229	+	11229	198	92.5%	186	3	3	9
6713	telomere	a0ddb13f-453d-4a16-a435-04498c695130	0	429	-	27285	429	97.9%	423	3	3	3
6717	telomere	ace9429d-7ebd-4493-85b6-f35684c5647f	3	12782	-	12782	13141	95.8%	12665	39	75	437
6721	telomere	018f2c63-98f0-4cad-b136-f742a91a6018	185	306	-	4725	129	91.5%	119	1	1	9
6725	telomere	018f2c63-98f0-4cad-b136-f742a91a6018	393	4725	-	4725	4448	95.1%	4262	38	32	148
6729	telomere	018f2c63-98f0-4cad-b136-f742a91a6018	0	67	-	4725	70	92.9%	65	2	0	3
6733	telomere	a8d91afe-47c1-467d-bc7b-ede972a36ae4	20824	20894	+	20894	70	100.0%	70	0	0	0
6737	telomere	5eb37ba9-ec9c-4f07-a91f-2e37a4c2fcd1	0	656	-	12344	659	98.2%	650	3	3	6
6741	telomere	5a5562c4-6cfa-4ef4-82ee-74527951c683	0	464	-	19670	458	97.2%	453	3	8	2
6745	telomere	4b96e620-4acf-4828-a0f2-8f5dd7b540d6	0	954	-	24959	950	99.4%	949	0	5	1
6749	telomere	e2744718-d393-4bac-b1de-b7a2f5f6850f	0	1040	-	21559	1037	98.9%	1032	1	7	4
6753	telomere	1e4ba014-11f2-4055-8d81-99a3fb2ea3a7	7916	9311	+	9535	1503	90.7%	1364	30	1	109
6757	telomere	1e4ba014-11f2-4055-8d81-99a3fb2ea3a7	9391	9535	+	9535	144	97.2%	140	4	0	0
6761	telomere	39b4d8a6-eede-40fa-a156-afb913a9633d	4281	4602	+	4602	347	90.5%	315	5	1	27
6765	telomere	5a4c8694-41db-424b-9b52-bebf305eeb5b	0	976	-	12607	979	99.7%	976	0	0	3
6769	telomere	c2e4227c-3db0-47f3-93a4-51b41151f761	0	991	-	20193	997	98.8%	988	0	3	9
6773	telomere	5f24734c-cbd3-4bdf-870c-c54928c018f9	7	21852	-	21852	21908	99.1%	21772	9	64	127
6777	telomere	0c19e30b-cf36-4e19-8254-9bc74a51f7a3	15668	16510	+	16510	905	90.2%	820	18	4	67
6781	telomere	42f72cd4-29cf-4a11-b5c1-2c1e2899e87e	16378	17191	-	32532	831	95.9%	803	4	6	24
6785	telomere	42f72cd4-29cf-4a11-b5c1-2c1e2899e87e	15468	15624	+	32532	159	96.2%	153	3	0	3
6789	telomere	42f72cd4-29cf-4a11-b5c1-2c1e2899e87e	16224	16277	+	32532	53	96.2%	51	2	0	0
6793	telomere	100b1279-a9c9-407f-82b6-c44087b70640	23908	24123	+	24123	233	90.6%	211	4	0	18
6797	telomere	3b397386-6ebd-443d-8a6a-9c3baada5913	12951	13512	+	13512	591	90.3%	538	18	5	35
6801	telomere	fd0543eb-5bef-41f9-b17a-56c127a28800	0	9789	-	23246	9875	98.3%	9747	6	36	122
6805	telomere	6442277f-9c42-47a2-a409-f776667ab881	4137	4362	+	4362	243	90.9%	221	4	0	18
6809	telomere	80f91927-cfae-41c1-ab7d-36f8da48f56f	0	6523	-	10904	6547	99.4%	6514	1	8	32
6813	telomere	3526a361-4d0d-4d7d-9c4a-af23191682fa	10263	10404	+	10407	143	96.5%	139	1	1	3
6817	telomere	34435a30-c33a-4198-997e-6aa1002ed85e	0	386	-	5739	389	99.0%	385	1	0	3
6821	telomere	cdd5f932-feb6-44e5-a6a8-0428f17eacfa	0	918	-	31108	917	99.3%	914	1	3	2
6825	telomere	6d21698e-347b-46d6-bf3f-72ca6bcf45b9	5481	6754	+	6754	1363	90.1%	1238	24	11	101
6829	telomere	0b9692e7-43e5-47c3-a121-760dfc9718c0	0	535	-	10748	528	98.3%	527	0	8	1
6833	telomere	a5e135f0-99db-48ee-b695-3b6ccf9fbf75	10210	10940	+	10946	779	89.1%	695	34	1	50
6837	telomere	58cba6aa-007b-469e-bebc-c3f9b3466c3c	10912	11048	+	11048	143	93.7%	134	2	0	7
6841	telomere	b803a9c2-a55f-473f-9a85-24213304733d	3	1245	-	15082	1250	98.1%	1234	0	8	16
6845	telomere	a5a48fee-49c7-432e-9b79-57fb80192815	0	1055	-	19024	1057	99.0%	1050	1	4	6
6849	telomere	ace259a7-18d6-4ede-b449-c6f429b2e6b5	12864	13495	+	13495	678	90.0%	614	13	4	51
6853	telomere	d32ed999-21e9-43f9-a5cf-89a463a94326	13826	14241	+	14241	435	90.9%	400	10	5	25
6857	telomere	b6fd0455-409e-43b3-86e5-203d13531445	19914	20025	+	20025	111	97.3%	109	1	1	1
6861	telomere	43e4a373-5234-45f0-bf55-87a26b34c45f	0	1588	-	24597	1594	99.2%	1585	0	3	9
6865	telomere	3f355cee-fffc-4bac-8827-23d1d5d0699e	4818	4934	+	4934	120	93.4%	113	2	1	5
6869	telomere	a28694b1-d07e-458c-bd7e-99ccfa6264d0	5	482	-	4348	494	94.4%	470	3	4	21
6873	telomere	cfdcff93-2780-4bee-b611-b92efbbddd44	0	385	-	20747	381	99.0%	381	0	4	0
6877	telomere	52563aec-9504-441b-95ec-a515472db091	21449	21598	+	21619	149	96.0%	143	6	0	0
6881	telomere	76924f0e-e1fa-44ef-be0f-66df563d233e	0	999	-	24537	998	99.3%	995	0	4	3
6885	telomere	3a547952-0db0-4f20-8249-ebdd95b8d3c6	0	36	-	8408	40	90.0%	36	0	0	4
6889	telomere	3a547952-0db0-4f20-8249-ebdd95b8d3c6	60	8408	-	8408	8656	94.4%	8223	67	58	366
6893	telomere	cce3c6c1-e28d-4841-9f0a-f7ed6dd3072e	5	594	-	23298	579	96.3%	572	2	15	5
6897	telomere	744fdc99-8185-4535-b44c-78b554af3c96	4	24366	-	24366	24586	98.7%	24303	16	43	267
6901	telomere	fe11f1b1-69be-4a2f-bebd-922a331b967e	20551	20605	+	20605	54	98.1%	53	1	0	0
6905	telomere	98bd4015-6313-490c-be39-35293089df44	4	19725	-	19726	19950	98.4%	19672	13	36	265
6909	telomere	843248c4-6679-44a2-829a-cee2a136c664	5024	5082	+	5082	58	98.3%	57	1	0	0
6913	telomere	30f31e0d-e2ec-43cb-919d-58505bca17f4	0	907	-	16688	911	97.9%	899	1	7	11
6917	telomere	71b9a050-2b3e-4900-a3e7-181b270ed240	11	882	-	7426	911	93.8%	860	5	6	46
6921	telomere	79b0cd15-28eb-44e0-9e51-74f82f236547	20686	20827	+	20863	143	96.5%	139	1	1	3
6925	telomere	bd7693c5-35f2-4905-ad14-80fc0edc771e	2	12217	-	13592	12251	98.9%	12166	4	45	81
6929	telomere	cff63f3b-6f3a-4a81-b320-880dc1fd3d9e	0	1178	-	20147	1179	98.4%	1168	2	8	9
6933	telomere	604ee44c-c4f2-49aa-8c49-42ec737cb7e5	0	293	-	17117	290	99.0%	290	0	3	0
6937	telomere	1c424c8c-33ca-4e0c-87b4-a4fc536ff788	0	281	-	27148	281	99.3%	280	0	1	1
6941	telomere	d2f89e51-d879-4bb6-90d4-dd0653abdf30	1	17546	-	17546	17867	97.5%	17466	24	55	377
6945	telomere	be81a54f-0d06-44f6-81fd-7cf3bc626dbc	0	153	-	11242	163	89.7%	148	3	2	12
6949	telomere	be81a54f-0d06-44f6-81fd-7cf3bc626dbc	271	1759	-	11242	1533	95.2%	1471	5	12	57
6953	telomere	d1b9e892-3a15-4f9b-a1e5-6cc5cf2e9b89	13864	13950	+	13950	90	95.6%	86	0	0	4
6957	telomere	4d845f2e-b304-48b1-ba48-ff16b42e561f	25	1177	-	6445	1160	98.5%	1147	1	4	12
6961	telomere	6e003ddc-91ac-40d7-9562-0327ed39ed11	19293	19431	+	19431	143	93.0%	133	5	0	5
6965	telomere	cbcf4a3c-4db5-47fb-ab2d-db189acf2920	0	699	-	25592	687	98.0%	686	0	13	1
6969	telomere	b7e97b4c-fc6f-45c6-8637-9bb8c97c31c7	21	622	-	16027	603	96.4%	590	2	9	11
6973	telomere	6399807d-9899-4ad5-8b7d-df081ce24fb2	0	724	-	8503	722	99.0%	718	3	3	1
6977	telomere	ffa1f5fd-df10-4598-aa2d-02df79549d17	25042	25141	+	25141	99	98.0%	97	2	0	0
6981	telomere	b0afea9f-3ded-49ed-bbe3-0bfd9d41e8de	0	1167	-	32434	1170	99.1%	1163	0	4	7
6985	telomere	168f175b-40b6-4582-953b-7f8d53fa8c3c	22265	22341	+	22342	77	97.4%	75	1	0	1
6989	telomere	e7da299c-e99a-4cfc-b0ec-d1f372bf5460	2	1229	-	22363	1230	99.1%	1223	0	4	7
6993	telomere	b78208b6-5a01-4d10-801e-a6bab823d8f6	53	297	-	8741	264	88.3%	235	7	2	22
6997	telomere	b78208b6-5a01-4d10-801e-a6bab823d8f6	377	426	-	8741	51	92.2%	47	2	0	2
7001	telomere	b78208b6-5a01-4d10-801e-a6bab823d8f6	447	8740	-	8741	8444	97.3%	8247	17	29	180
7005	telomere	d4167a57-d809-4eab-896a-f92fa32f8b8f	0	944	-	25322	948	99.4%	943	0	1	5
7009	telomere	a50d95bc-8433-45b9-ac45-e706eee70a3f	35538	35632	+	35634	94	98.9%	93	1	0	0
7013	telomere	2d302a80-c645-4aec-8668-d1ef1232b0f0	7	907	-	13952	901	99.1%	896	1	3	4
7017	telomere	e6f28f9e-5870-4a98-8ef1-a6dc86c88f6d	11701	12537	+	13185	898	91.6%	825	8	3	65
7021	telomere	e6f28f9e-5870-4a98-8ef1-a6dc86c88f6d	12615	12876	+	13185	282	89.7%	253	8	0	21
7025	telomere	e6f28f9e-5870-4a98-8ef1-a6dc86c88f6d	12954	13185	+	13185	240	93.8%	226	4	1	10
7029	telomere	88f57c84-860f-4748-b658-38e3755b9e70	18706	18843	+	18843	141	95.7%	135	2	0	4
7033	telomere	822e1868-3b8b-471d-8e8d-b4178aa0840a	12952	13074	+	13074	123	95.2%	118	3	1	2
7037	telomere	8c6e72ea-0fa0-48a3-bcc8-a4eb6ce90965	11	1782	-	13748	1790	97.7%	1757	6	8	27
7041	telomere	d64f3aa2-c73e-4400-8d53-4ade996edf6e	9710	10294	+	10294	609	90.5%	555	25	4	29
7045	telomere	8a136061-1108-461e-a308-1f228aad8583	3	552	-	9777	548	95.5%	532	8	9	8
7049	telomere	6f24a7cc-4741-4a95-a8b1-b88c9561a09a	19353	20023	+	20172	713	89.9%	642	27	1	44
7053	telomere	6f24a7cc-4741-4a95-a8b1-b88c9561a09a	20084	20171	+	20172	87	92.0%	80	7	0	0
7057	telomere	e0554097-be1b-4a4f-9053-2c2d5b134bd1	0	1173	-	17713	1179	98.4%	1165	3	5	11
7061	telomere	5536592a-a3d5-48ce-8de9-965d27e24ab2	4	6246	-	6485	6394	95.6%	6166	22	54	206
7065	telomere	ca5644e3-f6ac-4109-92a4-e87f8d217d11	27542	27700	+	27700	160	93.8%	151	6	1	3
7069	telomere	e24c1fda-53fc-4c3b-a32b-7bb35da584e5	9645	10025	+	10025	407	91.6%	373	7	0	27
7073	telomere	56bf5e9e-0754-4c45-9deb-bcf65e2e0a78	0	491	-	16281	484	93.2%	468	5	18	11
7077	telomere	bdd9c87a-9a96-4e7d-95af-4dbd0b1ea916	6	1157	-	16543	1172	97.7%	1148	0	3	24
7081	telomere	a13849f7-f458-4903-a826-4bbe800ff9af	26178	26336	+	26372	162	95.7%	156	1	1	5
7085	telomere	e64c349f-0a88-4723-935f-cb6874ce1d7f	5729	5783	+	5791	53	96.3%	52	1	1	0
7089	telomere	67453937-f562-465f-a388-b0aa43716d01	26187	26238	+	26240	53	96.2%	51	0	0	2
7093	telomere	c9acfd73-b298-4394-8ffb-39ffde75e2ad	8380	8460	+	8463	81	98.8%	80	0	0	1
7097	telomere	db8e258c-2a31-43ac-9ca0-0888f11478a1	52	1375	-	8911	1333	99.1%	1322	0	1	11
7101	telomere	5ca62806-ac59-417f-a13d-b284f6f48987	10592	10716	+	10718	126	95.2%	120	4	0	2
7105	telomere	a81cac59-1537-4102-9f66-1253a8557527	21193	21287	+	21319	96	95.8%	92	2	0	2
7109	telomere	bac83ac8-04b4-4379-b4ab-d07a1ef26863	0	987	-	16298	997	98.8%	986	0	1	11
7113	telomere	1a8dc590-207b-47da-883e-3ad5f448297a	0	949	-	31841	964	97.5%	944	1	4	19
7117	telomere	57eb0405-8394-4d5c-a599-7a92f2d0bc7c	0	618	-	15470	613	98.2%	610	0	8	3
7121	telomere	2ac76079-9ab7-4672-a3eb-d24b5fe90d5b	12485	12556	+	12598	71	98.6%	70	1	0	0
7125	telomere	ccdedbdd-99fb-4971-87ed-449a3caf8523	16155	16589	+	16590	453	91.9%	418	14	2	21
7129	telomere	fabf2055-47ad-423b-a695-1ea33b7f5c53	11945	12054	+	12100	107	97.2%	106	1	2	0
7133	telomere	90b2541e-a73c-4ba7-86f8-cb0c7036e943	0	1142	-	25431	1153	98.7%	1140	0	2	13
7137	telomere	66a8c97e-037f-4f73-bd59-4147546a252a	0	1005	-	9906	1008	97.5%	993	2	10	13
7141	telomere	9ef63810-1f50-4d89-97f3-b0e042a37833	3	827	-	21119	840	95.1%	809	4	11	27
7145	telomere	f349c818-d959-4559-9732-fb559dc575d7	12955	13060	+	13060	104	96.2%	101	3	1	0
7149	telomere	c8040196-46a2-451b-9b30-f383135137fc	0	753	-	16557	753	98.9%	749	0	4	4
7153	telomere	22ae524b-e63e-461b-95ed-f4199c582e08	0	686	-	13344	671	97.7%	670	1	15	0
7157	telomere	64424844-746e-4148-a4de-b7aeef10f7e5	17732	17857	+	17859	125	96.8%	122	2	1	1
7161	telomere	2a2285d8-2f98-41cc-b0e4-3930dbbf6c21	10933	11175	+	22196	258	93.0%	240	2	0	16
7165	telomere	2a2285d8-2f98-41cc-b0e4-3930dbbf6c21	11282	14157	+	22196	3094	90.5%	2810	53	12	231
7169	telomere	2a2285d8-2f98-41cc-b0e4-3930dbbf6c21	14276	14465	+	22196	204	90.7%	186	2	1	16
7173	telomere	2a2285d8-2f98-41cc-b0e4-3930dbbf6c21	14556	16026	+	22196	1567	91.6%	1441	22	7	104
7177	telomere	2a2285d8-2f98-41cc-b0e4-3930dbbf6c21	16110	18042	+	22196	2088	90.0%	1888	35	9	165
7181	telomere	2a2285d8-2f98-41cc-b0e4-3930dbbf6c21	18160	20826	+	22196	2856	89.4%	2578	61	27	217
7185	telomere	2a2285d8-2f98-41cc-b0e4-3930dbbf6c21	20903	22196	+	22196	1377	89.7%	1244	39	10	94
7189	telomere	6be1f9b4-7323-4f07-b324-611612d80907	0	799	-	9188	797	99.3%	795	0	4	2
7193	telomere	b1093fcf-f2a2-45a5-9dd3-1929bd7445fa	23657	23795	+	23797	137	92.8%	128	9	1	0
7197	telomere	9a85ab2b-b131-43c7-8a52-a2fb57510d1d	0	753	-	3927	759	98.0%	748	1	4	10
7201	telomere	711331a8-2230-4b72-aac4-6de4b4d9ad29	29	11503	-	11504	11866	95.3%	11368	45	61	453
7205	telomere	da81f1b9-ed0f-469d-9e9d-cfb1f5a573c8	1	1020	-	26254	1032	97.3%	1011	1	7	20
7209	telomere	3965f407-5c64-4d20-ad8c-71b327595c0e	6	745	-	14592	752	97.2%	734	2	3	16
7213	telomere	485bc3e6-9687-4bd4-84fb-0133772efee8	8836	8996	+	8996	167	91.1%	153	6	1	8
7217	telomere	65d846ab-3429-4af9-b645-79fb6b788870	14651	14710	+	14712	61	95.1%	58	1	0	2
7221	telomere	e4229ecb-797f-45d7-ad5a-0600042dbf5c	15535	15697	+	15697	168	94.6%	159	3	0	6
7225	telomere	8137f98c-ea2a-40ea-a021-7ce77a44bb7c	17316	17435	+	17435	126	91.3%	115	4	0	7
7229	telomere	77adf58e-34ca-4500-9c95-25c556ca8d29	5	13496	-	17194	13565	98.9%	13451	2	38	112
7233	telomere	98fec66b-c950-400a-9eec-efb41cb1e0f7	4	1308	-	17358	1376	92.5%	1280	16	8	80
7237	telomere	b5ca265d-4601-4b76-83ad-06ab096241ca	0	8814	-	30008	8909	97.7%	8755	9	50	145
7241	telomere	9aa9b3e7-1fd8-496c-ba09-83f96310e41e	12012	12076	+	12094	64	100.0%	64	0	0	0
7245	telomere	772e9765-5ec5-420a-879c-e547eda97045	0	1086	-	24848	1098	98.4%	1083	0	3	15
7249	telomere	340124e9-f16c-40de-9668-ae34a9f6c628	0	549	-	9719	528	96.2%	528	0	21	0
7253	telomere	3c05a997-634f-4e0d-ae14-e7c3491ac9b3	12757	13892	+	28573	1213	91.2%	1111	19	5	83
7257	telomere	3c05a997-634f-4e0d-ae14-e7c3491ac9b3	13976	15341	+	28573	1456	90.6%	1327	30	8	99
7261	telomere	3c05a997-634f-4e0d-ae14-e7c3491ac9b3	15415	16209	+	28573	834	93.4%	780	13	1	41
7265	telomere	3c05a997-634f-4e0d-ae14-e7c3491ac9b3	16285	17530	+	28573	1344	90.5%	1219	23	3	102
7269	telomere	3c05a997-634f-4e0d-ae14-e7c3491ac9b3	17654	18352	+	28573	748	90.8%	681	15	2	52
7273	telomere	3c05a997-634f-4e0d-ae14-e7c3491ac9b3	18421	21203	+	28573	2967	90.4%	2697	68	17	202
7277	telomere	3c05a997-634f-4e0d-ae14-e7c3491ac9b3	21292	21867	+	28573	618	90.0%	558	15	2	45
7281	telomere	3c05a997-634f-4e0d-ae14-e7c3491ac9b3	21955	22233	+	28573	294	89.9%	266	10	2	18
7285	telomere	3c05a997-634f-4e0d-ae14-e7c3491ac9b3	22395	23583	+	28573	1260	89.7%	1137	44	7	79
7289	telomere	3c05a997-634f-4e0d-ae14-e7c3491ac9b3	23863	25425	+	28573	1668	89.5%	1501	52	9	115
7293	telomere	3c05a997-634f-4e0d-ae14-e7c3491ac9b3	25539	25786	+	28573	252	94.5%	241	3	3	8
7297	telomere	3c05a997-634f-4e0d-ae14-e7c3491ac9b3	25925	28325	+	28573	2548	89.1%	2298	70	32	180
7301	telomere	3c05a997-634f-4e0d-ae14-e7c3491ac9b3	28385	28445	+	28573	64	92.2%	59	1	0	4
7305	telomere	3c05a997-634f-4e0d-ae14-e7c3491ac9b3	28503	28571	+	28573	70	97.1%	68	0	0	2
7309	telomere	d0a295b3-0e57-4268-9a58-3dc5e69e165c	4	19015	-	22789	19104	98.9%	18949	7	55	148
7313	telomere	86f4fd07-2dcc-4fc6-940c-0ae843dd79b1	23721	23792	+	23838	77	92.2%	71	0	0	6
7317	telomere	48ae3c7d-3397-4b4c-a3ec-a2d8596432d9	7927	8121	+	8121	204	91.7%	188	5	1	11
7321	telomere	424a5fa2-bd9e-41d0-ad29-7c2203852cbd	0	938	-	15255	941	98.4%	931	2	5	8
7325	telomere	ff7ff378-5663-4010-8a0f-6db72657aae9	0	1005	-	13549	1001	99.4%	1000	0	5	1
7329	telomere	10f58a8b-9f2e-4cd9-8f43-c853189685f7	8	1082	-	21823	1091	96.2%	1060	3	11	28
7333	telomere	ba026788-74a3-468f-9fc2-c5f5e0a1807b	5628	7073	+	7078	1547	90.5%	1408	29	8	110
7337	telomere	77b12731-a05e-4c6f-bc63-e273faaa714e	4	8032	-	25589	8149	96.5%	7927	33	68	189
7341	telomere	06db2372-f30c-41ca-8ff2-453fed835776	16115	16218	+	16236	107	95.3%	102	1	0	4
7345	telomere	e891dabd-422c-455b-a695-bce588432663	2	18510	-	18510	18589	99.1%	18466	3	39	120
7349	telomere	e702f1e8-f6bf-442c-802f-f7d6db2e16d5	15972	16040	+	16040	68	100.0%	68	0	0	0
7353	telomere	9bdd2337-a4e1-45ae-8123-24cf3810173d	0	899	-	24671	903	97.6%	889	2	8	12
7357	telomere	bee8a57d-0d77-41f8-837e-3f2cda1af23f	27307	27380	+	27386	77	94.8%	73	0	0	4
7361	telomere	8817e6a2-ede9-44d6-9cfd-981a060931ec	20861	20929	+	20929	70	97.1%	68	0	0	2
7365	telomere	17b048df-71b9-438f-9b72-a8a6cc6cd895	20739	20810	+	20814	71	100.0%	71	0	0	0
7369	telomere	bb97d388-4607-45b7-ae1d-efe092f5d314	0	336	-	10112	337	98.5%	334	0	2	3
7373	telomere	bb97d388-4607-45b7-ae1d-efe092f5d314	356	399	-	10112	46	91.3%	42	1	0	3
7377	telomere	e207a3d9-6b56-4b3a-8db3-fe629e1936a4	66	1209	-	21668	1153	98.0%	1135	3	5	15
7381	telomere	9bbe6582-812b-456d-a7a9-e16f9a662351	6268	6707	+	6707	450	94.0%	426	10	3	14
7385	telomere	0bbf1614-7db9-42d6-92d5-2260c857df78	0	1097	-	11008	1101	98.3%	1089	1	7	11
7389	telomere	7d029ccd-4951-4eb0-aaed-40f654ad2886	3597	3767	+	3795	171	93.6%	162	6	2	3
7393	telomere	9d9e0e63-8ea0-4d3c-8617-59d7ec2040d4	5	616	-	14065	605	97.1%	597	4	10	4
7397	telomere	10d9a5ef-91f7-41c1-a9ce-7c68639090d1	0	1184	-	14346	1187	98.6%	1177	0	7	10
7401	telomere	04626781-62a9-4c65-b594-dab476001d19	5	19092	-	19092	19525	95.5%	18807	116	164	602
7405	telomere	2dcef1bb-3bb7-44ba-a363-0186a49c6c81	0	368	-	33347	367	99.5%	366	1	1	0
7409	telomere	32436af6-66e4-4e5a-abb7-21f38a031ce6	0	633	-	28750	617	97.2%	616	0	17	1
7413	telomere	1ca7e046-acb1-41a1-b7b7-863836e6b7a9	0	20419	-	20419	20645	98.5%	20371	10	38	264
7417	telomere	cdf0dfbb-1f4c-46d6-9067-6fa76197eff9	0	1189	-	15129	1203	97.8%	1182	2	5	19
7421	telomere	61ea1a28-cb08-4e26-bb28-a67aa8e4630a	8	1216	-	19046	1211	98.9%	1203	0	5	8
7425	telomere	4a0ae489-5df3-4958-a916-cf3931ff75bd	16620	16664	+	16664	44	100.0%	44	0	0	0
7429	telomere	56b81355-ecba-4473-a351-9d5268fc0a5a	0	376	-	9716	381	98.2%	374	2	0	5
7433	telomere	df902bbe-1071-4737-bab2-5f03ec0874a3	0	727	-	18739	717	96.9%	710	1	16	6
7437	telomere	92548b8a-189c-416c-a042-f18133c194d1	19588	19692	+	19692	104	100.0%	104	0	0	0
7441	telomere	aa3ab4ab-674b-45c3-83ab-ade0d9d520c6	5	13235	-	22051	13471	96.3%	13085	34	111	352
7445	telomere	e6923b8f-ea93-43f0-a099-f35f6cd9fb7a	0	17400	-	25127	17446	98.9%	17324	6	70	116
7449	telomere	88e50488-a7d5-4bb6-bdf8-c9e70f49e922	0	899	-	37534	907	98.5%	895	2	2	10
7453	telomere	bf90d478-bcbc-4135-8c8a-9997ac4e4d4a	0	1341	-	14314	1401	90.3%	1287	30	24	84
7457	telomere	bf90d478-bcbc-4135-8c8a-9997ac4e4d4a	1445	1931	-	14314	514	90.0%	468	12	6	34
7461	telomere	bf90d478-bcbc-4135-8c8a-9997ac4e4d4a	2014	3961	-	14314	2050	90.7%	1878	49	20	123
7465	telomere	bf90d478-bcbc-4135-8c8a-9997ac4e4d4a	4055	11141	-	14314	7331	94.3%	6965	68	53	298
7469	telomere	feda231d-42f8-4c2f-8334-c7e146215b33	0	587	-	6002	577	97.8%	575	1	11	1
7473	telomere	84dd0b3b-2c0c-4ca7-9026-f41bc1d5e561	5412	5534	+	5534	122	94.3%	116	5	1	1
7477	telomere	d8607dab-5318-4117-9df3-ff4f46cbbb5c	0	562	-	11047	562	95.8%	548	4	10	10
7481	telomere	abdc897e-8542-4412-acb4-b5bf4667dfe6	0	1336	-	13316	1327	98.6%	1321	2	13	4
7485	telomere	6b0551f2-2a63-461d-94f8-23dc5374a469	21032	21103	+	21107	71	100.0%	71	0	0	0
7489	telomere	a6d2d35b-bae7-4819-9c69-9286ab0e454d	17132	17403	+	17403	287	92.0%	265	5	1	17
7493	telomere	791b5684-77e1-41d3-8dc7-aab3e9e11087	7233	7459	+	7942	245	89.8%	221	4	1	20
7497	telomere	791b5684-77e1-41d3-8dc7-aab3e9e11087	7483	7565	+	7942	84	95.2%	80	2	0	2
7501	telomere	791b5684-77e1-41d3-8dc7-aab3e9e11087	7595	7942	+	7942	362	93.4%	341	3	3	18
7505	telomere	f7dd2c34-20a4-48a7-bad6-3755089d8afd	0	410	-	25039	403	98.3%	403	0	7	0
7509	telomere	76d08c21-583d-41c9-8a45-6fee7c697ba8	27108	27217	+	27217	113	93.0%	106	2	1	5
7513	telomere	fb58e69c-95af-4116-bbfd-067755888cda	17088	17166	+	17184	78	98.7%	77	1	0	0
7517	telomere	c6ec856e-8f38-46ad-8c38-1426a1620a2c	4	15849	-	15852	15967	99.0%	15826	3	16	138
7521	telomere	3c7bb9f8-4ad0-47f7-bcb4-b4b02c450f25	14373	14413	+	14902	41	97.6%	40	0	0	1
7525	telomere	3c7bb9f8-4ad0-47f7-bcb4-b4b02c450f25	14433	14902	+	14902	486	90.0%	442	22	5	22
7529	telomere	4b05fbe9-a90a-4ad2-b21e-34bc23a92957	0	940	-	25358	937	99.5%	936	0	4	1
7533	telomere	e3dcee10-1545-4698-a372-ef62e6b0ba96	0	1083	-	32110	1087	99.1%	1080	0	3	7
7537	telomere	7043e8fc-ca51-412c-979e-60a6eb3ea3a3	0	1101	-	19052	1099	98.4%	1091	0	10	8
7541	telomere	b079b249-39bd-46a1-8c09-111c4673106c	0	152	+	4169	160	88.3%	143	7	2	10
7545	telomere	b079b249-39bd-46a1-8c09-111c4673106c	161	355	+	4169	203	93.1%	190	3	1	10
7549	telomere	b079b249-39bd-46a1-8c09-111c4673106c	445	715	+	4169	280	95.0%	266	4	0	10
7553	telomere	b079b249-39bd-46a1-8c09-111c4673106c	793	2376	+	4169	1698	91.8%	1560	21	2	117
7557	telomere	b079b249-39bd-46a1-8c09-111c4673106c	2560	3914	+	4169	1450	90.8%	1322	26	6	102
7561	telomere	b079b249-39bd-46a1-8c09-111c4673106c	3948	3990	+	4169	42	100.0%	42	0	0	0
7565	telomere	b079b249-39bd-46a1-8c09-111c4673106c	4068	4166	+	4169	98	97.0%	96	1	1	1
7569	telomere	05da31fb-3259-40de-8916-dd8ecb57e09b	0	843	-	23712	840	98.9%	837	0	6	3
7573	telomere	9215bbe3-6443-4d87-968c-d2e69ece857d	17431	17474	+	17510	42	95.3%	41	1	1	0
7577	telomere	ecbcd336-10b2-4309-b2aa-729040e6b5b4	0	465	-	21057	462	99.4%	462	0	3	0
7581	telomere	6f2b338d-2e0a-46e8-a64c-4ee023baac5c	6321	6664	+	6664	344	94.0%	329	8	6	7
7585	telomere	b745d9d7-3e16-4135-9862-7bd8d4dd4034	13013	13078	+	13114	65	100.0%	65	0	0	0
7589	telomere	9b920676-13ad-4631-b735-f4a75597e991	13114	13973	+	14087	923	90.2%	835	21	3	67
7593	telomere	9b920676-13ad-4631-b735-f4a75597e991	14033	14081	+	14087	48	100.0%	48	0	0	0
7597	telomere	5602d85a-3991-4f2e-bde0-773765fb2d9a	0	962	-	20062	953	98.7%	951	0	11	2
7601	telomere	ad3cfb94-1312-4bea-970b-337f3a047b3e	0	835	-	13181	834	98.8%	829	1	5	4
7605	telomere	14c1c764-5f23-4291-bc0b-a09c5bb16188	12313	12391	+	12394	78	100.0%	78	0	0	0
7609	telomere	ff6855ba-f56a-4180-a68f-077a9c6f69e3	13895	13964	+	13966	71	97.2%	69	0	0	2
7613	telomere	d4e28138-735e-4b79-a005-df972070e3f8	0	5967	-	16903	6021	98.2%	5937	6	24	78
7617	telomere	987f937e-09d3-400a-af0d-242b3eec0b48	4	1265	-	15539	1268	98.7%	1256	1	4	11
7621	telomere	02c79dbc-5b77-4471-821c-7ac5d6fd94a5	0	20671	-	23259	20813	98.7%	20596	13	62	204
7625	telomere	02c79dbc-5b77-4471-821c-7ac5d6fd94a5	21009	21069	-	23259	60	100.0%	60	0	0	0
7629	telomere	b4aec5fd-d550-4158-a8c6-9e6e0e0cb060	0	5600	-	5621	5784	93.2%	5464	58	78	262
7633	telomere	4eb44285-32f4-4ccc-9de7-75cab497b9da	22502	22548	+	22548	46	100.0%	46	0	0	0
7637	telomere	255b5c02-f727-4a48-8285-bdf53f03bfee	0	1962	-	5583	1996	93.5%	1904	18	40	74
7641	telomere	255b5c02-f727-4a48-8285-bdf53f03bfee	2354	4227	-	5583	1967	90.6%	1811	30	32	126
7645	telomere	255b5c02-f727-4a48-8285-bdf53f03bfee	4325	5583	-	5583	1289	94.5%	1230	16	12	43
7649	telomere	d112173f-068a-4dbd-b3bc-10e501d1a458	0	1728	-	17632	1761	97.6%	1722	3	3	36
7653	telomere	eecd32b9-3f8f-4059-8f85-f23ed7495fc2	0	1023	-	11732	1029	99.3%	1022	1	0	6
7657	telomere	847b78b4-cfad-4a4c-bca2-6e3284e5bcbf	19264	19361	+	19363	101	94.1%	95	2	0	4
7661	telomere	9954a3d1-4c28-4449-82dc-b951ce397d40	0	843	-	25943	849	98.2%	837	3	3	9
7665	telomere	b0246c04-fae5-4d84-828d-215c9c988157	0	429	-	5772	427	97.5%	422	1	6	4
7669	telomere	e3f07a56-adb6-4a9f-9802-cc3c5eef8cf3	20117	20179	+	20179	65	95.4%	62	0	0	3
7673	telomere	22c221b6-5480-42a1-aea8-074f1e6e6f51	21115	22070	+	22072	1032	88.9%	923	26	6	83
7677	telomere	059292da-c89b-4a07-b11b-b1069de00ff9	0	11620	-	24498	11602	98.6%	11525	7	88	70
7681	telomere	6d061e38-07b0-4037-9d76-c31026426c81	0	823	-	13828	821	98.6%	816	0	7	5
7685	telomere	14dfa873-c0a8-4384-8957-e2172d94eede	14	1000	-	27898	990	97.0%	971	4	11	15
7689	telomere	ae6c8ba3-0350-42f7-a284-74ce2fa17980	31558	31910	+	31910	356	93.0%	332	19	1	5
7693	telomere	af0768ac-306e-4d04-a204-6b6c3d503046	8	1326	-	12275	1321	99.5%	1316	0	2	5
7697	telomere	a1addfd4-3a07-4492-b369-732c424e7d0e	10507	10751	+	10751	257	92.2%	238	5	1	14
7701	telomere	002d5699-ca1c-40a0-8c22-f15102ec63c3	0	636	-	21398	633	98.4%	629	1	6	3
7705	telomere	332a4811-cc3e-4bb5-9fb5-26264accdd43	25281	25588	+	25588	327	89.9%	294	13	0	20
7709	telomere	7f6f1ca8-269e-4197-b0d8-6751ef486076	22372	22484	+	22484	117	95.7%	112	0	0	5
7713	telomere	c7a43813-0d6a-4366-bbc6-6eeddee3db28	0	1014	-	17257	1023	97.7%	1005	3	6	15
7717	telomere	9cebcf8e-7c7e-405f-b8ac-0cd1c74b2a67	0	83	-	24293	83	91.9%	79	1	3	3
7721	telomere	9cebcf8e-7c7e-405f-b8ac-0cd1c74b2a67	115	1513	-	24293	1429	93.6%	1360	14	24	55
7725	telomere	6de5a432-a07a-41dc-ac14-d681db04af15	18364	18412	+	19630	48	97.9%	47	1	0	0
7729	telomere	6de5a432-a07a-41dc-ac14-d681db04af15	18432	19630	+	19630	1303	89.6%	1170	25	3	108
7733	telomere	c1b2e24f-d583-4f1d-9a91-fe38f501d31f	0	887	-	9176	927	93.0%	868	13	6	46
7737	telomere	dc12cd70-cd56-4d66-ba3a-13cde6445057	0	693	-	28290	690	97.4%	681	3	9	6
7741	telomere	cb2f2e15-93d3-4df0-ab66-c73793e0f5cc	0	963	-	7020	998	92.7%	939	9	15	50
7745	telomere	928ac339-84f1-46ad-9c27-d5ba7a4f5f03	10122	10187	+	10187	64	95.4%	62	2	1	0
7749	telomere	07900aa4-5fc5-4479-bc89-8e69dcb81f57	1	619	-	7872	599	95.5%	593	3	22	3
7753	telomere	89ddd2c3-7c7d-4fd0-b707-48413e4a522e	0	2626	-	12070	2752	93.3%	2582	29	15	141
7757	telomere	89ddd2c3-7c7d-4fd0-b707-48413e4a522e	2750	12070	-	12070	9765	93.0%	9151	93	76	521
7761	telomere	ee5e44a6-e7ec-42d7-85a0-4c88e0e85c79	15	786	-	17073	765	98.7%	762	2	7	1
7765	telomere	b9b05fdc-ae0e-49ed-80b3-c648f93a6999	21104	21157	+	21157	53	96.2%	51	2	0	0
7769	telomere	04b73983-eadc-4661-9870-e5a48f356d85	34274	34441	+	34441	173	92.5%	161	5	1	7
7773	telomere	a3cb31a5-65cb-47a1-be16-4ba511e41222	1	545	-	19360	545	97.8%	538	1	5	6
7777	telomere	a2af7949-5134-4349-bdb6-a9187ba9fc50	6823	6886	+	6901	65	96.9%	63	0	0	2
7781	telomere	4a4a3a31-9a19-40d9-9f4a-0701f27e9180	0	1546	-	17031	1547	98.8%	1537	0	9	10
7785	telomere	0b304bf6-efc8-4f9c-94f9-d40afc646283	0	471	-	13475	472	97.3%	465	0	6	7
7789	telomere	0b304bf6-efc8-4f9c-94f9-d40afc646283	471	520	-	13475	44	89.8%	44	0	5	0
7793	telomere	0d7afb39-5786-4354-8cd3-2e7c4e1f42b0	17	443	-	8175	427	94.3%	414	0	12	13
7797	telomere	e90bc31c-c04d-4ac5-8d16-fbf78e743ee5	15504	15565	+	15565	61	100.0%	61	0	0	0
7801	telomere	9816d3d8-1812-47b4-8d2b-3e80e0ecb48a	14829	14959	+	15003	130	99.2%	129	1	0	0
7805	telomere	40a89a70-941d-4017-b401-dca26e1f60ab	28	1183	-	22851	1163	98.3%	1148	2	5	13
7809	telomere	b0a45d60-09e2-4b41-81e2-0dc4717fe729	23844	24020	+	24020	178	96.6%	173	2	1	3
7813	telomere	21755551-94e2-4981-a4f8-c6138c86202e	0	10416	-	10416	10479	99.0%	10388	10	18	81
7817	telomere	1970cb73-8824-4671-9b25-539cfb883ae3	0	11735	-	11735	11896	97.8%	11672	26	37	198
7821	telomere	1b83416a-a6da-42bd-a907-ec1af54b0059	6788	7934	+	7936	1215	92.2%	1123	20	3	72
7825	telomere	ab41518f-6c6f-4909-8754-f6352029b0d5	22652	22715	+	22744	64	96.9%	62	1	0	1
7829	telomere	f0feaa58-9966-4bd3-bb95-a04e42d94e41	24282	24329	+	24339	47	97.9%	46	1	0	0
7833	telomere	6f324d65-d7cf-44ba-89aa-613b061e9caa	0	978	-	31281	975	99.7%	975	0	3	0
7837	telomere	5937075e-388f-4cd1-8c3e-3e8ef6732046	9896	10050	+	10055	161	93.2%	150	4	0	7
7841	telomere	e2fd37fe-1da4-4723-aef7-ce019dd83e06	4	764	-	13098	751	98.6%	750	0	10	1
7845	telomere	196bdf8e-1f55-43ce-982e-c78511ee0dfc	0	408	-	10026	407	98.8%	405	0	3	2
7849	telomere	aacb2d5b-d761-4592-93de-f9c8cc7b1aaa	33716	33763	+	60636	48	95.8%	46	1	0	1
7853	telomere	aacb2d5b-d761-4592-93de-f9c8cc7b1aaa	33810	34383	+	60636	612	87.6%	537	35	1	40
7857	telomere	aacb2d5b-d761-4592-93de-f9c8cc7b1aaa	34837	35042	-	60636	206	95.2%	200	1	4	5
7861	telomere	aacb2d5b-d761-4592-93de-f9c8cc7b1aaa	34488	34559	+	60636	73	94.5%	69	2	0	2
7865	telomere	7204a179-a67f-4f5e-aeb9-43011df837b2	0	906	-	12459	912	97.6%	897	2	7	13
7869	telomere	807db55d-fa75-44e1-9f58-f708137bf745	0	866	-	7781	861	98.7%	857	2	7	2
7873	telomere	abaea3f2-3d8a-4370-9637-7e91cab75e4c	0	583	-	17357	579	99.3%	579	0	4	0
7877	telomere	1efad9a5-3348-4abc-8c41-48e9f56ed6e4	7820	7865	+	7865	47	91.7%	44	0	1	3
7881	telomere	f07adb47-2643-4994-80a9-cfdad8a17627	1	869	-	8653	883	95.9%	855	4	9	24
7885	telomere	8285c7d3-45b0-4a29-b477-a7636c733849	0	691	-	6998	723	91.9%	673	9	9	41
7889	telomere	ae479271-2e28-48ea-a449-697f29f19e4a	5	1252	-	12076	1250	99.1%	1243	0	4	7
7893	telomere	0998260d-1f65-4dc7-8e35-aa36efbbd311	9	1133	-	17674	1122	98.8%	1116	1	7	5
7897	telomere	b42b7c17-c2a4-409f-bf0b-c7459c3a2de9	14703	14771	+	14773	71	93.0%	66	2	0	3
7901	telomere	d2e1f534-e052-42ca-be1e-6b4e52c2241b	27010	27153	+	27155	148	95.3%	141	2	0	5
7905	telomere	62e83ee8-d038-4b38-b46d-0ff59ff6cafe	0	1581	-	9265	1587	98.6%	1573	0	8	14
7909	telomere	737535d0-e3ef-4d34-814a-d2013e54b67e	26650	26719	+	26725	71	97.2%	69	0	0	2
7913	telomere	3ce63de3-d56f-4aaf-9740-c1187bbf443b	0	18284	-	18435	18307	99.3%	18229	5	50	73
7917	telomere	8abb8f1b-72bf-471f-ac09-478c6df153cd	1	346	-	6779	358	89.4%	330	4	11	24
7921	telomere	7730ed43-8cdc-44d3-a878-c2c508be9f5f	0	388	-	11336	401	93.6%	379	5	4	17
7925	telomere	65a47e4e-9c56-407f-9c35-6afcc51f03f5	7779	7883	+	7885	108	95.4%	103	1	0	4
7929	telomere	68a9f658-7b1d-4465-a033-3e4861b519bd	34908	35020	+	35022	113	97.3%	110	2	0	1
7933	telomere	a184611e-9de8-4a26-81e8-dd213f361dba	3	1043	-	8740	1057	94.6%	1014	11	15	32
7937	telomere	82578128-5875-46ba-a8fe-4bfb9ab748ca	0	676	-	17865	713	92.1%	661	10	5	42
7941	telomere	4a787e1f-1b05-415f-a7db-2ef03fafbf48	0	1152	-	18986	1158	98.4%	1145	1	6	12
7945	telomere	63ef77e8-0725-443b-9e3e-ce86ce276b70	16208	16703	+	16733	533	89.5%	478	16	1	39
7949	telomere	5d43658f-08df-419b-b4cf-b0c1f8e5074f	2	26307	-	26307	26474	98.5%	26174	23	108	277
7953	telomere	26f6c1d3-966c-4a0d-871a-d14f60922016	4	1184	-	7339	1201	95.2%	1156	11	13	34
7957	telomere	1955be88-1f9d-4fdc-bdfd-c83bcf48f1be	0	965	-	18280	978	96.2%	951	3	11	24
7961	telomere	d316d370-3602-4f48-bbef-a38f2edce37e	3	10139	-	10139	10222	98.7%	10111	6	19	105
7965	telomere	e8c212c6-b36b-4ddb-afce-8190759e184c	0	1236	-	25696	1238	99.7%	1235	0	1	3
7969	telomere	d5212616-8391-4060-b05e-077d3191dffe	0	1134	-	21503	1139	98.9%	1129	2	3	8
7973	telomere	d7947082-4200-4038-bc9a-3b27351a9f2a	0	15764	-	22891	16195	95.5%	15584	65	115	546
7977	telomere	98fec968-e0de-427c-828b-0af859076970	0	960	-	37383	966	99.4%	960	0	0	6
7981	telomere	100beb86-3056-4b1b-bbd3-4fe5ec60bbbd	2	1203	-	10105	1224	94.3%	1169	16	16	39
7985	telomere	5f314a3d-8b73-41d9-a803-ad38fb31abbe	0	615	-	27523	612	99.3%	611	1	3	0
7989	telomere	ef37bca9-1bf1-4d53-8d43-8c2758df650f	41566	41625	+	41631	59	100.0%	59	0	0	0
7993	telomere	c7093593-3a2a-4d88-9224-3b311efd1e78	0	815	-	16206	810	98.9%	808	0	7	2
7997	telomere	ac497165-ea12-4a20-82b1-3e1753b5a1ef	21941	22033	+	22036	90	96.7%	89	1	2	0
8001	telomere	a497a674-3fef-4fbd-a874-b93786c8c265	18837	18887	+	18928	50	100.0%	50	0	0	0
8005	telomere	ceec9e88-c4d9-4df6-8f52-bbc56fdbce58	21953	22014	+	22016	65	92.3%	60	1	0	4
8009	telomere	6b8285fd-a469-4cc4-9886-758ad23a11d5	4	1284	-	17217	1286	98.2%	1271	1	8	14
8013	telomere	3b8e75e9-dcaa-4c9f-80ce-09642c654f85	8	652	-	8853	639	96.5%	629	2	13	8
8017	telomere	46455d84-a2f5-4c0c-a620-51c3f9ade283	13	17234	-	17234	17386	98.8%	17195	1	25	190
8021	telomere	9672c328-bd5c-4cde-a9ba-c3f6677651f1	32839	32880	+	32880	41	100.0%	41	0	0	0
8025	telomere	74404e2d-931b-4fcc-8aac-07b59161a345	14	845	-	29696	853	93.4%	809	9	13	35
8029	telomere	a5338253-9a20-47e7-ac41-e9ff6bc86cad	0	522	-	12757	523	97.9%	516	2	4	5
8033	telomere	b213ea65-3b20-4e92-80e0-e248eef710c8	0	732	-	27537	733	98.8%	728	0	4	5
8037	telomere	c1faef97-a88f-4497-8335-e80f76640de5	0	998	-	34438	998	98.9%	992	1	5	5
8041	telomere	1e8eefef-c40d-4ec6-a130-ec1b4f60d97d	21832	21923	+	32131	90	98.9%	90	0	1	0
8045	telomere	1e8eefef-c40d-4ec6-a130-ec1b4f60d97d	22015	22793	+	32131	831	89.6%	751	20	7	60
8049	telomere	1e8eefef-c40d-4ec6-a130-ec1b4f60d97d	22927	31244	+	32131	8909	90.1%	8088	161	68	660
8053	telomere	1e8eefef-c40d-4ec6-a130-ec1b4f60d97d	31497	31830	+	32131	366	89.1%	326	7	0	33
8057	telomere	1e8eefef-c40d-4ec6-a130-ec1b4f60d97d	31841	31890	+	32131	52	92.3%	48	1	0	3
8061	telomere	1e8eefef-c40d-4ec6-a130-ec1b4f60d97d	31914	32003	+	32131	91	97.8%	89	0	0	2
8065	telomere	1e8eefef-c40d-4ec6-a130-ec1b4f60d97d	32024	32071	+	32131	48	93.9%	46	0	1	2
8069	telomere	9c414e17-8ba6-4600-9a04-41d06f2f4494	0	828	-	9430	816	97.6%	812	0	16	4
8073	telomere	a1b6dff7-e38a-45e8-98c7-c32de3e99952	14616	14861	+	14862	253	94.1%	240	3	2	10
8077	telomere	6c86a5ed-565e-41c9-b1a2-9fed8afc918f	24831	25193	+	25193	382	91.2%	351	8	3	23
8081	telomere	8d88119d-44d6-4cf1-adf4-02b7c312f20b	12298	12514	+	12514	228	93.4%	213	3	0	12
8085	telomere	47a50577-b012-4f30-b6db-602cb76037c3	0	446	-	20401	447	98.4%	443	0	3	4
8089	telomere	eb169aec-c81c-4988-8971-247e73671b6e	1	1500	-	15148	1501	98.9%	1492	0	7	9
8093	telomere	c4a5ec51-5cd2-4d10-a6e1-eb65347b0fae	0	728	-	31028	720	98.9%	720	0	8	0
8097	telomere	fcacfe8f-c588-44b2-91f9-4e40e8dd1b1b	1	793	-	13548	797	97.8%	785	1	6	11
8101	telomere	daa4e2c1-e49d-4ce7-8f06-244757b2dcbb	0	765	-	44315	768	97.5%	754	6	5	8
8105	telomere	d01298d3-200c-4a87-b747-1f2e83195d29	14	720	-	6490	726	93.9%	688	11	7	27
8109	telomere	b35bffe3-8d59-45f8-9f8c-116260459eb6	8380	8834	+	17105	487	89.0%	438	11	5	38
8113	telomere	b35bffe3-8d59-45f8-9f8c-116260459eb6	8997	11267	+	17105	2448	90.6%	2226	36	8	186
8117	telomere	b35bffe3-8d59-45f8-9f8c-116260459eb6	11493	12201	+	17105	754	92.5%	698	9	1	47
8121	telomere	b35bffe3-8d59-45f8-9f8c-116260459eb6	12288	13018	+	17105	798	89.1%	713	15	2	70
8125	telomere	b35bffe3-8d59-45f8-9f8c-116260459eb6	13136	14551	+	17105	1512	90.7%	1379	28	8	105
8129	telomere	b35bffe3-8d59-45f8-9f8c-116260459eb6	14641	15944	+	17105	1438	88.0%	1272	24	7	142
8133	telomere	b35bffe3-8d59-45f8-9f8c-116260459eb6	16010	16082	+	17105	72	100.0%	72	0	0	0
8137	telomere	b35bffe3-8d59-45f8-9f8c-116260459eb6	16144	16502	+	17105	381	91.9%	351	6	1	24
8141	telomere	b35bffe3-8d59-45f8-9f8c-116260459eb6	16601	17105	+	17105	546	89.1%	488	14	2	44
8145	telomere	977d7a8f-3af6-4366-8428-fe7922197fe1	0	701	-	16395	696	99.3%	696	0	5	0
8149	telomere	612896ae-0ec5-4102-b9f3-1bfe1b100925	19362	19414	+	19414	50	96.2%	50	0	2	0
8153	telomere	9cc14bef-4a69-4089-85f7-2256be167116	3476	4842	+	10969	1442	93.5%	1352	10	4	80
8157	telomere	9cc14bef-4a69-4089-85f7-2256be167116	4915	7130	+	10969	2368	92.0%	2181	32	2	155
8161	telomere	9cc14bef-4a69-4089-85f7-2256be167116	7230	7516	+	10969	306	91.8%	281	5	0	20
8165	telomere	9cc14bef-4a69-4089-85f7-2256be167116	7654	9162	+	10969	1618	91.4%	1484	18	6	116
8169	telomere	9cc14bef-4a69-4089-85f7-2256be167116	9415	10813	+	10969	1510	89.3%	1355	35	8	120
8173	telomere	9cc14bef-4a69-4089-85f7-2256be167116	10837	10878	+	10969	41	100.0%	41	0	0	0
8177	telomere	9cc14bef-4a69-4089-85f7-2256be167116	10902	10966	+	10969	64	96.9%	62	2	0	0
8181	telomere	afb094c4-135e-4d63-93ab-653a57fb9951	0	521	-	23710	527	97.4%	515	4	2	8
8185	telomere	373867fd-a899-477a-b404-957bb33fe41d	1	17044	-	17044	17148	99.1%	17015	3	25	130
8189	telomere	a9dd6253-9347-4e09-a1ac-6781a6e1a8c8	6223	6429	+	6429	210	95.2%	200	6	0	4
8193	telomere	fe736282-21f9-4b38-8993-43c985f58516	5863	7403	+	7695	1670	90.0%	1506	31	3	133
8197	telomere	fe736282-21f9-4b38-8993-43c985f58516	7461	7514	+	7695	53	100.0%	53	0	0	0
8201	telomere	fe736282-21f9-4b38-8993-43c985f58516	7543	7594	+	7695	52	96.2%	50	1	0	1
8205	telomere	fe736282-21f9-4b38-8993-43c985f58516	7610	7695	+	7695	87	92.0%	81	3	1	3
8209	telomere	416bbf19-01cf-4950-9e79-19078ea667d3	22035	22115	+	22115	83	95.2%	79	1	0	3
8213	telomere	3294e02e-2815-4c95-9f0e-2b2c8412be11	35240	35314	+	35314	74	100.0%	74	0	0	0
8217	telomere	21b9fdd7-9e49-42f1-9eef-db4c206916e3	32893	33271	+	33271	382	92.7%	358	16	4	8
8221	telomere	04f3d4f3-8aee-419c-bf83-1c3902774be9	0	851	-	27013	851	98.7%	845	1	5	5
8225	telomere	d5eb3ec1-bd0f-498a-9a19-d8ba7009a28a	8310	8364	+	8367	54	100.0%	54	0	0	0
8229	telomere	a607a5e7-b768-4003-a8bb-cbeed8ed1775	1	918	-	21705	924	98.4%	913	0	4	11
8233	telomere	291fe4d5-bd45-4c2c-835a-8c7bfccf6183	1	18603	-	18604	18730	99.1%	18580	1	21	149
8237	telomere	e68f3c5c-8305-44b4-896a-bcb31f64f4be	27434	27493	+	27495	59	100.0%	59	0	0	0
8241	telomere	53bab5b4-889b-448d-8219-b73ca9ad33c0	21161	21203	+	21913	42	100.0%	42	0	0	0
8245	telomere	53bab5b4-889b-448d-8219-b73ca9ad33c0	21214	21714	+	21913	520	93.9%	490	8	2	22
8249	telomere	53bab5b4-889b-448d-8219-b73ca9ad33c0	21780	21913	+	21913	135	90.6%	125	5	3	5
8253	telomere	b3ff7c35-31e8-43c4-9d23-d562d1e335d8	17162	17276	+	17278	114	98.2%	112	2	0	0
8257	telomere	f9076f5e-723d-4a92-84d7-41be9996b9ac	21846	21923	+	21947	77	97.4%	75	2	0	0
8261	telomere	4ff99b2f-3a79-420a-9c6e-4286b62fbcb4	8	627	-	17959	618	96.8%	607	3	9	8
8265	telomere	fe13f67b-c057-4eb0-8304-ad3e816535be	17308	17408	+	17408	103	94.2%	97	3	0	3
8269	telomere	dded41fd-5054-4d4a-a7e4-89ba962ffbbe	0	496	-	13342	489	98.2%	487	2	7	0
8273	telomere	0135f6aa-bced-4366-9c70-05e4786b19af	0	738	-	11623	738	99.2%	735	0	3	3
8277	telomere	d87e0072-4060-4547-9d99-3ae8db6620ae	0	28643	-	38384	28970	98.5%	28575	18	50	377
8281	telomere	5cfaeb62-f978-4844-a253-2d7f86868105	12	541	-	27013	532	96.6%	519	5	5	8
8285	telomere	ac36de0b-7e37-4fbd-b148-d0207333aa31	7063	8014	-	13839	957	99.2%	950	0	1	7
8289	telomere	ac36de0b-7e37-4fbd-b148-d0207333aa31	6064	6271	+	13839	215	91.7%	198	8	1	9
8293	telomere	ac36de0b-7e37-4fbd-b148-d0207333aa31	6352	6410	+	13839	60	91.7%	55	3	0	2
8297	telomere	ac36de0b-7e37-4fbd-b148-d0207333aa31	6664	6704	+	13839	40	92.5%	37	3	0	0
8301	telomere	ac36de0b-7e37-4fbd-b148-d0207333aa31	6716	6941	+	13839	240	89.6%	216	8	1	16
8305	telomere	ac36de0b-7e37-4fbd-b148-d0207333aa31	6947	7021	+	13839	78	91.0%	71	3	0	4
8309	telomere	5406c82e-33b2-493d-b1ce-cd7368db41f8	29437	29484	+	29522	47	100.0%	47	0	0	0
8313	telomere	7cf09bc7-562a-450c-af48-0c9f2860c453	0	469	-	29889	468	96.8%	460	2	7	6
8317	telomere	45221911-e147-4abd-8342-ab662e9c7d00	15422	15485	+	15485	63	96.8%	61	2	0	0
8321	telomere	db5a58b9-de71-4604-82e8-3f876484cc69	28581	29429	+	29459	903	91.3%	826	20	2	57
8325	telomere	83d663c9-239a-42e6-9dd5-dc971bfc885c	22	661	-	5551	648	94.1%	621	6	12	21
8329	telomere	bf7a1a1e-ffb8-4220-abcb-b6101ba1ac55	0	673	-	14177	660	95.6%	651	1	21	8
8333	telomere	ad77ad10-3ce5-46fd-9b7b-776a85726645	0	482	-	20808	477	97.9%	474	1	7	2
8337	telomere	1b8af2a2-128e-4250-9c1d-71c3b915946c	0	482	-	7094	480	97.3%	474	1	7	5
8341	telomere	3b0fd0e3-e929-4b87-a16a-eb65d87e10fa	25630	25746	+	25746	116	93.2%	110	4	2	2
8345	telomere	e4528eb3-2551-40ce-9fde-e87c27017e80	23671	23829	+	23829	171	90.1%	154	4	0	13
8349	telomere	aa075a57-291c-4cd3-ad9d-cc4bef9cbfa7	20082	20399	+	20399	335	91.6%	307	10	0	18
8353	telomere	42c425ae-268a-4918-ab75-31f23475a99f	28378	28421	+	28443	43	100.0%	43	0	0	0
8357	telomere	2bab9a1f-2f87-4d7d-a16a-5277f2ecd494	0	6064	-	6429	6227	95.9%	6003	27	34	197
8361	telomere	5e51f9e8-1c75-4f8b-9581-c539f123e210	117	4442	+	5030	4597	91.4%	4230	64	31	303
8365	telomere	5e51f9e8-1c75-4f8b-9581-c539f123e210	4505	4992	+	5030	521	91.4%	478	7	2	36
8369	telomere	6bcf68b7-a2f6-4f7b-934b-8c5ad124cf5f	0	740	-	15650	734	97.6%	727	2	11	5
8373	telomere	14738cfe-4bed-4ae0-8e86-7e4b07d0b924	35335	36195	-	70715	894	92.4%	836	13	11	45
8377	telomere	14738cfe-4bed-4ae0-8e86-7e4b07d0b924	35223	35277	+	70715	58	93.1%	54	0	0	4
8381	telomere	1be876ed-f437-4223-bfbb-0aa53cc770a6	17162	17234	+	17234	72	94.4%	68	4	0	0
8385	telomere	16d287a4-5d2e-4ad4-ad21-c6bc97e9a017	21261	22127	-	42351	901	94.9%	858	5	3	38
8389	telomere	16d287a4-5d2e-4ad4-ad21-c6bc97e9a017	21079	21133	+	42351	54	96.3%	52	2	0	0
8393	telomere	16d287a4-5d2e-4ad4-ad21-c6bc97e9a017	21143	21246	+	42351	101	97.1%	100	1	2	0
8397	telomere	16d287a4-5d2e-4ad4-ad21-c6bc97e9a017	20890	20933	+	42351	42	93.0%	40	2	1	0
8401	telomere	913983d8-61f3-49b9-8bdb-e1ec918db78c	0	786	-	17168	779	98.9%	778	0	8	1
8405	telomere	68e5f515-fb73-4722-9886-72bfdfd3c3c7	0	634	-	17970	633	96.6%	621	3	10	9
8409	telomere	b66d97df-ffee-4fd7-be4c-d9e0e32e4327	20	665	-	17492	642	97.4%	634	2	9	6
8413	telomere	2d51894d-f16a-45f0-ad0b-9e884b08028a	0	302	-	19218	299	99.0%	299	0	3	0
8417	telomere	9c73e35e-7db8-44d1-928e-b7832d0873ce	0	1214	-	28484	1217	99.6%	1213	0	1	4
8421	telomere	6b7cdb99-0812-4a52-a427-835d601d4ce2	5696	5740	+	5763	44	100.0%	44	0	0	0
8425	telomere	1f9d5eed-7d21-4be0-9c71-b1aab56b6db5	0	788	-	5833	783	99.0%	781	1	6	1
8429	telomere	73c9fe6f-24e8-4dce-9658-396081c5c223	0	942	-	15153	948	98.0%	934	3	5	11
8433	telomere	59238115-5bdb-47c4-8a84-b026804d7365	0	1300	-	11264	1328	96.8%	1291	3	6	34
8437	telomere	35c3d015-a8e3-4b19-a9d5-2c7c2bb7bbbf	0	649	-	22561	648	93.2%	621	10	18	17
8441	telomere	c96a028a-cf55-4cbe-8682-95b181a88d4c	7	1416	-	7171	1409	98.2%	1396	0	13	13
8445	telomere	7f38ff98-af0e-4266-a0d0-6cfc6285b087	0	447	-	30385	441	98.2%	440	0	7	1
8449	telomere	ba3471ed-26b4-40f7-befd-144ed0bc854e	0	5268	-	14019	5292	97.8%	5220	5	43	67
8453	telomere	e7427d81-e0cb-4b07-a75d-2bbfd120a3a2	19134	19263	+	19264	131	93.9%	124	4	1	3
8457	telomere	e2a61e5b-8cef-4e4a-b8fe-8f0926bd321f	26194	26275	+	26279	84	94.0%	79	2	0	3
8461	telomere	97845282-e5d4-4373-971f-06e3a34796a5	5924	6224	+	6224	307	93.6%	291	5	4	11
8465	telomere	79636434-d43e-43cb-988e-85180a2ce593	0	1459	-	19824	1463	98.4%	1449	0	10	14
8469	telomere	9a3bdc32-bc84-423a-a5af-3fb430bbd4f9	5940	7064	+	7108	1173	93.1%	1098	20	6	55
8473	telomere	ff1ac818-0987-4e49-896f-8bc9c3a4095f	0	772	-	19699	773	97.2%	760	3	9	10
8477	telomere	f024b1e3-a5a2-4f99-afea-d3cc4f0826ad	10	952	-	11646	985	92.8%	922	12	8	51
8481	telomere	4aa8c9fa-fcec-413a-8ab6-40f3f1208391	0	51	-	19635	53	96.2%	51	0	0	2
8485	telomere	4aa8c9fa-fcec-413a-8ab6-40f3f1208391	64	1057	-	19635	1001	97.0%	981	2	10	18
8489	telomere	53d5acf0-cb45-4635-80b1-2187e24f6214	19213	19672	+	19672	446	96.1%	443	1	15	2
8493	telomere	4e47f08e-2a0b-42fb-9efd-1897169dfba2	0	482	-	29144	476	98.8%	476	0	6	0
8497	telomere	4ac35186-1e8c-413a-8e0e-3001e4cddde2	0	376	-	28013	372	98.9%	372	0	4	0
8501	telomere	12f3a0e3-8199-483b-9d3e-e6df89982113	35353	35506	+	35506	160	91.9%	147	6	0	7
8505	telomere	2c27fd33-2cb5-450f-84a3-9a8590e3e308	26086	26140	+	26143	54	96.4%	53	0	1	1
8509	telomere	bc061721-ea50-42a1-b0c4-8233310ab3a5	9314	10388	+	10388	1118	93.9%	1053	18	3	47
8513	telomere	b93147e1-3371-4a55-989b-d845c526c08e	22177	22634	+	22634	491	89.8%	442	14	1	35
8517	telomere	c591c45f-a115-446a-833b-6b4949e6884e	7926	7981	+	7981	55	98.2%	54	1	0	0
8521	telomere	c788ec98-360f-4b2f-9f76-cb628915a7bc	21888	21936	+	21942	47	97.9%	47	0	1	0
8525	telomere	7fd17326-47b5-4101-86f5-b1671af34638	0	822	-	21454	815	98.5%	812	1	9	2
8529	telomere	e065d7fb-d5a0-4b3f-b1df-f5a668ca4c86	0	1329	-	16233	1338	98.8%	1325	1	3	12
8533	telomere	ad2d55b2-4434-407f-a1ea-e9d4996401f0	0	13853	-	29900	13902	98.9%	13796	6	51	100
8537	telomere	4d93f0dc-e343-4bc5-b60d-cb5c7101c78a	5838	6626	+	6626	829	91.5%	761	24	3	44
8541	telomere	ed0d3de4-7364-451a-a0da-744393db2160	7794	8927	+	8928	1204	92.1%	1113	16	4	75
8545	telomere	ed784cba-d58b-4703-98c9-fefa40a5b5ad	0	915	-	21400	914	97.5%	902	2	11	10
8549	telomere	d6aecfd3-d96b-4815-b7f2-db4795baa067	26	784	-	13716	757	97.9%	748	3	7	6
8553	telomere	c9328aaf-5b30-4356-a56f-8af74f6d56ce	11	23660	-	23660	23923	98.2%	23555	37	57	331
8557	telomere	3ac21101-4b97-4637-a015-96f885ca2a6d	17441	17540	+	17552	101	95.0%	96	3	0	2
8561	telomere	99056e50-b04a-4644-bd13-48daf666c49a	27516	27556	+	27557	42	95.2%	40	0	0	2
8565	telomere	6246a8b6-e375-4641-a641-03da829edcd8	0	867	-	6922	858	98.3%	855	0	12	3
8569	telomere	ee59ea3f-dfb9-4e3b-a626-f335b40b2c42	197	748	-	10734	552	97.7%	545	0	6	7
8573	telomere	382135ae-109c-44e6-9bc1-47493afccd1e	2	1447	-	6650	1452	98.8%	1439	1	5	12
8577	telomere	1a98029e-cd99-4698-a427-2fc92869f754	16041	16183	+	16183	149	95.3%	142	0	0	7
8581	telomere	67024694-319f-431f-8c06-efdefd15860b	17550	18518	-	34952	1030	93.5%	964	3	1	63
8585	telomere	67024694-319f-431f-8c06-efdefd15860b	16353	17469	+	34952	1206	87.9%	1065	46	5	95
8589	telomere	12625867-a310-442e-a965-19e3a871db15	0	1257	-	27616	1265	98.6%	1252	0	5	13
8593	telomere	5c0680b5-a7bc-4844-a679-0ff129c5f8cd	46621	46662	+	46662	41	100.0%	41	0	0	0
8597	telomere	29a2d0a1-a4fb-4583-8cb0-e192c7cf2ae7	0	8660	-	20201	8697	97.4%	8556	13	91	128
8601	telomere	f450002c-7af4-439b-af78-54cebe82869e	7046	8961	+	15354	2068	89.8%	1864	43	8	161
8605	telomere	f450002c-7af4-439b-af78-54cebe82869e	9091	9996	+	15354	978	88.9%	876	22	7	80
8609	telomere	f450002c-7af4-439b-af78-54cebe82869e	10085	10351	+	15354	280	93.9%	263	3	0	14
8613	telomere	f450002c-7af4-439b-af78-54cebe82869e	10453	10865	+	15354	442	89.7%	400	8	4	34
8617	telomere	f450002c-7af4-439b-af78-54cebe82869e	11007	15352	+	15354	4694	89.7%	4227	97	21	370
8621	telomere	2995b1a4-6a08-488b-aaa9-a9103055a134	14453	14570	+	14570	119	91.7%	110	6	1	3
8625	telomere	c50a72e9-c0ac-4c35-a284-a19edbab967b	16	1399	-	10524	1409	97.4%	1376	3	4	30
8629	telomere	ae09ef05-1e75-442c-936a-5580747bd2eb	0	1308	-	20068	1322	98.6%	1306	0	2	16
8633	telomere	77497b79-2004-4af5-824a-e4ffde9bb3fb	0	1019	-	9594	1020	99.3%	1016	0	3	4
8637	telomere	a7381140-396f-470e-be0a-e383f9c73f80	0	596	-	5577	594	97.2%	585	3	8	6
8641	telomere	c71ada3e-7215-4694-9a27-3d3ef9b9b2bc	19357	19466	+	19466	113	92.9%	105	4	0	4
8645	telomere	3f4063a6-6ab9-48c0-9fb4-b6a325860531	13514	14035	+	14035	551	89.9%	499	18	4	34
8649	telomere	81123769-92ee-4b3a-b8a7-78d521f07f36	1	908	-	23481	919	97.9%	903	1	3	15
8653	telomere	d32bd2f8-3861-48f3-9d70-8fadf4c25468	38688	38832	+	38832	148	95.3%	141	3	0	4
8657	telomere	9705ee3e-9daa-4e63-8d69-c3ba9fdc61f5	12541	12964	-	24776	444	92.2%	415	2	6	27
8661	telomere	9705ee3e-9daa-4e63-8d69-c3ba9fdc61f5	11962	12079	+	24776	121	93.4%	113	4	0	4
8665	telomere	9705ee3e-9daa-4e63-8d69-c3ba9fdc61f5	12291	12408	+	24776	120	90.1%	109	7	1	4
8669	telomere	9705ee3e-9daa-4e63-8d69-c3ba9fdc61f5	12424	12484	+	24776	60	98.3%	59	1	0	0
8673	telomere	fa8db9e4-4285-4864-ac56-f0b356a049e1	15330	15812	+	15812	492	92.0%	460	14	8	18
8677	telomere	6326de3d-37c4-4928-a511-95de3a4f689f	0	5842	-	11279	6008	94.1%	5711	69	62	228
8681	telomere	e623c26e-667b-4cae-969e-c7e188d9f85e	6322	7481	+	7482	1227	92.8%	1142	14	3	71
8685	telomere	070b3a43-781d-4381-b3e2-a75bdfede7f2	0	1756	-	6818	1783	97.0%	1738	9	9	36
8689	telomere	dcc8723f-ea33-4ecb-96f5-8a089e83fab3	0	275	-	17442	273	93.3%	264	1	10	8
8693	telomere	b124c6bd-9c02-4346-aead-58dceaa7511d	0	826	-	28256	824	99.3%	822	0	4	2
8697	telomere	82eeb274-4256-455c-92ec-824f72dc121e	12859	12941	+	12944	82	98.8%	81	1	0	0
8701	telomere	85fe99d5-6f31-404c-acf1-03e5110e3525	28620	28770	+	28770	157	93.6%	147	3	0	7
8705	telomere	34c014ee-18b0-47de-9dc3-5eb2dd217e44	0	1078	-	10952	1082	99.4%	1077	0	1	5
8709	telomere	6fbeec5f-877d-4fb9-bc96-12fbc40a0943	37	935	-	15489	896	97.2%	884	1	13	11
8713	telomere	a7b49674-3a8b-4c3f-a343-1aae4b4de67d	0	1238	-	14811	1242	98.8%	1232	1	5	9
8717	telomere	db69af73-5b7a-440e-b8cc-5e99a47230b1	0	1058	-	5350	1061	99.4%	1056	1	1	4
8721	telomere	da9164b6-d806-4bcc-9f90-575a6333866d	0	12739	-	13205	12792	99.0%	12701	5	33	86
8725	telomere	274b8f85-bf21-402a-b831-c5352550d851	0	8998	-	13072	9020	99.3%	8976	2	20	42
8729	telomere	ab7ea2d2-f32b-4882-b757-0a86361b31ea	1	632	-	24542	625	97.8%	621	0	10	4
8733	telomere	117e169c-188a-478f-8315-5e0774bd7df2	3	1105	-	6098	1111	94.2%	1064	19	19	28
8737	telomere	cb2aec5b-62c4-4b3e-a363-014a0d8934c0	4	1530	-	17766	1557	97.5%	1521	2	3	34
8741	telomere	705d02f9-5fbd-4c3e-9032-8aab2584703b	0	683	-	10252	706	94.5%	672	6	5	28
8745	telomere	fd32e6d4-8461-4e77-82fa-5638dff8e582	0	572	-	13592	567	99.1%	567	0	5	0
8749	telomere	1d7bd291-73d6-49f7-ac95-ce3788aaaa11	8956	10464	+	10614	1613	91.0%	1469	37	2	107
8753	telomere	1d7bd291-73d6-49f7-ac95-ce3788aaaa11	10572	10614	+	10614	43	95.3%	41	1	0	1
8757	telomere	d3fc308d-692f-4d01-ad30-639b742c0f87	1	1157	-	30514	1159	98.5%	1149	0	7	10
8761	telomere	cf119156-bbcd-495f-b83b-1ef254a7d27f	30	1378	-	19408	1381	97.3%	1345	2	1	34
8765	telomere	9f42a4de-0a67-4887-a319-ee4b59dc3a40	20797	20917	+	20917	124	94.4%	117	3	0	4
8769	telomere	f6fc43df-1b29-4038-8b95-7dc149b622d3	23	14814	-	14814	15028	97.7%	14729	9	53	290
8773	telomere	42bab091-e568-4c81-8904-6aeec057068b	29796	29954	+	29954	159	98.1%	156	2	0	1
8777	telomere	ba4600f3-72c7-4abe-93d5-ceb35640d73b	2	754	-	6047	758	90.5%	708	20	24	30
8781	telomere	e901c031-da51-4c27-9fee-7b62116447fa	0	507	-	9232	500	96.9%	494	3	10	3
8785	telomere	7a080785-0676-4415-8c8e-c65759a8c7c3	3	773	-	8576	770	98.2%	763	0	7	7
8789	telomere	5df89388-cd41-424e-b1ea-1075293d1e09	6	1229	-	12246	1232	98.3%	1216	2	5	14
8793	telomere	3e68ba56-de58-4e1e-94e3-8437d1fa2854	0	1147	-	21662	1181	95.9%	1138	3	6	40
8797	telomere	bb9d860a-f541-4662-86b4-e912cfe6b393	11457	12162	+	12210	740	90.8%	675	27	3	38
8801	telomere	40492a26-b4a4-447a-9c63-010c7d744002	3267	4898	+	4908	1721	93.3%	1610	17	4	94
8805	telomere	39b5dbab-2141-4046-84b0-79f1a29431bf	5	879	-	6341	895	96.1%	864	6	4	25
8809	telomere	a7f98d51-7440-40b5-bbf7-296365819752	12	1381	-	11436	1376	97.8%	1356	3	10	17
8813	telomere	2b4e6582-0b9b-4125-8caf-a2d66f94db12	164	1183	-	21193	1025	99.2%	1018	0	1	7
8817	telomere	84eba524-9d25-4d61-9d21-76d46305bf74	1	882	-	12790	913	90.4%	845	14	22	54
8821	telomere	70c975e8-14cd-41a6-9377-53d86bd69b6d	14632	14892	+	14893	269	93.7%	254	4	2	11
8825	telomere	445dbdbf-ac85-4f8f-97cf-2308a11dd1b2	2	17883	-	17883	18005	98.7%	17818	7	56	180
8829	telomere	2d1fee3a-8044-4600-ac06-a358630ae54c	15670	15720	+	15720	50	100.0%	50	0	0	0
8833	telomere	51f2de66-3aa7-4ef0-980c-39b1e283442c	4	739	-	11078	739	94.8%	714	7	14	18
8837	telomere	347c6e05-fc60-4248-8461-b2b832343d34	8660	8728	+	16234	67	98.5%	67	0	1	0
8841	telomere	347c6e05-fc60-4248-8461-b2b832343d34	8823	9940	+	16234	1194	91.6%	1096	18	3	80
8845	telomere	347c6e05-fc60-4248-8461-b2b832343d34	10131	10631	+	16234	534	92.1%	493	6	1	35
8849	telomere	347c6e05-fc60-4248-8461-b2b832343d34	10704	11911	+	16234	1296	91.0%	1183	20	4	93
8853	telomere	347c6e05-fc60-4248-8461-b2b832343d34	12030	12186	+	16234	162	92.7%	152	2	2	8
8857	telomere	347c6e05-fc60-4248-8461-b2b832343d34	12292	12418	+	16234	130	96.9%	126	0	0	4
8861	telomere	347c6e05-fc60-4248-8461-b2b832343d34	12514	13436	+	16234	1020	87.1%	894	22	6	104
8865	telomere	347c6e05-fc60-4248-8461-b2b832343d34	13541	14703	+	16234	1248	90.0%	1126	33	3	89
8869	telomere	347c6e05-fc60-4248-8461-b2b832343d34	14832	16234	+	16234	1492	91.0%	1368	22	12	102
8873	telomere	7b9275e9-c1b8-4d27-8931-697b724e9dbc	4787	5204	+	5204	443	91.0%	404	12	1	27
8877	telomere	d9d0dd0b-17a4-4ac7-8b25-401984ba0f50	0	783	-	14462	783	96.5%	768	2	13	13
8881	telomere	3d8a878b-71b9-444a-b0cf-54f63d39be10	10657	11103	+	11750	460	94.2%	436	7	3	17
8885	telomere	3d8a878b-71b9-444a-b0cf-54f63d39be10	11190	11537	+	11750	354	95.3%	341	2	4	11
8889	telomere	65812a19-9ab2-4bea-ab7c-0c9c07d5bd7d	13875	13954	+	13954	81	93.9%	77	1	1	3
8893	telomere	6e2b21e3-a3c0-462a-8895-8f06d174fe0f	3	729	-	24692	727	97.0%	715	1	10	11
8897	telomere	bb290b47-7bc7-4220-8669-2c2680d72ee4	0	556	-	29821	555	97.9%	549	1	6	5
8901	telomere	7a1911b5-a6aa-4e3b-8e2d-2e6f503a6217	13093	13580	+	13580	518	90.8%	472	13	2	33
8905	telomere	0ab32e1d-92f3-4c63-b628-5a48962b7ecd	5828	6667	+	6667	873	92.7%	816	16	7	41
8909	telomere	d53de098-11fd-4631-9095-4599373c66cd	0	449	-	16151	450	99.8%	449	0	0	1
8913	telomere	4a01bc3f-a328-413a-a0d9-f979fa245dcc	60	1037	-	16587	982	98.4%	971	1	5	10
8917	telomere	aff6211b-4cd0-49a1-a428-e072e0d1f1cf	0	1688	+	7812	1827	89.1%	1637	40	11	150
8921	telomere	aff6211b-4cd0-49a1-a428-e072e0d1f1cf	1770	1887	+	7812	132	87.1%	115	2	0	15
8925	telomere	aff6211b-4cd0-49a1-a428-e072e0d1f1cf	2001	6989	+	7812	5310	92.3%	4910	66	12	334
8929	telomere	aff6211b-4cd0-49a1-a428-e072e0d1f1cf	7076	7114	+	7812	40	95.0%	38	0	0	2
8933	telomere	aff6211b-4cd0-49a1-a428-e072e0d1f1cf	7120	7240	+	7812	126	91.3%	116	3	1	7
8937	telomere	aff6211b-4cd0-49a1-a428-e072e0d1f1cf	7361	7413	+	7812	54	96.3%	52	0	0	2
8941	telomere	aff6211b-4cd0-49a1-a428-e072e0d1f1cf	7430	7607	+	7812	186	94.6%	176	1	0	9
8945	telomere	aff6211b-4cd0-49a1-a428-e072e0d1f1cf	7725	7792	+	7812	67	98.5%	66	1	0	0
8949	telomere	b449243d-2af0-4810-be7b-1e3ea50fc51b	10587	11244	+	11269	713	90.2%	644	12	1	57
8953	telomere	2b0ed6f6-855a-4c08-9064-475b7623652e	9428	9897	+	9899	498	91.4%	456	12	1	30
8957	telomere	5402027e-97d3-49dc-9805-75d8309abfed	1	9363	-	9363	9499	98.1%	9338	8	16	153
8961	telomere	9dabce26-ea10-43d4-8269-fb7d8cb3c9a8	0	426	-	10188	419	98.4%	419	0	7	0
8965	telomere	7e9b7a3a-1497-4b8e-97e8-232eb4cf8786	0	1064	-	7222	1094	96.7%	1061	0	3	33
8969	telomere	53e3a3cb-9e55-4b1e-8b2e-4e9c78d7feb9	0	1313	-	33584	1316	98.9%	1306	2	5	8
8973	telomere	99da5c21-3b85-4a38-b07b-21856610b08a	4378	5309	+	5410	1007	90.0%	910	17	4	80
8977	telomere	99da5c21-3b85-4a38-b07b-21856610b08a	5347	5410	+	5410	63	98.4%	62	1	0	0
8981	telomere	b1814a32-0863-4bcf-8dac-7b178513630a	0	775	-	7667	765	97.1%	758	1	16	6
8985	telomere	4a317bbc-20e3-484e-9754-d0f882025cf9	3	2307	-	10016	2353	97.1%	2291	7	6	55
8989	telomere	2f376cbf-b3f7-4c73-b7e9-f2acff4bb513	2	6620	-	6620	6640	99.2%	6601	2	15	37
8993	telomere	612b2d2e-0b80-4b4d-9b55-368cb532561d	13715	13778	+	13778	63	100.0%	63	0	0	0
8997	telomere	3a4a1870-c358-4513-9fa7-8f3dcb2e849a	0	1177	-	16864	1182	99.2%	1175	0	2	7
9001	telomere	3816353d-ad3e-4cf9-99ef-e6acd5fac8aa	0	18934	-	21392	19162	97.1%	18748	43	143	371
9005	telomere	bd1bcd2c-f39f-4e40-9ecc-6fe19fc35b7a	2	115	-	14822	113	91.5%	107	2	4	4
9009	telomere	bd1bcd2c-f39f-4e40-9ecc-6fe19fc35b7a	200	10171	-	14822	10338	94.2%	9810	88	73	440
9013	telomere	bd1bcd2c-f39f-4e40-9ecc-6fe19fc35b7a	10343	11271	-	14822	961	92.8%	905	9	14	47
9017	telomere	bd1bcd2c-f39f-4e40-9ecc-6fe19fc35b7a	11381	12370	-	14822	1043	90.6%	957	19	13	67
9021	telomere	bd1bcd2c-f39f-4e40-9ecc-6fe19fc35b7a	12438	14822	-	14822	2510	89.8%	2292	51	41	167
9025	telomere	9f935b37-eff0-49cf-883b-c410664c7440	12583	13517	+	13559	1005	89.3%	900	31	3	74
9029	telomere	972737c0-9887-4a22-b455-687000408207	46	143	+	7980	102	94.1%	96	1	0	5
9033	telomere	972737c0-9887-4a22-b455-687000408207	166	1070	+	7980	966	91.3%	883	20	1	63
9037	telomere	972737c0-9887-4a22-b455-687000408207	1140	1288	+	7980	150	98.0%	147	1	0	2
9041	telomere	972737c0-9887-4a22-b455-687000408207	1509	2170	+	7980	712	91.3%	651	9	1	52
9045	telomere	972737c0-9887-4a22-b455-687000408207	2283	4249	+	7980	2139	89.0%	1913	43	10	183
9049	telomere	972737c0-9887-4a22-b455-687000408207	4319	4698	+	7980	390	95.2%	373	4	2	13
9053	telomere	972737c0-9887-4a22-b455-687000408207	4809	6474	+	7980	1805	89.6%	1624	34	7	147
9057	telomere	972737c0-9887-4a22-b455-687000408207	6544	7980	+	7980	1560	89.5%	1403	26	7	131
9061	telomere	62647d2c-35f1-4547-8015-49c0318832e9	12858	14147	+	14148	1395	90.3%	1262	24	3	109
9065	telomere	aa8c71d4-897a-46e2-8252-c16dba3ebb36	6099	7020	+	7177	977	91.2%	896	20	5	61
9069	telomere	aa8c71d4-897a-46e2-8252-c16dba3ebb36	7059	7129	+	7177	69	97.1%	68	1	1	0
9073	telomere	aa8c71d4-897a-46e2-8252-c16dba3ebb36	7133	7177	+	7177	43	95.5%	42	1	1	0
9077	telomere	1ce9ca70-11d5-4d45-9941-5f459c3e7420	6613	6655	+	6667	42	100.0%	42	0	0	0
9081	telomere	eca232c6-9220-46d9-8a0a-6c2fe76ae6ec	8	602	-	28855	582	98.0%	582	0	12	0
9085	telomere	98b1b7ec-6958-4aec-a275-cadff28a973c	22936	23112	+	23112	179	96.1%	173	2	1	4
9089	telomere	c6e9b3d0-9c46-4127-8b58-271aed093dcd	19812	20432	+	20432	651	89.6%	589	25	6	37
9093	telomere	7b88519a-3095-4892-8c7e-7f8f49a45332	5	742	-	18122	746	98.0%	734	0	3	12
9097	telomere	dacc84d7-9c1f-4d84-9dc7-c3f6e86eeaf2	0	14597	-	14608	14674	99.2%	14573	1	23	100
9101	telomere	7aee2b9f-5c3f-4e18-b9e0-aef0fca673c6	63	107	-	5609	46	93.5%	43	1	0	2
9105	telomere	7aee2b9f-5c3f-4e18-b9e0-aef0fca673c6	125	193	-	5609	69	93.0%	66	0	2	3
9109	telomere	7aee2b9f-5c3f-4e18-b9e0-aef0fca673c6	278	5609	-	5609	5584	92.5%	5206	78	47	300
9113	telomere	43961298-0048-4b83-ae6f-3e438772e932	10842	11007	+	11013	173	95.4%	165	0	0	8
9117	telomere	b98ad2a3-8dfc-4867-b150-8faaedcb2ec2	11367	11874	+	12104	536	92.6%	497	9	1	30
9121	telomere	b98ad2a3-8dfc-4867-b150-8faaedcb2ec2	11891	11957	+	12104	66	97.0%	64	2	0	0
9125	telomere	b98ad2a3-8dfc-4867-b150-8faaedcb2ec2	12009	12083	+	12104	77	92.2%	71	3	0	3
9129	telomere	0ef7ac05-9534-4af6-9b98-f9f06d25e679	1	1128	-	6001	1145	97.2%	1120	0	7	25
9133	telomere	4651b322-a6f6-439d-8456-cccdd9e6069d	0	1160	-	19856	1166	98.6%	1155	0	5	11
9137	telomere	089d7f87-2f82-468a-ad4f-6148ae2b8590	0	1029	-	18786	1025	99.0%	1022	0	7	3
9141	telomere	6933cdf4-8437-4a4c-9d69-95b85c1f768a	0	764	-	42294	768	99.1%	761	3	0	4
9145	telomere	ad987507-1a1b-4718-b7fe-e83d40a77bf9	2	1072	-	15711	1085	97.5%	1062	4	4	19
9149	telomere	25fe939a-c166-4213-aed9-58f63cd79df7	0	808	-	35804	803	98.9%	801	0	7	2
9153	telomere	861cb75e-683e-4d07-86d4-2edb0578fb2e	1	1036	-	24005	1033	99.0%	1029	0	6	4
9157	telomere	6d04ba36-d4df-49c0-b0a1-6c4a5493b7be	13390	14295	-	26164	929	90.8%	862	23	20	44
9161	telomere	6d04ba36-d4df-49c0-b0a1-6c4a5493b7be	12974	13016	+	26164	42	100.0%	42	0	0	0
9165	telomere	6d04ba36-d4df-49c0-b0a1-6c4a5493b7be	13048	13269	+	26164	228	88.6%	203	17	1	8
9169	telomere	6d04ba36-d4df-49c0-b0a1-6c4a5493b7be	12351	12405	+	26164	57	93.0%	53	1	0	3
9173	telomere	c13dc0a6-563e-48d3-b636-efab4643bac3	18	1598	-	29595	1609	97.2%	1570	4	6	35
9177	telomere	cb0587de-466e-4179-a979-deb498d47246	7236	9062	+	9062	1975	89.9%	1779	43	4	153
9181	telomere	f1490779-e418-4c4d-9658-9010c3d4d8e8	7916	8020	+	8020	103	99.0%	103	0	1	0
9185	telomere	b9cb8f90-0188-4252-a28a-f6930a8ee997	0	807	-	17833	798	98.9%	798	0	9	0
9189	telomere	e48fa47c-81f9-4c31-89df-c712c5d32ce1	0	1233	-	25638	1243	98.6%	1229	0	4	14
9193	telomere	a0354859-b116-4705-8131-65c309727899	0	911	-	12307	924	97.4%	904	3	4	17
9197	telomere	3a8dbaa9-e704-4f00-9a5b-1d67b3d5ba9f	8974	9257	-	24743	293	89.4%	269	6	8	18
9201	telomere	3a8dbaa9-e704-4f00-9a5b-1d67b3d5ba9f	8683	8744	+	24743	63	95.2%	60	1	0	2
9205	telomere	607f2d8b-d476-4158-97d5-843a2da8e93c	0	535	-	19872	534	95.9%	521	5	9	8
9209	telomere	82ac4533-a993-4a8d-a04d-d462e5f1c7e2	0	644	-	26028	641	98.9%	639	0	5	2
9213	telomere	0580a039-31a8-4cec-8bc7-4170cb012b89	14224	14286	+	14286	62	100.0%	62	0	0	0
9217	telomere	b130d175-0929-407f-8ea0-fe911bc47fd7	26648	26689	+	26724	41	100.0%	41	0	0	0
9221	telomere	c14f7659-103c-4d64-b308-21ad8d417e94	21	690	-	14074	673	97.3%	660	4	5	9
9225	telomere	3aeae97c-c0b5-4d85-a0d5-9209817abf26	0	782	-	20639	776	99.0%	775	0	7	1
9229	telomere	05d713d0-22df-4553-b6e1-2a49b71743a6	23240	23325	+	23329	89	92.1%	82	3	0	4
9233	telomere	9cf0f4eb-fd08-47bd-aa2c-8e3be9aecc75	0	1622	-	18921	1641	98.6%	1620	0	2	21
9237	telomere	10493960-67d2-4a6d-ad23-54fb6bb70537	0	15634	-	15634	15680	99.2%	15588	6	40	86
9241	telomere	3b414f41-a41e-4d93-b071-da5f8bb3a712	12102	12190	+	12190	92	95.7%	88	0	0	4
9245	telomere	897d3dea-7348-460e-9ba0-578ee73471ad	0	1286	-	34636	1291	99.1%	1283	0	3	8
9249	telomere	724cdaa9-c7e8-41cc-8625-1f8591a02a5b	6073	6707	+	6950	677	91.3%	621	10	3	46
9253	telomere	724cdaa9-c7e8-41cc-8625-1f8591a02a5b	6790	6950	+	6950	164	97.0%	159	1	0	4
9257	telomere	8df4cc32-4153-405d-8372-080eb95d945b	6630	6809	+	6809	188	94.1%	177	2	0	9
9261	telomere	96510ebc-c9ae-42dc-8df9-e2325add8a2f	13	1321	-	30352	1319	98.4%	1303	0	5	16
9265	telomere	7aa11305-4081-4b74-9afc-68a2a1dbbcdf	0	822	-	24045	816	97.5%	808	1	13	7
9269	telomere	7bede3c0-5e0c-469b-92d4-e2665442289c	25768	25867	+	25883	101	93.2%	96	1	2	4
9273	telomere	7381fea5-4032-4ac5-a9c0-6b514aef46e3	0	1618	-	8342	1637	98.5%	1615	1	2	21
9277	telomere	e882e735-0d89-4555-8231-c6c64c834ca4	16057	16130	+	16130	73	97.3%	72	0	1	1
9281	telomere	c3a9d471-18e0-47f4-8e2d-411db3a539d9	0	880	-	28418	875	98.6%	871	1	8	3
9285	telomere	88da8e4e-b35a-4f3a-940c-f0353e198b50	0	9622	-	13228	9853	96.0%	9524	31	67	298
9289	telomere	e86e0735-7d98-472b-8fe9-ec784dd00ad7	0	17040	-	22257	17421	95.1%	16748	107	185	566
9293	telomere	ab7f23d5-4fec-442d-988f-05c5dacc9449	0	783	-	22115	792	97.4%	772	10	1	10
9297	telomere	4eb83e2b-b09f-4103-90aa-b7f45c8b6a2b	17658	17778	+	17784	119	95.8%	115	4	1	0
9301	telomere	d9adab90-ae0f-4b44-9d2f-3fba8fd5f294	13	80	-	20804	70	92.9%	65	2	0	3
9305	telomere	d9adab90-ae0f-4b44-9d2f-3fba8fd5f294	96	154	-	20804	58	91.7%	55	1	2	2
9309	telomere	d9adab90-ae0f-4b44-9d2f-3fba8fd5f294	278	322	-	20804	48	91.7%	44	0	0	4
9313	telomere	d9adab90-ae0f-4b44-9d2f-3fba8fd5f294	353	397	-	20804	48	91.7%	44	0	0	4
9317	telomere	d9adab90-ae0f-4b44-9d2f-3fba8fd5f294	418	20804	-	20804	20704	97.2%	20220	75	91	409
9321	telomere	f518c0cb-5e60-46b0-b9fb-e8935705ef41	3	751	-	16332	741	95.9%	727	4	17	10
9325	telomere	791bc76e-eb15-4a8c-9be2-e69c62bfab96	10581	11813	+	11814	1331	90.1%	1200	31	1	100
9329	telomere	833b9872-9222-4098-87c4-d6e0a59844e2	0	767	-	24920	822	87.7%	733	20	14	69
9333	telomere	833b9872-9222-4098-87c4-d6e0a59844e2	892	11174	-	24920	10539	96.2%	10191	39	52	309
9337	telomere	833b9872-9222-4098-87c4-d6e0a59844e2	11516	11575	-	24920	60	98.3%	59	0	0	1
9341	telomere	2f60756b-0657-4e01-9c4d-7bed3367e706	6	962	-	20472	974	95.7%	942	4	10	28
9345	telomere	f4a958b8-a744-41f1-97fe-3e24ba32b575	0	1201	-	25122	1215	97.8%	1194	1	6	20
9349	telomere	268c5070-edce-47bf-b602-5671864c9c78	19520	19618	+	19618	98	100.0%	98	0	0	0
9353	telomere	db9c98b5-874d-4f43-a0fb-02a8b8f67590	0	515	-	19948	513	98.8%	511	0	4	2
9357	telomere	68a5261e-0a3e-49d5-bab2-e968334c7432	18479	18531	+	18531	54	94.4%	51	1	0	2
9361	telomere	f8287b0a-510c-43b1-ab34-5bd9c3d62022	32661	32707	+	32711	46	100.0%	46	0	0	0
9365	telomere	d19650f7-a497-441b-998c-bb40654c4d7a	0	705	-	23212	708	98.2%	699	2	4	7
9369	telomere	5fa4dd83-8c62-4a2c-8553-450337982ebb	0	858	-	29862	860	98.2%	850	2	6	8
9373	telomere	6911d187-097c-4473-a822-f07176eef929	32996	33078	+	33078	82	98.8%	81	1	0	0
9377	telomere	65bd9121-3029-4ae1-99dc-ec80e1149387	0	359	-	34633	363	94.3%	349	3	7	11
9381	telomere	fc6beb62-606c-4c5d-ace2-eac9c752e68c	21584	21625	+	21661	41	100.0%	41	0	0	0
9385	telomere	edae310b-b1e0-4ea2-b600-71e2b600fcce	3	11405	-	21533	11542	97.6%	11323	14	65	205
9389	telomere	b6ff16b4-c304-41b7-8d2e-7f3b7a50288f	7089	7793	+	8845	735	92.7%	686	13	5	36
9393	telomere	b6ff16b4-c304-41b7-8d2e-7f3b7a50288f	7883	8841	+	8845	1018	90.3%	926	24	8	68
9397	telomere	1f43efdb-88f8-485f-9bb6-7c5a83e0d1bd	0	838	-	23881	828	98.5%	826	1	11	1
9401	telomere	2ad66d56-44b0-4db1-9650-90076f66f69f	10566	10635	+	10670	71	95.8%	68	1	0	2
9405	telomere	0b11d3e4-3bb6-4373-ab41-ffc054d0f36f	9700	10989	+	10991	1350	93.9%	1270	16	3	64
9409	telomere	ec908f51-ad5e-46a2-a6fa-1da5937f8884	0	23032	-	32118	23221	98.7%	22975	7	50	239
9413	telomere	9cab0483-1dfb-42b3-a24e-f32d07931268	7108	7303	+	7303	201	94.0%	189	6	0	6
9417	telomere	34070d4a-fc8f-4972-b0da-b8baf6f0b877	29872	29983	+	29983	119	91.6%	109	2	0	8
9421	telomere	c5baac21-180d-45dd-a5f0-68ba1294b778	0	555	-	10759	552	97.0%	544	2	9	6
9425	telomere	7e152b77-1a0b-4140-b8d4-241451c2fc3a	5265	6495	+	6500	1268	96.1%	1220	9	1	39
9429	telomere	5d4cd151-2271-4b30-85d0-73fdd62c0a4a	0	742	-	10201	735	97.9%	730	1	11	4
9433	telomere	b5eceeab-74b3-4cd7-a32d-a8cc7ba80fa1	22350	22650	+	22962	308	94.2%	291	8	1	9
9437	telomere	b5eceeab-74b3-4cd7-a32d-a8cc7ba80fa1	22666	22903	+	22962	258	88.0%	227	10	0	21
9441	telomere	278b8033-f828-4ef5-8679-c2effa60b9ae	20709	21488	+	21488	836	89.6%	752	24	3	60
9445	telomere	32aa04e4-c1a6-422c-9251-58e6a033e90f	8597	8680	+	8682	83	97.6%	81	2	0	0
9449	telomere	aeedf2a8-b350-4ec5-9513-72a4d4a1e6ff	0	561	-	14236	564	98.4%	557	2	2	5
9453	telomere	a963e353-f633-49be-afc0-d0b7ff595579	22422	22517	+	22517	95	98.9%	94	1	0	0
9457	telomere	f5d2d937-66c2-41b7-b24f-13bfa65fe40e	11967	12203	+	12203	245	94.7%	232	4	0	9
9461	telomere	10c3bea9-033c-4be2-aeb3-b640ca8e8d4c	4	16863	-	16863	16950	99.0%	16818	5	36	127
9465	telomere	3b6ea21c-a648-4960-a883-e7638ae825b9	21537	21588	+	21588	54	94.4%	51	0	0	3
9469	telomere	003a2a8c-db5e-41cb-85b0-dd51c909fbd1	17	1339	-	6353	1328	98.4%	1313	3	6	12
9473	telomere	4093fa4d-7ee5-4ea5-91fd-b9ae19e807c8	3	1326	-	13378	1340	97.3%	1313	0	10	27
9477	telomere	5cb97de2-1689-42b1-bd3a-df559a265aae	13334	13403	+	14092	70	98.6%	69	0	0	1
9481	telomere	5cb97de2-1689-42b1-bd3a-df559a265aae	13437	13507	+	14092	71	90.3%	65	4	1	2
9485	telomere	5cb97de2-1689-42b1-bd3a-df559a265aae	13524	13566	+	14092	42	97.6%	41	1	0	0
9489	telomere	5cb97de2-1689-42b1-bd3a-df559a265aae	13615	14092	+	14092	498	91.1%	461	8	8	29
9493	telomere	dfa93421-a18f-4b38-9af0-e18656c10a1d	30319	30509	+	30509	203	92.6%	188	2	0	13
9497	telomere	c02a2b2e-7580-4cba-a502-f6b10a52f9e4	36638	36850	+	36850	222	91.4%	203	9	0	10
9501	telomere	b9a2f1de-7afd-49ba-9a70-aa861db4a119	17956	19281	+	19284	1423	91.3%	1300	24	1	99
9505	telomere	7d9802cd-00da-4118-bcf0-465f1cccd883	1	1195	-	19315	1199	97.1%	1179	0	15	20
9509	telomere	84299519-6a00-45d1-9672-a81571efd7d0	11754	11921	+	11947	167	94.0%	157	10	0	0
9513	telomere	877c72b8-657d-44d4-95a0-d0187b9b47ef	0	985	-	29408	989	98.8%	981	0	4	8
9517	telomere	40ec9879-6233-4150-99ce-29c71dbae87e	20869	20946	+	20946	78	94.9%	75	1	1	2
9521	telomere	9803c1cb-54d4-4e89-af8f-d19fcb005910	13949	14422	+	14422	497	92.2%	460	11	2	26
9525	telomere	021d1619-99e5-436a-9707-78d31082eb26	0	435	-	16009	432	98.2%	429	1	5	2
9529	telomere	021d1619-99e5-436a-9707-78d31082eb26	458	520	-	16009	60	96.8%	60	0	2	0
9533	telomere	b1688b58-bbe6-43e5-a66f-959f18888afd	7785	7890	+	7922	107	96.3%	103	2	0	2
9537	telomere	f33de0a4-ae0d-471b-8d93-ffb37b3eba32	0	689	-	16931	678	97.1%	673	1	15	4
9541	telomere	bc95889c-ce72-4314-8941-c639bf9a1de2	0	634	-	20680	624	98.4%	624	0	10	0
9545	telomere	5cb04afc-a6d1-4fe7-ba3c-8de5b5328bcc	2	844	-	19067	859	95.5%	830	2	10	27
9549	telomere	91df200f-d9a8-4a3e-8e0e-7aa2c4d48752	24679	24811	+	24845	137	93.4%	128	4	0	5
9553	telomere	8ad35354-498b-4dcb-9276-7777fd93fb08	41	89	-	15684	50	96.0%	48	0	0	2
9557	telomere	8ad35354-498b-4dcb-9276-7777fd93fb08	103	1277	-	15684	1203	95.5%	1159	4	11	40
9561	telomere	c97f9b2f-0d06-4f9c-b619-4234eb8c1fff	3	1277	-	23203	1280	98.5%	1267	1	6	12
9565	telomere	89df94e6-145a-471c-9955-6ae3aafc9ed6	6887	8093	+	8467	1289	91.7%	1185	18	3	86
9569	telomere	89df94e6-145a-471c-9955-6ae3aafc9ed6	8192	8247	+	8467	56	98.2%	55	0	0	1
9573	telomere	2f0d478f-e152-4423-9cd9-41adb77e5037	11476	11544	+	11560	71	94.4%	67	1	0	3
9577	telomere	ea8faf35-983c-4b50-98f6-d2d45d174270	11	967	-	12411	959	97.7%	945	3	8	11
9581	telomere	88524305-014f-49a0-834b-52bb735a7490	6212	6254	+	6284	42	100.0%	42	0	0	0
9585	telomere	6b6a2423-5855-4567-8264-9fdb8132d606	0	740	-	28184	737	99.3%	736	0	4	1
9589	telomere	a7d58a11-ed2d-4e50-97a2-0ba0589e374e	8	1041	-	16931	1045	95.2%	1011	5	17	29
9593	telomere	3663d559-d95a-4741-ac46-bffe04043855	2	7923	-	18486	7949	98.1%	7856	9	56	84
9597	telomere	dc9b1c4b-2726-40c6-95cc-e7d61dc9f03e	20216	20314	+	20314	96	93.9%	93	2	3	1
9601	telomere	4aba52b2-ceae-4738-b2ab-fbe64e9d192f	8704	8843	+	8849	143	95.1%	136	3	0	4
9605	telomere	ba89fab8-9377-4198-8230-d59f142a0fff	0	1038	-	28586	1038	99.6%	1036	0	2	2
9609	telomere	28841b52-a539-4388-871f-509075509470	0	10867	-	14854	10929	98.7%	10827	4	36	98
9613	telomere	371beadb-f290-4fb8-9380-4c45335b61a4	0	606	-	24236	606	98.7%	602	0	4	4
9617	telomere	711f5c8b-5028-4803-a44e-c103f3377400	16584	17223	+	17255	660	94.6%	626	11	2	23
9621	telomere	3873829a-4fc7-4f22-ac86-a48e415287ae	17232	17699	+	17699	503	89.5%	451	15	1	37
9625	telomere	10920428-6eb5-40e4-9e6d-92071c2761a1	0	10157	-	10158	10292	96.9%	10054	23	80	215
9629	telomere	f3fbfb79-3aae-4145-8cf4-9f756b565fc1	17134	17540	+	17540	426	90.7%	390	12	4	24
9633	telomere	927d20b2-b50c-4a60-9e37-d970b7b04bbb	4	881	-	18026	878	99.1%	873	1	3	4
9637	telomere	c9625310-a3c9-4953-acef-f8b021f46d51	5906	7259	+	8235	1431	92.8%	1332	16	5	83
9641	telomere	c9625310-a3c9-4953-acef-f8b021f46d51	7271	7312	+	8235	42	97.6%	41	0	0	1
9645	telomere	c9625310-a3c9-4953-acef-f8b021f46d51	7462	7662	+	8235	216	91.2%	197	3	0	16
9649	telomere	c9625310-a3c9-4953-acef-f8b021f46d51	7695	7738	+	8235	43	100.0%	43	0	0	0
9653	telomere	c9625310-a3c9-4953-acef-f8b021f46d51	7816	7882	+	8235	66	94.0%	63	2	1	1
9657	telomere	c9625310-a3c9-4953-acef-f8b021f46d51	7945	7990	+	8235	47	95.7%	45	0	0	2
9661	telomere	c9625310-a3c9-4953-acef-f8b021f46d51	8012	8232	+	8235	234	92.7%	217	3	0	14
9665	telomere	15d8c14a-a721-42fb-aa52-2aec1ca61c14	5	729	-	10181	721	97.3%	712	1	11	8
9669	telomere	3c05b2c6-a7e5-4bfe-80c7-de05a71e00d1	3	893	-	12681	896	96.8%	878	1	11	17
9673	telomere	64e70a92-2467-4008-8790-4d389a252327	23629	23680	+	23680	52	98.1%	51	0	0	1
9677	telomere	ed603e71-af66-400e-86a0-867770712388	0	614	-	22508	600	96.1%	595	0	19	5
9681	telomere	5b3186ae-0b7a-4266-9e1b-44aa0ef48025	24691	24771	+	24771	82	95.1%	78	2	0	2
9685	telomere	9fbf2688-7df7-48d5-a1de-299121aca632	8626	8706	+	8724	83	95.2%	79	1	0	3
9689	telomere	97ba4154-a456-448b-940a-e09d9783dd29	6	116	-	7343	115	92.2%	107	2	1	6
9693	telomere	97ba4154-a456-448b-940a-e09d9783dd29	307	2233	-	7343	2031	89.7%	1850	44	32	137
9697	telomere	97ba4154-a456-448b-940a-e09d9783dd29	2333	7343	-	7343	5195	93.3%	4895	66	49	234
9701	telomere	19dc2e11-a8f8-455f-8e2a-957ae101463f	8363	9109	+	9115	779	91.2%	716	24	6	39
9705	telomere	c8309039-6cc8-44d1-b44e-f07caefd0e7a	25250	25347	+	25358	99	98.0%	97	0	0	2
9709	telomere	f2e01789-a390-41e4-b3ed-bd1b32239a68	8	1518	-	7516	1509	98.8%	1500	1	9	8
9713	telomere	26f46188-a64d-4c89-9afd-d18ae73c06a0	0	1522	-	13774	1543	98.3%	1519	1	2	23
9717	telomere	d0dd3a2b-ee23-4701-9249-f8ee24511a03	0	1294	-	15619	1302	99.2%	1293	0	1	9
9721	telomere	a2185e5a-4d60-4da6-baa8-6b1830363d32	12506	12555	+	12555	52	94.2%	49	0	0	3
9725	telomere	ecbb5bc3-54e1-470e-bbbc-cfda0640bc9e	15463	15751	+	15751	305	90.9%	280	5	3	20
9729	telomere	fad8717c-1e14-422a-83a7-d1be7bd21ab4	12491	12612	+	12612	126	92.9%	118	2	1	6
9733	telomere	8f925b3d-50bd-49d9-839c-e50450abbd42	0	692	-	21604	691	99.3%	689	0	3	2
9737	telomere	a5283d34-b279-4824-a018-79973180876c	26560	27088	+	27088	563	89.9%	506	22	0	35
9741	telomere	88e4a22f-d1ad-4763-8e1c-e326b077ea0c	0	1544	-	10069	1560	98.1%	1537	1	6	22
9745	telomere	072a945f-3451-48b1-a5b5-7e619f62205d	0	17371	-	17371	17752	96.1%	17172	89	110	491
9749	telomere	76dc0e3f-4466-49f5-a3a8-bee11be02201	10013	10442	+	10794	467	89.1%	418	9	2	40
9753	telomere	76dc0e3f-4466-49f5-a3a8-bee11be02201	10527	10749	+	10794	234	93.6%	219	3	0	12
9757	telomere	a8d76599-9ef4-411c-a532-be72ff746809	5	816	-	13440	807	99.0%	805	0	6	2
9761	telomere	1fc45bff-427e-4e93-bb12-d53bf2d8812d	24976	25249	+	25249	281	92.2%	260	12	1	9
9765	telomere	e47c3dfa-6776-4aad-a4b8-7861233d0352	0	22366	-	22479	22726	97.6%	22244	46	76	436
9769	telomere	e47c3dfa-6776-4aad-a4b8-7861233d0352	22376	22429	-	22479	59	89.8%	53	0	0	6
9773	telomere	f220e46e-a5a1-49dc-9032-c4137fdb2fd6	4890	6701	+	6701	1883	93.8%	1776	24	11	83
9777	telomere	3a9f33db-c737-4954-a3e3-f05a775de182	12824	13408	+	13409	608	91.6%	565	10	9	33
9781	telomere	03af9ea7-879f-40ef-9b05-ced88733e221	1	565	-	19846	551	97.7%	551	0	13	0
9785	telomere	8a9b5db2-18c6-48d7-98b9-dfc5e04025cb	0	9907	-	10734	10191	93.3%	9619	164	124	408
9789	telomere	8a9b5db2-18c6-48d7-98b9-dfc5e04025cb	10106	10672	-	10734	584	93.3%	553	4	9	27
9793	telomere	11fc9408-6285-422f-9544-3f3874582511	11544	11610	+	11616	66	100.0%	66	0	0	0
9797	telomere	08847983-530b-4a71-b237-426e7e18f96d	4295	5496	+	5680	1277	91.3%	1172	23	6	82
9801	telomere	08847983-530b-4a71-b237-426e7e18f96d	5565	5613	+	5680	52	92.3%	48	0	0	4
9805	telomere	08847983-530b-4a71-b237-426e7e18f96d	5617	5675	+	5680	58	96.6%	57	0	1	1
9809	telomere	f0762106-9405-402c-be17-46488a6b91d5	2243	3464	+	7833	1353	87.3%	1187	28	6	138
9813	telomere	f0762106-9405-402c-be17-46488a6b91d5	3536	4586	+	7833	1134	90.9%	1031	19	0	84
9817	telomere	f0762106-9405-402c-be17-46488a6b91d5	4731	6219	+	7833	1624	88.8%	1448	33	7	143
9821	telomere	f0762106-9405-402c-be17-46488a6b91d5	6293	7833	+	7833	1679	89.5%	1506	30	4	143
9825	telomere	965521e7-4270-4247-8e38-b3c17d771378	23445	23570	+	23578	131	92.4%	122	2	1	7
9829	telomere	fca46d3a-27d3-44b9-bfb0-8503d851082a	0	765	-	42032	770	98.3%	761	0	4	9
9833	telomere	9ec613d2-5925-4e18-a417-7ecced226771	0	535	-	21023	527	98.1%	526	0	9	1
9837	telomere	b7b0467d-bcb4-48a7-b6d0-fa2a0a733892	14632	15008	+	15018	388	91.6%	359	13	4	16
9841	telomere	c1d4a8b0-cb8c-43d2-b8b7-bfe7e280d63e	0	12988	-	12988	13011	99.4%	12956	4	28	51
9845	telomere	d8dd2d32-6d5e-451d-a395-8c85df8b0379	0	705	-	20382	701	97.9%	694	3	8	4
9849	telomere	b6525e7c-2304-4906-b3eb-b1b1ce171cbe	17002	17083	+	17087	81	100.0%	81	0	0	0
9853	telomere	f9bcc4b3-b48a-498f-8389-cd697cf7a045	19358	19424	+	19430	66	100.0%	66	0	0	0
9857	telomere	e5fea671-819a-42b9-88dd-8436ded8de1d	0	15982	-	15982	16130	98.7%	15943	11	28	176
9861	telomere	292950d8-d06d-48da-a7f9-e25b8ddcbfc6	5	7005	-	7009	7049	98.8%	6981	4	15	64
9865	telomere	cf005dfa-7ec7-4b5f-8882-a435639c9c22	0	735	-	20388	737	98.4%	729	2	4	6
9869	telomere	c3e65e10-173a-45a3-b74f-323d23574e4c	27485	27531	+	27533	46	100.0%	46	0	0	0
9873	telomere	76a573ee-bdde-4521-894b-df2e00b9bebb	0	1308	-	12269	1325	98.1%	1303	2	3	20
9877	telomere	0224184e-8b2a-4f1e-929d-23a493225f07	0	380	-	17450	379	99.0%	377	1	2	1
9881	telomere	b2d2451b-49e8-4f33-8a49-4755fb31063d	0	19408	-	23205	19430	98.5%	19270	14	124	146
9885	telomere	811fd940-c781-4b72-a713-a9f5c5ee34c6	9	1296	-	28466	1301	98.3%	1283	0	4	18
9889	telomere	9e4d15e1-c4f7-4ddd-b7af-9cf96b8de73c	10308	11161	+	11508	935	88.7%	831	20	2	84
9893	telomere	9e4d15e1-c4f7-4ddd-b7af-9cf96b8de73c	11283	11480	+	11508	208	91.8%	191	6	0	11
9897	telomere	813d7b69-cf0d-468a-a027-fc4b7b3d5ab1	0	701	-	27066	726	91.7%	675	16	10	35
9901	telomere	a3accfa5-bf2c-4758-b533-e445387e1e67	0	522	-	22425	516	97.9%	513	1	8	2
9905	telomere	864a17d4-8bd8-4e7f-af2c-96a59a4daf4d	0	914	-	20556	918	98.3%	907	2	5	9
9909	telomere	c2ceab2a-7167-436a-9be8-40b001c785e3	2	596	-	5858	593	95.2%	578	2	14	13
9913	telomere	ee4a58d2-a495-41c5-9752-bbeb156ff9cc	117	269	-	16920	159	90.7%	147	2	3	10
9917	telomere	ee4a58d2-a495-41c5-9752-bbeb156ff9cc	341	1456	-	16920	1156	94.8%	1102	6	7	48
9921	telomere	4d29e400-8572-4be1-b326-93ba4274f31b	6586	7745	+	7745	1214	93.8%	1140	17	2	57
9925	telomere	ca430f85-e20e-4ec3-a72f-e69eaf16efa1	14237	16322	+	19796	2240	91.4%	2053	26	6	161
9929	telomere	ca430f85-e20e-4ec3-a72f-e69eaf16efa1	16443	18712	+	19796	2416	91.1%	2211	48	10	157
9933	telomere	ca430f85-e20e-4ec3-a72f-e69eaf16efa1	18807	19796	+	19796	1042	92.4%	966	19	4	57
9937	telomere	ca430f85-e20e-4ec3-a72f-e69eaf16efa1	14123	14165	+	19796	41	97.6%	41	0	1	0
9941	telomere	da570c94-08b3-4fa9-b373-7f4fca95e321	0	797	-	25390	800	98.6%	793	0	4	7
9945	telomere	a0192ba0-944f-4dde-8700-9454ca7baa86	12330	12413	+	12415	83	98.8%	82	1	0	0
9949	telomere	31c4af90-9276-4489-b5fc-db8ab2d7797f	5475	5534	+	5569	59	100.0%	59	0	0	0
9953	telomere	07d03569-470c-47ca-8b29-04fe6c2e2df3	11	947	-	19040	938	99.3%	933	1	2	4
9957	telomere	6e4aa0b7-b798-4968-adfa-3cf6195c6580	0	648	-	13306	642	98.8%	641	0	7	1
9961	telomere	8b35fcdd-200c-48af-93e0-258b94ae841d	21	981	-	26392	959	98.2%	950	2	8	7
9965	telomere	13a335d9-65da-4c43-86c3-d973eb2afb64	0	1034	-	19214	1037	98.0%	1023	4	7	10
9969	telomere	9fc6f44e-318c-47f9-91d2-c9c2951b540b	22502	22605	+	22606	108	95.4%	103	0	0	5
9973	telomere	20f203e9-91a1-4f03-8349-216420b0176c	21716	22925	+	23001	1271	90.5%	1156	47	6	68
9977	telomere	20f203e9-91a1-4f03-8349-216420b0176c	22947	23001	+	23001	54	100.0%	54	0	0	0
9981	telomere	b161a3fb-9b20-42a6-b40b-2a4c81bf3a5e	0	553	-	14039	545	96.1%	537	2	14	6
9985	telomere	2550d8e3-f8e5-437d-951d-3142be9bf130	25	8831	-	8845	8852	99.0%	8782	2	22	68
9989	telomere	83199c25-856f-4a47-a92e-210ba2dcdfd0	0	530	-	10642	528	97.4%	522	0	8	6
9993	telomere	ca357a30-b1a8-4c0c-b8f1-55959cd80b01	15217	15262	+	15266	46	97.8%	45	0	0	1
9997	telomere	81213acb-2065-497d-aee3-23b6086e8ee7	9	15787	-	15787	15935	97.8%	15670	19	89	246
10001	telomere	502efdec-0a9f-48c9-be02-d4585d70fc6c	22889	22996	+	23002	107	100.0%	107	0	0	0
10005	telomere	2ade2b25-0ef1-4d62-b117-88d6989cd6f4	9	739	-	24997	727	98.6%	723	1	6	3
10009	telomere	67e2856e-2a88-45f5-a1b2-26648436ee7d	17851	17892	+	17959	41	100.0%	41	0	0	0
10013	telomere	0e9487bb-d1d9-4084-91f4-9b76a9369c1a	19	1307	-	16516	1308	96.7%	1275	3	10	30
10017	telomere	ea86c519-c944-4701-92b3-6fcff642f902	11298	12239	+	12240	980	90.5%	893	41	7	46
10021	telomere	565188b8-347f-4453-85b6-2d2792d6c925	11	13251	-	13251	13482	97.2%	13161	22	57	299
10025	telomere	e5cd57a1-1006-4cf9-bbb7-7a56af4b320e	0	932	-	12140	935	98.4%	925	2	5	8
10029	telomere	d6c0d05c-e5a6-4bfb-8451-e73e8c89c512	17950	18004	+	18026	54	100.0%	54	0	0	0
10033	telomere	2740f811-79d4-47fe-b84a-fd4348499dea	14814	15907	+	15955	1176	89.9%	1061	28	4	87
10037	telomere	a440fe5b-15cc-49d3-9ace-43d001f18bc3	0	568	-	13552	566	99.1%	564	1	3	1
10041	telomere	3bb75649-5555-4557-8972-45dc08d0fe7b	5409	5885	+	5885	492	93.0%	464	5	7	23
10045	telomere	80a71413-9dad-41b2-b6b4-5381f0ffc47a	17841	17973	+	17973	138	94.2%	130	2	0	6
10049	telomere	ba614082-55db-4836-8b68-6456bbf23c2e	1	849	-	32430	845	98.7%	841	0	7	4
10053	telomere	3254b376-afa1-496e-9fba-8b5e51327b11	51	27254	-	27254	27905	96.2%	26951	135	117	819
10057	telomere	fef75c50-ea65-4594-b7e4-bbaac9c98922	27932	28172	+	28172	263	89.4%	235	5	0	23
10061	telomere	af93f344-c5a6-4163-a108-069e58600b6d	0	388	-	19291	387	96.4%	380	1	7	6
10065	telomere	9f900d25-cd43-4553-99db-e838c07ee886	0	708	-	21010	708	97.1%	696	3	9	9
10069	telomere	671f5fde-5375-48fb-8450-c5e16645a395	0	928	-	12866	931	99.0%	925	0	3	6
10073	telomere	413b0ff3-2fd0-404f-bf94-394f4041e6f8	0	818	-	13815	813	99.1%	812	0	6	1
10077	telomere	6a45e801-5e16-47dd-b622-f42dafbc5542	0	978	-	29854	977	99.1%	973	0	5	4
10081	telomere	084a42a7-6775-4f3d-8717-df61fed642e8	0	797	-	23148	792	99.0%	790	1	6	1
10085	telomere	870c5468-0378-40b6-bf35-ab1df54b295c	16583	16631	+	16631	48	100.0%	48	0	0	0
10089	telomere	c5eb84e7-7590-4bd3-80f6-5b128f662e40	0	521	-	14098	518	98.7%	516	0	5	2
10093	telomere	8cdf6cae-1952-42cd-b926-fc5551af26bc	5453	5527	+	6731	77	94.8%	73	1	0	3
10097	telomere	8cdf6cae-1952-42cd-b926-fc5551af26bc	5572	6731	+	6731	1230	92.0%	1134	22	3	74
10101	telomere	7a55a928-4011-40e4-8e8b-20cf388985a8	0	828	-	7448	825	98.9%	822	0	6	3
10105	telomere	928079f3-26de-4a56-ae27-7bd49b82d42e	0	789	-	7364	783	99.2%	783	0	6	0
10109	telomere	1cf78b4b-8a35-481c-ade5-c20de9c6b7e5	44	83	-	7591	43	90.7%	39	0	0	4
10113	telomere	1cf78b4b-8a35-481c-ade5-c20de9c6b7e5	90	136	-	7591	47	91.7%	44	1	1	2
10117	telomere	1cf78b4b-8a35-481c-ade5-c20de9c6b7e5	295	7590	-	7591	7444	96.8%	7236	26	33	182
10121	telomere	a3180b48-4313-4adb-a97a-782f9ff65b75	0	885	-	29061	888	99.4%	884	0	1	4
10125	telomere	68e580a7-2104-46be-a9bf-91d7e1400844	15017	15837	+	15837	888	88.7%	790	27	3	71
10129	telomere	5d5b7edf-f580-487a-9898-6f9a9e39ac28	11513	11724	+	11724	221	91.9%	204	6	1	11
10133	telomere	8b341b44-9bb1-4b52-99bc-60da674ed3c2	0	1393	-	13537	1404	98.8%	1390	0	3	14
10137	telomere	4bd867eb-56e3-4590-acee-b7300422d1ba	0	931	-	5622	930	98.8%	924	2	5	4
10141	telomere	a57c39a3-e5b4-48a2-8727-5ccb71a34616	17076	17223	+	17245	153	94.8%	145	2	0	6
10145	telomere	592231c6-99ad-4dda-a2a4-6e2463b34cb3	0	17009	-	24725	17257	96.9%	16844	34	131	379
10149	telomere	ba358cda-a3d0-47b4-bde9-a3b5a6a4085f	17825	17913	+	17913	85	95.5%	84	1	3	0
10153	telomere	904815f7-8826-43ce-9ab9-ffe5cd87e99c	0	1301	-	29022	1331	97.6%	1300	0	1	31
10157	telomere	df5d91a1-a760-43e4-a3e6-6575a2389837	0	5340	+	5403	5594	94.5%	5287	50	3	257
10161	telomere	120295e4-7fa9-4c81-90f7-1a01f1e76bbf	0	662	-	13098	657	97.6%	651	1	10	5
10165	telomere	c06294dc-d1aa-4b8f-8d0f-4fe1a1f17ff2	4346	5586	+	5900	1301	94.2%	1227	12	1	62
10169	telomere	c06294dc-d1aa-4b8f-8d0f-4fe1a1f17ff2	5748	5900	+	5900	159	90.1%	145	5	2	9
10173	telomere	21ed1456-e887-4b66-9415-67eebd922207	21	16487	-	16491	16612	98.7%	16428	7	31	177
10177	telomere	d0fdeb7b-918e-47d7-8fdc-bb1866885d72	0	1196	-	22329	1193	99.4%	1191	0	5	2
10181	telomere	dbf937af-35ec-4753-b21a-19288264408c	20016	20158	+	20168	149	94.6%	141	1	0	7
10185	telomere	84b07bd3-99d1-4e7d-ad49-ce548192a3ef	33318	33370	+	33845	52	94.2%	49	3	0	0
10189	telomere	84b07bd3-99d1-4e7d-ad49-ce548192a3ef	33388	33845	+	33845	486	90.8%	442	14	1	30
10193	telomere	088a12ba-59bf-4c60-acbd-615b98d4fd6e	339	3732	-	6227	3484	94.3%	3318	39	36	127
10197	telomere	f2ac811f-59e4-4653-91a8-7a298dc2224c	5	907	-	27914	924	95.8%	891	5	6	28
10201	telomere	47e03256-a657-4f62-9b4f-9fbd94721cc9	6	733	-	7156	739	95.4%	712	8	7	19
10205	telomere	fd840ced-4e23-431e-bbd9-2342a7af7449	18	24429	-	25764	24798	97.6%	24294	35	82	469
10209	telomere	43b56031-827a-4b49-8fea-47d2fc1d17f9	20	2747	-	2747	2775	95.1%	2669	26	32	80
10213	telomere	37736183-a7da-4f05-b326-7d39669580cf	0	997	-	9898	999	99.4%	995	0	2	4
10217	telomere	c0b18294-7e2a-4c47-a089-51aab60f23a9	9868	11082	+	11152	1302	90.8%	1186	24	4	92
10221	telomere	d96bc9c7-34fd-4651-ba23-66fd96c3b542	0	111	-	6252	115	96.5%	111	0	0	4
10225	telomere	28bb65f0-9063-4672-8407-a43aab949e8f	12	484	-	13007	458	97.0%	458	0	14	0
10229	telomere	45c134b4-abfe-4d70-9a73-71bc3a06fadf	8858	10162	+	10163	1364	93.7%	1282	18	4	64
10233	telomere	71b54735-3a88-4317-bba5-e401082d64bf	22642	22725	+	22729	83	100.0%	83	0	0	0
10237	telomere	5ba9ef2c-430b-4f18-b311-f99a94cedd0a	13652	13816	+	13816	164	95.2%	158	4	2	2
10241	telomere	0119090a-c18a-4126-aa98-cf2d0f5cd8e2	0	577	-	26596	570	98.1%	568	0	9	2
10245	telomere	0f12edc5-2d7e-48fc-8e9f-e7f338d4509d	0	997	-	14271	1008	96.4%	981	6	10	21
10249	telomere	0ccc6660-166a-4ad2-aae6-04f4cee9fc39	0	539	-	8856	550	95.9%	532	2	5	16
10253	telomere	3ca195e4-4b59-4b14-88e8-52a3dd890ada	0	754	-	32314	750	97.6%	743	0	11	7
10257	telomere	8b6dc89e-580b-4c99-b258-06afe9eec525	5483	5535	+	5549	54	96.3%	52	0	0	2
10261	telomere	3fad3a91-a265-4c19-bb9b-e7b7c72b5330	1	1131	-	6659	1133	98.5%	1121	4	5	8
10265	telomere	25871d33-fb79-4b9b-97cf-0a30b1de1f74	0	104	-	24796	106	97.2%	103	1	0	2
10269	telomere	727289d1-7ab2-4456-b66c-29ccb034db34	11	427	-	8224	405	95.7%	401	1	14	3
10273	telomere	2f054e6a-e2b1-40fa-b425-76b5c7309d36	8668	8733	+	8756	65	100.0%	65	0	0	0
10277	telomere	10fdbafc-2058-4109-85b5-c56ed1fbd067	0	670	-	11459	674	98.8%	667	2	1	5
10281	telomere	f0da9107-7f75-458a-a7eb-235f37898070	13224	13343	+	13461	119	98.3%	117	2	0	0
10285	telomere	f0da9107-7f75-458a-a7eb-235f37898070	13408	13461	+	13461	54	94.4%	51	2	0	1
10289	telomere	f938edc9-a1ac-4491-b44a-3fb74d180eb5	0	20516	-	20516	20598	99.4%	20490	2	24	106
10293	telomere	1e20b2c1-46d9-4659-9da3-58146cea25d9	0	500	-	10178	497	95.1%	485	2	13	10
10297	telomere	5f033db3-aec8-4b96-970f-11067646fcc3	0	699	-	18551	696	99.0%	694	0	5	2
10301	telomere	646c1a5e-2a5d-41ef-a74e-4d6cc1b3b6cc	1	797	-	10073	793	95.9%	775	6	15	12
10305	telomere	61542ce0-99a0-427d-89b7-217b0ea68321	0	752	-	18375	750	97.8%	742	1	9	7
10309	telomere	dbf8dd08-3c18-4aed-93d9-d0ecb908e5e5	18	78	-	27272	63	92.1%	58	2	0	3
10313	telomere	dbf8dd08-3c18-4aed-93d9-d0ecb908e5e5	182	16743	-	27272	16942	94.8%	16233	147	181	562
10317	telomere	156cb40e-d5be-4b02-827c-f986122a622b	0	752	-	12194	735	93.3%	715	6	31	14
10321	telomere	0c01acd7-b405-44cb-912d-6928b866e4db	0	881	-	31205	887	98.2%	874	4	3	9
10325	telomere	74d4f620-738d-485e-b56e-0f9708f9c048	0	1104	-	19483	1103	98.6%	1095	1	8	7
10329	telomere	e19dd7d9-f7c6-4b54-8498-887477d23015	4513	4588	+	4590	77	96.1%	74	1	0	2
10333	telomere	af56b5e1-5385-4aa6-a384-6c853482e1ed	0	746	-	18506	743	98.9%	740	1	5	2
10337	telomere	cd2d66ab-343b-4c23-a702-d10f0df87692	2598	2718	+	2718	122	98.4%	120	0	0	2
10341	telomere	8d78c18b-1390-4776-92ea-66fa05e68857	21569	22543	+	22543	1038	89.1%	928	43	3	67
10345	telomere	9a2581c2-d4cf-4c03-8234-e95965fd805e	30087	30149	+	30149	62	96.8%	61	0	1	1
10349	telomere	927a5184-5558-411b-9544-5565af93d2b9	0	765	-	30679	766	98.2%	758	1	6	7
10353	telomere	dede3939-63bf-4d7d-b7aa-c56e8b3c0f62	26177	26302	+	26304	130	94.6%	123	2	0	5
10357	telomere	2dc3da4d-3a51-4d2c-9270-1d38c89933a8	0	8410	-	37256	8537	95.2%	8243	49	118	245
10361	telomere	ea71c735-7115-4eec-b9d2-39e80d25d654	0	827	-	30877	825	99.0%	822	0	5	3
10365	telomere	eeb35e2a-93a3-483b-8de4-4ee4df52e8da	1	974	-	8116	971	96.6%	953	4	16	14
10369	telomere	c5731f80-83dd-4af1-83b3-692b3bdd3385	0	944	-	19783	951	98.9%	942	1	1	8
10373	telomere	93d28e61-1dd3-4f1d-b149-3e37cd6c18f2	28	10759	-	10759	10798	99.1%	10713	5	13	80
10377	telomere	9e4a7e89-3324-405b-905a-6035ac8c78de	0	1132	-	21065	1139	98.1%	1123	3	6	13
10381	telomere	2edb4260-9c2b-4663-8294-95b33ce11485	0	526	-	13465	525	99.2%	523	1	2	1
10385	telomere	f9ef233c-3dea-4ffe-af4b-0e413dcd308f	28726	28798	+	28804	72	97.2%	70	2	0	0
10389	telomere	eb7a6be8-baf8-43c1-b4ab-e4afeeefe486	0	523	-	23424	516	97.9%	514	0	9	2
10393	telomere	f534fbf4-a12e-4106-a01d-44339f089d87	16192	17429	+	17436	1348	88.7%	1200	32	5	116
10397	telomere	7edd14c7-9977-4909-915f-f2830ac7d532	25758	25805	+	25821	47	95.7%	45	2	0	0
10401	telomere	3097f03d-eac3-4986-9bd8-e998bf27ff31	24968	25051	+	25053	83	97.6%	81	2	0	0
10405	telomere	584ed58a-97c3-463e-8054-d3cc0f5ed809	12638	12739	+	12740	101	100.0%	101	0	0	0
10409	telomere	9a6dbaed-2f7b-45e9-b8a1-15264d2b0404	0	5190	-	7115	5188	98.6%	5151	5	34	32
10413	telomere	860be5ba-8546-49e5-bedb-f0f62addfe45	0	1065	-	32440	1062	99.5%	1061	0	4	1
10417	telomere	071e4443-2ac8-4472-bdb7-9cdeeb29f8be	24813	24853	+	24857	40	100.0%	40	0	0	0
10421	telomere	f9c873cf-d916-448f-8533-a900dbefd1ad	3	1119	-	29402	1112	99.6%	1112	0	4	0
10425	telomere	8c2fef2e-9d7e-4f70-9192-4c2f8ad25bc7	0	861	-	6230	864	98.8%	857	1	3	6
10429	telomere	ea65d240-f1f0-4a42-97db-f5b8c68ae359	0	335	-	22165	337	97.9%	332	1	2	4
10433	telomere	3ce04cc7-2e63-4d3d-be59-c113cc2e5006	18218	18318	+	18320	100	100.0%	100	0	0	0
10437	telomere	388cf45d-d31c-4799-844c-282b0ef4696f	0	1255	-	17767	1266	98.6%	1251	1	3	14
10441	telomere	d7be3452-efae-4157-8d1e-0f7496c64160	2	22767	-	24870	23370	94.6%	22356	147	262	867
10445	telomere	29009012-3d0a-4c0b-b4e5-2a40f85d6974	17318	17584	+	17584	274	92.0%	254	10	2	10
10449	telomere	2ffae157-6d70-42d4-b01b-09dd230de2ab	20729	20860	+	20902	137	95.6%	131	0	0	6
10453	telomere	9432551d-9558-4387-9042-7c178bafc2f4	0	608	-	15522	596	98.0%	596	0	12	0
10457	telomere	5376b1df-351f-45e3-b741-692b2048ea0e	9984	10401	+	10401	443	90.8%	403	13	1	27
10461	telomere	6cf78440-064d-49bb-ac31-897c2c516b5d	24702	24856	+	24862	155	94.9%	149	3	2	3
10465	telomere	01bee713-cb70-4ea7-a5fa-6326800221b2	0	335	-	30090	330	97.0%	327	1	7	2
10469	telomere	7b99c949-88e8-46fd-8f5c-1c42d9c99700	0	1256	-	10434	1265	98.0%	1247	2	7	16
10473	telomere	a699df56-aeae-40c5-a343-002cbd462f89	13448	13490	+	14690	42	100.0%	42	0	0	0
10477	telomere	a699df56-aeae-40c5-a343-002cbd462f89	13504	14636	+	14690	1209	90.8%	1102	26	4	81
10481	telomere	591e02b6-bc8e-4841-8bc2-d431c17ac0c0	0	641	-	13619	633	96.5%	625	1	15	7
10485	telomere	2f262b2e-fee1-4f7b-999f-4a277a13d55a	27505	27668	+	27668	166	93.4%	156	6	1	4
10489	telomere	9b9f1943-307a-49c1-9d5e-cbcf6cf241b4	24478	25538	+	25538	1163	88.6%	1033	24	3	106
10493	telomere	ff564982-9d90-4bd3-a18f-ba734cc48ef5	20354	20581	+	20581	240	90.9%	220	5	2	15
10497	telomere	0a696c95-6bf0-46ca-9e45-39a4e0acf9b6	24104	24192	+	24192	88	97.7%	86	2	0	0
10501	telomere	476b14aa-f907-4426-a223-b303c9ea112b	0	511	-	6350	504	98.2%	503	0	8	1
10505	telomere	209e90bd-228d-4f42-8c10-06a2f9c2f03b	5	1701	-	16025	1700	98.7%	1686	1	9	13
10509	telomere	8dceddcf-30de-488b-9c29-b84549af0ca2	6747	6813	+	6816	66	100.0%	66	0	0	0
10513	telomere	22bdae1e-8968-4d44-9728-1d21c53f0060	0	649	-	17599	635	96.6%	630	2	17	3
10517	telomere	efc749e0-1486-4ac3-b7e9-7685ce200a81	14581	14661	+	14661	78	96.2%	77	1	2	0
10521	telomere	50240080-6d36-48be-96b4-baa2fb3a2c7a	3	6659	-	8563	6693	98.1%	6605	10	41	78
10525	telomere	44c06855-9bda-47ee-a33f-cca85173a684	16324	16460	+	16483	137	96.4%	133	2	1	2
10529	telomere	a73e0033-010f-4b5a-b0f0-9109a48bd6e6	1	628	-	5517	632	96.9%	617	5	5	10
10533	telomere	0a7ed4f7-5359-4eb6-939a-80567aa0c495	5448	6481	+	6483	1085	93.2%	1014	16	3	55
10537	telomere	64dce7fd-cd31-4ee2-95c6-0256d51f0233	1	776	-	10673	781	98.3%	771	1	3	9
10541	telomere	66138394-0f9a-49ea-a9c9-6d2d69daae33	15985	16178	+	16178	200	92.1%	186	5	2	9
10545	telomere	44522d01-4184-46bb-a6c8-d56cc9b14f9f	4425	5745	+	5745	1384	93.5%	1298	18	4	68
10549	telomere	5e3a9dda-0c10-4b89-88ef-dafd0ef5c2ba	10156	10935	+	10942	805	95.5%	771	6	2	28
10553	telomere	9ff526b1-d6d3-4ec6-8ae4-a28cf40217e1	0	5089	-	7939	5108	98.6%	5061	5	23	42
10557	telomere	6d8c573e-b67c-4963-8fd4-44df9eba6b7f	0	1067	-	20821	1071	99.1%	1063	2	2	6
10561	telomere	a044ef2c-d67e-4218-b668-e4ec62dc3533	0	1145	-	15384	1145	98.6%	1137	0	8	8
10565	telomere	a2416a83-e189-4d77-abe4-795fb7892992	11529	11641	+	11685	114	94.0%	109	1	2	4
10569	telomere	988bbebe-b638-4fe3-9893-5d0e3402ce58	0	259	-	20957	262	95.5%	253	3	3	6
10573	telomere	b5f7a128-323c-49a3-8044-4035c65ff043	0	5467	-	8844	5504	98.9%	5454	4	9	46
10577	telomere	94bdfb27-04ef-4522-929a-1f10e0f212a8	18963	19083	+	19110	125	94.4%	118	2	0	5
10581	telomere	3e5886e0-2439-49ed-b947-322d1e8bc716	4	1085	-	6291	1076	97.9%	1066	2	13	8
10585	telomere	db6edede-905d-4a22-9236-6a853d080437	1	944	-	13812	941	99.4%	939	0	4	2
10589	telomere	21ccfa48-18e7-47eb-a9d4-fda901d1e896	2	717	-	15797	713	98.6%	708	2	5	3
10593	telomere	860424d3-0d46-45e7-a4cd-0002ab77010e	132	2113	-	4717	2050	89.6%	1882	49	50	119
10597	telomere	860424d3-0d46-45e7-a4cd-0002ab77010e	2250	4717	-	4717	2566	90.8%	2371	51	45	144
10601	telomere	2f717c10-11a8-4a27-b843-dc50ab0da84f	0	1406	-	24349	1410	98.5%	1397	1	8	12
10605	telomere	2fa167e2-4f03-4de7-8046-b8adc107c087	0	808	-	14339	809	98.9%	803	2	3	4
10609	telomere	6b6a3f11-2c0d-4299-adeb-65cfaa353643	7415	7719	+	13555	322	91.4%	297	4	3	21
10613	telomere	6b6a3f11-2c0d-4299-adeb-65cfaa353643	7792	8080	+	13555	311	90.1%	281	6	1	24
10617	telomere	6b6a3f11-2c0d-4299-adeb-65cfaa353643	8200	8460	+	13555	274	92.7%	254	6	0	14
10621	telomere	6b6a3f11-2c0d-4299-adeb-65cfaa353643	8545	9902	+	13555	1458	91.1%	1331	23	3	104
10625	telomere	6b6a3f11-2c0d-4299-adeb-65cfaa353643	10195	12105	+	13555	2080	89.2%	1858	49	3	173
10629	telomere	6b6a3f11-2c0d-4299-adeb-65cfaa353643	12211	13555	+	13555	1456	88.1%	1294	38	12	124
10633	telomere	18fc920d-ecc4-4e11-b5cb-f2f0b54f7f48	0	1678	-	7883	1754	91.9%	1634	20	24	100
10637	telomere	90bdfbf4-fe15-493c-9ec0-ebe25a76867a	0	900	-	24263	890	98.7%	889	0	11	1
10641	telomere	bf4a3eff-a0dd-429f-8276-a74d147eb945	0	1310	-	22319	1309	99.6%	1307	0	3	2
10645	telomere	2ac49244-d947-4b0f-bd62-a68ea5aa0432	8222	8294	+	8296	72	97.2%	70	2	0	0
10649	telomere	1634f9aa-e1e8-4570-a96e-e2048a066444	0	1288	-	21236	1290	97.1%	1269	2	17	19
10653	telomere	8fcd7150-2a4c-4d7d-a949-0c6cf1c56c81	5	14267	-	14267	14510	97.5%	14191	25	46	294
10657	telomere	35a2b5cb-8d1f-4158-8341-e97d2430f104	21018	21183	+	21183	167	94.0%	158	6	1	3
10661	telomere	9b7e281b-456f-4223-87dc-0ad4b4988568	1	450	-	10103	463	93.8%	440	3	6	20
10665	telomere	183b4fb0-8b92-4904-a156-d3c9520df0f2	0	888	-	21443	914	94.9%	874	7	7	33
10669	telomere	fbf0e91d-4483-4f43-9097-f5cdacf7d669	1	705	-	21808	704	98.0%	695	4	5	5
10673	telomere	e499abc4-69ef-4b6a-b8bb-8b57ff75ebf9	12456	13233	+	13233	845	88.6%	752	21	4	72
10677	telomere	0029c4c8-9c12-4b80-a5ff-968a47b8442f	0	961	-	23623	963	99.0%	956	2	3	5
10681	telomere	a01eb581-cef0-4f26-a8ff-d14526322438	0	15475	-	15478	15757	97.5%	15401	28	46	328
10685	telomere	c569d82f-066c-4e24-961a-782437446efa	0	1170	-	8276	1175	99.2%	1168	0	2	7
10689	telomere	9bfe7f80-ef3a-41f8-95b1-1b2a155f7bf2	0	969	-	7789	972	97.7%	958	2	9	12
10693	telomere	1862e1f6-0826-4b8a-9514-c9ccb4d06e04	5503	5749	+	5749	251	95.7%	242	2	2	7
10697	telomere	a1f2b98d-68f1-4560-9525-1a4ad9ef1131	0	8971	-	28013	9032	97.8%	8898	11	62	123
10701	telomere	114bca79-1808-465b-9ff1-0a9769c9b04c	2	635	-	13641	652	93.1%	617	5	11	30
10705	telomere	270070e3-a954-4c08-8017-164ca8a6f40a	20192	20309	+	20333	120	95.8%	115	2	0	3
10709	telomere	2f421e69-baa5-41fd-b8db-d016101a985a	129	1029	-	25587	907	98.6%	897	0	3	10
10713	telomere	33c46b8e-a4e8-499a-8eee-09aa40c38ecc	0	450	-	14506	447	98.2%	443	3	4	1
10717	telomere	d2cbc2cf-2c76-4bf4-aa1f-b769eaa1db2d	0	649	-	30207	647	98.6%	643	1	5	3
10721	telomere	26a6a48d-dfbe-4ec7-90bd-1dd99f54db34	13	1121	-	21229	1116	97.9%	1098	4	6	14
10725	telomere	39e4f648-1c7f-4815-83ae-c2e666cdb621	0	2888	-	2984	2893	97.8%	2854	8	26	31
10729	telomere	39e4f648-1c7f-4815-83ae-c2e666cdb621	2932	2983	-	2984	52	98.1%	51	0	0	1
10733	telomere	4623e016-f2e7-4d7b-b1af-dc2c020efef6	1	1297	-	6262	1301	98.6%	1289	1	6	11
10737	telomere	42108d16-0f55-43cf-9276-ce84972d6733	0	641	-	6149	642	97.5%	632	3	6	7
10741	telomere	17ee926c-de8e-4cf6-93ef-43fe0270395a	0	1248	-	5852	1265	98.1%	1244	1	3	20
10745	telomere	e60be918-4d76-468d-97e4-539c08ba4bd9	3	1223	-	5642	1218	96.9%	1199	2	19	17
10749	telomere	fa655d23-660f-44d2-b927-650479641639	0	6581	-	6594	6750	96.0%	6519	23	39	208
10753	telomere	803795b0-0845-4a4f-a2aa-39f54fa3e42a	1	653	-	17795	641	98.3%	641	0	11	0
10757	telomere	178e4207-bf4b-47f1-8941-5fec87479d68	1	1246	-	11580	1249	97.8%	1231	4	10	14
10761	telomere	becb8b0d-b609-4960-9395-03a2efe7fefb	7	1432	-	14433	1429	99.0%	1419	1	5	9
10765	telomere	0a60af94-32b7-4c2f-96dd-8303e3f845b2	0	616	-	14736	606	98.1%	605	0	11	1
10769	telomere	29943449-b0c1-448f-8ae3-3f1154135168	90	1012	-	2591	968	90.7%	891	17	14	60
10773	telomere	2f2ad2eb-7d3d-4966-a8d0-0da5b6652246	3	6584	-	13996	6744	94.6%	6460	38	83	246
10777	telomere	2f2ad2eb-7d3d-4966-a8d0-0da5b6652246	6924	6965	-	13996	41	100.0%	41	0	0	0
10781	telomere	fb9a6ba6-d9c0-49c6-8e63-25d0cf5b8c75	11158	12373	+	16189	1291	91.1%	1183	24	8	84
10785	telomere	fb9a6ba6-d9c0-49c6-8e63-25d0cf5b8c75	12443	15311	+	16189	3066	90.4%	2788	62	18	216
10789	telomere	fb9a6ba6-d9c0-49c6-8e63-25d0cf5b8c75	15396	15720	+	16189	333	94.9%	318	4	2	11
10793	telomere	fb9a6ba6-d9c0-49c6-8e63-25d0cf5b8c75	15801	16189	+	16189	414	92.1%	383	3	2	28
10797	telomere	b25f15ba-46cc-4687-b688-43b131f9472c	18	1384	-	20764	1387	98.0%	1362	1	3	24
10801	telomere	8e22747f-5de8-401b-9c80-e8b68f406314	6	966	-	12722	959	98.9%	954	0	6	5
10805	telomere	abea3e42-d9e0-4944-8f4f-8512181b19dd	18317	18512	+	18512	203	92.6%	188	7	0	8
10809	telomere	fb6bf5f7-3c68-475b-bfaa-832a26257f8e	20	534	-	8563	524	95.5%	506	2	6	16
10813	telomere	21b9518c-567d-4ba3-bd87-91bf95af0e4d	10894	18115	+	18119	7810	90.4%	7073	131	17	606
10817	telomere	b3dc86b6-a2fd-44c6-ba9f-d60d340950ca	20069	20125	+	20127	59	93.2%	55	1	0	3
10821	telomere	5884959e-c5e2-4a6d-86e6-4bc19124b9b9	0	759	-	12637	755	97.6%	747	2	10	6
10825	telomere	5e3abb8a-8c43-428d-a936-469975522c1e	0	760	-	24410	755	97.0%	745	2	13	8
10829	telomere	0fcbbc91-c7b6-41b9-9a17-7a8b9dead221	0	952	-	8864	943	98.8%	942	0	10	1
10833	telomere	bb62a992-7485-480d-bbe4-48dabcf9c592	4	490	-	9224	488	97.8%	480	3	3	5
10837	telomere	7512d1bb-6ad3-4e31-86b5-60a8be10cce3	10385	10550	+	10550	167	92.9%	158	4	3	5
10841	telomere	de53bccb-badc-4ae0-b6a8-241578be7432	13748	13796	+	14691	48	100.0%	48	0	0	0
10845	telomere	de53bccb-badc-4ae0-b6a8-241578be7432	13814	13978	+	14691	174	90.8%	158	6	0	10
10849	telomere	de53bccb-badc-4ae0-b6a8-241578be7432	14044	14634	+	14691	630	90.8%	574	14	2	42
10853	telomere	bc9a463e-64a9-49c0-9078-4f38b8dbf692	1	1571	-	7782	1601	97.9%	1568	2	0	31
10857	telomere	acd5ab84-37f2-4bf4-983a-fcb0524be043	6866	7305	+	7305	458	90.3%	420	12	7	26
10861	telomere	68a4e66a-561c-4e80-b6a6-499d92070985	20249	20321	+	20329	72	100.0%	72	0	0	0
10865	telomere	71a6e158-32ce-4745-a828-9ac37bd2acdc	11	1714	-	18982	1711	99.0%	1698	1	4	12
10869	telomere	ba0ada98-0d43-4b0f-bf04-c38b922efb51	3	953	-	18050	962	97.7%	945	0	5	17
10873	telomere	8381378f-9f22-4f15-885c-8a39e9e3e610	17505	17725	+	17725	229	93.9%	216	3	1	10
10877	telomere	2fd764ce-e73e-4ae0-82fd-4d20ea80df0b	0	12182	-	24525	12374	97.2%	12090	23	69	261
10881	telomere	b23ff73b-55cc-439d-b968-736dbdc780f6	5489	5769	+	5769	293	90.5%	267	11	2	15
10885	telomere	5fdbb471-bc1a-4c95-8d32-c735ed090d11	8377	8473	+	9471	99	94.9%	94	2	0	3
10889	telomere	5fdbb471-bc1a-4c95-8d32-c735ed090d11	8536	9470	+	9471	1013	89.6%	910	21	3	82
10893	telomere	dbb1267d-3abf-4c7c-a338-fcabe2b15020	0	1144	-	35395	1144	99.4%	1140	1	3	3
10897	telomere	dafe2774-dc45-43ea-9d89-53e26b52eea8	0	705	-	20128	710	96.1%	691	5	9	14
10901	telomere	2bc8de8c-cc50-444e-b723-309933440271	24089	24152	+	24168	65	95.4%	62	1	0	2
10905	telomere	d4ce7e26-f372-4513-a9cc-94bcb4c4edd9	0	1018	-	21688	1020	99.4%	1016	0	2	4
10909	telomere	d7a63893-ead5-435d-bfd5-265d51caef47	9	828	-	2993	864	91.4%	798	12	9	54
10913	telomere	d7a63893-ead5-435d-bfd5-265d51caef47	983	2993	-	2993	2100	90.1%	1932	34	44	134
10917	telomere	04059030-f1be-4faa-88c8-4f67e2e48ef8	10480	11413	+	11413	1011	89.5%	909	19	5	83
10921	telomere	6be78309-ea0b-4014-bafd-c12d1be7d79f	8	631	-	28854	620	98.6%	617	0	6	3
10925	telomere	3b67ac7a-8b78-4a0b-8bc3-a8a451d70dc1	3	877	-	3666	877	97.7%	865	1	8	11
10929	telomere	3b1ea8df-299f-4a68-a4f2-55e92bdb5190	29320	29435	+	29443	117	94.9%	112	2	1	3
10933	telomere	c99cb1ec-72ff-4355-8f38-0b3be3954b59	22	813	-	27451	788	99.4%	787	0	4	1
10937	telomere	afa01558-44fc-48b3-b349-5ba847379786	0	849	-	17055	847	99.3%	845	0	4	2
10941	telomere	418f437e-a605-4ff5-b268-f55cb7567655	0	761	-	20331	756	98.2%	751	1	9	4
10945	telomere	f32bf626-8377-4ba8-b0ca-2a6e42beebb5	25879	25988	+	25996	113	94.7%	107	2	0	4
10949	telomere	712f9dcd-43cb-4ac2-afbf-0d38ba3ad72a	0	1113	-	19669	1133	97.1%	1105	3	5	25
10953	telomere	2ceae31a-f4ab-4e95-9af3-6dd6aa03d489	0	672	-	23096	669	98.8%	666	1	5	2
10957	telomere	287838c8-06cc-43b2-b0aa-26a5228eb909	0	17449	-	23723	17472	99.1%	17376	4	69	92
10961	telomere	c462726d-2b03-481a-8106-f04f08f8c1b9	21871	22039	+	22039	167	96.4%	163	3	2	1
10965	telomere	b1eac79c-bb79-42d4-93d4-6602bddc06b4	27013	27053	+	27053	40	100.0%	40	0	0	0
10969	telomere	57f90307-9dd9-43b9-b85b-f046714ce344	0	666	-	19604	662	97.5%	655	1	10	6
10973	telomere	23d897e8-30a6-4479-8669-cc771c6b7305	28179	28299	+	28301	119	96.7%	117	1	2	1
10977	telomere	1a28cf88-a358-4968-a671-cfbfd1685324	16802	16934	+	16934	132	91.9%	124	5	3	3
10981	telomere	38a777a5-5b9d-4b5a-a567-21ecc2924596	6050	6090	+	6727	40	100.0%	40	0	0	0
10985	telomere	38a777a5-5b9d-4b5a-a567-21ecc2924596	6136	6727	+	6727	634	90.7%	577	12	2	45
10989	telomere	57bc4b1e-28c2-4b0c-83d6-51d08656db10	0	568	-	22816	562	96.0%	551	5	12	6
10993	telomere	6a754f9e-f936-45f2-a00d-bf9e21fd9fce	20840	20943	+	20943	102	97.1%	100	2	1	0
10997	telomere	6e67a8ed-e96e-41a3-83c9-89e194541dc9	21913	21976	+	21988	64	96.9%	62	1	0	1
11001	telomere	00f1dce4-d430-4ed6-b9e3-a04ca8b9123e	9	623	-	16362	614	99.0%	611	0	3	3
11005	telomere	7d0b3078-435f-44ee-955b-3c6455c4a4e4	15588	16334	+	16334	771	94.3%	732	9	5	30
11009	telomere	f0b07c0f-4777-407a-b39b-1b9a51ff9247	0	1004	-	29188	1002	99.4%	1000	0	4	2
11013	telomere	9afc87ce-1e36-4e5f-baa6-6106c81be9ae	0	5177	-	5177	5250	97.3%	5137	12	28	101
11017	telomere	ac3aee9a-03d8-4653-9649-d8f9f76407f3	8700	9808	+	9808	1182	91.1%	1079	26	3	77
11021	telomere	b0c10242-8ded-4ca3-b7da-350fed930fbe	29334	29397	+	29401	65	95.4%	62	1	0	2
11025	telomere	953dbabd-e2af-44f5-b472-bdfbd3fa950e	13992	14487	+	14487	517	92.9%	484	7	4	26
11029	telomere	9d0e6932-9668-4564-b917-1bdea67c3940	23166	23295	+	23295	129	97.7%	127	1	1	1
11033	telomere	4a5e6d6a-e06c-40a4-9680-cf40409be816	3	6663	-	14300	6686	98.8%	6632	2	26	52
11037	telomere	9c4302ad-567d-4212-9b39-16a872ee43ff	3	1261	-	31156	1300	94.3%	1234	15	9	51
11041	telomere	19eae047-9a0c-4e30-b95d-4a0e0fe09068	15142	15299	+	15299	158	96.2%	152	5	0	1
11045	telomere	77052545-c2e4-42b4-9f6b-0f8988f4506a	22255	22317	+	29568	65	92.4%	61	0	1	4
11049	telomere	77052545-c2e4-42b4-9f6b-0f8988f4506a	22357	23269	+	29568	984	89.1%	884	20	8	80
11053	telomere	77052545-c2e4-42b4-9f6b-0f8988f4506a	23364	24117	+	29568	820	89.2%	736	12	5	72
11057	telomere	77052545-c2e4-42b4-9f6b-0f8988f4506a	24201	26137	+	29568	2092	89.0%	1873	51	12	168
11061	telomere	77052545-c2e4-42b4-9f6b-0f8988f4506a	26234	28928	+	29568	2850	90.6%	2603	69	22	178
11065	telomere	77052545-c2e4-42b4-9f6b-0f8988f4506a	29089	29568	+	29568	496	93.0%	464	12	3	20
11069	telomere	0c85d723-dc0e-4dcf-8e6f-b14615c51466	115	663	-	19171	562	94.9%	540	1	7	21
11073	telomere	647ed6ca-6fc6-46ba-af7e-384e30805bb3	10149	10223	+	10223	76	96.1%	73	1	0	2
11077	telomere	df17424a-57cf-4c51-bee8-e78d3d1f0be2	0	763	-	10090	767	98.1%	756	3	4	8
11081	telomere	9d035f1a-a991-4066-b940-04b045edc406	17329	17376	+	18572	47	100.0%	47	0	0	0
11085	telomere	9d035f1a-a991-4066-b940-04b045edc406	17408	17492	+	18572	90	91.1%	82	2	0	6
11089	telomere	9d035f1a-a991-4066-b940-04b045edc406	17539	18572	+	18572	1098	93.2%	1024	8	1	66
11093	telomere	5cc48d9d-d1df-440d-a783-7e8a00fc74d4	0	912	-	36192	906	98.9%	904	0	8	2
11097	telomere	3af06350-95e2-4892-a4f6-5c387afec646	0	1257	-	5297	1276	96.4%	1241	4	12	31
11101	telomere	beeef705-5b99-4fbd-9042-0881205f5376	6	1069	-	9030	1088	96.8%	1056	4	3	28
11105	telomere	f9395bac-4ffa-42cb-9793-959687e00adf	14192	14525	+	15171	365	88.8%	325	7	1	33
11109	telomere	f9395bac-4ffa-42cb-9793-959687e00adf	14609	15001	+	15171	420	91.2%	383	9	0	28
11113	telomere	f9395bac-4ffa-42cb-9793-959687e00adf	15019	15079	+	15171	60	100.0%	60	0	0	0
11117	telomere	d61414fe-c9a8-40f3-8ed2-00724b7078a4	0	473	-	6265	463	95.0%	455	2	16	6
11121	telomere	bbc0f76b-465e-4df9-9285-444acddef044	0	1005	-	26329	1013	98.5%	1001	1	3	11
11125	telomere	f1bd70e8-7abc-4d6e-95db-b5b5805d8947	5724	6810	+	6847	1169	91.5%	1070	16	0	83
11129	telomere	91cca710-22f8-413f-a1d6-b8b56d7abdc7	10977	11053	+	11836	77	98.7%	76	0	0	1
11133	telomere	91cca710-22f8-413f-a1d6-b8b56d7abdc7	11116	11836	+	11836	751	90.4%	685	28	7	38
11137	telomere	d2264b85-743a-488e-9a64-09201a45ce24	0	10352	-	12286	10387	98.4%	10281	5	66	101
11141	telomere	4ff13143-a9bf-4c59-8660-21bd443249bd	0	955	-	13559	954	98.5%	947	1	7	6
11145	telomere	c00f003d-491f-4a68-bf14-0aa0d2a23327	0	5641	-	5644	5750	96.4%	5575	30	36	145
11149	telomere	4868da55-bdd7-444c-97f2-3df29d0c4fae	0	1695	-	18303	1702	98.5%	1684	3	8	15
11153	telomere	232005a7-134f-4e37-b60e-0cbce2201ff6	1	719	-	26547	719	99.2%	715	1	2	3
