d0d71a50-30a6-4d1e-b854-c3f10a8d438b	I	1	L	60	2	90
ff045b2f-4778-4dc8-bd15-60f592486b48	I	1	L	1	2	155
7846ffb7-2aaa-4627-8cfe-1d4fcd70de23	I	1	L	1	2	39
27a54a75-7adf-41f8-9a72-7183c98184dd	I	5213	L	60	6	822
dbf8dd08-3c18-4aed-93d9-d0ecb908e5e5	I	5216	L	60	3	1636
5471d9e5-e46a-4dfa-8365-b5e41939377b	I	5362	L	60	7	90
77b12731-a05e-4c6f-bc63-e273faaa714e	I	5362	L	60	7	461
9ff526b1-d6d3-4ec6-8ae4-a28cf40217e1	I	5364	L	60	5	13
5536592a-a3d5-48ce-8de9-965d27e24ab2	I	5407	L	1	-1	173
eb7ae67a-349e-41f6-93d0-cc091dac388a	I	5413	L	60	4	328
fa8d0eda-1e50-4459-acdb-4dec01104e37	I	5432	L	60	3	174
42b59706-f9f1-45b7-86b9-162942e1146b	I	27181	L	60	-19	12
40a89a70-941d-4017-b401-dca26e1f60ab	I	27181	L	60	0	181
6d96e908-d189-456a-8fea-c3b387244c90	I	27181	L	60	-13	9
c9d46acd-bcaa-440e-8cce-16eabc289a5b	I	27185	L	60	1	88
b91b00c0-5caf-4ef9-abe0-17839a1614b4	I	27185	L	60	1	140
abeb0f66-044d-41f0-a74c-8ee5782aa0bd	I	27185	L	60	1	176
b9b6d51c-0801-4935-9085-7a9a814fc9fb	I	27185	L	60	1	88
503a81ee-0f78-4ba7-a18f-661801415d42	I	27185	L	60	1	92
5ff8de04-6917-41ee-b8e3-359a08401600	I	27185	L	60	1	184
e8ecba05-7a28-4584-bee6-4260d62d5f1d	I	27185	L	60	1	111
13099f71-6bb7-4111-8e32-173018279a1d	I	27185	L	60	1	84
7f2e3c0d-2a61-4be1-b017-135dcf0200a3	I	27185	L	60	1	115
b6bc4f72-2861-4312-a643-0c86f2055339	I	27185	L	60	1	129
f286e78b-9db6-4c1b-8086-f50bb1c507d9	I	27185	L	60	1	109
1b046f70-4864-4e41-8120-1c3553eaa02b	I	27185	L	60	1	50
ad29533f-4139-4cf0-9d5c-18ea1d6f6e78	I	27185	L	60	1	113
03bc7345-d51d-4b3d-8f65-00dcbae4b562	I	27185	L	60	1	156
3ccff52c-0f0f-4636-8ac6-0b3fe823f099	I	27185	L	60	1	139
ecbadeb9-1c08-404c-a778-f1fb78c1860b	I	27185	L	60	1	80
34eb1368-79e0-4c1a-a644-704836ec5058	I	27185	L	60	1	140
ca9d8154-4fb6-4bea-9704-babb32ec5229	I	27185	L	60	1	88
ce8ce86a-236e-4344-8a4a-ec6d22851c55	I	27185	L	60	1	101
732d27cc-8dd2-491a-8177-8e1c1de79a74	I	27185	L	60	1	169
1ebbfe29-5f58-4ea2-9ab3-8ca1cbbe26f5	I	27185	L	60	1	129
10c90b18-279d-4279-a213-0e4491949e0f	I	27185	L	60	1	149
ff23ed57-8496-4d3d-ac47-1468b96e22a6	I	27185	L	60	1	217
0627a218-4729-4665-8066-081d12511c74	I	27185	L	60	1	128
2a266d7c-5f09-49be-a883-37d889d8f92c	I	27185	L	60	1	150
1045b501-47fb-4371-9baa-195b7bd227bd	I	27185	L	60	1	78
fa6ccb7d-645c-467c-8680-899066d09c31	I	27185	L	60	1	81
b95d2380-1c09-4fb3-85aa-994262b024bf	I	27185	L	60	1	52
18e3b397-a1db-432e-bdee-1d950f75252e	I	27185	L	60	1	51
2d55f394-4ca4-4f25-b8dd-727ff9921e3b	I	27185	L	60	1	124
433623bd-97a5-4ac6-ab04-69a29a11133f	I	27185	L	60	1	121
ce60297f-2044-4869-9a35-b017fc53ec48	I	27185	L	60	1	136
2b1927a5-dc02-4a72-a948-390f699b8d2a	I	27185	L	60	1	9
469fa607-df82-44af-9efc-24888c5c868f	I	27185	L	60	1	119
cae4ea79-c75f-4540-85d4-7957077e4803	I	27185	L	60	1	96
21a0be77-372a-40c2-a58f-d13417244e3e	I	27185	L	60	1	103
6116680f-2ac2-486b-85f7-a988d319b0d6	I	27185	L	60	1	120
79101191-b3bb-42bf-b7f2-a9d1a3245f5b	I	27185	L	60	1	169
a646d110-4c5f-4e1c-995e-6f40ce3ae2ab	I	27185	L	60	1	179
fc8ef950-44a2-4bad-ab54-dad9a7877abb	I	27185	L	60	1	129
c4f525e1-299b-44b6-b69c-6c4f0ef2bfeb	I	27185	L	60	1	224
822996b2-b19e-4b30-976b-da70309aeee8	I	27185	L	60	1	122
36c2a58a-1c2c-4367-972e-f999ad4a7d19	I	27185	L	60	1	200
bc0e324c-de10-4732-8fec-cfa64bb29c64	I	27185	L	60	1	135
ac0c37a1-2c41-4714-9602-ae902faa6297	I	27185	L	60	1	142
4b2cc9a2-5110-4b06-8bc8-ce0bb54e71a6	I	27185	L	60	1	91
98bf64e6-59ff-46d9-ba74-27b6e65c4aa2	I	27185	L	60	1	145
46c975f4-3ffb-4ec2-aac7-2c5ec49324c0	I	27185	L	60	-12	60
e1d9cea5-9d74-42ae-85fe-627ad5176109	I	27185	L	60	1	162
c02a655e-112a-4f36-b5b9-63ef491b4681	I	27185	L	60	1	146
4089c40a-786e-44c0-a96d-75ed74a77290	I	27185	L	60	1	89
493d5388-4984-4786-a5ed-cac2e12660c4	I	27185	L	60	1	167
cfdcff93-2780-4bee-b611-b92efbbddd44	I	27185	L	60	1	63
2d302a80-c645-4aec-8668-d1ef1232b0f0	I	27185	L	60	1	145
db8e258c-2a31-43ac-9ca0-0888f11478a1	I	27185	L	60	1	215
da81f1b9-ed0f-469d-9e9d-cfb1f5a573c8	I	27185	L	60	1	152
cb2f2e15-93d3-4df0-ab66-c73793e0f5cc	I	27185	L	60	1	112
abaea3f2-3d8a-4370-9637-7e91cab75e4c	I	27185	L	60	1	94
ae479271-2e28-48ea-a449-697f29f19e4a	I	27185	L	60	1	200
c4a5ec51-5cd2-4d10-a6e1-eb65347b0fae	I	27185	L	60	1	114
977d7a8f-3af6-4366-8428-fe7922197fe1	I	27185	L	60	1	112
913983d8-61f3-49b9-8bdb-e1ec918db78c	I	27185	L	60	1	124
4ac35186-1e8c-413a-8e0e-3001e4cddde2	I	27185	L	60	1	59
6246a8b6-e375-4641-a641-03da829edcd8	I	27185	L	60	1	129
34c014ee-18b0-47de-9dc3-5eb2dd217e44	I	27185	L	60	1	175
e901c031-da51-4c27-9fee-7b62116447fa	I	27185	L	60	1	69
39b5dbab-2141-4046-84b0-79f1a29431bf	I	27185	L	60	1	125
6e2b21e3-a3c0-462a-8895-8f06d174fe0f	I	27185	L	60	1	105
1f43efdb-88f8-485f-9bb6-7c5a83e0d1bd	I	27185	L	60	1	132
877c72b8-657d-44d4-95a0-d0187b9b47ef	I	27185	L	60	1	155
c97f9b2f-0d06-4f9c-b619-4234eb8c1fff	I	27185	L	60	1	197
a440fe5b-15cc-49d3-9ace-43d001f18bc3	I	27185	L	60	1	90
413b0ff3-2fd0-404f-bf94-394f4041e6f8	I	27185	L	60	1	128
904815f7-8826-43ce-9ab9-ffe5cd87e99c	I	27185	L	60	1	190
10fdbafc-2058-4109-85b5-c56ed1fbd067	I	27185	L	60	1	107
74d4f620-738d-485e-b56e-0f9708f9c048	I	27185	L	60	1	174
ea71c735-7115-4eec-b9d2-39e80d25d654	I	27185	L	60	1	131
9432551d-9558-4387-9042-7c178bafc2f4	I	27185	L	60	-8	93
21ccfa48-18e7-47eb-a9d4-fda901d1e896	I	27185	L	60	1	111
803795b0-0845-4a4f-a2aa-39f54fa3e42a	I	27185	L	60	1	101
0a60af94-32b7-4c2f-96dd-8303e3f845b2	I	27185	L	60	1	98
bc9a463e-64a9-49c0-9078-4f38b8dbf692	I	27185	L	60	1	243
ba0ada98-0d43-4b0f-bf04-c38b922efb51	I	27185	L	60	1	143
712f9dcd-43cb-4ac2-afbf-0d38ba3ad72a	I	27185	L	60	1	169
bbc0f76b-465e-4df9-9285-444acddef044	I	27185	L	60	1	159
e5266db6-8599-40aa-ba70-4563ccc284d9	I	27185	L	60	1	14
bc8c969f-d234-4231-8cf8-45e318dffe08	I	27185	L	60	1	6
ebdd95ca-f0cd-444f-ae30-be6968a85ac5	I	27185	L	60	-21	17
7643d862-2b32-4937-9b36-2a22b15cd511	I	27185	L	60	1	33
72386ea2-b629-415b-b1b1-83cde36b6339	I	27185	L	60	1	8
02291a5a-1f39-4045-90e9-dc581a7823ef	I	27185	L	60	1	2
cb5a6d9d-230c-4c4c-b453-a358da6484d0	I	27185	L	60	1	16
bff50dde-b6dd-4d0e-9727-d9acc70dfd93	I	27185	L	60	1	3
6449f6fd-adc6-4922-879e-5b7eb3de54de	I	27185	L	60	1	5
3052d554-0aaa-4afd-b240-b6a49e464f01	I	27185	L	60	-18	3
a5ecdaff-0e8d-42e7-a95a-1e5b64d9ed44	I	27185	L	60	1	10
8870f654-18d9-45ed-8d72-a2c2c4a017b6	I	27185	L	60	1	148
986c6ffa-9045-413b-9389-d105035343a9	I	27185	L	60	1	9
f23df8ec-58b3-4f79-b798-64649d6842cd	I	27185	L	60	1	10
ba4a4aa0-b979-4c15-83fd-836b922e185a	I	27185	L	60	1	17
312b06fb-8519-42ec-8aec-d6645d94db0f	I	27185	L	60	1	5
31198df2-1024-44e1-ba13-dd3947668fdc	I	27185	L	60	1	12
130f9eb8-4c70-4f1e-83eb-b3cd32bef67e	I	27185	L	60	1	6
6a54619c-493b-4eb9-87ba-6494fec755c7	I	27185	L	60	1	3
ce458c6f-4278-4165-92e9-9bfcc88c21ae	I	27185	L	60	1	56
9c5751f5-c63c-4c92-adff-68355c2af773	I	27185	L	60	1	18
4786125a-19bc-4c5e-9360-dfbff92f61e1	I	27185	L	60	1	10
db0d770c-52bc-49a6-8472-f405bbf91a3e	I	27185	L	60	1	51
529c1a34-3cba-482d-8305-1202aa2c9016	I	27185	L	60	1	5
b12e651a-e6aa-4d0f-aa8d-ee92d6957aa8	I	27185	L	60	-9	7
bc923673-2c82-44ba-a494-2e970cb06bcf	I	27185	L	60	1	21
3dea7d7d-6ad4-4b8c-beaa-69a0c021752f	I	27185	L	60	1	4
9569ea83-8803-495c-98eb-29a93c9c8198	I	27185	L	60	1	9
9d725206-f70d-4dab-90de-b11dda1a9008	I	27185	L	60	1	10
4006e101-5a68-4735-9721-8554a5fff709	I	27185	L	60	1	13
3a5fc9fc-cc2a-4abe-9a1d-be86320b5e41	I	27185	L	60	1	5
7099b174-3c72-4de2-9352-2fa237d10d57	I	27185	L	60	1	2
6f2e9e66-67e4-4392-9fc6-9904fe25b915	I	27185	L	60	1	12
3a0aa2eb-703c-4429-acdc-1f056459e1cf	I	27185	L	60	1	11
51649f83-72dd-4e9a-90fa-0829fd80a384	I	27185	L	60	1	6
c73848b3-5551-4da0-9491-2681d26398fa	I	27185	L	60	1	5
45e2fefa-bcd3-4657-8969-ccd4691b1697	I	27185	L	60	1	8
97cc9fc5-c32f-4620-b0db-c7cf2abf945a	I	27185	L	60	1	5
a95a94c9-a9af-462c-9e88-223ac820b6b5	I	27185	L	60	1	12
fc40e805-abb8-4d24-a126-57dedc29980d	I	27185	L	60	-12	10
14ad41b4-53ba-4a6c-add5-28c7253a6e23	I	27185	L	60	1	3
822e1868-3b8b-471d-8e8d-b4178aa0840a	I	27185	L	60	1	16
ca5644e3-f6ac-4109-92a4-e87f8d217d11	I	27185	L	60	1	20
67453937-f562-465f-a388-b0aa43716d01	I	27185	L	60	1	7
cf0502fb-e83e-44de-8a7d-b380326386b9	I	27185	L	60	1	3
485bc3e6-9687-4bd4-84fb-0133772efee8	I	27185	L	60	1	17
928ac339-84f1-46ad-9c27-d5ba7a4f5f03	I	27185	L	60	1	8
b9b05fdc-ae0e-49ed-80b3-c648f93a6999	I	27185	L	60	-7	8
b42b7c17-c2a4-409f-bf0b-c7459c3a2de9	I	27185	L	60	1	8
e68f3c5c-8305-44b4-896a-bcb31f64f4be	I	27185	L	60	1	9
45221911-e147-4abd-8342-ab662e9c7d00	I	27185	L	60	-7	10
aa075a57-291c-4cd3-ad9d-cc4bef9cbfa7	I	27185	L	60	1	38
5c0680b5-a7bc-4844-a679-0ff129c5f8cd	I	27185	L	60	1	6
b98ad2a3-8dfc-4867-b150-8faaedcb2ec2	I	27185	L	60	1	84
0f88b7e6-7bff-48b5-93c7-ef6822bc7052	I	27185	L	60	1	7
68a5261e-0a3e-49d5-bab2-e968334c7432	I	27185	L	60	1	7
4683dac5-a060-43cb-9ffd-f75879510a57	I	27185	L	60	1	4
35c823ab-957b-4753-a61a-fd46a9ee8f35	I	27185	L	60	1	4
2740f811-79d4-47fe-b84a-fd4348499dea	I	27185	L	60	1	141
870c5468-0378-40b6-bf35-ab1df54b295c	I	27185	L	60	1	7
68e580a7-2104-46be-a9bf-91d7e1400844	I	27185	L	60	1	91
c06294dc-d1aa-4b8f-8d0f-4fe1a1f17ff2	I	27185	L	60	1	202
29009012-3d0a-4c0b-b4e5-2a40f85d6974	I	27185	L	60	-8	30
2f262b2e-fee1-4f7b-999f-4a277a13d55a	I	27185	L	60	1	21
95d80319-f93e-4677-9756-4f25d420292d	I	27185	L	60	1	7
acd5ab84-37f2-4bf4-983a-fcb0524be043	I	27185	L	60	1	46
b23ff73b-55cc-439d-b968-736dbdc780f6	I	27185	L	60	1	32
3b1ea8df-299f-4a68-a4f2-55e92bdb5190	I	27185	L	60	1	15
c462726d-2b03-481a-8106-f04f08f8c1b9	I	27185	L	60	1	23
b1f6e019-ce16-4ac4-a2a4-c3a24f8a6a0c	I	27187	L	60	-2	101
0ef7ac05-9534-4af6-9b98-f9f06d25e679	I	27187	L	60	-2	168
e9447ea7-1af9-4f11-aa86-d1b350e95e30	I	27187	L	60	-2	9
3bb75649-5555-4557-8972-45dc08d0fe7b	I	27188	L	60	-4	63
a28694b1-d07e-458c-bd7e-99ccfa6264d0	I	27193	L	60	5	63
7d0b3078-435f-44ee-955b-3c6455c4a4e4	I	27196	L	60	-8	104
a5338253-9a20-47e7-ac41-e9ff6bc86cad	I	27255	L	60	2	82
cc7e1e9e-f7eb-49fe-a789-9a6ca72c2c64	I	915947	L	60	-2020	4
aa641430-6da2-4b3f-87b7-b93dde3872ee	I	5786023	R	60	6256	6
f2340dad-7fbc-431f-a107-8153559548cd	I	6943638	R	60	3601	2
ef37bca9-1bf1-4d53-8d43-8c2758df650f	I	8860881	R	60	6	9
fca46d3a-27d3-44b9-bfb0-8503d851082a	I	8860881	R	60	0	119
336e8071-76f4-4e27-9de2-85cef9760f81	I	8860881	R	60	0	10
307be4bf-8e14-4b3a-8b79-1f1ebb257b4c	I	8860881	R	60	6	8
1b27d754-9731-4fc9-b146-a57b1e68bc28	I	8860881	R	60	0	10
d2707be8-b960-4b8b-9bac-9db07f7fdc25	I	8860881	R	60	0	11
ae6c8ba3-0350-42f7-a284-74ce2fa17980	I	8860881	R	60	6	38
18aa7440-4559-4f86-bb8d-451cc283cb3d	I	8860881	R	60	0	136
ead7ba93-16f9-405c-aad3-972c36a8abc9	I	8860881	R	60	5	25
cdd5f932-feb6-44e5-a6a8-0428f17eacfa	I	8860881	R	60	0	150
bb290b47-7bc7-4220-8669-2c2680d72ee4	I	8860881	R	60	0	86
2795634d-4d9c-45c4-8c53-48d91d37e2be	I	8860881	R	60	0	8
74404e2d-931b-4fcc-8aac-07b59161a345	I	8860881	R	60	0	107
c004290f-bd39-415a-bd5f-bd9af98d136d	I	8860881	R	60	0	12
0750f225-8a93-47e8-abe3-890216258806	I	8860881	R	60	0	16
d976cdca-083f-4082-8f67-bcd50e333a84	I	8860881	R	60	0	9
13f47001-6369-41b3-ae5f-4532311a0433	I	8860881	R	60	0	140
f0b07c0f-4777-407a-b39b-1b9a51ff9247	I	8860881	R	60	0	163
32436af6-66e4-4e5a-abb7-21f38a031ce6	I	8860881	R	60	0	91
7d6ab51e-7d40-4e35-a7e0-48340ebe74fc	I	8860881	R	60	0	11
c3a9d471-18e0-47f4-8e2d-411db3a539d9	I	8860881	R	60	0	138
a890d0d6-ea47-48a4-80e4-3fa7238a4602	I	8860881	R	60	0	68
0e5976a6-8fc0-407b-9d2d-0fd31b2a285e	I	8860881	R	60	0	46
d2e1f534-e052-42ca-be1e-6b4e52c2241b	I	8860881	R	60	8	19
47ad78e0-cd03-465d-bc7b-c3f3ddd438ba	I	8860881	R	60	0	93
a0ddb13f-453d-4a16-a435-04498c695130	I	8860881	R	60	0	66
b16673f9-19f3-473e-aaec-568535d5ca57	I	8860881	R	60	0	137
c05f9efc-354e-46f5-ba3c-acc87366c410	I	8860881	R	60	0	83
5251b798-3a2e-41db-b02b-d87daa8b8296	I	8860881	R	60	0	148
2ac83c1b-1556-45e8-9923-5adde1578493	I	8860881	R	60	0	150
7edd14c7-9977-4909-915f-f2830ac7d532	I	8860881	R	60	0	5
c4e68ee5-7011-4062-b229-44daae002b21	I	8860881	R	60	0	13
332a4811-cc3e-4bb5-9fb5-26264accdd43	I	8860881	R	60	0	31
5b3186ae-0b7a-4266-9e1b-44aa0ef48025	I	8860881	R	60	0	10
360562f8-b2f8-49dd-b32a-d6f3bf51cb2f	I	8860881	R	60	0	15
e8c212c6-b36b-4ddb-afce-8190759e184c	I	8860881	R	60	0	201
2ade2b25-0ef1-4d62-b117-88d6989cd6f4	I	8860881	R	60	0	115
2bc8de8c-cc50-444e-b723-309933440271	I	8860881	R	60	0	8
4f61e360-a1d4-4ef6-a867-f94e806972de	I	8860881	R	60	0	10
100b1279-a9c9-407f-82b6-c44087b70640	I	8860881	R	60	0	26
c27387c0-2149-4a72-8e31-32877d0ee499	I	8860881	R	60	0	10
5e3abb8a-8c43-428d-a936-469975522c1e	I	8860881	R	60	0	112
371beadb-f290-4fb8-9380-4c45335b61a4	I	8860881	R	60	0	94
47418f91-470c-4e31-b4d6-6a1268eed873	I	8860881	R	60	0	4
70135f22-be1d-4c40-b66a-b8b05266dfc3	I	8860881	R	60	0	11
ba0f64e1-3df5-4f72-a513-c8783b266ca5	I	8860881	R	60	0	171
965521e7-4270-4247-8e38-b3c17d771378	I	8860881	R	60	0	15
90bdfbf4-fe15-493c-9ec0-ebe25a76867a	I	8860878	R	60	1	143
192ac0ff-fba1-4d37-81cd-f357d15832d8	I	8860881	R	60	0	7
90bf50d4-7960-4737-b22b-fed651ffcd45	I	8860881	R	60	6	5
71b54735-3a88-4317-bba5-e401082d64bf	I	8860881	R	60	0	13
ab41518f-6c6f-4909-8754-f6352029b0d5	I	8860881	R	60	0	13
084a42a7-6775-4f3d-8717-df61fed642e8	I	8860881	R	60	0	128
168f175b-40b6-4582-953b-7f8d53fa8c3c	I	8860881	R	60	0	10
ac497165-ea12-4a20-82b1-3e1753b5a1ef	I	8860879	R	60	13	15
f9076f5e-723d-4a92-84d7-41be9996b9ac	I	8860881	R	60	0	10
20f203e9-91a1-4f03-8349-216420b0176c	I	8860881	R	60	0	144
8d78c18b-1390-4776-92ea-66fa05e68857	I	8860881	R	60	0	102
848d1b3c-770f-4dce-860a-b132fad8d925	I	8860881	R	60	0	12
b6456ec4-a55e-4434-bc7e-be9dc04896ca	I	8860878	R	60	1	196
ab7f23d5-4fec-442d-988f-05c5dacc9449	I	8860881	R	60	0	124
e7da299c-e99a-4cfc-b0ec-d1f372bf5460	I	8860881	R	60	0	197
9edb7b33-43c3-4233-b2fb-cbd47c110b59	I	8860881	R	60	0	14
b8ec2128-f2c1-46c9-8f4a-f378cadb8834	I	8860881	R	60	0	6
a8d91afe-47c1-467d-bc7b-ede972a36ae4	I	8860881	R	60	0	11
759b36cd-223e-448a-ba31-50d7b584291e	I	8860881	R	60	0	3
36cff56b-623a-474e-a2a0-b0e20ee5131c	I	8860881	R	60	0	5
7fd17326-47b5-4101-86f5-b1671af34638	I	8860881	R	60	0	131
ecbcd336-10b2-4309-b2aa-729040e6b5b4	I	8860881	R	60	0	75
9ef63810-1f50-4d89-97f3-b0e042a37833	I	8860880	R	60	9	107
6480659a-22c3-4d07-9aec-ab52c17cf3d3	I	8860881	R	60	0	12
ccbf29bc-3607-4aaf-a370-2c41e4cd84ff	I	8860881	R	60	0	6
ed69dd6d-10e3-4da9-b1ff-4eb2fae692c2	I	8860881	R	60	0	7
e5b191dc-f781-48ea-b23b-1e2961270d57	I	8860881	R	60	0	133
70917b85-43b7-45c9-a2cf-b33569d146fe	I	8860881	R	60	0	10
612896ae-0ec5-4102-b9f3-1bfe1b100925	I	8860881	R	60	0	5
5a5562c4-6cfa-4ef4-82ee-74527951c683	I	8860881	R	60	-6	70
5adaf84a-f418-429c-8423-fa0399520bbb	I	8860881	R	60	0	13
404b61e7-905e-4f22-b733-386472587a5e	I	8860881	R	60	0	35
ea307a83-2899-433e-8f43-465763376097	I	8860881	R	60	7	79
a3cb31a5-65cb-47a1-be16-4ba511e41222	I	8860881	R	60	0	82
dcfc9adc-3534-4794-a394-1b074a7c1c23	I	8860881	R	60	0	79
4651b322-a6f6-439d-8456-cccdd9e6069d	I	8860881	R	60	0	181
af4cc6ef-c939-494e-955c-62033ec5369c	I	8860881	R	60	0	169
abea3e42-d9e0-4944-8f4f-8512181b19dd	I	8860881	R	60	0	23
91e9aae6-da57-448c-9ecd-4242ca951f1b	I	8860881	R	60	0	18
9c6d697f-5809-47bc-bcde-2a7cccaed113	I	8860881	R	60	5	33
3ce04cc7-2e63-4d3d-be59-c113cc2e5006	I	8860881	R	60	8	16
1969145b-53b6-4145-bfe4-ffd3198ece9e	I	8860881	R	60	0	180
98d7c482-e215-46c7-9972-28f87bafd065	I	8860881	R	60	0	58
1c63fc78-6772-4b0e-bcb5-a9aa61b37829	I	8860881	R	60	0	58
cfd03848-48c3-475d-82de-ec0041f35e23	I	8860881	R	60	0	13
4eb83e2b-b09f-4103-90aa-b7f45c8b6a2b	I	8860881	R	60	0	14
dcc8723f-ea33-4ecb-96f5-8a089e83fab3	I	8860881	R	60	0	32
3873829a-4fc7-4f22-ac86-a48e415287ae	I	8860881	R	60	0	54
b6525e7c-2304-4906-b3eb-b1b1ce171cbe	I	8860881	R	60	0	13
3761ae35-3bf7-4917-b050-b438af456ef8	I	8860881	R	60	0	14
7f89a059-23fd-4405-8e7e-753acead8978	I	8860881	R	60	0	21
b66d97df-ffee-4fd7-be4c-d9e0e32e4327	I	8860881	R	60	0	97
737a5cc1-8118-43a0-a028-4e9982958ac1	I	8860857	R	60	3	107
44c06855-9bda-47ee-a33f-cca85173a684	I	8860881	R	60	0	21
c7a43813-0d6a-4366-bbc6-6eeddee3db28	I	8860881	R	60	0	156
cb2aec5b-62c4-4b3e-a363-014a0d8934c0	I	8860881	R	60	0	226
914d6fb3-de9a-4f5a-94be-f372a17905ea	I	8860881	R	60	19	26
98fec66b-c950-400a-9eec-efb41cb1e0f7	I	8860881	R	60	0	156
4ad949ad-ca2e-4a24-b5c8-43fe96e7c407	I	8860881	R	60	0	145
015eea29-f9ce-4b03-a4e9-c3f1b0c6db1d	I	8860881	R	60	0	24
30f31e0d-e2ec-43cb-919d-58505bca17f4	I	8860881	R	60	0	140
4a01bc3f-a328-413a-a0d9-f979fa245dcc	I	8860881	R	60	0	154
fa8db9e4-4285-4864-ac56-f0b356a049e1	I	8860881	R	60	0	53
60682430-64c1-4565-98c0-58352ebb2ced	I	8860881	R	60	0	5
9816d3d8-1812-47b4-8d2b-3e80e0ecb48a	I	8860881	R	60	0	23
1f305ca9-640f-48c0-8a45-740a8599b1d4	I	8860881	R	60	0	110
0580a039-31a8-4cec-8bc7-4170cb012b89	I	8860881	R	60	0	9
b803a9c2-a55f-473f-9a85-24213304733d	I	8860881	R	60	0	187
15104aad-03bc-4676-a238-59eeed9ff343	I	8860881	R	60	0	215
0b2d77b5-f493-4998-80b1-e856cb20ac20	I	8860881	R	60	0	11
f0da9107-7f75-458a-a7eb-235f37898070	I	8860881	R	60	0	27
114bca79-1808-465b-9ff1-0a9769c9b04c	I	8860881	R	60	0	83
7a1911b5-a6aa-4e3b-8e2d-2e6f503a6217	I	8860881	R	60	0	60
9b920676-13ad-4631-b735-f4a75597e991	I	8860881	R	60	0	107
3b45349c-5613-4d2b-8b68-a5904a7a136b	I	8860881	R	60	0	184
29ecf76f-7c16-4664-b01a-a6ce8263276c	I	8860881	R	60	0	209
7a0b0460-67b8-4190-9475-cff17005e002	I	8860881	R	60	0	14
398a8300-c355-41a7-8cd7-161d85feb33b	I	8860881	R	60	0	13
7a844e3c-6e20-4fcf-8b1b-dfea44fdc382	I	8860881	R	60	0	9
9f935b37-eff0-49cf-883b-c410664c7440	I	8860881	R	60	0	110
26f46188-a64d-4c89-9afd-d18ae73c06a0	I	8860881	R	60	0	232
5abeee55-4dd5-4e68-b2b3-60f3da55e69f	I	8860881	R	60	0	185
b544ee27-84df-4f9d-809f-e8029d5b1f12	I	8860881	R	60	0	12
495050df-bb7e-4822-b6e6-d52842536490	I	8860881	R	60	0	50
91cca710-22f8-413f-a1d6-b8b56d7abdc7	I	8860881	R	60	0	97
76a573ee-bdde-4521-894b-df2e00b9bebb	I	8860881	R	60	0	204
af0768ac-306e-4d04-a204-6b6c3d503046	I	8860881	R	60	0	213
4e8ebc99-f1c9-4869-8d2d-7832769987ee	I	8860881	R	60	0	143
eecd32b9-3f8f-4059-8f85-f23ed7495fc2	I	8860881	R	60	0	164
0476b447-653b-46b7-9f35-77f171bbd39b	I	8860881	R	60	4	18
791bc76e-eb15-4a8c-9be2-e69c62bfab96	I	8860881	R	60	0	148
897ea556-bb33-4dfc-ace2-b38b9d75676c	I	8860881	R	60	0	6
b0004517-0d52-4414-b746-24485cca535b	I	8860881	R	60	9	15
913f59df-6f47-4070-b9d5-480f79e290d4	I	8860881	R	60	0	104
7512d1bb-6ad3-4e31-86b5-60a8be10cce3	I	8860881	R	60	0	20
3d989efc-d049-4363-84d8-085f1ac1442a	I	8860881	R	60	0	152
a91b99c0-be96-4c75-b33d-c5e514f41a84	I	8860881	R	60	8	4
6406ed63-ffa2-41b2-803a-24cd3519397b	I	8860881	R	60	-6	91
0bbf1614-7db9-42d6-92d5-2260c857df78	I	8860881	R	60	0	173
70636f0c-de9a-4575-9ef7-c86af35c1c78	I	8860881	R	60	0	14
ad4e2e51-6761-478f-9eaa-1af56670fa3f	I	8860881	R	60	6	17
7aa81487-7db9-4240-a06a-d4c0d4382481	I	8860881	R	60	0	113
1d7bd291-73d6-49f7-ac95-ce3788aaaa11	I	8860881	R	60	0	202
66a8c97e-037f-4f73-bd59-4147546a252a	I	8860881	R	60	0	154
a2103b09-b8e1-465e-9e53-b804eaf69c08	I	8860881	R	60	0	13
ac3aee9a-03d8-4653-9649-d8f9f76407f3	I	8860881	R	60	0	137
0ccc6660-166a-4ad2-aae6-04f4cee9fc39	I	8860881	R	60	0	79
beeef705-5b99-4fbd-9042-0881205f5376	I	8860881	R	60	0	152
f07adb47-2643-4994-80a9-cfdad8a17627	I	8860881	R	60	0	121
1efad9a5-3348-4abc-8c41-48e9f56ed6e4	I	8860881	R	60	7	4
8e6537c1-5bfd-4e2a-a3b8-a09b1fcc8a68	I	8860881	R	60	0	169
2fbd9654-b080-4373-bdda-cc21595d66fb	I	8860881	R	60	0	23
15a2119e-c826-452d-8262-20b58d319243	I	8860881	R	60	0	28
3d08e38e-83bd-4238-89a9-d44e69e113dc	I	8860881	R	60	0	12
c26ef33f-106d-49b9-a9ab-2031ecba7cb5	I	8860881	R	60	0	16
7ca66497-ca55-44b3-b536-5d5ae35da505	I	8860881	R	60	0	203
b629b895-2c92-4634-b9ce-da9aebad6dd1	I	8860881	R	60	0	115
6a0f5237-7168-47af-9b66-eb840ef83540	I	8860881	R	60	7	116
8abb8f1b-72bf-471f-ac09-478c6df153cd	I	8860881	R	60	0	38
8285c7d3-45b0-4a29-b477-a7636c733849	I	8860877	R	60	4	84
aa8c71d4-897a-46e2-8252-c16dba3ebb36	I	8860881	R	60	0	132
e64c349f-0a88-4723-935f-cb6874ce1d7f	I	8860881	R	60	0	6
269423aa-bf66-401d-9950-9a87658b05be	I	8860881	R	60	0	11
c2ceab2a-7167-436a-9be8-40b001c785e3	I	8860881	R	60	0	79
5e2f1079-85fd-43eb-a470-fcb7471f4a7c	I	8860881	R	60	0	127
08db3e66-3bdd-47b0-9235-12093b657b6a	I	8860881	R	60	0	101
843248c4-6679-44a2-829a-cee2a136c664	I	8860881	R	60	0	11
0d32d20f-9e8a-494f-95c2-5e01df84f22d	I	8860858	R	60	25	63
3d76840e-ef1d-4b3b-82f0-a2a1a7089851	I	8860881	R	60	-6	115
b1c3e778-8175-4ddd-a71b-358db45d7d4d	I	8860881	R	60	0	185
44522d01-4184-46bb-a6c8-d56cc9b14f9f	I	8860881	R	60	0	181
89498443-9fda-4134-a96d-ecdb37638c12	I	8860881	R	60	0	170
657e76a1-42e1-427d-83bb-8ef2d8caa02a	I	8860881	R	60	9	11
910336ff-5616-4d83-ba9c-c30c7600c125	I	8890152	R	60	-6	1100
388c9c36-e8b8-4415-bf00-6df2334a3a57	I	8890145	R	60	-5	1516
059292da-c89b-4a07-b11b-b1069de00ff9	I	8890151	R	60	-5	1064
95c99808-0a7a-4503-9c2b-4a172240f0bc	I	8890150	R	60	-4	345
393568bf-3d2e-46e6-9281-e607577ebd36	I	8890152	R	60	-6	354
d87e0072-4060-4547-9d99-3ae8db6620ae	I	8890143	R	60	-3	3793
5f5b285e-ab5b-4fff-a8e8-2526e68a7cce	I	8890166	R	60	-6	239
f041ffa8-6554-4010-a315-123bb0c0d4b2	I	8890136	R	60	-2	792
ec908f51-ad5e-46a2-a6fa-1da5937f8884	I	8890152	R	60	-6	2901
d3cc21df-6cf1-4fe1-a126-622f38239f05	I	8890161	R	60	-1	1427
347c6e05-fc60-4248-8461-b2b832343d34	I	8890145	R	60	-5	334
b35bffe3-8d59-45f8-9f8c-116260459eb6	I	8890152	R	60	-6	450
e6923b8f-ea93-43f0-a099-f35f6cd9fb7a	I	8890149	R	60	-3	2030
33d69f27-4fce-42ab-8088-98a233746e03	I	8890151	R	60	-5	2328
b094226a-a057-4a77-966f-eca93de8683a	I	8890149	R	60	-3	804
c312801a-2268-4681-be42-1cfce7c3d2c8	I	8890149	R	60	-3	1600
6326de3d-37c4-4928-a511-95de3a4f689f	I	8890151	R	60	-5	84
e86e0735-7d98-472b-8fe9-ec784dd00ad7	I	8890151	R	60	-5	1756
a799aaea-2080-4343-a23e-92a02ea5237f	I	8890135	R	60	4	113
5d2066c3-8322-4053-b533-5a9587348324	I	8890106	R	60	10	81
5b24f981-75f7-46ed-b930-5763e8edda0f	I	8890136	R	60	-2	111
294badc1-a2dd-474a-82d9-8168fd64a3c1	I	8890106	R	1	-2	59
98bd4015-6313-490c-be39-35293089df44	I	8896702	R	13	-2	1108
b1804b37-b176-4727-b71a-29e03b335c15	I	8900146	R	1	6	168
af880fc1-491d-4e5c-8f13-db7dc1c926cf	I	8898409	R	1	4	678
fd840ced-4e23-431e-bbd9-2342a7af7449	I	8901204	R	1	-3	1084
fd840ced-4e23-431e-bbd9-2342a7af7449	I	8888401	L	1	-4834	2
21ed1456-e887-4b66-9415-67eebd922207	I	8901401	R	1	-2	619
ec35e3af-07b7-4ab0-b4fb-90907300b3c8	I	8901114	R	1	1	24
94b30609-cb16-4738-b580-d1465728d189	I	8916590	R	23	8	32
c9328aaf-5b30-4356-a56f-8af74f6d56ce	I	8916586	R	7	6	845
440d8636-d5d2-4b72-a489-b83b85fb6bda	I	8916590	R	7	-2	19
93887f46-5742-472a-bd80-d3335ca501d2	I	8916590	R	17	-2	330
209b725f-612b-4498-b62d-f58017e68c2c	I	8916590	R	2	-2	384
d316d370-3602-4f48-bbef-a38f2edce37e	I	8916590	R	1	-2	221
4a7fdf10-f47b-437a-8ce2-7bfbfb13ca3f	I	8916590	R	5	-2	143
89ddd2c3-7c7d-4fd0-b707-48413e4a522e	I	8916586	R	1	1	401
152e7322-3e10-4bc3-ad63-decd7b3d47e0	I	8916590	R	1	-2	78
abf23829-703d-4e03-8293-1c75406f784d	I	8916590	R	1	4	31
87bb668e-bd8f-4f9c-aa26-cd9c4040b865	I	8916590	R	1	-2	76
01bfb0d2-4949-4af5-967f-01f6b73fb18c	I	8916590	R	1	-2	21
ade011b5-e72a-4c7f-8e95-b43bd92036c6	I	8916588	R	1	-6	261
1cf78b4b-8a35-481c-ade5-c20de9c6b7e5	I	8916590	R	1	-2	119
fa655d23-660f-44d2-b927-650479641639	I	8916590	R	1	-1	16
bca5967f-e530-4169-ba6e-eae03abfa9dc	I	8916586	R	1	8	48
d5e3a5ba-af1f-4a74-928a-5352e9ac3f7a	I	8916588	R	1	-6	31
2df6ae4b-f4b6-438a-8cbf-c05268a42e0d	II	1	L	1	3	90
56f90b9a-0575-4a21-9c8d-cdf065ba3a09	II	1	L	1	3	5
1244defe-c023-43b1-a074-9a92721f2319	II	12615	R	9	2577	2
1244defe-c023-43b1-a074-9a92721f2319	II	1	L	9	3	485
642e05bb-5cc7-463c-9b71-8b1fff7c6517	II	12615	R	1	3853	4
642e05bb-5cc7-463c-9b71-8b1fff7c6517	II	1	L	1	3	133
eefcccd1-5fa0-431a-996e-0f36ccee3235	II	1	L	1	3	1417
28bafbc8-3d09-4958-9170-357b17bf3826	II	1	L	1	3	142
907026fa-3795-4b65-a584-7a76a16ebd99	II	1	L	1	3	607
2f376cbf-b3f7-4c73-b7e9-f2acff4bb513	II	1	L	1	3	106
28841b52-a539-4388-871f-509075509470	II	1	L	1	3	44
2550d8e3-f8e5-437d-951d-3142be9bf130	II	1	L	1	-2	208
f938edc9-a1ac-4491-b44a-3fb74d180eb5	II	1	L	23	3	148
9afc87ce-1e36-4e5f-baa6-6106c81be9ae	II	1	L	1	3	40
8a9b5db2-18c6-48d7-98b9-dfc5e04025cb	II	4	L	1	6	198
eecb6450-505c-4381-8493-5fd6bd318d5f	II	6	L	1	-23	27
b0a43c6f-3314-45ef-a644-e18896dd934f	II	10020	L	60	3	2991
caab90b6-44c9-4465-9b3d-67a4ac532d89	II	10020	L	60	3	1509
80798f6a-6d78-4cc5-a2bc-f59603f0bfad	II	10020	L	60	3	262
b5f7a128-323c-49a3-8044-4035c65ff043	II	10020	L	60	3	71
9cbc2d1f-8b82-45c0-b3db-1eeea2feff0e	II	10021	L	60	-5	2569
d1c2a07d-15d9-4ff7-8632-b0a2ecdcd315	II	10021	L	60	-6	431
d4e28138-735e-4b79-a005-df972070e3f8	II	10023	L	60	6	146
f445ab7f-7790-469b-bb9b-a5a15bb52091	II	10025	L	60	4	145
9cc14bef-4a69-4089-85f7-2256be167116	II	10025	L	60	4	308
42f74031-a9dd-4925-b0d5-810a0f7b04ef	II	10026	L	60	0	247
ca430f85-e20e-4ec3-a72f-e69eaf16efa1	II	10026	L	60	3	87
8b75794d-5246-4c73-bfe3-b31653daabc6	II	10047	L	60	6	167
2fd764ce-e73e-4ae0-82fd-4d20ea80df0b	II	10048	L	60	5	1137
00cea8d3-467c-49bd-86ba-8d3bd2a09d24	II	10049	L	60	4	1142
30bdbedd-9621-4b7a-bfa7-05b17d6d6d7d	II	10052	L	60	7	2827
50be3c6e-87d4-4ea3-b161-47dc7fdea655	II	10060	L	60	5	262
9a6dbaed-2f7b-45e9-b8a1-15264d2b0404	II	10070	L	60	7	34
80f91927-cfae-41c1-ab7d-36f8da48f56f	II	10086	L	60	-5	255
34d8123e-0dab-469a-965e-f2db7b37dc71	II	25176	L	60	-21	7
4eb44285-32f4-4ccc-9de7-75cab497b9da	II	25176	L	60	-4	7
af93f344-c5a6-4163-a108-069e58600b6d	II	25177	L	60	0	54
4c8829c6-f060-43de-9c8e-3b4113a74bcf	II	25177	L	60	0	53
14c9eaa3-9261-4329-a230-63bca49a74ce	II	25181	L	60	1	203
09299816-836b-438d-b662-45faa32f79a4	II	25181	L	60	1	140
ddf8ff28-f9d7-4146-b0bc-04b189ff862c	II	25181	L	60	1	141
0837f3d1-d837-4576-b90e-827d38e147bf	II	25181	L	60	1	172
439382d3-9946-4279-adc0-2ae80abb4364	II	25181	L	60	1	68
2774e564-17c7-4fbb-9f82-73be2445d41a	II	25181	L	60	1	147
b66f015a-4925-48c7-9844-df258a00b5dc	II	25181	L	60	1	79
0af2458a-e9a9-48bb-8393-d84ce6a3b396	II	25181	L	60	1	76
bc893475-58b7-4a5e-bbae-e3991132cd7a	II	25181	L	60	1	107
a376c436-7745-4025-8852-85181862743d	II	25181	L	60	1	115
4d8c35f2-ec85-4e1f-8134-fdccc734d966	II	25181	L	60	1	184
f0bc5819-266f-4ac0-b24e-0c34658cdff2	II	25181	L	60	1	98
80a23a6f-834c-4f31-af30-15f28f799409	II	25181	L	60	1	170
0eb027cd-8053-4376-8287-f42c5c40e0ec	II	25181	L	60	1	71
7594e4dd-f3d1-40bd-88ad-9d2ef781c9ea	II	25181	L	60	1	191
506bdd73-7c21-49d2-9644-e4969eb096f5	II	25181	L	60	1	246
3326de4a-a9a5-425c-b07f-4a2f8636cfee	II	25181	L	60	1	215
4dcba383-9464-4ed2-ba19-078850a3fb6e	II	25181	L	60	1	186
cd5b8ae4-9091-434e-9101-917f766e84ba	II	25181	L	60	1	116
22aa71d6-5d19-4995-88c3-dff818ffab11	II	25181	L	60	1	78
d8374015-8906-4186-ab8e-ef284faf8cec	II	25181	L	60	1	172
515cfab9-f934-4900-b635-6ae0a6242041	II	25181	L	60	1	81
2468cd4f-3512-4f8e-9f59-3bf2e2453c9a	II	25181	L	60	1	63
09db2a9d-186d-406d-ab6e-bc536fb48943	II	25181	L	60	1	234
bc710f5b-cef8-4eaf-826a-772383454c79	II	25181	L	60	1	206
88094c45-d2a1-40d9-a96d-c901c080e455	II	25181	L	60	1	163
44a715d8-b091-4d6a-9104-bd7cd1bf98c6	II	25181	L	60	1	109
6e6d6eed-dbc6-4fb4-9da4-e3a1f8f5de23	II	25181	L	60	1	25
04ccfc8a-91d4-48e0-b635-1cf6c1c24ad3	II	25181	L	60	1	185
675adff8-48ee-4dcd-bd9f-da4651b99e96	II	25181	L	60	-7	146
1c7ef395-ddc0-4bbf-88ea-53ee2815413c	II	25181	L	60	1	190
eaf16106-a7ef-47e3-be84-ebbf666a987a	II	25181	L	60	1	85
15958f68-fa0a-4958-bde3-b3fe7d7811b8	II	25181	L	60	1	154
568471a0-3aca-442b-b285-67ee818949a5	II	25181	L	60	-6	117
754b3040-1080-480b-8d5d-2c165187d497	II	25181	L	60	1	92
31ea3c7f-c478-4dd9-845a-31dd2ceaf0a3	II	25181	L	60	1	130
e0427f18-d3dc-45b4-8ae0-21200adff4d0	II	25181	L	60	1	81
f5677afb-c48b-4acc-b0ba-0091b7eee236	II	25181	L	60	7	68
28a9cc66-8c13-424a-9d37-9ddb13cf4562	II	25181	L	60	1	184
98f4d709-e05d-49aa-a2ae-cc7835776578	II	25181	L	60	1	90
b3c4bc92-2f66-4c5c-bda8-0e984aaf5cdc	II	25181	L	60	-3	45
7ebd8d19-c7a2-491a-8aad-063336c39343	II	25181	L	60	1	107
660b5931-5b91-4a2e-9743-e2b2eb39b1b9	II	25181	L	60	1	39
e41eb8ee-7696-4c8a-b8b6-d6905d6faa61	II	25181	L	60	1	154
31d308d6-f2e8-4b8c-bcab-60808248f4c9	II	25181	L	60	1	62
620fad0d-3866-4721-b633-152a9f73f71c	II	25181	L	60	1	159
9e314ac8-7e07-4109-b094-8b2dacffbbf7	II	25181	L	60	1	123
3917a30a-612e-4f23-8e90-6e26d5ccde69	II	25181	L	60	1	93
be0a1565-9e51-4b40-b479-bd5e1a86b435	II	25181	L	60	1	45
8a33a4ac-84be-428c-be14-d44f2f15bae5	II	25181	L	60	1	79
dace5e0a-424c-41d6-8036-62e614a54e02	II	25181	L	60	1	34
71b9a050-2b3e-4900-a3e7-181b270ed240	II	25181	L	60	1	111
8a136061-1108-461e-a308-1f228aad8583	II	25181	L	60	1	76
10d9a5ef-91f7-41c1-a9ce-7c68639090d1	II	25181	L	60	1	184
e2fd37fe-1da4-4723-aef7-ce019dd83e06	II	25181	L	60	1	116
26f6c1d3-966c-4a0d-871a-d14f60922016	II	25181	L	60	1	155
47a50577-b012-4f30-b6db-602cb76037c3	II	25181	L	60	7	69
1b8af2a2-128e-4250-9c1d-71c3b915946c	II	25181	L	60	-6	70
59238115-5bdb-47c4-8a84-b026804d7365	II	25181	L	60	1	194
f024b1e3-a5a2-4f99-afea-d3cc4f0826ad	II	25181	L	60	1	111
c50a72e9-c0ac-4c35-a284-a19edbab967b	II	25181	L	60	1	205
db69af73-5b7a-440e-b8cc-5e99a47230b1	II	25181	L	60	1	171
705d02f9-5fbd-4c3e-9032-8aab2584703b	II	25181	L	60	1	90
9dabce26-ea10-43d4-8269-fb7d8cb3c9a8	II	25181	L	60	1	65
25fe939a-c166-4213-aed9-58f63cd79df7	II	25181	L	60	1	128
3a8dbaa9-e704-4f00-9a5b-1d67b3d5ba9f	II	25181	L	60	1	36
82ac4533-a993-4a8d-a04d-d462e5f1c7e2	II	25181	L	60	1	102
5d4cd151-2271-4b30-85d0-73fdd62c0a4a	II	25181	L	60	1	114
4093fa4d-7ee5-4ea5-91fd-b9ae19e807c8	II	25181	L	60	1	194
3c05b2c6-a7e5-4bfe-80c7-de05a71e00d1	II	25181	L	60	1	133
d8dd2d32-6d5e-451d-a395-8c85df8b0379	II	25181	L	60	1	109
cf005dfa-7ec7-4b5f-8882-a435639c9c22	II	25181	L	60	1	116
811fd940-c781-4b72-a713-a9f5c5ee34c6	II	25181	L	60	1	196
a3180b48-4313-4adb-a97a-782f9ff65b75	II	25181	L	60	1	142
3ca195e4-4b59-4b14-88e8-52a3dd890ada	II	25181	L	60	1	112
1e20b2c1-46d9-4659-9da3-58146cea25d9	II	25181	L	60	1	69
0c01acd7-b405-44cb-912d-6928b866e4db	II	25181	L	60	1	141
860be5ba-8546-49e5-bedb-f0f62addfe45	II	25181	L	60	1	175
64dce7fd-cd31-4ee2-95c6-0256d51f0233	II	25181	L	60	1	121
42108d16-0f55-43cf-9276-ce84972d6733	II	25181	L	60	1	100
dafe2774-dc45-43ea-9d89-53e26b52eea8	II	25181	L	60	1	100
744c81e8-45e4-4872-846c-b2ff34fbc3c2	II	25181	L	60	1	24
d9771c1f-1de1-412b-b5f4-6fbc368d1841	II	25181	L	60	1	42
35f5e688-3ad2-40e0-a927-cb3649e2869c	II	25181	L	60	1	29
dcf0e095-353f-4503-a0bb-2404d29593e3	II	25181	L	60	1	9
35d32331-ebc3-4ebb-8012-6a4ea33e9051	II	25181	L	60	1	66
8622517e-a78c-4de3-b388-b43ac6c58b0a	II	25181	L	60	1	21
862bce33-dd6c-45c7-96f8-e45cabda522d	II	25181	L	60	-5	13
4fbbf769-e31e-4489-8864-aa101cb1b789	II	25181	L	60	1	21
f601d4e1-c2d0-4e8d-81c2-e36f4a1dacda	II	25181	L	60	1	50
783670d1-0c6d-4028-a1eb-66ed380ff8bc	II	25181	L	60	1	10
35f5649a-7421-423d-8685-2aa1d8ded047	II	25181	L	60	1	5
d9d02b84-ae7b-4559-95d0-7e66201ae7d1	II	25181	L	60	1	16
e094d7bf-ca2a-4460-bb0c-e34f2a620fcc	II	25181	L	60	1	21
f602429c-db0f-4d0d-9e7f-f64c1017558d	II	25181	L	60	1	4
0258dac2-a080-4542-a7ce-81eec17db934	II	25181	L	60	-6	20
51a4c9d8-1877-4a9a-9417-b36135d44854	II	25181	L	60	1	15
666aeef2-5e5c-4fab-9a3c-0bc88c69ebdf	II	25181	L	60	1	28
d1e7e4d6-6bd8-4c7e-a4dd-ecfe7a211b70	II	25181	L	60	1	19
612f754b-5d31-4a61-b5bc-b33aca92a233	II	25181	L	60	1	13
6266f980-3d63-4f51-9d5d-942be4593564	II	25181	L	60	1	18
35450d61-a7c8-4a4f-afa4-e27a73eda2ee	II	25181	L	60	1	23
f7159fb4-b8eb-41f7-88bd-2b321251ba3e	II	25181	L	60	1	15
cbfa8f29-1ea9-47c7-b054-fe5b3e211977	II	25181	L	60	1	16
dad587bf-359a-4d44-89c7-8317fde47f83	II	25181	L	60	1	17
eb128457-f8b5-4cd2-a266-40a79ae3b8f7	II	25181	L	60	1	25
1981dc8b-b93f-461e-9c7e-27f6f142d88b	II	25181	L	60	-7	11
a3210724-40f1-44ab-bed3-64f5bbc182d1	II	25181	L	60	1	134
23287a51-dc68-41fa-a755-694745b2b153	II	25181	L	60	1	8
c18d5239-a47d-45d7-8598-b823d4109877	II	25181	L	60	1	8
cccf1eed-d160-404a-a225-f31b259466c7	II	25181	L	60	1	89
8b8188e7-04b5-4744-894c-f08ef7b82a33	II	25181	L	60	1	7
cff69a72-59ea-482d-a4fb-5e075eaf9f9e	II	25181	L	60	1	20
0251a94d-1648-42da-b9f4-a795d6282bcd	II	25181	L	60	1	14
502d82c2-3bc3-4ab4-ba4e-d00f7715aac2	II	25181	L	60	1	9
db5e9f79-8c7c-40e5-aa1d-2df42e21baf6	II	25181	L	60	1	11
bea05025-7593-470f-a954-b69b75bec909	II	25181	L	60	1	17
e05f39a3-d7c5-4895-b750-4d1c5e6ed4f1	II	25181	L	60	1	207
5a55b87f-d290-4017-9d61-07dfed4ed194	II	25181	L	60	1	15
2c7532e2-ebad-4596-ae5c-a54321cc2529	II	25181	L	60	1	19
8835d187-ead7-49f4-a70f-90f6efe933b8	II	25181	L	60	-5	4
b7071b5b-e198-4ce1-9dc0-c2c379269893	II	25181	L	60	1	16
4aebaca2-03a5-4288-8685-e5a50a82746e	II	25181	L	60	1	15
fa316eaf-54c7-449a-aec7-5d1272e1f3b4	II	25181	L	60	1	21
239800ba-322d-4432-bedb-e5d4908473da	II	25181	L	60	1	13
8d893265-caef-41a0-9dd3-49c1bc17f9a3	II	25181	L	60	1	11
4d7dc200-c5a6-409e-b565-e075cabc8c5b	II	25181	L	60	-8	148
aefc199a-656d-45b8-b4eb-4e4b5cc0978e	II	25181	L	60	1	20
3b397386-6ebd-443d-8a6a-9c3baada5913	II	25181	L	60	1	68
6442277f-9c42-47a2-a409-f776667ab881	II	25181	L	60	1	26
a5e135f0-99db-48ee-b695-3b6ccf9fbf75	II	25181	L	60	1	83
52563aec-9504-441b-95ec-a515472db091	II	25181	L	60	-5	20
79b0cd15-28eb-44e0-9e51-74f82f236547	II	25181	L	60	1	23
fabf2055-47ad-423b-a695-1ea33b7f5c53	II	25181	L	60	1	20
17b048df-71b9-438f-9b72-a8a6cc6cd895	II	25181	L	60	1	11
9bbe6582-812b-456d-a7a9-e16f9a662351	II	25181	L	60	-12	61
92548b8a-189c-416c-a042-f18133c194d1	II	25181	L	60	1	17
a497a674-3fef-4fbd-a874-b93786c8c265	II	25181	L	60	1	11
db5a58b9-de71-4604-82e8-3f876484cc69	II	25181	L	60	1	104
ed0d3de4-7364-451a-a0da-744393db2160	II	25181	L	60	-8	153
9f42a4de-0a67-4887-a319-ee4b59dc3a40	II	25181	L	60	-8	16
b449243d-2af0-4810-be7b-1e3ea50fc51b	II	25181	L	60	1	84
c6e9b3d0-9c46-4127-8b58-271aed093dcd	II	25181	L	60	1	70
724cdaa9-c7e8-41cc-8625-1f8591a02a5b	II	25181	L	60	1	112
8df4cc32-4153-405d-8372-080eb95d945b	II	25181	L	60	1	28
7bede3c0-5e0c-469b-92d4-e2665442289c	II	25181	L	60	1	13
9cab0483-1dfb-42b3-a24e-f32d07931268	II	25181	L	60	1	24
34070d4a-fc8f-4972-b0da-b8baf6f0b877	II	25181	L	60	-5	14
dfa93421-a18f-4b38-9af0-e18656c10a1d	II	25181	L	60	1	26
91df200f-d9a8-4a3e-8e0e-7aa2c4d48752	II	25181	L	60	1	18
76dc0e3f-4466-49f5-a3a8-bee11be02201	II	25181	L	60	1	96
f220e46e-a5a1-49dc-9032-c4137fdb2fd6	II	25181	L	60	1	253
4d29e400-8572-4be1-b326-93ba4274f31b	II	25181	L	60	1	161
fef75c50-ea65-4594-b7e4-bbaac9c98922	II	25181	L	60	1	30
2ffae157-6d70-42d4-b01b-09dd230de2ab	II	25181	L	60	1	22
68a4e66a-561c-4e80-b6a6-499d92070985	II	25181	L	60	1	14
f32bf626-8377-4ba8-b0ca-2a6e42beebb5	II	25181	L	60	1	15
953dbabd-e2af-44f5-b472-bdfbd3fa950e	II	25181	L	60	1	63
12595ad8-2bfa-42ff-ba5e-202e6df93398	II	25182	L	60	-9	14
5962f763-3a10-4ced-8a25-e14b263f3f37	II	25182	L	60	-8	22
5ded5002-293e-492f-85b4-f33422804a7f	II	25184	L	60	-17	13
b061e2e2-7258-4872-af7e-ea77b4de7bfb	II	25184	L	60	-4	16
12f1ef81-da02-4653-a940-b664fea87a37	II	25184	L	60	-9	4
8fc19b74-3c7b-4767-b3e7-a1fb556d3569	II	25184	L	60	-1	4
176e9c72-2a39-412b-9547-bdb156e8c91c	II	25184	L	60	-14	8
4078e434-b914-4004-9097-e103230b4b34	II	25184	L	60	-1	34
d32ed999-21e9-43f9-a5cf-89a463a94326	II	25184	L	60	-6	48
8dceddcf-30de-488b-9c29-b84549af0ca2	II	25184	L	60	-16	10
d61414fe-c9a8-40f3-8ed2-00724b7078a4	II	25185	L	60	-1	58
fe95d73d-b27f-45eb-8436-6e3a76c096d4	II	25186	L	60	-3	96
2fed1fb6-ee50-43b2-97b0-bb0d5a927334	II	25186	L	60	1	22
88bff93b-22eb-468c-bfc3-06992f5d2e25	II	25188	L	60	-4	60
7c4f874d-35ef-4d4d-bd74-5e1935bc650d	II	25188	L	60	-18	23
ce514d8f-4b95-4d58-99cf-d5ff44aa1ce8	II	25188	L	60	-4	5
140858f6-7515-4ed9-a5fb-fcf6c92d0dcf	II	25188	L	60	-5	2
d64f3aa2-c73e-4400-8d53-4ade996edf6e	II	25188	L	60	-4	65
4d93f0dc-e343-4bc5-b60d-cb5c7101c78a	II	25188	L	60	-4	99
d4f89358-5ca1-41a1-9103-a36fc479161c	II	25191	L	60	-10	55
84eba524-9d25-4d61-9d21-76d46305bf74	II	25191	L	60	-19	100
6e00e627-b860-44ff-a43b-fd8cb044b628	II	25192	L	60	-11	43
2d51894d-f16a-45f0-ad0b-9e884b08028a	II	25206	L	60	3	48
b7458844-0fab-4b5e-8e54-e95ce2e144a7	II	1721154	L	60	-2607	2
6c818e56-3eaa-4531-8b96-2bd10da87202	II	5546140	R	60	12255	2
d45784e2-52cc-491e-b0ea-076eb1a34c1f	II	8999761	R	60	0	19
c844e749-cb31-49a1-8220-d81cd4d8ff7e	II	8999761	R	60	0	123
37cceb4b-9e40-456e-b715-e7b058e72c03	II	8999761	R	60	0	119
88e50488-a7d5-4bb6-bdf8-c9e70f49e922	II	8999761	R	60	0	141
2dcef1bb-3bb7-44ba-a363-0186a49c6c81	II	8999761	R	60	0	58
9672c328-bd5c-4cde-a9ba-c3f6677651f1	II	8999761	R	60	0	9
63ebb29a-2487-4044-a4b1-c558307826e5	II	8999761	R	60	0	4
c8153348-887b-4a79-a452-15df5f0ea7b7	II	8999761	R	60	0	6
fe642fab-35d4-447e-8e00-4d9c8c544455	II	8999761	R	60	0	186
2b8c5df7-5ac8-42d7-b255-774c6e6dbcd0	II	8999761	R	60	0	74
927a5184-5558-411b-9544-5565af93d2b9	II	8999761	R	60	0	121
7cf09bc7-562a-450c-af48-0c9f2860c453	II	8999757	R	60	3	70
23e13fbe-197c-4146-a110-285174296302	II	8999761	R	60	0	9
4e47f08e-2a0b-42fb-9efd-1897169dfba2	II	8999755	R	60	-6	78
3cd892eb-262f-4440-a080-d41c721cd7cc	II	8999761	R	60	0	4
863b0943-4d48-4874-b449-fa0b4db32e51	II	8999761	R	60	0	124
5e4b65da-75b4-445e-a9bb-cc53b25c0a23	II	8999761	R	60	0	20
7b0edc4b-2783-48bf-9bcd-aa18fd82f3ef	II	8999761	R	60	11	7
c3e65e10-173a-45a3-b74f-323d23574e4c	II	8999761	R	60	0	13
e720598d-5fe4-4b43-b561-55e4ebee0c22	II	8999761	R	60	0	149
02c198f7-f387-43d9-91a3-b103a46f5f65	II	8999761	R	60	0	10
b213ea65-3b20-4e92-80e0-e248eef710c8	II	8999761	R	60	0	118
a9989ec1-8135-41ed-b784-7530107b4e93	II	8999761	R	60	0	5
5191d4f2-0e32-43a1-b9b3-16ae6e6f3133	II	8999761	R	60	0	86
3d8038c7-52ad-48e5-94fb-1938ac004895	II	8999761	R	60	0	224
53ffa7df-2c02-4f1d-908a-6f8ba727e8cc	II	8999761	R	60	9	132
beb24a6b-57e8-4f29-afab-ab24254b0f33	II	8999753	R	60	4	135
6a87aa39-566a-48dc-b54b-9dd4d37cf35e	II	8999761	R	60	0	177
f896cc90-ef26-4659-aa55-4388fe32adb4	II	8999761	R	60	0	7
f7dd2c34-20a4-48a7-bad6-3755089d8afd	II	8999761	R	60	0	62
2f421e69-baa5-41fd-b8db-d016101a985a	II	8999761	R	60	0	150
269090e0-e71a-4e8e-a46f-1193c0ba9c70	II	8999761	R	60	0	95
214ab4e2-9de1-4f8a-a10c-44c64078b123	II	8999761	R	60	0	112
90b2541e-a73c-4ba7-86f8-cb0c7036e943	II	8999761	R	60	0	181
adff415e-42f6-4ce3-82a9-377e56faab6f	II	8999761	R	60	0	21
de79f788-96a6-4e04-82e8-68347a35e8bf	II	8999761	R	60	0	8
f4a958b8-a744-41f1-97fe-3e24ba32b575	II	8999761	R	60	0	182
bbd26105-b95e-48d7-944c-39a3248f77cb	II	8999761	R	60	0	9
47a0ecbe-3212-4e23-8a60-f7b4d18fcde6	II	8999761	R	60	0	80
b01143cd-f7e5-4955-b036-9d9b0b09a6e3	II	8999761	R	60	0	14
8a981871-0384-407c-af4e-4eb02f86f7ba	II	8999761	R	60	0	7
b1715d8d-5125-4e2b-83ae-aab30a011e31	II	8999761	R	60	0	140
12f2387f-929b-4c70-b90f-a85d39f62b5d	II	8999761	R	60	0	17
9fbd6beb-bcd3-4120-a612-1f0bd28abfac	II	8999761	R	60	0	215
acd8eeb4-93a3-4eb6-821a-57109ca45aa8	II	8999761	R	60	21	7
11255add-f3f0-42a0-8173-17fecf700ae2	II	8999761	R	60	0	13
988bbebe-b638-4fe3-9893-5d0e3402ce58	II	8999761	R	60	0	34
e64bd45b-f2c8-4fa9-a813-57e5ee4c9a5e	II	8999749	R	60	5	2
bf6f7355-2b6f-4acf-94c9-76750fda1d72	II	8999761	R	60	0	3
8fe1cf80-07e8-4564-9eaa-5346a2987cfd	II	8999761	R	60	0	8
ff564982-9d90-4bd3-a18f-ba734cc48ef5	II	8999761	R	60	0	27
270070e3-a954-4c08-8017-164ca8a6f40a	II	8999761	R	60	0	15
9191135b-b023-4c57-b403-aced7671d833	II	8999761	R	60	0	6
26a6a48d-dfbe-4ec7-90bd-1dd99f54db34	II	8999761	R	60	0	171
e9c45e24-db1a-42ae-b389-c89928a56f8c	II	8999761	R	60	0	109
6d5b9006-4289-4111-80a5-084d590978e6	II	8999760	R	60	8	20
8f2c085f-6f5a-4ff7-81f4-0c735abb203b	II	8999761	R	60	0	187
a0c5c45a-86d6-4441-88c2-c591e4530102	II	8999761	R	60	0	122
268c5070-edce-47bf-b602-5671864c9c78	II	8999761	R	60	8	16
db9c98b5-874d-4f43-a0fb-02a8b8f67590	II	8999761	R	60	7	79
c423f999-7dee-47cb-8582-713bbee48702	II	8999761	R	60	0	129
c2e4227c-3db0-47f3-93a4-51b41151f761	II	8999761	R	60	0	156
60701bd7-9d95-4498-bfbe-5e8751094b58	II	8999761	R	60	0	4
4f1e5f38-6b67-45f2-88d2-94cd6b1e2cba	II	8999761	R	60	0	16
6d5e37c2-bce2-418e-91fe-ad2249106912	II	8999749	R	60	8	90
a2da687c-5eaa-4637-a28a-c224af6441a9	II	8999761	R	60	0	17
ae09ef05-1e75-442c-936a-5580747bd2eb	II	8999761	R	60	0	204
82d8ed5e-7bed-4b5e-a050-39ed285b7b76	II	8999761	R	60	0	152
e2360aab-a706-452a-a1d6-06f527902762	II	8999761	R	60	0	92
6de5a432-a07a-41dc-ac14-d681db04af15	II	8999761	R	60	0	155
8fa6a410-508f-4900-a018-e6bd6fc667c8	II	8999761	R	60	0	12
fcb2f80b-36e1-4663-a13d-4716ccfaa6fc	II	8999761	R	60	18	6
ba358cda-a3d0-47b4-bde9-a3b5a6a4085f	II	8999761	R	60	0	12
5f033db3-aec8-4b96-970f-11067646fcc3	II	8999761	R	60	0	109
80a71413-9dad-41b2-b6b4-5381f0ffc47a	II	8999761	R	60	0	18
7b88519a-3095-4892-8c7e-7f8f49a45332	II	8999761	R	60	0	110
88afd2f4-a460-4e02-9245-70fbc91291b8	II	8999760	R	60	14	13
98ed5a3e-e676-435c-8e01-480decad9ddf	II	8999761	R	60	0	113
927d20b2-b50c-4a60-9e37-d970b7b04bbb	II	8999761	R	60	0	141
f3fbfb79-3aae-4145-8cf4-9f756b565fc1	II	8999761	R	60	13	47
6aea117e-041b-4036-a893-c62ad656f52a	II	8999761	R	60	0	92
0224184e-8b2a-4f1e-929d-23a493225f07	II	8999690	R	60	-2	66
811657b2-1f57-45d0-986d-0d6ae10dee6b	II	8999761	R	60	0	98
36f4f3f4-1f39-4716-ba1d-3c019c1e16c1	II	8999761	R	60	13	4
9401008f-f6ff-4394-baf2-b6948129b6e2	II	8999761	R	60	0	188
c010e6ad-17e8-42d6-8665-8ffc4757b10e	II	8999761	R	60	0	9
65553971-a65a-415d-a2ed-4cb8f1a9d058	II	8999761	R	60	0	119
dd480e86-f53a-41ec-a7c5-ad0c014dbc93	II	8999761	R	60	0	14
6cf2730c-e726-4943-bfae-9e30c95ac363	II	8999761	R	60	0	15
afa01558-44fc-48b3-b349-5ba847379786	II	8999761	R	60	0	137
2529f137-3787-45f7-b891-cc0a28d2198b	II	8999761	R	60	0	183
ccdedbdd-99fb-4971-87ed-449a3caf8523	II	8999761	R	60	9	50
c8040196-46a2-451b-9b30-f383135137fc	II	8999761	R	60	0	119
00f1dce4-d430-4ed6-b9e3-a04ca8b9123e	II	8999761	R	60	0	97
0e9487bb-d1d9-4084-91f4-9b76a9369c1a	II	8999761	R	60	0	188
57eb0405-8394-4d5c-a599-7a92f2d0bc7c	II	8999761	R	60	0	93
217511ba-b7f5-431d-a556-0651bde52782	II	8999761	R	60	0	108
dd0aa837-cc93-4063-965e-71992e15e0e3	II	8999761	R	60	0	139
9de72414-2bff-420f-ad14-a60d4edeca05	II	8999761	R	60	0	2
2239e9cf-a5ac-41e8-af33-9911e4c410f0	II	8999761	R	60	0	7
d9926abc-25a1-4119-b2a3-df2eab7db3f3	II	8999761	R	60	0	161
d08b7a5e-3581-4212-af6b-b163ad1c304d	II	8999761	R	60	0	93
a90d697c-f15b-4310-9a0a-edc7803f4320	II	8999761	R	60	0	205
f04ee3d8-576f-4d3d-96fe-2364b44ee47b	II	8999761	R	60	0	177
612b2d2e-0b80-4b4d-9b55-368cb532561d	II	8999761	R	60	0	9
a699df56-aeae-40c5-a343-002cbd462f89	II	8999761	R	60	0	152
922eab96-f3ce-4955-afad-497f68ee2b67	II	8999761	R	60	0	4
683a0697-cc6a-4876-993f-5488e5a4ff38	II	8999761	R	60	0	112
62647d2c-35f1-4547-8015-49c0318832e9	II	8999761	R	60	0	164
ddf162e0-4ba7-442a-b816-7fac373a3d4d	II	8999759	R	60	7	41
a8d76599-9ef4-411c-a532-be72ff746809	II	8999761	R	60	0	125
fb89db1f-f890-4dca-bbdc-51d229d41ed0	II	8999761	R	60	0	123
8d88119d-44d6-4cf1-adf4-02b7c312f20b	II	8999761	R	60	0	31
fa94f406-3655-48ef-8b37-dc74341a691f	II	8999761	R	60	0	85
244dec15-7ff5-4d89-a78b-767ea07a9cf9	II	8999761	R	60	0	151
8ec7cf74-6d6e-42e7-be7d-15b4e8394663	II	8999761	R	60	0	46
5a4c8694-41db-424b-9b52-bebf305eeb5b	II	8999761	R	60	0	159
7008b936-bbac-4f79-94ba-6109d47be8e5	II	8999761	R	60	0	140
48c069e3-a817-460b-93ba-eb378ef3edd9	II	8999761	R	60	0	219
89dbdc59-6558-454b-b7dc-685db4186656	II	8999761	R	60	0	8
70727f06-1f28-4449-af62-fc1cf9e444c4	II	8999761	R	60	0	164
a4719a42-4845-4cf9-a7f7-92f5a50bb564	II	8999761	R	60	0	167
0135f6aa-bced-4366-9c70-05e4786b19af	II	8999761	R	60	0	117
ee59ea3f-dfb9-4e3b-a626-f335b40b2c42	II	8999761	R	60	0	92
f636468b-7a7b-4605-9e6b-30210d7ddc09	II	8999761	R	60	0	10
ae0b9c4f-751d-498b-bdfb-ecc227cdd426	II	8999761	R	60	0	5
2b0ed6f6-855a-4c08-9064-475b7623652e	II	8999761	R	60	0	59
37736183-a7da-4f05-b326-7d39669580cf	II	8999761	R	60	0	159
0047e24e-43c3-4447-9f30-1418908cde23	II	8999761	R	60	22	3
49cae69a-1c56-47c0-8cf4-2b34b868ef7d	II	9015720	R	60	-5	497
3771fc96-3d8f-44f5-adb1-04723225b34b	II	9015583	R	60	-6	928
3b8e75e9-dcaa-4c9f-80ce-09642c654f85	II	8999761	R	60	0	94
1ccbc30f-e26e-4597-b417-27f652b510a9	II	8999761	R	60	0	2
8450c6a1-0007-4eb6-96eb-803600daec7a	II	8999761	R	60	5	63
65a47e4e-9c56-407f-9c35-6afcc51f03f5	II	8999761	R	60	0	16
04b2be5d-9025-46a4-81b5-d9ce9dbdd0d5	II	8999755	R	60	-6	67
f6fda0f6-d9c2-4bff-a478-6fe73d62aea1	II	8999757	R	60	21	53
89e8d66a-2f7f-43ca-9853-c468624ded51	II	8999757	R	60	3	47
566341b3-0154-4b4c-8642-0e71d4995f1b	II	8999761	R	60	0	147
e623c26e-667b-4cae-969e-c7e188d9f85e	II	8999761	R	60	0	161
a58440d2-94f4-4e95-9617-d491a1c4847e	II	8999761	R	60	0	75
ca56dec3-1b41-4e46-b2df-1bf44901b4a0	II	8999759	R	60	5	71
88524305-014f-49a0-834b-52bb735a7490	II	8999761	R	60	12	9
17454f08-9add-447a-9f8f-6c7964f6f60a	II	8999747	R	60	8	44
d96bc9c7-34fd-4651-ba23-66fd96c3b542	II	8999761	R	60	7	16
746c748b-35fc-4bea-91de-ce8392485053	II	8999761	R	60	0	68
97845282-e5d4-4373-971f-06e3a34796a5	II	8999757	R	60	12	39
0ab32e1d-92f3-4c63-b628-5a48962b7ecd	II	8999761	R	60	8	107
642156dc-094c-49a5-b2e6-7003c393272f	II	8999761	R	60	0	75
476b14aa-f907-4426-a223-b303c9ea112b	II	8999761	R	60	0	82
58366263-a2ef-4bae-9c0e-5fe9589bdc69	II	8999761	R	60	0	157
8b6dc89e-580b-4c99-b258-06afe9eec525	II	8999761	R	60	0	8
feda231d-42f8-4c2f-8334-c7e146215b33	II	8999761	R	60	0	88
8c2fef2e-9d7e-4f70-9192-4c2f8ad25bc7	II	8999761	R	60	0	138
bc7435ec-04a8-4e53-859f-ae69b9e468fc	II	8999761	R	60	0	69
5db11e65-8d62-4bfe-ad4e-4530cc77922f	II	8999761	R	60	0	12
c0da2baa-5813-4dd3-a1f4-90b3168a1ad3	II	9015579	R	60	7	713
d0140d5d-7d79-4a00-b498-b51dc11dec3f	II	8999761	R	60	0	84
9a85ab2b-b131-43c7-8a52-a2fb57510d1d	II	8999761	R	60	0	117
833b9872-9222-4098-87c4-d6e0a59844e2	II	9015720	R	60	-5	810
b5f514c9-5b61-4cfa-a8eb-7b30f790bb92	II	9015563	R	60	-4	627
400e5d9f-a671-49b8-aa8a-d26405d37c4f	II	9015720	R	60	-5	762
151d8b07-7992-437e-99c7-85c7635c2b09	II	9015572	R	60	-1	183
e3e21328-320e-42e8-aa99-a0d92cb46030	II	9015579	R	60	-2	1779
2f2ad2eb-7d3d-4966-a8d0-0da5b6652246	II	9015566	R	60	-1	202
e280ca12-e47a-4da2-8d6d-650bc38cfee4	II	9015509	R	1	17	128
88da8e4e-b35a-4f3a-940c-f0353e198b50	II	9014595	L	11	-1165	5
99314767-eb11-4e54-af15-48807e88e36b	II	9029975	R	1	-3	562
8d9c0c9a-d1fc-4485-8cc5-e7fe8cdfbf16	II	9026281	R	1	3	366
a5c684f2-311d-4368-bcc0-11fc552da747	II	9029975	R	1	-3	245
e47c3dfa-6776-4aad-a4b8-7861233d0352	II	9028713	R	1	-6	597
1131ae62-9210-4ce0-a069-e2545d82c4aa	II	9028081	R	1	-2	246
22cc8237-ab67-45c6-94f8-d483413023f7	II	9026854	R	1	-5	232
da9164b6-d806-4bcc-9f90-575a6333866d	II	9027279	R	1	-5	303
4a601e0e-4369-416a-a225-a2e71f3d5135	II	9028708	R	1	-1	1026
07c38aa3-f878-4e27-8530-0bb0f4fc3daf	II	9028216	R	1	-2	106
7210ef1d-7fef-42bf-a59f-5ba33570da03	II	9029975	R	1	-3	126
1ccc4a91-7f8b-4d66-9116-8ba2d394597f	II	9029975	R	28	2	183
1ccc4a91-7f8b-4d66-9116-8ba2d394597f	II	9018700	L	28	-2696	5
1f5ccf2e-515b-4423-aaf6-416875003ed2	II	9029975	R	1	-3	763
e3344bd7-54ef-4348-8d08-fad9a47689e7	II	9029975	R	21	-3	1146
c1d4a8b0-cb8c-43d2-b8b7-bfe7e280d63e	II	9029975	R	7	-3	304
2c07cd8b-11ab-41e2-aba4-48a5ccc8bc44	II	9029957	R	1	-3	345
f62d9a2e-8a46-47e6-8bb8-6f22119f21dd	II	9029634	R	4	-5	1351
17da306c-ebe8-4cab-b278-025b8c347dc7	II	9029975	R	1	-3	544
291fe4d5-bd45-4c2c-835a-8c7bfccf6183	II	9029974	R	1	2	1285
d524658d-d7d3-43c1-b988-5cd2ffc4f478	II	9029975	R	1	-3	403
44702c66-1b03-4be2-a00a-7cde7c28a20e	II	9029975	R	1	-3	183
65e1de1d-54e4-455f-9e28-50d0636a336e	II	9029974	R	1	1	126
8edcabb6-f03e-4f58-bc12-63557d52e4dc	II	9029975	R	20	5	1079
e734b067-7d43-43b7-8caf-d88bea9ad106	II	9029975	R	1	2	51
11c63733-e8ce-4e66-8b10-2891c38f626a	II	9029974	R	52	-1	1021
ec10b63a-9817-459f-a4ca-f26f91d626ce	II	9019967	L	8	-5892	2
93269306-4cb8-4c03-9d09-9f2ff627c3eb	II	9029975	R	5	-3	91
79eec47d-132a-4ca1-a044-bc051f127751	II	9029968	R	1	11	136
292950d8-d06d-48da-a7f9-e25b8ddcbfc6	II	9029975	R	1	-3	23
32d112b3-52f8-40ce-9ff0-e1435726e68e	II	9029973	R	1	4	80
2aa70e1c-0da0-4d98-9b41-373d42866377	III	1	L	1	6	91
fc64a3fe-28f3-41bb-b1db-cecbe5c66de6	III	1	L	1	6	263
5d43658f-08df-419b-b4cf-b0c1f8e5074f	III	1	L	11	6	646
3816353d-ad3e-4cf9-99ef-e6acd5fac8aa	III	1269	L	1	5	687
a8e1e432-f721-4771-99b2-d66cf6e43834	III	6372	L	1	-10	67
68640c03-3701-437e-9990-37eb356e41b8	III	6767	L	60	3	707
dc3a32e7-564b-414e-b7f8-7d250f2ae89d	III	6767	L	60	-2	923
8adf4524-7e40-4cc3-8cff-6edb586b1ad4	III	6767	L	60	3	933
aa3ab4ab-674b-45c3-83ab-ade0d9d520c6	III	6767	L	60	3	1094
edae310b-b1e0-4ea2-b600-71e2b600fcce	III	6767	L	60	3	923
047504c3-4ae9-4ac5-a6ff-5bdacf9ecf26	III	6975	L	60	5	601
9eef499a-5e41-48ad-a942-ea63a0a14388	III	6975	L	60	5	984
87ba470f-506a-4ed8-b6b0-fcf0173e0a5f	III	6977	L	60	3	49
b3433bbc-f7dd-4c26-a63b-b100caa1e843	III	6979	L	60	7	162
f3336066-d8c8-4359-8aac-e79c356d726f	III	6979	L	60	1	352
2dc3da4d-3a51-4d2c-9270-1d38c89933a8	III	6980	L	60	6	445
267218fc-e748-4594-9f28-0f0965dc1611	III	6985	L	60	7	597
e14bb0f5-fa47-4d4f-832b-9e86289c3775	III	7011	L	1	5	19
db2efb40-482b-4cd5-8c44-ffe2db5e1d20	III	7235	L	60	-13	348
ec65e9af-0f91-4bfa-b417-98d9afed6e35	III	7272	L	60	-4	327
f0762106-9405-402c-be17-46488a6b91d5	III	7327	L	60	7	84
640ab4da-47e7-4c78-962a-5d22820d8d4b	III	16295	L	60	0	915
81fe5bc5-9d66-44dc-b375-1e9dba1f5548	III	16295	L	60	0	23
9fc6f44e-318c-47f9-91d2-c9c2951b540b	III	16295	L	60	-4	15
c9130cbb-3354-42b4-bb7e-33e0d3f15569	III	16299	L	60	1	90
5f688fd2-4dac-4192-92d9-a6e5e2ff8813	III	16299	L	60	1	189
86282bd9-4a0d-47ba-832d-282e3a6226cb	III	16299	L	60	1	230
bdb29c63-f22e-47c7-b2f3-ff5dbd2db376	III	16299	L	60	1	92
86c20b88-7037-4dee-afa6-c9e72dc4b503	III	16299	L	60	1	64
91fdde84-b042-44b9-868d-60e334f4b5e5	III	16299	L	60	1	560
0aea4d96-adac-4cbd-a166-777f096083f4	III	16299	L	60	1	157
8a26da4a-ed43-4a69-8414-7f530eb24184	III	16299	L	60	1	121
e5347849-a3e0-490b-ba7d-d17158dbc51d	III	16299	L	60	1	222
f0309ba6-f142-4de5-87d2-b562be3d4fb6	III	16299	L	60	1	150
ef88efd1-1e67-4087-bd2b-e5e4f274e772	III	16299	L	60	1	164
c40cd370-6e34-40ec-925a-7029d789fbdb	III	16299	L	60	1	162
969a8723-d4df-4963-96c1-65e49095d112	III	16299	L	60	1	159
1008051b-de4c-4eb1-99f2-373587469475	III	16299	L	60	1	94
d9faa25a-00fb-4264-b46a-f95949c1b3f3	III	16299	L	60	1	137
105e64bc-260c-4c45-98b2-276ba9dfdea6	III	16299	L	60	1	130
52d93177-d39d-44d2-92d0-6c5bbc9343f0	III	16299	L	60	1	183
f7ad253a-b87c-453a-a753-6369ee1cc756	III	16299	L	60	1	85
ba7af52d-caa0-4125-a694-ec4af96b185c	III	16299	L	60	1	121
9cecc35a-d9ab-43a2-839f-83044e99e4ce	III	16299	L	60	1	101
90136533-b373-4269-8689-f79314daf9c1	III	16299	L	60	1	179
d035ffae-ec22-49e5-9f67-17821230efed	III	16299	L	60	1	136
903ee2e7-2093-4030-8d0f-0c649c9b4177	III	16299	L	60	1	168
191e02ab-59e6-4f41-b4c9-dcb9420d3af8	III	16299	L	60	1	132
f7b5ca5a-be48-458a-ba68-ccb9942c8b99	III	16299	L	60	1	189
bb26e792-bcba-493a-8f9a-260667906e5e	III	16299	L	60	-6	94
822e683a-b350-4a34-94c5-dc3ba549adb3	III	16299	L	60	-6	116
b429c88a-0b03-42b9-884e-890da8accf19	III	16299	L	60	1	134
3c0a44fe-b5f0-48da-8004-31884b57cafb	III	16299	L	60	1	154
2b9349b8-110b-4712-97ed-fc43c3e18bd2	III	16299	L	60	1	128
da47ebf0-655c-4200-8716-5cc8fc250fb2	III	16299	L	60	1	114
ddb5fcb5-3b4b-4d3a-adc2-183348ee318e	III	16299	L	60	1	161
18563b3a-ff33-4cb6-9352-217f75202b8a	III	16299	L	60	1	130
b092bede-0ed6-437c-93a2-a6e6c058a9ad	III	16299	L	60	1	123
42ed50bc-0f49-4788-a02f-0a9b91c12b26	III	16299	L	60	1	130
44f61388-e7da-4439-8492-7b4524609723	III	16299	L	60	1	116
05257823-dca8-47f3-b038-fb5beae417c4	III	16299	L	60	1	136
fe32226c-00fa-477f-9402-edb7f3fb6f55	III	16299	L	60	1	137
f95f4efa-316f-4084-9b7a-5867a2fef523	III	16299	L	60	1	190
27f42e81-c7fc-4002-8b70-8a15a722f2fe	III	16299	L	60	1	112
a0cb7abd-aaec-4481-8cf1-ba351a472bb0	III	16299	L	60	1	67
b81f9daa-aef8-4c25-b76d-2a91cd04e720	III	16299	L	60	1	47
0499b5bb-47f4-410e-bacb-bb4997ff0983	III	16299	L	60	1	141
3f9378c7-bd3d-4b4f-917b-190fac212c41	III	16299	L	60	1	111
7ec22bf8-8604-4802-abfa-d34c97fb2ff2	III	16299	L	60	1	138
a32a0be0-7f03-4fff-a3f8-9e3d806ddbbf	III	16299	L	60	-5	92
1bf7e3ea-49a2-4d8c-a9ed-28ef33f6974e	III	16299	L	60	-6	3
5eb37ba9-ec9c-4f07-a91f-2e37a4c2fcd1	III	16299	L	60	1	101
a5a48fee-49c7-432e-9b79-57fb80192815	III	16299	L	60	1	166
604ee44c-c4f2-49aa-8c49-42ec737cb7e5	III	16299	L	60	7	48
e207a3d9-6b56-4b3a-8db3-fe629e1936a4	III	16299	L	60	1	181
cdf0dfbb-1f4c-46d6-9067-6fa76197eff9	III	16299	L	60	1	185
61ea1a28-cb08-4e26-bb28-a67aa8e4630a	III	16299	L	60	1	192
abdc897e-8542-4412-acb4-b5bf4667dfe6	III	16299	L	60	1	206
9cebcf8e-7c7e-405f-b8ac-0cd1c74b2a67	III	16299	L	60	1	185
dc12cd70-cd56-4d66-ba3a-13cde6445057	III	16299	L	60	1	102
07900aa4-5fc5-4479-bc89-8e69dcb81f57	III	16299	L	60	1	89
6f324d65-d7cf-44ba-89aa-613b061e9caa	III	16299	L	60	1	160
7730ed43-8cdc-44d3-a878-c2c508be9f5f	III	16299	L	60	1	49
afb094c4-135e-4d63-93ab-653a57fb9951	III	16299	L	60	1	78
04f3d4f3-8aee-419c-bf83-1c3902774be9	III	16299	L	60	1	133
a607a5e7-b768-4003-a8bb-cbeed8ed1775	III	16299	L	60	1	141
14738cfe-4bed-4ae0-8e86-7e4b07d0b924	III	16299	L	60	1	115
7f38ff98-af0e-4266-a0d0-6cfc6285b087	III	16299	L	60	7	71
ed784cba-d58b-4703-98c9-fefa40a5b5ad	III	16299	L	60	1	134
ba4600f3-72c7-4abe-93d5-ceb35640d73b	III	16299	L	60	-6	78
5df89388-cd41-424e-b1ea-1075293d1e09	III	16299	L	60	1	187
2b4e6582-0b9b-4125-8caf-a2d66f94db12	III	16299	L	60	1	176
51f2de66-3aa7-4ef0-980c-39b1e283442c	III	16299	L	60	1	99
d9d0dd0b-17a4-4ac7-8b25-401984ba0f50	III	16299	L	60	1	112
b9cb8f90-0188-4252-a28a-f6930a8ee997	III	16299	L	60	1	127
96510ebc-c9ae-42dc-8df9-e2325add8a2f	III	16299	L	60	1	205
7aa11305-4081-4b74-9afc-68a2a1dbbcdf	III	16299	L	60	1	124
6b6a2423-5855-4567-8264-9fdb8132d606	III	16299	L	60	1	118
03af9ea7-879f-40ef-9b05-ced88733e221	III	16299	L	60	1	85
83199c25-856f-4a47-a92e-210ba2dcdfd0	III	16299	L	60	7	78
671f5fde-5375-48fb-8450-c5e16645a395	III	16299	L	60	1	148
1634f9aa-e1e8-4570-a96e-e2048a066444	III	16299	L	60	1	194
5884959e-c5e2-4a6d-86e6-4bc19124b9b9	III	16299	L	60	1	116
4868da55-bdd7-444c-97f2-3df29d0c4fae	III	16299	L	60	1	264
eec23e91-ad13-4a19-9fa4-9a448bf6cf90	III	16299	L	60	1	37
8d7b907f-9c52-43ce-b044-cc32e5fc1897	III	16299	L	60	1	209
24ac9bb5-9ff2-4a57-b0db-fe72abf5046e	III	16299	L	60	1	16
1f5b2a2f-57d5-45e1-b748-db8f21a2163e	III	16299	L	60	1	3
d4238089-eb5e-493f-9c06-ce75dc7fbbd1	III	16299	L	60	1	9
9663c7b2-0c57-40b2-bca9-105c4463d03d	III	16299	L	60	1	28
efa5866d-c187-439f-bbb5-144f4f499613	III	16299	L	60	1	12
a5a087c9-c502-4125-b8bf-7bd663b63a20	III	16299	L	60	-7	27
3ab8fc9a-f3ab-4328-9785-5d37311a34ad	III	16299	L	60	1	12
377bfcb8-09b1-4fe5-9979-bde08eaa4d33	III	16299	L	60	-7	10
b8f1b921-87be-4103-94a1-6ec43e42801f	III	16299	L	60	1	7
64449077-aadd-4547-9c68-828eb22db49a	III	16299	L	60	1	9
c9686d95-eaf2-4703-81f6-3c9e923f9f16	III	16299	L	60	1	15
725b932f-1dd2-49c6-9bc3-abe37bab93e8	III	16299	L	60	1	17
69e71caa-9f7c-48ac-b609-20b439457ad1	III	16299	L	60	1	11
635a25dc-3836-4269-a06d-1ac5f6abd595	III	16299	L	60	1	10
22ca4144-58d9-4d73-8c07-f0f1cdc1b3ef	III	16299	L	60	1	7
fbe1dbcb-1875-430c-b985-d6b90d0c58b6	III	16299	L	60	1	16
7203abb2-3906-4e78-8418-ead1e61eb492	III	16299	L	60	1	13
b560624c-b69a-4436-a29e-410dd8a3b643	III	16299	L	60	-7	18
d51d2603-56fd-4c80-8081-7cee5ee3dd06	III	16299	L	60	1	16
2af862ed-8c01-42db-9707-672987165c7d	III	16299	L	60	1	6
ef037bbc-b643-4f0c-921e-b7ba98b39c35	III	16299	L	60	1	16
d47e8615-1b9c-4e7e-9bfa-44d7c69efb69	III	16299	L	60	1	9
12c36364-19a5-474c-b8b9-ba510fc45e77	III	16299	L	60	-11	17
ca3b4b56-0cdb-4e95-a063-9ee6383b2394	III	16299	L	60	1	6
2ae30ce3-f387-495a-95a7-fabfb529b4bf	III	16299	L	60	1	17
c0750cce-a212-4686-b70d-a48ae0ff2c44	III	16299	L	60	1	15
b354a328-77ed-43ed-971a-6f44e7ad7dc7	III	16299	L	60	1	8
3e723350-0cdf-4385-adfb-c790607d0bc1	III	16299	L	60	1	10
2f6c0c62-5c83-47b2-b616-976750e5959c	III	16299	L	60	-5	5
f8427947-c712-463d-bb69-a54d09b392a5	III	16299	L	60	1	5
24f6bf4e-679b-4c03-8e98-3448cb168862	III	16299	L	60	1	220
2c4c75a9-f302-4296-a4bd-142f6f4568af	III	16299	L	60	1	12
488b1c20-62da-4d78-91d3-45b57bdc48c0	III	16299	L	60	1	8
df0c59b2-d6a6-41ed-bba1-3cc4001aa1f1	III	16299	L	60	1	12
d0b7ab4f-e9ad-4045-8213-69ea1b63ab1a	III	16299	L	60	-6	11
7250d8e7-2319-4bbb-9c21-d2da4ff0d5de	III	16299	L	60	1	10
76a42bfb-ee49-4124-9a68-6ddc15be9b35	III	16299	L	60	1	38
9c627e0f-f007-4ef4-a5de-919516d14208	III	16299	L	60	1	26
cf138b59-8bef-4651-93ba-afee732368d5	III	16299	L	60	1	14
a942d025-c901-4e30-b0c7-637911268bf6	III	16299	L	60	1	21
9fd1378d-848a-4dd0-bba8-074d107eef74	III	16299	L	60	-7	2
3526a361-4d0d-4d7d-9c4a-af23191682fa	III	16299	L	60	1	19
58cba6aa-007b-469e-bebc-c3f9b3466c3c	III	16299	L	60	1	18
88f57c84-860f-4748-b658-38e3755b9e70	III	16299	L	60	1	19
c9acfd73-b298-4394-8ffb-39ffde75e2ad	III	16299	L	60	1	12
a81cac59-1537-4102-9f66-1253a8557527	III	16299	L	60	-11	15
b1093fcf-f2a2-45a5-9dd3-1929bd7445fa	III	16299	L	60	1	13
a6d2d35b-bae7-4819-9c69-9286ab0e454d	III	16299	L	60	1	33
fb58e69c-95af-4116-bbfd-067755888cda	III	16299	L	60	-12	14
847b78b4-cfad-4a4c-bca2-6e3284e5bcbf	III	16299	L	60	1	12
ad57ddaf-a9a2-4f5a-a92d-8cb9da071d8e	III	16299	L	60	1	6
f8bbc122-9b06-4958-86d6-679c335c9f4e	III	16299	L	60	1	4
6c86a5ed-565e-41c9-b1a2-9fed8afc918f	III	16299	L	60	1	48
d5eb3ec1-bd0f-498a-9a19-d8ba7009a28a	III	16299	L	60	-13	8
a71d7d96-f65f-479f-bfd2-2bc636a4a050	III	16299	L	60	-5	2
42c425ae-268a-4918-ab75-31f23475a99f	III	16299	L	60	1	8
e2a61e5b-8cef-4e4a-b8fe-8f0926bd321f	III	16299	L	60	1	9
51141031-3b1b-4894-9b2f-8438484f97ec	III	16299	L	60	1	6
2995b1a4-6a08-488b-aaa9-a9103055a134	III	16299	L	60	1	11
82eeb274-4256-455c-92ec-824f72dc121e	III	16299	L	60	-7	12
43961298-0048-4b83-ae6f-3e438772e932	III	16299	L	60	1	23
cb0587de-466e-4179-a979-deb498d47246	III	16299	L	60	1	222
3b414f41-a41e-4d93-b071-da5f8bb3a712	III	16299	L	60	-10	13
b1688b58-bbe6-43e5-a66f-959f18888afd	III	16299	L	60	1	16
19dc2e11-a8f8-455f-8e2a-957ae101463f	III	16299	L	60	1	87
08847983-530b-4a71-b237-426e7e18f96d	III	16299	L	60	1	178
9e4d15e1-c4f7-4ddd-b7af-9cf96b8de73c	III	16299	L	60	1	140
5d5b7edf-f580-487a-9898-6f9a9e39ac28	III	16299	L	60	1	26
45c134b4-abfe-4d70-9a73-71bc3a06fadf	III	16299	L	60	1	180
dede3939-63bf-4d7d-b7aa-c56e8b3c0f62	III	16299	L	60	1	19
0a7ed4f7-5359-4eb6-939a-80567aa0c495	III	16299	L	60	1	141
6a754f9e-f936-45f2-a00d-bf9e21fd9fce	III	16299	L	60	1	14
84b3ad58-727a-48d4-b1c9-f65dcce30533	III	16301	L	60	-2	38
e4229ecb-797f-45d7-ad5a-0600042dbf5c	III	16301	L	60	-2	26
493c8f40-6cf0-40c8-8da2-0d68d3b491d1	III	16303	L	60	-5	107
6fed14e9-0899-4f80-8c3a-91e16924c444	III	16303	L	60	-1	141
54c4e7ef-c1b6-436e-9a46-3c7db0136a7b	III	16306	L	60	-3	27
01bee713-cb70-4ea7-a5fa-6326800221b2	III	16309	L	60	-7	53
196bdf8e-1f55-43ce-982e-c78511ee0dfc	III	16316	L	60	2	65
a1b047eb-e4e1-4d39-98af-e6b2d8b5c1c1	III	16358	L	60	-15	81
daa4e2c1-e49d-4ce7-8f06-244757b2dcbb	III	9596330	R	60	-6	120
e09ecec5-df02-43b7-b89a-75b07f88b414	III	9596329	R	60	2	88
3294e02e-2815-4c95-9f0e-2b2c8412be11	III	9596330	R	60	-6	13
04b73983-eadc-4661-9870-e5a48f356d85	III	9596330	R	60	0	18
6f8ac3f8-8bbd-4089-b071-8517b5d14c4a	III	9596330	R	60	-6	146
b02b5379-b6c2-494f-a9ff-6e54e2b11397	III	9596330	R	60	-6	209
8e5004d4-22f5-4d5a-8414-58dd571f2295	III	9596330	R	60	-6	165
bed7a6c4-34e5-4523-a979-ca9f3cf5c5cc	III	9596330	R	60	-6	20
6911d187-097c-4473-a822-f07176eef929	III	9596330	R	60	-6	12
3ec1ecc6-8543-4809-bf47-3f76022dc55e	III	9596326	R	60	15	9
ca02c8d0-1f39-4a65-822f-80c91e811f71	III	9596330	R	60	-6	10
aca2684e-89f9-4838-819d-5cb8b5342560	III	9596330	R	60	-6	161
53e3a3cb-9e55-4b1e-8b2e-4e9c78d7feb9	III	9596330	R	60	-6	209
c94cf4ba-e132-4cad-8f47-3436bea0026a	III	9596330	R	60	-6	189
10b0af52-7000-476d-a10c-bd8ad1a0831c	III	9596330	R	60	-6	86
ee0a8831-33de-40f7-a6ce-42ff81f11fa4	III	9596320	R	60	-1	85
541c2a2f-9287-4ca0-92c8-16ab1fb483e2	III	9596330	R	60	-6	4
4e6402ef-3192-4734-9201-da8700042cac	III	9596330	R	60	-6	128
5fa4dd83-8c62-4a2c-8553-450337982ebb	III	9596330	R	60	-6	132
0d27e5e9-3570-445f-8cd1-05ee9bb06d60	III	9596330	R	60	-6	116
f9ef233c-3dea-4ffe-af4b-0e413dcd308f	III	9596330	R	60	-6	14
2b89d8e3-38a6-4fa7-8707-2102b6447008	III	9596329	R	60	13	7
fe551470-2854-473a-a687-b9fd8d1b1562	III	9596330	R	60	-6	179
c13dc0a6-563e-48d3-b636-efab4643bac3	III	9596330	R	60	-6	235
62ba1dbe-5648-4698-a446-4b59dff3ccbd	III	9596330	R	60	-6	12
f2ac811f-59e4-4653-91a8-7a298dc2224c	III	9596330	R	60	-6	129
14dfa873-c0a8-4384-8957-e2172d94eede	III	9596330	R	60	0	146
38b6eed4-2e82-43ac-aa4c-27b477596ded	III	9596330	R	60	-6	15
257b188a-6f14-4a33-b0ba-867f75357955	III	9596330	R	60	-6	235
9baf98c1-be1b-4310-96f0-44279c90c05f	III	9596330	R	60	-6	199
d9401b65-1e96-44a2-8dad-d1950eb5526c	III	9596330	R	60	-6	175
76f64eed-dd41-458a-b708-0164075d323d	III	9596330	R	60	-6	7
62bc103e-6e2a-415b-84fc-c72758c446c4	III	9596327	R	60	3	9
4123ec57-02c3-4f48-9380-aeb67f0ae84c	III	9596330	R	60	-6	124
9667f5fd-0174-4f48-aedb-6b970a4e2267	III	9596326	R	60	6	9
f0feaa58-9966-4bd3-bb95-a04e42d94e41	III	9596330	R	60	-6	6
0a696c95-6bf0-46ca-9e45-39a4e0acf9b6	III	9596330	R	60	-6	19
8d570130-ad69-4bc7-847c-8c07fc4e028b	III	9596330	R	60	-6	24
86f4fd07-2dcc-4fc6-940c-0ae843dd79b1	III	9596330	R	60	-6	15
f52480f9-c4cd-4c49-a0fc-17b846f52ca5	III	9596330	R	60	-6	118
76924f0e-e1fa-44ef-be0f-66df563d233e	III	9596330	R	60	-6	158
52e9ab25-821a-42cf-b19b-22853680b568	III	9596326	R	60	6	10
8941f2ac-4764-4278-a4c5-a39c384684be	III	9596330	R	60	-6	10
97289164-38a4-43ee-b306-3a8f42d4aea6	III	9596330	R	60	-6	12
8ea9d6c7-6c3b-435b-a43c-b775cce4921e	III	9596330	R	60	-6	129
96170549-f313-429e-8289-7ee130a97e53	III	9596330	R	60	-6	11
559b5bae-8faa-4461-a05d-71900c46ccd3	III	9596330	R	60	-6	10
b5eceeab-74b3-4cd7-a32d-a8cc7ba80fa1	III	9596330	R	60	-6	64
ceec9e88-c4d9-4df6-8f52-bbc56fdbce58	III	9596330	R	60	-6	8
662349e4-c7cd-4772-b83e-76549553a40b	III	9596330	R	60	-6	159
6b0551f2-2a63-461d-94f8-23dc5374a469	III	9596330	R	60	-6	11
35a2b5cb-8d1f-4158-8341-e97d2430f104	III	9596330	R	60	-6	19
bf4a3eff-a0dd-429f-8276-a74d147eb945	III	9596330	R	60	-6	215
fe11f1b1-69be-4a2f-bebd-922a331b967e	III	9596330	R	60	-6	10
b3dc86b6-a2fd-44c6-ba9f-d60d340950ca	III	9596330	R	60	-6	7
b6fd0455-409e-43b3-86e5-203d13531445	III	9596330	R	60	-6	16
0e6e90bc-b184-456e-bcdd-0734f49619fd	III	9596330	R	60	-6	20
4e3c1709-d2ea-4c56-be43-1dba65601c4a	III	9596330	R	60	0	18
c71ada3e-7215-4694-9a27-3d3ef9b9b2bc	III	9596330	R	60	-6	12
98abe8db-2c54-47a1-a4cb-b80ba6b10fc4	III	9596330	R	60	-6	12
53d5acf0-cb45-4635-80b1-2187e24f6214	III	9596330	R	60	-6	58
ff1ac818-0987-4e49-896f-8bc9c3a4095f	III	9596213	R	60	1	118
454c4a53-8374-4b64-8801-4f2baf441eb7	III	9596330	R	60	-6	12
13a335d9-65da-4c43-86c3-d973eb2afb64	III	9596330	R	60	-6	164
7d9802cd-00da-4118-bcf0-465f1cccd883	III	9596330	R	60	-6	177
df902bbe-1071-4737-bab2-5f03ec0874a3	III	9596327	R	60	8	109
af96349e-e8c8-4eb0-a484-4751a9d43a60	III	9596330	R	60	-6	43
1fd8c3f5-f778-4afe-b8e3-39c35a69c5bc	III	9596330	R	60	-6	8
4ae2df1b-0047-4ce0-abea-445e1a9c5bda	III	9596330	R	60	-6	11
a719e283-b500-4ccd-ac29-08eda1864abe	III	9596330	R	60	-6	8
1955be88-1f9d-4fdc-bdfd-c83bcf48f1be	III	9596330	R	60	-6	141
9cf0f4eb-fd08-47bd-aa2c-8e3be9aecc75	III	9596330	R	60	-6	257
52f70cce-7f65-44ad-a4ab-fb3017eb9c7a	III	9596330	R	60	-6	32
71a6e158-32ce-4745-a828-9ac37bd2acdc	III	9596330	R	60	-6	271
6e482c00-9b6e-4319-b364-d5378a444fc7	III	9596330	R	60	-6	17
11c7d467-b6a2-4541-947f-d6a0a9504d41	III	9596329	R	60	2	105
3cda5c4a-ba0e-4bf4-8ac5-64a72338ad6e	III	9596330	R	60	-6	171
a2fe1b9a-21c9-4699-ac88-320812df6763	III	9596330	R	60	-6	168
b9c84593-b3de-4c1c-b75e-dd71deffb9f3	III	9596329	R	60	3	3
d112173f-068a-4dbd-b3bc-10e501d1a458	III	9596330	R	60	-6	258
7654cbb5-d734-49ae-8f26-21de8255d252	III	9596330	R	60	-6	9
3a4a1870-c358-4513-9fa7-8f3dcb2e849a	III	9596330	R	60	-6	187
1704cd1f-05ed-4874-915e-5d5d1190eb22	III	9596330	R	60	-6	15
279cee07-9c18-4bf2-98ed-d319b7982d5f	III	9596330	R	60	-6	145
f518c0cb-5e60-46b0-b9fb-e8935705ef41	III	9596330	R	60	-6	107
4a4a3a31-9a19-40d9-9f4a-0701f27e9180	III	9596330	R	60	-6	245
aa2e9ac4-176a-478c-8462-55b1091c7ee1	III	9596330	R	60	-6	110
b8ac517e-abe8-4ee7-a8b4-2c1f7cd5cae7	III	9596330	R	60	-6	30
1c919f14-5b59-420f-9383-b0a0efc8cde9	III	9596330	R	60	-6	7
6fbeec5f-877d-4fb9-bc96-12fbc40a0943	III	9596330	R	60	-6	136
209e90bd-228d-4f42-8c10-06a2f9c2f03b	III	9596330	R	60	-6	267
d0dd3a2b-ee23-4701-9249-f8ee24511a03	III	9596330	R	60	-6	208
851115c7-755c-4bc7-9552-1ba142625193	III	9596330	R	60	-6	124
f9395bac-4ffa-42cb-9793-959687e00adf	III	9596330	R	60	-6	115
ac24f504-28aa-430d-916c-9b5477f26177	III	9596330	R	60	-6	14
c450e12f-3ed1-4dec-9335-1dc5b0d1eefa	III	9596330	R	60	-6	24
75837b9c-0a1d-4702-acc4-f653820d6498	III	9596326	R	60	12	35
4aaf08a8-a286-4a80-b9b7-69714ae1606a	III	9596330	R	60	0	229
3965f407-5c64-4d20-ad8c-71b327595c0e	III	9596330	R	60	-6	113
eb169aec-c81c-4988-8971-247e73671b6e	III	9596330	R	60	-6	237
f349c818-d959-4559-9732-fb559dc575d7	III	9596330	R	60	-6	12
dc5cd300-d979-4810-981a-e46a80768400	III	9596283	R	60	3	81
1e9b8b52-3bdd-493b-91d5-3b7ef4cca8d9	III	9596330	R	60	-6	143
95e96042-8735-4bde-843a-6806eca54e7d	III	9596330	R	60	-6	157
2421a44c-4d3c-40a3-8f5e-8add17050dd9	III	9596330	R	60	0	22
3a9f33db-c737-4954-a3e3-f05a775de182	III	9596330	R	60	-6	69
22ae524b-e63e-461b-95ed-f4199c582e08	III	9596329	R	60	2	101
aaeae8fb-f2bc-43e8-838f-0b687690ecd4	III	9596330	R	60	-6	157
e0bcca5b-5df8-4d6f-9883-cb7c9adb9c4f	III	9596330	R	60	-6	138
8c6e72ea-0fa0-48a3-bcc8-a4eb6ce90965	III	9596330	R	60	-6	267
e6f28f9e-5870-4a98-8ef1-a6dc86c88f6d	III	9596330	R	60	-6	189
2b3eec96-b2e2-40a2-bf7d-780f5e5958b5	III	9596330	R	60	-6	215
d8607dab-5318-4117-9df3-ff4f46cbbb5c	III	9596259	R	60	0	84
779c0ea6-bd11-4bcc-97a5-d4b19fccc7a3	III	9596330	R	60	-6	111
68a711ca-b27c-4a25-ac33-db1f4f4fb0f0	III	9596330	R	60	-6	153
be81a54f-0d06-44f6-81fd-7cf3bc626dbc	III	9596330	R	60	-6	228
6f674428-de14-4d28-9adb-69f305a3fe66	III	9596330	R	60	-6	193
df17424a-57cf-4c51-bee8-e78d3d1f0be2	III	9596330	R	60	-6	118
bc061721-ea50-42a1-b0c4-8233310ab3a5	III	9596330	R	60	-6	151
263762ea-d4d6-46dd-8894-37e9f09b0e76	III	9596330	R	60	-6	193
1d92f194-59f0-4c77-bd7a-89c29c9d6e09	III	9596330	R	60	-6	54
e58b4ef4-a155-4415-b490-d7ec300f7a87	III	9596330	R	60	-6	138
fcf52e0e-37c3-4bd3-a102-bb364adc40ee	III	9596330	R	60	-6	166
100beb86-3056-4b1b-bbd3-4fe5ec60bbbd	III	9596330	R	60	-6	161
28d70a0a-7fde-4c18-b257-6f2d02a95dac	III	9596330	R	60	-6	193
903e0e41-5feb-4e34-874f-afc96fd9d1bb	III	9596330	R	60	-6	12
4a317bbc-20e3-484e-9754-d0f882025cf9	III	9596330	R	60	-6	333
8cd5c30b-e790-469e-bcc4-1b9db75522c2	III	9596330	R	60	-6	185
bf4e41cf-ec46-4d6d-951d-4a5c9a29cfbe	III	9596330	R	60	-6	129
eeb35e2a-93a3-483b-8de4-4ee4df52e8da	III	9596329	R	60	3	139
88f2e6d2-5a81-400c-a8d5-b8769b8dea39	III	9596330	R	60	-6	104
50a53717-2f73-40ee-9db7-32428eb96ccb	III	9596330	R	60	-6	26
66e75eba-52f2-41d0-818e-3ef4e2635487	III	9596330	R	60	-6	168
e2db7330-ba5d-4502-b5f3-af59bcf67157	III	9596330	R	60	-6	169
5a313995-2dda-4121-af0e-50b08e04d4f3	III	9596330	R	60	-6	132
89df94e6-145a-471c-9955-6ae3aafc9ed6	III	9596330	R	60	-6	197
e57e8885-f965-4c18-a795-f3a66f5d3c46	III	9596327	R	60	3	229
18fc920d-ecc4-4e11-b5cb-f2f0b54f7f48	III	9596330	R	60	-6	200
7e9b7a3a-1497-4b8e-97e8-232eb4cf8786	III	9596330	R	60	-6	158
1365ce5a-6af1-48f6-9e3c-92755bf725ee	III	9596330	R	60	-6	256
2e79e96f-bd74-4176-9415-9373b89674b6	III	9596330	R	60	-6	154
7d8894c0-1dea-4302-9fe6-0a3f9bd2b73e	III	9596330	R	60	-6	225
adf25b33-0b8f-4cd0-a529-259f4884dd71	III	9596330	R	60	-6	32
c9625310-a3c9-4953-acef-f8b021f46d51	III	9596330	R	60	-6	287
c96a028a-cf55-4cbe-8682-95b181a88d4c	III	9596330	R	60	-6	222
f1bd70e8-7abc-4d6e-95db-b5b5805d8947	III	9596330	R	60	-6	152
dea409c2-bc8d-4948-a556-9f0463f94386	III	9596330	R	60	-6	11
3fad3a91-a265-4c19-bb9b-e7b7c72b5330	III	9596330	R	60	-6	178
31c4af90-9276-4489-b5fc-db8ab2d7797f	III	9596330	R	60	-6	11
8cdf6cae-1952-42cd-b926-fc5551af26bc	III	9596330	R	60	-6	169
2e561d70-e541-4ae6-8300-870f1f52966d	III	9596330	R	60	-6	24
f135e3cd-876b-47f8-90ff-90d6e5e237c0	III	9596330	R	60	-6	108
efd01724-e89d-421a-adf6-b1694e846920	III	9596330	R	60	-6	89
40a093d7-a1dc-4adf-9ae0-3f8935a3df2b	III	9596330	R	60	-6	6
c39660d5-6cd9-4deb-a3c1-da6705131cb5	III	9596330	R	60	-6	144
003a2a8c-db5e-41cb-85b0-dd51c909fbd1	III	9596330	R	60	-6	206
28816bf8-4c9f-4d7f-823b-e4691d6ef693	III	9596330	R	60	-6	7
e19dd7d9-f7c6-4b54-8498-887477d23015	III	9596330	R	60	-6	11
8716fbb9-d7a1-4790-b45a-0bc9c635a4a3	III	9596330	R	60	-6	99
85a8307c-7bc1-46ce-a57a-d5615d58028c	III	9596323	R	60	8	5
29943449-b0c1-448f-8ae3-3f1154135168	III	9596330	R	60	-6	105
77052545-c2e4-42b4-9f6b-0f8988f4506a	III	9626471	R	60	10	278
a9efb4fb-cd8f-4946-bbda-0e01f72073e0	III	9629271	R	60	-4	301
ad2d55b2-4434-407f-a1ea-e9d4996401f0	III	9629272	R	60	-5	985
d8f5fdc0-91fc-4e12-a607-68f0aab2de4f	III	9629272	R	60	-5	784
683534bf-42d6-4dbe-b73d-0790eea82174	III	9626484	R	60	-3	574
8da6d406-bbfe-45af-ae48-8f919c6af20d	III	9626495	R	60	3	44
b6d09e3b-6603-46ce-9dfc-bda522c6154a	III	9626446	R	60	-1	395
f93febfd-f591-41d7-952c-3db18cfa0e8a	III	9626515	R	60	-4	91
f9dc0bf0-0a15-47f4-b169-7458b7e2e92a	III	9626496	R	60	-3	1055
c33c9062-68fe-4ba1-ac55-a8e617979ca2	III	9626515	R	60	-4	730
9a308e4a-f5b6-4d18-a20d-022a69011bbd	III	9626515	R	60	-4	861
fb523fc6-b7ff-4ecf-8546-0f2fe4836033	III	9626514	R	60	-3	240
d0d3db18-9db5-4066-8e6f-237453bbac6f	III	9626515	R	60	-4	285
274b8f85-bf21-402a-b831-c5352550d851	III	9626500	R	60	-1	656
bf90d478-bcbc-4135-8c8a-9997ac4e4d4a	III	9626515	R	60	-4	715
565188b8-347f-4453-85b6-2d2792d6c925	III	9635450	R	1	-3	97
5f24734c-cbd3-4bdf-870c-c54928c018f9	III	9635450	R	1	-3	1446
77adf58e-34ca-4500-9c95-25c556ca8d29	III	9635450	R	1	-3	68
77adf58e-34ca-4500-9c95-25c556ca8d29	III	9626010	L	1	-4464	5
24c70fd6-e117-460f-bd4f-2c0f5ee2339f	III	9635450	R	1	-3	355
e5adc8f2-9330-448f-aa62-bdc01e86aefc	III	9635449	R	1	3	372
ed5e1aed-7a10-45bd-809f-622106c4f7b9	IV	1	L	1	5	172
5e51f9e8-1c75-4f8b-9581-c539f123e210	IV	1	L	1	5	86
df5d91a1-a760-43e4-a3e6-6575a2389837	IV	1	L	16	5	6
d7a63893-ead5-435d-bfd5-265d51caef47	IV	2	L	1	-6	12
0f7cd2dd-510f-4335-ae65-16020d164f46	IV	2620	L	60	2	235
a3872fb5-81e1-4ba0-83b6-030aa79059ff	IV	3148	L	60	5	350
d48a4437-8bd9-4714-872e-37f7fd568c11	IV	3364	L	45	2	516
da798815-952b-4a79-afee-34a05c7705ca	IV	4308	L	60	6	237
399128bb-feff-4a09-ac3c-59f6190db5ba	IV	16612	L	60	1	932
8688bac5-ccd3-47a8-8055-9dd43a4df697	IV	16612	L	60	1	1101
09628247-e937-48ca-83ee-5ccb8cce5fe7	IV	16612	L	60	1	1155
6ef565c3-db56-41dd-a283-14a1d5a3dbd7	IV	16612	L	60	-7	1274
5c8d736b-52eb-40da-8c5c-1c479103758b	IV	16612	L	60	1	1524
d891a5dd-242d-49ce-ac86-fe0f032645a0	IV	16612	L	60	1	871
fd0543eb-5bef-41f9-b17a-56c127a28800	IV	16612	L	60	1	1548
29a2d0a1-a4fb-4583-8cb0-e192c7cf2ae7	IV	16612	L	60	1	1322
a1f2b98d-68f1-4560-9525-1a4ad9ef1131	IV	16612	L	60	1	1400
4408048b-cc1f-49f9-80ec-ddeb833a8e5a	IV	16612	L	60	1	146
0774f6e3-cfc6-4178-902a-aa15a71278d0	IV	16612	L	60	1	5
a3b40250-30c5-4cff-adee-bc81dab69bb9	IV	16612	L	60	1	15
bcd71eb2-df47-463e-b8bd-041486fae425	IV	16612	L	60	1	283
912600c3-fe5c-4109-babe-6404efadcceb	IV	16612	L	60	1	891
b964493c-934d-4aaa-887b-71e3bf2b609e	IV	16612	L	60	-4	7
7a7015a5-eb89-4dd3-b73c-e5926b824bc3	IV	16612	L	22	1	152
4bbae74f-424f-4091-a092-b11761d0efb4	IV	16612	L	60	1	1021
02f62a4a-3ed7-4c7b-92e8-403e722227d9	IV	16612	L	60	1	11
6fee7dc2-b7f9-4300-bfad-b46236b40a1b	IV	16612	L	60	1	360
3a65c001-3717-4d03-94db-fe54f39509b5	IV	16612	L	57	1	10
27773f28-50fd-4d3d-98df-58668901abae	IV	16612	L	60	1	20
2a15e4cc-86bf-400b-9a97-f2514318adec	IV	16612	L	60	-5	6
a8f46adc-2ce1-4b89-8ddd-7675af2998a2	IV	16612	L	60	1	7
3f355cee-fffc-4bac-8827-23d1d5d0699e	IV	16612	L	60	1	19
b6ff16b4-c304-41b7-8d2e-7f3b7a50288f	IV	16612	L	56	1	220
cd2d66ab-343b-4c23-a702-d10f0df87692	IV	16612	L	60	1	18
fb9a6ba6-d9c0-49c6-8e63-25d0cf5b8c75	IV	16612	L	60	1	637
b5ca265d-4601-4b76-83ad-06ab096241ca	IV	16613	L	60	-7	1361
1e8eefef-c40d-4ec6-a130-ec1b4f60d97d	IV	16613	L	60	-4	1267
3fc5771a-d54a-4dbc-ad22-0f5a84d74e9e	IV	39776	L	60	-3	92
6b223161-a391-4bbc-be50-0f7ffbcf3633	IV	39783	L	60	1	96
4bc71ec9-2d91-4927-bbb4-fa4d4c5989db	IV	39783	L	60	1	132
03a0a464-d54d-4c2c-87a9-9e8a0794ded9	IV	39783	L	60	1	106
341aa447-e789-45a8-83ad-4e3b35beb374	IV	39783	L	60	1	117
2c21f51f-3211-43a2-8cfc-34c9fe7cd0a0	IV	39783	L	60	1	157
3dd4d0d2-169f-4acd-b2eb-75dc97acaa95	IV	39783	L	60	1	105
034ca46c-ebb0-4646-9e7b-6a9325935176	IV	39783	L	60	1	94
ce49c01d-87ac-4213-893e-635c7ed61cab	IV	39783	L	60	1	184
06c1d1f4-d1aa-4169-a2db-8debf9253c27	IV	39783	L	60	1	144
b39f0787-5c34-45ff-8395-c7690dcd8ada	IV	39783	L	60	1	89
a55c515c-6a84-44d1-a012-0fb1281c4b5e	IV	39783	L	60	1	227
6501d2a9-4939-4746-9af6-d29033090335	IV	39783	L	60	-7	54
926d8b1f-4429-4342-888a-d5e1c1e22f97	IV	39783	L	60	1	141
f368bf75-1b6c-4893-a339-df04dd82a69c	IV	39783	L	60	1	148
cc3a268f-a656-4a9e-aa20-84d8660ba5a7	IV	39783	L	60	1	128
79dd4d2c-d4be-469d-ae77-edd025b1302c	IV	39783	L	60	1	83
94b0afa7-8dc5-4e9f-b282-bcb7c99f62f0	IV	39783	L	60	1	158
01623031-69be-424a-bb7d-0be896437453	IV	39783	L	60	-1	47
760abd82-04c1-4031-83e6-d9bb2eafe42a	IV	39783	L	60	1	160
55ec4553-10e1-4c2e-84df-a2b8feb182a7	IV	39783	L	60	1	201
baf748cc-1aa6-4388-b789-0be4198ab2c5	IV	39783	L	60	1	170
a1602043-a7d6-4c6c-9bd0-3c2cb310a52b	IV	39783	L	60	1	146
c9b25f51-7715-4fe5-bace-73541c70bf08	IV	39783	L	60	1	163
60a0d006-6237-4c6a-9898-047bb8521654	IV	39783	L	60	1	136
fec86a5e-39b7-4ed2-b1a7-3a5e9abbb3ea	IV	39783	L	60	1	201
4b701be7-ea3c-4dbc-8416-d7b5cb0276f5	IV	39783	L	60	1	177
e1b07513-f558-4661-84b6-65e50c837a41	IV	39783	L	60	1	197
7fe2786a-d36e-4b5c-9b4e-82632e4e42b1	IV	39783	L	60	1	46
6d0412c4-0fd5-4082-bc7b-15a1f5be6e32	IV	39783	L	60	7	106
a73d2ee7-4489-4194-b511-2969a0ab6558	IV	39783	L	60	1	196
d3fd4c0f-4a56-4631-9917-4548417c9d0c	IV	39783	L	60	1	194
0c6a6a0b-8634-499a-8635-5f5346f2bdc2	IV	39783	L	60	1	93
7b57654c-9916-435f-b07a-0677e883883a	IV	39783	L	60	1	69
286d4f4f-a51e-4fe9-9c9e-8d66a67d14ee	IV	39783	L	60	1	97
71c68cce-21ba-434d-b6a3-9ff899fe8439	IV	39783	L	60	1	140
dbdb1577-7566-43fa-b1f3-e2f49fc1d5ec	IV	39783	L	60	1	82
474abc81-0a4f-42a3-9a61-b0309ee18aef	IV	39783	L	60	1	210
21bae1c8-4685-40bd-b44b-0e15035b8a1f	IV	39783	L	60	1	106
ef43ea08-ecf1-40ce-ac97-4648564f63e2	IV	39783	L	60	1	97
95c6caec-c4b0-4fd7-b4a7-bdc006e58166	IV	39783	L	60	1	122
cdaf5ddd-ca87-49d7-972c-42ac012d6440	IV	39783	L	60	1	93
ec26148b-4ff5-48ae-887f-e50e0a8f06a2	IV	39783	L	60	1	170
6930d3d9-d460-4890-99c5-3453ca4a0322	IV	39783	L	60	1	121
3e595e14-b428-44b1-8b7f-2732107569e9	IV	39783	L	60	-6	90
52757b0a-c61d-4ab8-8083-532499fd0307	IV	39783	L	60	-5	126
8a814434-d01a-48f8-b17f-d4c14a9f9368	IV	39783	L	60	1	182
04e7a81d-0368-41de-902b-b6b5a47b9379	IV	39783	L	60	-18	52
87dfd8cb-0201-486b-a7be-5de172c5cad7	IV	39783	L	60	1	50
8f52bb50-5c40-447f-b042-aaaecf358d3e	IV	39783	L	60	1	73
02de06a1-33a4-450e-9bb9-1388cd69cc0e	IV	39783	L	60	1	142
4d845f2e-b304-48b1-ba48-ff16b42e561f	IV	39783	L	60	1	180
cbcf4a3c-4db5-47fb-ab2d-db189acf2920	IV	39783	L	60	1	107
bdd9c87a-9a96-4e7d-95af-4dbd0b1ea916	IV	39783	L	60	1	172
772e9765-5ec5-420a-879c-e547eda97045	IV	39783	L	60	1	170
56b81355-ecba-4473-a351-9d5268fc0a5a	IV	39783	L	60	1	60
987f937e-09d3-400a-af0d-242b3eec0b48	IV	39783	L	60	1	199
9954a3d1-4c28-4449-82dc-b951ce397d40	IV	39783	L	60	1	128
4a787e1f-1b05-415f-a7db-2ef03fafbf48	IV	39783	L	60	1	179
d5212616-8391-4060-b05e-077d3191dffe	IV	39783	L	60	1	180
4ff99b2f-3a79-420a-9c6e-4286b62fbcb4	IV	39783	L	60	7	89
1f9d5eed-7d21-4be0-9c71-b1aab56b6db5	IV	39783	L	60	1	125
73c9fe6f-24e8-4dce-9658-396081c5c223	IV	39783	L	60	1	143
35c3d015-a8e3-4b19-a9d5-2c7c2bb7bbbf	IV	39783	L	60	1	81
12625867-a310-442e-a965-19e3a871db15	IV	39783	L	60	1	201
b124c6bd-9c02-4346-aead-58dceaa7511d	IV	39783	L	60	1	133
fd32e6d4-8461-4e77-82fa-5638dff8e582	IV	39783	L	60	1	92
089d7f87-2f82-468a-ad4f-6148ae2b8590	IV	39783	L	60	1	164
6933cdf4-8437-4a4c-9d69-95b85c1f768a	IV	39783	L	60	1	122
897d3dea-7348-460e-9ba0-578ee73471ad	IV	39783	L	60	1	206
2f60756b-0657-4e01-9c4d-7bed3367e706	IV	39783	L	60	7	132
c5baac21-180d-45dd-a5f0-68ba1294b778	IV	39783	L	60	1	81
f33de0a4-ae0d-471b-8d93-ffb37b3eba32	IV	39783	L	60	1	105
7a55a928-4011-40e4-8e8b-20cf388985a8	IV	39783	L	60	1	132
61542ce0-99a0-427d-89b7-217b0ea68321	IV	39783	L	60	1	116
eb7a6be8-baf8-43c1-b4ab-e4afeeefe486	IV	39783	L	60	1	79
a044ef2c-d67e-4218-b668-e4ec62dc3533	IV	39783	L	60	1	180
0029c4c8-9c12-4b80-a5ff-968a47b8442f	IV	39783	L	60	1	154
33c46b8e-a4e8-499a-8eee-09aa40c38ecc	IV	39783	L	60	1	68
4623e016-f2e7-4d7b-b1af-dc2c020efef6	IV	39783	L	60	1	203
e60be918-4d76-468d-97e4-539c08ba4bd9	IV	39783	L	60	1	180
b25f15ba-46cc-4687-b688-43b131f9472c	IV	39783	L	60	1	206
8e22747f-5de8-401b-9c80-e8b68f406314	IV	39783	L	60	1	148
6be78309-ea0b-4014-bafd-c12d1be7d79f	IV	39783	L	60	1	95
9c4302ad-567d-4212-9b39-16a872ee43ff	IV	39783	L	60	1	170
5cc48d9d-d1df-440d-a783-7e8a00fc74d4	IV	39783	L	60	1	145
232005a7-134f-4e37-b60e-0cbce2201ff6	IV	39783	L	60	1	114
2ef899b1-a976-4687-bca5-3f8519a26d47	IV	39783	L	60	1	11
284263e1-156d-480b-932e-2907a9b504c8	IV	39783	L	60	1	31
24575434-1d4c-474e-acf5-b2e16211d1aa	IV	39783	L	60	1	27
97dd301d-65aa-41e8-82d4-bf9042b8ef9b	IV	39783	L	60	1	154
9c7c724c-e39a-4186-a3d0-749bdcb98749	IV	39783	L	60	1	18
c8cae972-9141-407b-9efa-9e877a35bfc3	IV	39783	L	60	1	19
1e97f385-8b10-4eef-8a31-256291d8c3ef	IV	39783	L	60	1	60
9f815c64-31d2-4ded-bc9d-7fb3704e3333	IV	39783	L	60	1	42
52738f92-65b5-43cf-88f3-15aadca11a63	IV	39783	L	60	1	25
012bc3b9-0d5f-4052-a0be-4ff50ea54a69	IV	39783	L	60	1	3
42f01902-a6c5-4d39-9142-f3be36449a89	IV	39783	L	60	-6	12
4346df88-e32f-41fa-9925-57ea8fe75447	IV	39783	L	60	1	22
78edaacf-b307-4f10-8840-b7bfe92a5017	IV	39783	L	60	1	29
5f896efa-3571-484d-a1cd-6aa0819afb51	IV	39783	L	60	1	11
52e382c9-db5a-44eb-8758-33a935df1137	IV	39783	L	60	1	55
85ff19df-b638-4a77-b79a-19181209eda0	IV	39783	L	60	1	9
b021b79d-393d-4975-b5e5-3015f6a6a7ef	IV	39783	L	60	1	36
2962d7ce-0a61-40bb-b94a-3c1996830c4b	IV	39783	L	60	1	143
31937a8f-58fb-4e0e-a802-4d6aa709185b	IV	39783	L	60	1	17
93efeda2-d110-4a78-844d-e75cd7276460	IV	39783	L	60	1	50
f10d8ace-1dd6-4f67-bcc7-385700bd603e	IV	39783	L	60	1	6
7ed44c98-c35b-4335-9fe8-ffa5ffe837ab	IV	39783	L	60	1	36
dcdf469f-d9b0-4896-9c8d-86296e0a42ee	IV	39783	L	60	1	9
4e1aa42a-8056-4bd6-a3ca-37ffccc6dfb1	IV	39783	L	60	1	105
531321ee-c650-4aa3-8b07-baff977fd13f	IV	39783	L	60	-8	16
20cf8050-3ba8-4738-b8a0-9ac2636a112d	IV	39783	L	60	1	12
4576afa1-da17-473e-991a-4a064aa9383d	IV	39783	L	60	1	14
9ca5dbe5-ef30-4f41-ac63-06c3d750bd44	IV	39783	L	60	1	15
46844868-82ec-4dcf-930d-86ff9ca214d1	IV	39783	L	60	1	18
9efbb39e-e462-4be7-aed4-15629a3b8630	IV	39783	L	60	1	14
ab9dd3bc-651a-41b3-b3d2-09cec7a4c82d	IV	39783	L	60	1	17
ef86123e-5227-4935-a206-043da9f8ab3f	IV	39783	L	60	1	23
be5f02a6-8f8a-4397-8223-28ec02d01004	IV	39783	L	60	1	90
22505926-1661-459e-b6d9-132c5be93ba9	IV	39783	L	60	1	69
1316d791-cce5-4639-a370-798c8391b102	IV	39783	L	60	1	9
b93e4f13-781b-45a0-9276-8603fe91334e	IV	39783	L	60	1	33
fa2ee6fc-9395-4dff-998c-3c3189a584df	IV	39783	L	60	1	7
30255b22-8060-43a5-aa5e-10d080a9906a	IV	39783	L	60	1	5
b845a94e-5c39-419c-a246-06bc17d3e363	IV	39783	L	60	1	24
30d8c2d5-8e3f-46d5-8c14-05074efa5f38	IV	39783	L	60	1	7
5297a8f8-b622-4abe-ba76-8184fea1a150	IV	39783	L	60	1	23
f90ee9de-e159-4ef8-a0ed-ab746dbe2ea5	IV	39783	L	60	1	11
2a343350-8df7-4464-bf90-11c016081381	IV	39783	L	60	1	113
756e1422-6347-4574-8f32-789388b58d3c	IV	39783	L	60	1	10
842569e0-10bc-423e-8870-464dfe5b5a8b	IV	39783	L	60	1	21
16ee2e6e-7f84-4ed5-bb64-61a4576ac513	IV	39783	L	60	1	10
0cb90135-96f0-4402-9c2e-c08183b2b9cd	IV	39783	L	60	1	29
e0fbfa50-1f85-4788-889b-343733a5387e	IV	39783	L	60	1	25
14dc4568-1839-4da0-9138-04ec151f6b01	IV	39783	L	60	-7	18
93241b07-6121-4624-b837-8495e268f37a	IV	39783	L	60	1	4
0c19e30b-cf36-4e19-8254-9bc74a51f7a3	IV	39783	L	60	1	105
e24c1fda-53fc-4c3b-a32b-7bb35da584e5	IV	39783	L	60	1	46
ba026788-74a3-468f-9fc2-c5f5e0a1807b	IV	39783	L	60	1	181
06db2372-f30c-41ca-8ff2-453fed835776	IV	39783	L	60	1	16
7d029ccd-4951-4eb0-aaed-40f654ad2886	IV	39783	L	60	1	21
4a0ae489-5df3-4958-a916-cf3931ff75bd	IV	39783	L	60	1	9
6f2b338d-2e0a-46e8-a64c-4ee023baac5c	IV	39783	L	60	1	42
63ef77e8-0725-443b-9e3e-ce86ce276b70	IV	39783	L	60	1	64
fe13f67b-c057-4eb0-8304-ad3e816535be	IV	39783	L	60	1	12
3b0fd0e3-e929-4b87-a16a-eb65d87e10fa	IV	39783	L	60	1	13
e4528eb3-2551-40ce-9fde-e87c27017e80	IV	39783	L	60	1	18
6b7cdb99-0812-4a52-a427-835d601d4ce2	IV	39783	L	60	1	9
9a3bdc32-bc84-423a-a5af-3fb430bbd4f9	IV	39783	L	60	1	158
3f4063a6-6ab9-48c0-9fb4-b6a325860531	IV	39783	L	60	1	58
9705ee3e-9daa-4e63-8d69-c3ba9fdc61f5	IV	39783	L	60	1	43
bb9d860a-f541-4662-86b4-e912cfe6b393	IV	39783	L	60	1	85
70c975e8-14cd-41a6-9377-53d86bd69b6d	IV	39783	L	60	1	33
2d1fee3a-8044-4600-ac06-a358630ae54c	IV	39783	L	60	1	7
dbbadffd-3c18-4c3b-bf9b-799f59ec32e1	IV	39783	L	60	-15	4
9fbf2688-7df7-48d5-a1de-299121aca632	IV	39783	L	60	1	13
c8309039-6cc8-44d1-b44e-f07caefd0e7a	IV	39783	L	60	1	15
ecbb5bc3-54e1-470e-bbbc-cfda0640bc9e	IV	39783	L	60	1	36
1fc45bff-427e-4e93-bb12-d53bf2d8812d	IV	39783	L	60	1	31
b7b0467d-bcb4-48a7-b6d0-fa2a0a733892	IV	39783	L	60	1	47
502efdec-0a9f-48c9-be02-d4585d70fc6c	IV	39783	L	60	1	17
67e2856e-2a88-45f5-a1b2-26648436ee7d	IV	39783	L	60	1	12
a57c39a3-e5b4-48a2-8727-5ccb71a34616	IV	39783	L	60	1	23
dbf937af-35ec-4753-b21a-19288264408c	IV	39783	L	60	1	19
84b07bd3-99d1-4e7d-ad49-ce548192a3ef	IV	39783	L	60	-15	60
c0b18294-7e2a-4c47-a089-51aab60f23a9	IV	39783	L	60	1	162
584ed58a-97c3-463e-8054-d3cc0f5ed809	IV	39783	L	60	1	16
5376b1df-351f-45e3-b741-692b2048ea0e	IV	39783	L	60	1	51
9b9f1943-307a-49c1-9d5e-cbcf6cf241b4	IV	39783	L	60	1	126
66138394-0f9a-49ea-a9c9-6d2d69daae33	IV	39783	L	60	1	22
e499abc4-69ef-4b6a-b8bb-8b57ff75ebf9	IV	39783	L	60	1	93
9d0e6932-9668-4564-b917-1bdea67c3940	IV	39783	L	60	1	19
cb1248a5-a257-45c5-9ad9-9110ef4a7b77	IV	39796	L	60	-7	106
88709b50-5bd3-45d7-a62d-cb0ddd09b06a	IV	2059271	R	60	12122	4
9ee8f29e-fbab-47e5-95d1-1f6674072f30	IV	5581309	R	60	7880	6
60bf2f73-c337-432e-88ea-7e0076552186	IV	5581401	R	60	7167	4
b45cfc78-b8ab-4418-83c7-310dfce69e6d	IV	8298929	L	60	-2765	2
74be1f91-9cf5-47be-8bf3-edde66d66dcd	IV	11179848	R	60	6	5
98fec968-e0de-427c-828b-0af859076970	IV	11179848	R	60	-4	154
99807d93-0374-41e8-89ba-ee4429d74a47	IV	11179848	R	60	-4	8
a50d95bc-8433-45b9-ac45-e706eee70a3f	IV	11179848	R	60	5	14
21b9fdd7-9e49-42f1-9eef-db4c206916e3	IV	11179848	R	60	-4	46
ba614082-55db-4836-8b68-6456bbf23c2e	IV	11179848	R	60	-4	136
4f504b25-14b0-449a-a680-cb3797b8e17a	IV	11179848	R	60	-4	11
bebd0740-ff82-4e1a-a5bf-c2d8676fb7d0	IV	11179848	R	60	-4	22
d2cbc2cf-2c76-4bf4-aa1f-b769eaa1db2d	IV	11179848	R	60	-4	102
b0c10242-8ded-4ca3-b7da-350fed930fbe	IV	11179848	R	60	-4	8
595cc846-8eab-48e6-ab6d-222a73c5ef95	IV	11179848	R	60	-4	105
e14bef3a-84ff-465d-af5d-bc70ec395e89	IV	11179848	R	60	-4	7
96b2d146-3dfe-42f3-8e93-c59536128853	IV	11179848	R	60	-4	88
6a45e801-5e16-47dd-b622-f42dafbc5542	IV	11179848	R	60	-4	157
5935008a-01af-4ed5-b97f-96c0897c941b	IV	11179848	R	60	-4	158
c1e72fe3-1930-4644-92c0-a97b6720d73c	IV	11179848	R	60	-4	85
8f27d8e5-f12a-442e-befc-d2e1e4678188	IV	11179848	R	60	-4	8
bee8a57d-0d77-41f8-837e-3f2cda1af23f	IV	11179848	R	60	-4	10
69fc78db-4bab-4bfe-9114-1988a1b08a01	IV	11179848	R	60	-4	146
82c291d0-b270-4352-8cec-7f40efe45410	IV	11179849	R	60	0	170
5f314a3d-8b73-41d9-a803-ad38fb31abbe	IV	11179848	R	60	-4	98
a078059b-eec5-4acf-af2d-1a080e1ab3e9	IV	11179839	R	60	3	163
140117be-0afd-4a9c-a493-eb8f483d65ca	IV	11179848	R	60	-4	82
a13849f7-f458-4903-a826-4bbe800ff9af	IV	11179844	R	60	8	22
eb3add94-fe7e-4730-a1c1-9fa86972894d	IV	11179848	R	60	-4	9
0edb488e-1b5a-47b1-9025-a109f344d0c8	IV	11179848	R	60	-4	17
20d707a6-e8cd-4729-97f1-9c5c5920be88	IV	11179848	R	60	-4	25
ffa1f5fd-df10-4598-aa2d-02df79549d17	IV	11179848	R	60	-4	14
071e4443-2ac8-4472-bdb7-9cdeeb29f8be	IV	11179848	R	60	-4	8
8736a7e9-c78a-46ea-928b-17aac80df983	IV	11179848	R	60	-4	146
f75da05b-9c02-4ee5-8532-54d9b63a3d5f	IV	11179848	R	60	-4	75
25871d33-fb79-4b9b-97cf-0a30b1de1f74	IV	11179848	R	60	-4	14
52029acf-f6b1-4733-9122-ce7526d5b8ae	IV	11179848	R	60	-4	10
68dfe34a-2dcd-40ff-a2ab-aa2eea8f018e	IV	11179848	R	60	-4	168
ab7ea2d2-f32b-4882-b757-0a86361b31ea	IV	11179848	R	60	-4	95
1f637560-3194-499f-92db-453ad2329b0c	IV	11179848	R	60	-4	152
519f7da8-e50b-4461-af50-753b07c966e6	IV	11179839	R	60	11	6
2d81cacb-c912-4ba8-80e3-fd5393d807b8	IV	11179838	R	60	4	67
f8fd9fda-1f04-4b08-8505-6f79a04251a7	IV	11179848	R	60	-4	20
8891a489-01a2-4099-ae10-0c501b59e2ab	IV	11179839	R	60	13	72
81123769-92ee-4b3a-b8a7-78d521f07f36	IV	11179848	R	60	-4	139
d19650f7-a497-441b-998c-bb40654c4d7a	IV	11179839	R	60	3	112
17ec9a13-0cee-41e6-b49e-f1d1bf5f3255	IV	11179848	R	60	-4	6
6448e53f-1e45-4ca0-a5c7-ed91dbb31d2f	IV	11179844	R	60	1	107
a963e353-f633-49be-afc0-d0b7ff595579	IV	11179848	R	60	-4	14
c312c7ad-baa8-4749-9e1c-8d6f92052af4	IV	11179848	R	60	-4	13
416bbf19-01cf-4950-9e79-19078ea667d3	IV	11179848	R	60	-4	10
6e67a8ed-e96e-41a3-83c9-89e194541dc9	IV	11179848	R	60	-4	12
19fa4b4b-191f-490c-ab33-ea175ce5e4e6	IV	11179828	R	60	-1	32
4752c32a-0d71-4718-ac96-1483fac29914	IV	11179848	R	60	-4	83
d6367a87-386f-45fb-83a0-f39bdf7ca3e9	IV	11179848	R	60	-4	88
22c221b6-5480-42a1-aea8-074f1e6e6f51	IV	11179844	R	60	10	105
53bab5b4-889b-448d-8219-b73ca9ad33c0	IV	11179848	R	60	-4	101
fbc6a9ff-02b6-461b-8611-e1e4f100911b	IV	11179848	R	60	-4	6
8441a41e-f4b3-4fb4-a5dd-bb7a3caaec5c	IV	11179848	R	60	-4	106
e02bcf54-6c8b-4092-818a-8dfaddb3260f	IV	11179848	R	60	-4	38
db40bdb5-7b22-467a-a9e4-80330bda0f28	IV	11179848	R	60	-4	13
278b8033-f828-4ef5-8679-c2effa60b9ae	IV	11179848	R	60	-4	91
682e10ae-b9a3-435b-880a-05cffae31ccd	IV	11179848	R	60	-4	104
9ec613d2-5925-4e18-a417-7ecced226771	IV	11179839	R	60	3	80
e2744718-d393-4bac-b1de-b7a2f5f6850f	IV	11179848	R	60	-4	166
ad77ad10-3ce5-46fd-9b7b-776a85726645	IV	11179848	R	60	-4	75
33eed2de-cb4f-4f90-ac15-a018ff63c18e	IV	11185018	R	60	-5	147
17159285-79ec-4447-a2bd-95618c105f82	IV	11179848	R	60	-4	11
9e4a7e89-3324-405b-905a-6035ac8c78de	IV	11179848	R	60	-4	177
d7ff9c6b-67dd-4856-8c7b-6dbf79b658f1	IV	11179848	R	60	-4	86
3710e35b-0fa4-4eb9-a08f-05108adce916	IV	11179848	R	60	-4	139
f70072ff-d471-42a1-871b-fda277f2d15d	IV	11179848	R	60	-4	36
9d83ad04-dbde-49c4-a865-b9bf5cbfd3e1	IV	11179848	R	60	-4	117
dd0d40bd-238f-423c-a66f-3d673b4d7179	IV	11179849	R	60	0	179
5cb04afc-a6d1-4fe7-ba3c-8de5b5328bcc	IV	11179848	R	60	-4	118
87395ba3-9047-49e8-ba52-b6092d673c63	IV	11179848	R	60	-4	112
a7598305-b1d0-4616-a440-5d4c6bec853f	IV	11179848	R	60	-4	3
231eab07-bde6-47ef-87fb-e5035eb1fd65	IV	11179848	R	60	-4	73
8b8ef6a3-4eeb-4b92-af91-099483d7c19f	IV	11179848	R	60	-4	135
82578128-5875-46ba-a8fe-4bfb9ab748ca	IV	11179848	R	60	-4	82
6507c0b4-4324-4514-92e6-ae15111a0498	IV	11179848	R	60	-4	144
711f5c8b-5028-4803-a44e-c103f3377400	IV	11179848	R	60	-4	86
e0554097-be1b-4a4f-9053-2c2d5b134bd1	IV	11179848	R	60	-4	184
1d070102-4ab2-47a4-af91-c2f15eb08ecb	IV	11179848	R	60	-4	161
c9181215-1036-4698-ae52-7f277b80c5d7	IV	11179848	R	60	-4	121
ee5e44a6-e7ec-42d7-85a0-4c88e0e85c79	IV	11179848	R	60	-4	126
d53de098-11fd-4631-9095-4599373c66cd	IV	11179848	R	60	-4	73
c2a3a973-df55-40d5-9dcd-9a0441cecd5d	IV	11179848	R	60	6	7
c7093593-3a2a-4d88-9224-3b311efd1e78	IV	11179839	R	60	3	130
bdf6a59c-df14-4c3b-8e4b-b2f77d2612d7	IV	11179848	R	60	-4	95
e140b304-29a0-425a-8942-f85a4afc7945	IV	11179848	R	60	-4	9
19eae047-9a0c-4e30-b95d-4a0e0fe09068	IV	11179848	R	60	-4	20
9c6e0c1a-dead-4da0-8e0e-08bc6e1c1af1	IV	11179848	R	60	-4	54
4344aa0e-4d99-4470-b746-8d0817956ced	IV	11179848	R	60	-4	9
0f76b3fe-f51b-4f38-a284-2eb296828429	IV	11179848	R	60	-4	149
ad987507-1a1b-4718-b7fe-e83d40a77bf9	IV	11179848	R	60	-4	163
24417238-164f-482b-87c8-4ea7f9a050af	IV	11179848	R	60	-4	138
a7b49674-3a8b-4c3f-a343-1aae4b4de67d	IV	11179848	R	60	-4	198
b161a3fb-9b20-42a6-b40b-2a4c81bf3a5e	IV	11179839	R	60	4	77
735dae5f-d3b7-4f46-82ea-3472b3845db8	IV	11179848	R	60	-4	74
c6be2463-af7d-46ad-b250-bd0de72f80b6	IV	11179848	R	60	15	48
f4081bb9-f242-4ebf-81de-ced070956f9d	IV	11179848	R	60	-4	7
03b1b93c-21f8-4527-8ce3-47e9bb89813e	IV	11179848	R	60	-4	241
db6edede-905d-4a22-9236-6a853d080437	IV	11179848	R	60	-4	154
dded41fd-5054-4d4a-a7e4-89ba962ffbbe	IV	11179848	R	60	-4	78
fcacfe8f-c588-44b2-91f9-4e40e8dd1b1b	IV	11179848	R	60	-4	119
28bb65f0-9063-4672-8407-a43aab949e8f	IV	11179848	R	60	3	69
ad3cfb94-1312-4bea-970b-337f3a047b3e	IV	11179848	R	60	-4	133
14c1c764-5f23-4291-bc0b-a09c5bb16188	IV	11179844	R	60	12	12
8ba56526-1234-4ca2-adce-32052a889ca8	IV	11179848	R	60	-4	9
58ee93b1-d652-405e-a73f-e7559cea715f	IV	11185015	R	60	6	144
f3e9e278-67f9-4ee6-a76c-0fd36fdf1103	IV	11179848	R	60	-4	197
7204a179-a67f-4f5e-aeb9-43011df837b2	IV	11179848	R	60	-4	139
a0354859-b116-4705-8131-65c309727899	IV	11179848	R	60	-4	133
82d21b20-75e0-4d30-acff-03120211d0b1	IV	11179840	R	60	7	106
4cf43b03-bdf9-4631-aa8d-d3ccf59befe2	IV	11179848	R	60	-4	100
802ece36-fabe-4d44-9cf5-328bb3753428	IV	11179848	R	60	-4	80
99077024-7c26-4e7e-9213-ddc1ac8617d7	IV	11179842	R	60	11	6
0b9692e7-43e5-47c3-a121-760dfc9718c0	IV	11179843	R	60	2	83
3f086371-c2a9-44d3-899b-04b84196b102	IV	11179848	R	60	-4	212
5e3a9dda-0c10-4b89-88ef-dafd0ef5c2ba	IV	11179848	R	60	-4	116
4cf4c37a-5253-4fe6-aad9-ed8aeeab4ac1	IV	11179848	R	60	-4	5
15d8c14a-a721-42fb-aa52-2aec1ca61c14	IV	11179848	R	60	-4	107
646c1a5e-2a5d-41ef-a74e-4d6cc1b3b6cc	IV	11179848	R	60	-4	119
7b99c949-88e8-46fd-8f5c-1c42d9c99700	IV	11179848	R	60	-4	193
ff41faa3-7dcf-4410-9ff9-1fbb16368888	IV	11179848	R	60	-4	74
6baedeff-3b05-4cc9-80ba-bc6230ca9f7b	IV	11179848	R	60	-4	221
79d6fdf5-b7d0-420d-9c39-3f2ca0261294	IV	11185018	R	60	-5	531
cec27734-5e0b-4c60-98c4-20d878aa1e51	IV	11179848	R	60	-4	49
2f77140d-ecca-431a-8cde-8571a58d00c2	IV	11185018	R	60	-5	112
6b90d028-406a-4c56-9b8d-765bf649ba21	IV	11179848	R	60	-4	21
9ff4eae7-5475-42ed-8f04-5479c72421f7	IV	11185018	R	60	-5	372
48ae3c7d-3397-4b4c-a3ec-a2d8596432d9	IV	11179848	R	60	-4	24
c591c45f-a115-446a-833b-6b4949e6884e	IV	11179844	R	60	13	10
a184611e-9de8-4a26-81e8-dd213f361dba	IV	11179848	R	60	-4	139
0bb7136a-5cbe-4722-a7b0-107e73ca6490	IV	11179848	R	60	-4	165
1b83416a-a6da-42bd-a907-ec1af54b0059	IV	11179848	R	60	-4	154
1ce9ca70-11d5-4d45-9941-5f459c3e7420	IV	11179842	R	60	12	6
f7a8a420-5d66-4552-8646-63b9f7e40c0b	IV	11179848	R	60	-4	4
c2080382-20fd-4b4e-9110-636aa908bebb	IV	11179848	R	60	-4	16
928079f3-26de-4a56-ae27-7bd49b82d42e	IV	11179842	R	60	1	125
4c5c5293-dfe9-4450-82f2-3c843a1d2f95	IV	11179848	R	60	-4	150
20a03383-7178-4dd2-aeb2-f93e2f5f5c6e	IV	11179848	R	60	-4	101
2a2285d8-2f98-41cc-b0e4-3930dbbf6c21	IV	11185018	R	60	-5	1328
a7d82fc5-4a50-48de-9110-73a3d1f998df	IV	11179848	R	60	3	62
3d8a878b-71b9-444a-b0cf-54f63d39be10	IV	11185018	R	60	-5	74
3663d559-d95a-4741-ac46-bffe04043855	IV	11185018	R	60	-5	1183
fe736282-21f9-4b38-8993-43c985f58516	IV	11179848	R	60	-4	224
eb16a81e-3260-426d-a0a4-bc7b725d0701	IV	11179848	R	60	-4	110
6d21698e-347b-46d6-bf3f-72ca6bcf45b9	IV	11179848	R	60	-4	157
5bb0d2e7-d62c-4384-9e16-652d17a7e58b	IV	11179843	R	60	2	131
ce25bb69-4266-4b5a-a0ab-041cf6d7a0fa	IV	11179848	R	60	-4	166
34435a30-c33a-4198-997e-6aa1002ed85e	IV	11179782	R	60	22	64
6b8cc0c4-f908-4c2f-a629-1ef1b1b00aee	IV	11179848	R	60	-4	113
117e169c-188a-478f-8315-5e0774bd7df2	IV	11179848	R	60	2	140
ef66645a-acd8-4964-8bed-e43a1f36c0f1	IV	11179848	R	60	-4	136
9d0bdae1-5ce8-4964-aa40-26b7d8074f09	IV	11179848	R	60	-4	31
a7381140-396f-470e-be0a-e383f9c73f80	IV	11179848	R	60	-4	88
be0f5b74-7246-4663-99b8-5855b50209f9	IV	11179848	R	60	-4	104
cf61dbb6-f326-4fb3-a00e-baa3dda4df85	IV	11185018	R	60	-5	1641
d18183ff-410a-4efc-a0a6-9d25cecf595e	IV	11185018	R	60	-5	542
f409a80f-608f-42e6-9d06-feabf85c25f5	IV	11179848	R	60	-4	6
e1631bb0-5889-40d7-b99e-e89022aef505	IV	11179844	R	60	12	7
06e49eb7-b506-4e91-b7ec-3844890832e9	IV	11179848	R	60	-4	203
4a5e6d6a-e06c-40a4-9680-cf40409be816	IV	11185018	R	60	-5	1002
6eb780f0-2e6a-4227-9aeb-4cab332fa2d0	IV	11185018	R	60	-5	1071
d264e9b0-21b7-495e-9c1e-bc93291b4f99	IV	11179848	R	60	-4	93
df1135b9-7670-4d55-8091-8eb6bf681cc7	IV	11179848	R	60	-4	30
38a777a5-5b9d-4b5a-a567-21ecc2924596	IV	11185009	R	60	22	28
3d2f3cb8-35cd-44b8-9d64-5c567f5c4d44	IV	11185018	R	60	-5	548
3556b9a5-81be-47ab-a755-2ef89a1f44ec	IV	11185018	R	60	12	275
198c5c9a-e602-48f0-88ae-04d6b0acb3f8	IV	11185017	R	60	5	153
0fa3c1b3-12c9-49fe-b764-63dbb3ebf9b1	V	1	L	1	3	165
116f2644-de61-4c65-8ce3-ea1388beb9f2	V	1	L	60	3	257
60bdc9e0-83b8-4447-9460-6a506c60ef84	V	1	L	1	-3	10
98297bbe-e480-45d0-ae73-23ef50a83905	V	1	L	1	3	60
c76c2f54-adbf-49ea-8785-37e65bd770d4	V	1	L	1	-10	110
d3622745-1b3b-4e38-86c4-0a7d79e716fb	V	1	L	3	3	180
48820d23-259e-4066-b7eb-91ccd7a62c7a	V	1	L	1	3	357
21755551-94e2-4981-a4f8-c6138c86202e	V	1	L	1	3	72
445dbdbf-ac85-4f8f-97cf-2308a11dd1b2	V	1	L	19	3	154
b2d2451b-49e8-4f33-8a49-4755fb31063d	V	1	L	28	3	1292
860424d3-0d46-45e7-a4cd-0002ab77010e	V	1	L	1	3	18
39e4f648-1c7f-4815-83ae-c2e666cdb621	V	1	L	1	3	26
d2264b85-743a-488e-9a64-09201a45ce24	V	1	L	32	3	269
c00f003d-491f-4a68-bf14-0aa0d2a23327	V	1	L	1	3	6
018f2c63-98f0-4cad-b136-f742a91a6018	V	2	L	1	-4	37
43b56031-827a-4b49-8fea-47d2fc1d17f9	V	2	L	7	-6	15
b4aec5fd-d550-4158-a8c6-9e6e0e0cb060	V	9	L	1	7	32
f6fc43df-1b29-4038-8b95-7dc149b622d3	V	428	L	4	7	28
8d5a6adf-e5e2-418b-af76-1b2ade91accc	V	608	L	1	1	157
29ce5c6c-e98f-4482-b61e-45c384a35b5c	V	1282	L	16	4	177
ace9429d-7ebd-4493-85b6-f35684c5647f	V	1297	L	31	7	4
c7eac38c-2ec0-4600-b20d-81f80a83d954	V	2027	L	47	6	930
bd7693c5-35f2-4905-ad14-80fc0edc771e	V	2211	L	60	7	18
744fdc99-8185-4535-b44c-78b554af3c96	V	2227	L	2	3	1522
3ce63de3-d56f-4aaf-9740-c1187bbf443b	V	2227	L	1	3	1168
e891dabd-422c-455b-a695-bce588432663	V	2234	L	1	2	177
2f80b927-ad87-47dd-a3f7-fb63a184c1f7	V	2322	L	2	4	49
a01eb581-cef0-4f26-a8ff-d14526322438	V	3276	L	1	5	325
3254b376-afa1-496e-9fba-8b5e51327b11	V	3321	L	34	2	733
0696a8a1-a46b-45d4-be5d-ddd2338a3cd5	V	3438	L	1	7	121
a5a1d0ab-a29c-44e5-81b8-2cee812a6964	V	3445	L	1	6	395
8ef32e8e-8c4b-4ef4-ab72-2e3a54e0c3d4	V	3603	L	42	7	414
bd1bcd2c-f39f-4e40-9ecc-6fe19fc35b7a	V	3938	L	1	4	550
47636407-b80e-4d95-9411-59b3f12b24b1	V	3978	L	1	2	317
032f49e7-092d-4d57-8791-59714629d90c	V	4149	L	1	6	147
10493960-67d2-4a6d-ad23-54fb6bb70537	V	4161	L	1	6	325
04626781-62a9-4c65-b594-dab476001d19	V	4268	L	1	7	423
93d28e61-1dd3-4f1d-b149-3e37cd6c18f2	V	4441	L	1	2	298
97ba4154-a456-448b-940a-e09d9783dd29	V	4454	L	1	7	70
287838c8-06cc-43b2-b0aa-26a5228eb909	V	4500	L	1	5	1441
46455d84-a2f5-4c0c-a620-51c3f9ade283	V	4697	L	1	3	178
02c79dbc-5b77-4471-821c-7ac5d6fd94a5	V	16054	R	1	5438	2
02c79dbc-5b77-4471-821c-7ac5d6fd94a5	V	4700	L	1	6	645
3a547952-0db0-4f20-8249-ebdd95b8d3c6	V	4712	L	1	6	224
1344c194-a0bb-4f0c-a7ed-3fa550894deb	V	4732	L	1	-1	339
e9013f98-546d-49cd-aa38-79e019df028e	V	4750	L	1	-13	12
5402027e-97d3-49dc-9805-75d8309abfed	V	5077	L	1	-2	30
c6ec856e-8f38-46ad-8c38-1426a1620a2c	V	5124	L	1	4	416
e5fea671-819a-42b9-88dd-8436ded8de1d	V	5131	L	6	3	813
ae583bd4-df31-4b9f-bbdf-2a39f48f281b	V	5141	L	1	5	269
dab34a4d-edb1-4cf6-a7f6-ee8065ec5943	V	5291	L	1	7	610
2ea62501-0185-47e9-8018-56fa07f081c5	V	5302	L	1	2	107
9d7f026e-bd79-4045-9468-e88cca339f97	V	5303	L	1	7	12
57685990-644d-4026-aef6-352eac5ff897	V	5306	L	1	-17	112
3bffb9db-0f02-43cb-a311-ba9dd2d772e6	V	5483	L	1	5	451
2e84140c-5640-496c-b474-cf392f493336	V	5512	L	3	6	1606
8fcd7150-2a4c-4d7d-a949-0c6cf1c56c81	V	5512	L	1	6	266
9662028e-4ccf-4b24-961d-11260247edaa	V	5951	L	1	-1	168
e5afd47f-4658-4495-96e0-c5552bc7d907	V	5987	L	1	4	1054
373867fd-a899-477a-b404-957bb33fe41d	V	6044	L	5	2	417
46db2e25-f195-4b8b-92c6-8cf6562d8b9b	V	6046	L	1	6	1883
81b5a4ef-1393-4c5a-9412-56d33b744a74	V	6054	L	1	4	456
84544d05-da33-4025-8152-1ed03344d4bb	V	16875	R	1	554	2
84544d05-da33-4025-8152-1ed03344d4bb	V	6360	L	1	2	24
d0a295b3-0e57-4268-9a58-3dc5e69e165c	V	16239	R	1	9862	4
d0a295b3-0e57-4268-9a58-3dc5e69e165c	V	6360	L	1	2	13
62b398d3-fa77-4b5b-acc5-e271e9f3b797	V	19024	R	1	785	3
62b398d3-fa77-4b5b-acc5-e271e9f3b797	V	7575	L	1	7	948
d9adab90-ae0f-4b44-9d2f-3fba8fd5f294	V	8762	L	1	4	771
072a945f-3451-48b1-a5b5-7e619f62205d	V	9076	L	12	4	305
1970cb73-8824-4671-9b25-539cfb883ae3	V	9470	L	1	7	116
81213acb-2065-497d-aee3-23b6086e8ee7	V	9602	L	1	7	932
3f169301-c415-4b6a-8927-857362d4f6c9	V	19142	R	1	582	2
3f169301-c415-4b6a-8927-857362d4f6c9	V	9921	L	1	3	1472
281572ff-53e2-4b4e-9148-b420e7765968	V	13002	L	60	4	981
592231c6-99ad-4dda-a2a4-6e2463b34cb3	V	13504	L	60	6	1765
2f3b9415-5fa1-4c77-aa0b-21f9cf694f84	V	13505	L	60	5	1933
e3cf69ec-a69f-4f98-9efe-1238d1e5aa21	V	13515	L	60	7	311
8d14beab-7b93-44c5-9bf9-f4fe1e4ccd5b	V	13714	L	60	-9	268
21b9518c-567d-4ba3-bd87-91bf95af0e4d	V	13782	L	60	6	235
6ee46fe2-5bb0-48ac-9116-e62b2962e256	V	13867	L	60	5	495
6b6a3f11-2c0d-4299-adeb-65cfaa353643	V	14102	L	60	3	130
f450002c-7af4-439b-af78-54cebe82869e	V	14165	L	60	3	396
d7947082-4200-4038-bc9a-3b27351a9f2a	V	14628	L	60	-6	1652
5b7c14e5-c32d-45e5-80fd-6461d504ac84	V	15303	L	60	7	690
088a12ba-59bf-4c60-acbd-615b98d4fd6e	V	15952	L	60	7	48
ecb1ea7c-fbb9-4ee6-a8b1-1726f6496462	V	30664	L	60	6	144
a5ab8bab-8237-41e2-ae89-0a80f5daf7e6	V	30664	L	60	6	157
f822f2e2-1cb2-47f2-8b63-b03188e530c9	V	30664	L	60	6	203
a6cd0d24-414a-43f2-b8f6-2cb113e4d3d4	V	30664	L	60	6	123
486eb595-bd4a-4493-96b3-c34fabd0a39c	V	30664	L	60	6	169
82ed98d5-fba7-4250-9390-049cd0d462ea	V	30664	L	60	6	70
599a88ae-730f-487b-b8ab-b64637556710	V	30664	L	60	6	87
660cc141-1770-4026-99ea-3203bf926d30	V	30664	L	60	6	81
e5438fb2-45c5-4121-842a-479e7ef1ea75	V	30664	L	60	6	157
4380092e-e860-4173-a020-0c7742b79681	V	30664	L	60	6	119
08d789e7-42dd-4e64-be11-ecb3e5d7aa09	V	30664	L	60	6	212
47972217-0d53-4926-9816-36303c9241f8	V	30664	L	60	6	70
8bd82100-4357-470e-8618-4c7f2e0f8742	V	30664	L	60	6	74
515d80a9-a74e-480e-a4c1-022ed878522d	V	30664	L	60	6	85
984b98c5-ce7b-4488-ad1a-f006912f1136	V	30664	L	60	6	124
76a8ea51-e7d1-48c7-8900-6b3f718a2a9b	V	30664	L	60	6	277
39eb7825-c9dc-48f8-92c0-0c4ebc15c1d9	V	30664	L	60	6	193
58ff906b-cb71-4b5a-ac62-f98a84c52949	V	30664	L	60	6	81
aa9850c2-b60a-4940-b5c2-7cdba814df54	V	30664	L	60	6	149
de7fbc77-f567-47c7-8c5b-4d41b10e6990	V	30664	L	60	6	124
2a24bed2-4e4e-4a7a-928b-849246540145	V	30664	L	60	6	141
95ec98d5-48e1-4364-89a8-1908ecbf549c	V	30664	L	60	6	105
28516183-7652-4391-b460-629ec35cab21	V	30664	L	60	6	84
1d997edc-b9cd-42c2-be3e-f47b36f651c2	V	30664	L	60	6	141
d4b167d8-4fcb-4af8-a481-a06b9da2d171	V	30664	L	60	6	137
912c133f-e3d0-41c0-8aab-145dbaf75d5a	V	30664	L	60	6	149
63d7f26b-7c22-471f-b35f-9b48942c8874	V	30664	L	60	6	141
592b5294-7539-4891-9d90-e08928440d06	V	30664	L	60	6	156
2ecec6eb-f812-480d-b7c6-16f1832e7701	V	30664	L	60	6	201
e10bd969-3a14-4f5d-8e9f-ddb57d3d3c8f	V	30664	L	60	6	98
70274038-e2ac-426c-a905-5600599f88a0	V	30664	L	60	6	110
56dc7ffd-f079-4d0d-a2d8-380268fd2a7a	V	30664	L	60	6	206
cbfc728a-1978-4f43-b680-c921bf581859	V	30664	L	60	6	187
d80f663a-3a80-44bb-b961-9a71c390fb86	V	30664	L	60	6	169
097e5aad-4f32-414c-85f6-645224ac8831	V	30664	L	60	6	190
d3068b89-4b62-4e31-850f-67d009aa6f66	V	30664	L	60	6	116
9873bd89-4ce5-439a-855c-8c07939ff9e8	V	30664	L	60	6	141
1198f238-1bb9-45fa-a774-aa2667c26d6f	V	30664	L	60	6	149
09edeee1-cc34-4c21-8c8b-ef1b17106cca	V	30664	L	60	6	118
e98a53fd-c81d-4bf9-9758-de4ef81bd177	V	30664	L	60	6	89
e2b4662d-61f2-4a9b-82e5-135b29c0668c	V	30664	L	60	6	85
e099317f-e4e5-40de-90a9-4977c17a1010	V	30664	L	60	6	119
a184351f-2528-40a1-aeb1-2906a78f87d9	V	30664	L	60	6	168
652c60ae-16fa-4a0c-a0cb-832a50139309	V	30664	L	60	6	118
5d717874-4275-4bde-bf03-f7886534551b	V	30664	L	60	6	258
fe452700-0a46-457f-9ebf-c45e59bac576	V	30664	L	60	6	175
5f98a55d-777c-450b-aa6c-8054cad32447	V	30664	L	60	6	101
1f4e813b-f85a-4b0a-a2c3-7d23d573cb29	V	30664	L	60	6	167
bac83ac8-04b4-4379-b4ab-d07a1ef26863	V	30664	L	60	6	153
340124e9-f16c-40de-9668-ae34a9f6c628	V	30664	L	60	6	76
9bdd2337-a4e1-45ae-8123-24cf3810173d	V	30664	L	60	6	135
0998260d-1f65-4dc7-8e35-aa36efbbd311	V	30664	L	60	6	177
bf7a1a1e-ffb8-4220-abcb-b6101ba1ac55	V	30664	L	60	6	91
382135ae-109c-44e6-9bc1-47493afccd1e	V	30664	L	60	6	226
070b3a43-781d-4381-b3e2-a75bdfede7f2	V	30664	L	60	6	259
3e68ba56-de58-4e1e-94e3-8437d1fa2854	V	30664	L	60	6	157
b1814a32-0863-4bcf-8dac-7b178513630a	V	30664	L	60	6	114
8ad35354-498b-4dcb-9276-7777fd93fb08	V	30664	L	60	6	180
ea8faf35-983c-4b50-98f6-d2d45d174270	V	30664	L	60	6	146
88e4a22f-d1ad-4763-8e1c-e326b077ea0c	V	30664	L	60	6	236
ee4a58d2-a495-41c5-9752-bbeb156ff9cc	V	30664	L	60	6	170
e5cd57a1-1006-4cf9-bbb7-7a56af4b320e	V	30664	L	60	6	145
0119090a-c18a-4126-aa98-cf2d0f5cd8e2	V	30664	L	60	6	84
6d8c573e-b67c-4963-8fd4-44df9eba6b7f	V	30664	L	60	6	172
3e5886e0-2439-49ed-b947-322d1e8bc716	V	30664	L	60	6	165
9b7e281b-456f-4223-87dc-0ad4b4988568	V	30664	L	60	6	61
9bfe7f80-ef3a-41f8-95b1-1b2a155f7bf2	V	30664	L	60	6	147
3b67ac7a-8b78-4a0b-8bc3-a8a451d70dc1	V	30664	L	60	6	131
2ceae31a-f4ab-4e95-9af3-6dd6aa03d489	V	30664	L	60	6	104
57f90307-9dd9-43b9-b85b-f046714ce344	V	30664	L	60	6	96
4ff13143-a9bf-4c59-8660-21bd443249bd	V	30664	L	60	6	150
246c440d-7660-4f44-b255-214571a2af0d	V	30664	L	60	6	8
28abb141-6f3c-490f-ad9d-eb7fbef4a0a0	V	30664	L	60	6	23
b1a94596-c3e9-41a1-b9b7-d82a9d85be05	V	30664	L	60	6	18
aab10616-81de-4de6-a6ae-6da275cce191	V	30664	L	60	6	48
f58be8bc-8247-4f4e-92f3-27adb2f9f1b4	V	30664	L	60	6	14
46ce3ff3-1cb7-48af-bcde-8db8674807b9	V	30664	L	60	6	39
6fbc5a50-0143-488d-aa8c-db4cd954857a	V	30664	L	60	6	7
4ef2b68c-3810-479b-a1a2-af86994e01ca	V	30664	L	60	6	5
e8de2c7f-9fc3-45d6-96ac-a462f041580e	V	30664	L	60	6	17
c49567b3-9042-46df-9959-6e276ac9c31e	V	30664	L	60	6	5
de4a8cd0-5e19-4887-ba76-f86b061200f1	V	30664	L	60	6	90
500d3287-d86b-43ac-b975-6d8bda9752af	V	30664	L	60	6	16
f8985ceb-af96-42b6-b5cc-42f9a4bcd5df	V	30664	L	60	6	19
5a7b1540-1f78-4234-a198-6c154f4280a1	V	30664	L	60	6	79
97b0b04b-b964-4be1-b848-299cd0f3d593	V	30664	L	60	6	7
b837d8bc-6830-4875-ad4f-d7de7fc4f0fd	V	30664	L	60	6	6
0939bcfa-5b6e-4846-b004-0e86fae8c053	V	30664	L	60	6	102
eba134bc-e3b0-4126-a6dd-317749cb31a5	V	30664	L	60	6	9
ee48a979-6b11-41cb-bb6b-975f8aafff2d	V	30664	L	60	6	5
767537ab-4818-4a03-8935-a5f4c12626c1	V	30664	L	60	6	3
d9d22d85-ea84-4a8a-b4b0-d9252944131b	V	30664	L	60	6	14
f07789de-9eeb-49a1-b626-b532218e35d3	V	30664	L	60	6	10
09dd8ad6-c455-4b70-b25c-92934745b6e1	V	30664	L	60	6	6
f072a131-d5f7-4cba-b5d4-16302f2046d6	V	30664	L	60	6	11
afa5b007-4ff2-4e7d-a3cc-35fa9525a7d5	V	30664	L	60	6	19
5ed37d61-4618-4c83-9c24-b3ddbab302b7	V	30664	L	60	-5	87
b3e68c1f-854f-44e5-bed6-2913817efac6	V	30664	L	60	6	7
a92cb5d2-235c-4ee9-80fa-61025e081d2f	V	30664	L	60	6	12
f38aef93-d73e-45f4-9a86-34c78d45e40e	V	30664	L	60	6	8
65fb55fd-8938-4a7e-bcaf-343557de58be	V	30664	L	60	6	16
8ad4b296-f7a8-499c-bd8d-324b5f46b779	V	30664	L	60	6	9
e1585857-82ab-4dbb-9de0-6ced33bf9c44	V	30664	L	60	6	18
b8c5d117-dd65-4a3e-87da-f861a8ae43a1	V	30664	L	60	6	6
e71aaadd-81a9-48c8-a620-b46b052b997f	V	30664	L	60	6	5
247a9a1c-85e7-45a7-a345-74c97d51952e	V	30664	L	60	6	3
9defc1b2-7ee9-4b05-9cee-7ba9555983c2	V	30664	L	60	6	8
00836b9f-cb08-44d3-9039-ab89b2cb6c85	V	30664	L	60	6	16
eb1151b6-67e2-438d-8dcb-53e314092d49	V	30664	L	60	6	6
3ffa0a09-e3ca-4968-8c5e-27101702666f	V	30664	L	60	6	7
205ba2a0-88de-43ca-b195-63ab558d83fb	V	30664	L	60	6	10
0dbf8b8c-b9c3-4b75-b58d-9a9387a4faf1	V	30664	L	60	6	20
f5db08d3-d903-40e9-afe9-a0ec7279b2c1	V	30664	L	60	6	12
45c03118-6b1c-4bcd-a0df-a13e7edf0a37	V	30664	L	60	6	11
9160d199-5970-4bb5-b254-639ae2d79407	V	30664	L	60	6	5
39b4d8a6-eede-40fa-a156-afb913a9633d	V	30664	L	60	6	41
42f72cd4-29cf-4a11-b5c1-2c1e2899e87e	V	30664	L	60	6	61
64424844-746e-4148-a4de-b7aeef10f7e5	V	30664	L	60	6	17
65d846ab-3429-4af9-b645-79fb6b788870	V	30664	L	60	6	6
e702f1e8-f6bf-442c-802f-f7d6db2e16d5	V	30664	L	60	6	10
791b5684-77e1-41d3-8dc7-aab3e9e11087	V	30664	L	60	6	85
ff6855ba-f56a-4180-a68f-077a9c6f69e3	V	30664	L	60	0	10
a1addfd4-3a07-4492-b369-732c424e7d0e	V	30664	L	60	6	30
7f6f1ca8-269e-4197-b0d8-6751ef486076	V	30664	L	60	6	16
a2af7949-5134-4349-bdb6-a9187ba9fc50	V	30664	L	60	6	10
e90bc31c-c04d-4ac5-8d16-fbf78e743ee5	V	30664	L	60	6	9
68a9f658-7b1d-4465-a033-3e4861b519bd	V	30664	L	60	6	15
e7427d81-e0cb-4b07-a75d-2bbfd120a3a2	V	30664	L	60	6	16
1a98029e-cd99-4698-a427-2fc92869f754	V	30664	L	60	6	20
7b9275e9-c1b8-4d27-8931-697b724e9dbc	V	30664	L	60	6	59
05d713d0-22df-4553-b6e1-2a49b71743a6	V	30664	L	60	6	9
32aa04e4-c1a6-422c-9251-58e6a033e90f	V	30664	L	60	6	11
84299519-6a00-45d1-9672-a81571efd7d0	V	30664	L	60	6	21
2f0d478f-e152-4423-9cd9-41adb77e5037	V	30664	L	60	6	10
ea86c519-c944-4701-92b3-6fcff642f902	V	30664	L	60	6	102
2f054e6a-e2b1-40fa-b425-76b5c7309d36	V	30664	L	60	6	12
efc749e0-1486-4ac3-b7e9-7685ce200a81	V	30664	L	60	6	10
f1f1f012-3a75-4fa3-beae-c2a05d192216	V	30664	L	60	6	3
94bdfb27-04ef-4522-929a-1f10e0f212a8	V	30664	L	60	6	16
23d897e8-30a6-4479-8669-cc771c6b7305	V	30664	L	60	6	17
b99ebca5-b15c-4388-b90e-d69d7a4b2f6f	V	30664	L	60	6	3
2355a08e-58af-4561-8f4f-e50549d43606	V	30665	L	60	-3	62
e8bb3e28-6e66-466d-be14-aba900dcfeea	V	30665	L	60	-2	78
65bd9121-3029-4ae1-99dc-ec80e1149387	V	30665	L	60	-2	48
6fcd7f02-f4c5-4080-9e91-ab399d274919	V	30665	L	60	-2	5
830b5b49-e6de-488b-baa4-98ec5cbba3b7	V	30665	L	60	-2	3
98b1b7ec-6958-4aec-a275-cadff28a973c	V	30665	L	60	-2	24
16d287a4-5d2e-4ad4-ad21-c6bc97e9a017	V	30666	L	60	-14	64
600a1ce8-ba14-43ae-83d1-91c8ddab1723	V	30667	L	60	-7	15
370e919f-dc52-450b-8206-f62e1938b30a	V	30667	L	60	-10	3
9e24997b-97cd-4fda-bd9b-82a7e4237d47	V	30668	L	60	-10	14
27300d2c-811e-4d09-b0d5-df4319d7f4be	V	30668	L	60	-11	4
02804fc9-1a8c-4e6b-b08e-aada07317c2c	V	30668	L	60	-15	2
2915a8a0-fb49-43ef-97d3-f0a7b880e9f4	V	30668	L	60	-7	5
9215bbe3-6443-4d87-968c-d2e69ece857d	V	30668	L	60	-8	7
a9dd6253-9347-4e09-a1ac-6781a6e1a8c8	V	30668	L	60	-6	32
989fe00e-8a71-4f28-b719-0f482c8342ea	V	2741129	L	60	-23976	2
bdf86b4b-25ac-4b35-8c3d-c36250c72a7d	V	8205259	L	0	-2597	2
71552ad4-20db-4818-a8f4-20dbc20f8a0a	V	8214457	R	0	10264	2
aec07fc3-6667-43ce-9e08-3831e0eefe14	V	8235076	R	1	3088	2
646e5b60-6b74-4bff-a87a-69315c2d91cc	V	10783457	R	60	-6	12
277772c4-6a21-423e-ac4c-f16de69f76d1	V	10783457	R	60	-6	135
701083c7-f31a-4aeb-98ac-681a3fd16187	V	10783457	R	60	-6	6
907a14ac-0879-4994-950a-294a6f6b2e7a	V	10783457	R	60	-6	135
c1faef97-a88f-4497-8335-e80f76640de5	V	10783457	R	60	-6	158
e3dcee10-1545-4698-a372-ef62e6b0ba96	V	10783457	R	60	-6	173
0c425c50-2ebe-44d9-b058-39e575454442	V	10783457	R	60	-6	88
f339bdc5-6960-40c3-8783-736baa3cc257	V	10783453	R	60	6	17
5406c82e-33b2-493d-b1ce-cd7368db41f8	V	10783457	R	60	-6	11
cc6bd1f1-d63c-4589-865f-adac444b9000	V	10783457	R	60	-6	177
074fac6a-6ab3-4751-8661-f8525d41659c	V	10783457	R	60	-6	4
85fe99d5-6f31-404c-acf1-03e5110e3525	V	10783457	R	60	-6	19
101b2c58-777d-41e3-97e2-a3decec6631a	V	10783457	R	60	-6	21
e7b400f6-b664-4302-8c1c-c5dba076add5	V	10783457	R	60	-6	17
37c7ffd1-0e87-4333-97c6-5e0bd32f2d5b	V	10783457	R	60	-6	17
ba89fab8-9377-4198-8230-d59f142a0fff	V	10783457	R	60	-6	169
ad2ff91b-cf94-45f6-bb70-21c8167f6a12	V	10783457	R	60	-6	14
9c73e35e-7db8-44d1-928e-b7832d0873ce	V	10783457	R	60	-6	198
8c36a5c1-2324-4e67-b3b4-444d3695892c	V	10783457	R	60	-6	142
68bf52f4-c238-473c-8591-4cb082eeaad1	V	10783457	R	60	-6	126
b1eac79c-bb79-42d4-93d4-6602bddc06b4	V	10783457	R	60	-6	6
c99cb1ec-72ff-4355-8f38-0b3be3954b59	V	10783457	R	60	-6	132
c1ad855f-e3c3-4ed1-bbf6-931b5abf07b7	V	10783457	R	60	-6	163
864e5837-522b-4de2-bc78-c358b7c71e8b	V	10783457	R	60	-6	127
a5283d34-b279-4824-a018-79973180876c	V	10783457	R	60	-6	57
5cfaeb62-f978-4844-a253-2d7f86868105	V	10783457	R	60	-6	82
15b40a30-5096-4396-9882-8578aacd874e	V	10783457	R	60	-6	14
2c27fd33-2cb5-450f-84a3-9a8590e3e308	V	10783457	R	60	0	8
e877e74a-5800-42ad-8d1e-11ae3a6b8a43	V	10783457	R	60	-6	8
b825397b-e7e3-4eef-b0da-c9208898e33e	V	10783457	R	60	-6	117
8b35fcdd-200c-48af-93e0-258b94ae841d	V	10783457	R	60	-6	152
a0742f3f-2e26-445c-bfd7-ac33b3e03215	V	10783457	R	60	-6	130
48ed9174-75a4-4835-9e9b-d800ab58cc95	V	10783457	R	60	-6	8
760b86d7-e770-4af9-9d1c-86ed20c2e8a5	V	10783457	R	60	-6	135
da570c94-08b3-4fa9-b373-7f4fca95e321	V	10783457	R	60	-6	125
4b05fbe9-a90a-4ad2-b21e-34bc23a92957	V	10783457	R	60	-6	153
0f8ed3b3-c70c-4e2d-a184-76131955bd5a	V	10783457	R	60	-6	79
d4167a57-d809-4eab-896a-f92fa32f8b8f	V	10783457	R	60	-6	153
4b96e620-4acf-4828-a0f2-8f5dd7b540d6	V	10783457	R	60	-6	156
2f717c10-11a8-4a27-b843-dc50ab0da84f	V	10783457	R	60	-6	220
ad345661-2cd1-4f19-8270-ecd15312fd4a	V	10783457	R	60	-6	11
4861a087-2691-4778-ad32-d3b3f3ddfca1	V	10783457	R	60	-6	89
ce7067ec-bdc1-4167-adee-bb31ac529a05	V	10783457	R	60	-6	239
88a84998-e155-462f-90d5-7eb796de3fe2	V	10783457	R	60	-6	84
80e92f1c-0691-483d-a19b-207fa3b0598a	V	10783456	R	60	2	175
4adfcf3b-9950-402c-93cc-e7addd9c544f	V	10783457	R	60	-6	7
581307ea-09c9-4db1-8dc7-70d53872c38c	V	10783457	R	60	-6	95
e9de7081-9f55-4c0d-9914-8f1c4811e335	V	10783457	R	60	-6	226
cd687f53-bd49-4c8d-80d8-13f067b65125	V	10783454	R	60	9	13
c788ec98-360f-4b2f-9f76-cb628915a7bc	V	10783457	R	60	-6	6
1b077726-15e5-40b4-9d78-dfbd35914d1d	V	10783457	R	60	-6	186
ed603e71-af66-400e-86a0-867770712388	V	10783456	R	60	2	88
a3accfa5-bf2c-4758-b533-e445387e1e67	V	10783457	R	60	-6	79
f5e8238c-df9d-447c-a777-6e1ae8ccbec7	V	10783457	R	60	-6	132
153c5a0e-9df3-4aee-a48b-f4f6ad544cee	V	10783457	R	60	-6	4
70679778-2c40-4941-98e1-dcf033342877	V	10783457	R	60	-6	21
2f07516e-e201-461f-809e-5266effd4c1f	V	10783457	R	60	-6	36
10f58a8b-9f2e-4cd9-8f43-c853189685f7	V	10783457	R	60	-6	154
002d5699-ca1c-40a0-8c22-f15102ec63c3	V	10783457	R	60	-6	101
183b4fb0-8b92-4904-a156-d3c9520df0f2	V	10783457	R	60	-6	117
8c0427b0-46f9-44f8-b78b-274feced7e0f	V	10783457	R	60	-6	5
bc95889c-ce72-4314-8941-c639bf9a1de2	V	10783457	R	60	-6	97
c9aab83a-a1f5-40b6-8bac-2852b8834608	V	10783457	R	60	-6	6
38bb7fa6-c998-45e2-bc5e-62c2e7f6ded9	V	10783416	R	60	2	72
90beb469-495d-4389-a0a4-48cbc955e6c8	V	10783457	R	60	-6	5
418f437e-a605-4ff5-b268-f55cb7567655	V	10783457	R	60	-6	118
6f24a7cc-4741-4a95-a8b1-b88c9561a09a	V	10783457	R	60	-6	87
6e003ddc-91ac-40d7-9562-0327ed39ed11	V	10783457	R	60	-6	16
cdf5d66e-e4b0-49a5-b338-693d7fd8afa8	V	10783457	R	60	-6	86
5602d85a-3991-4f2e-bde0-773765fb2d9a	V	10783457	R	60	-6	152
4aa8c9fa-fcec-413a-8ab6-40f3f1208391	V	10783457	R	60	-6	152
cd32a13f-4aa4-4462-a863-9e668c44e5ff	V	10783457	R	60	-6	10
79636434-d43e-43cb-988e-85180a2ce593	V	10783457	R	60	-6	225
07d03569-470c-47ca-8b29-04fe6c2e2df3	V	10783457	R	60	-6	152
4458f89d-d9e1-4dfd-8532-224b3e80a0bc	V	10783457	R	60	-6	11
d0cb91a2-d10b-49d4-aeb2-ad735be6eacf	V	10783457	R	60	-6	208
3ac21101-4b97-4637-a015-96f885ca2a6d	V	10783457	R	60	-6	12
8458d296-46cb-4bd6-9bdb-53ad78e2524d	V	10783456	R	60	2	94
8381378f-9f22-4f15-885c-8a39e9e3e610	V	10783457	R	60	-6	28
016e18bb-17b7-443d-927f-50f9eef8f494	V	10783457	R	60	-6	153
22bdae1e-8968-4d44-9728-1d21c53f0060	V	10783457	R	60	-6	90
df6bc7bb-c85e-449a-815f-4acf79332bd5	V	10783457	R	60	-6	130
33e8eafa-acb9-47f7-a51f-62fa5e3196b7	V	10783457	R	60	-6	248
02ade72b-4d5f-4d6d-ac4c-7409208ad404	V	10783457	R	60	0	24
388cf45d-d31c-4799-844c-282b0ef4696f	V	10783457	R	60	-6	199
2ddcde31-103a-4773-9363-39c86b9537ce	V	10783457	R	60	-6	14
e882e735-0d89-4555-8231-c6c64c834ca4	V	10783457	R	60	-6	10
945d197f-3c40-406c-9c04-73437577d93c	V	10783457	R	60	-6	122
1e6eea76-0aa4-40fe-9ccf-e33f4965cc84	V	10783457	R	60	-6	157
d4b5566d-a280-40d3-b3ea-bb4aeac1feb5	V	10783456	R	60	2	92
88780008-cfab-4e2e-a4a3-947908304f26	V	10783457	R	60	-6	12
1024ddf6-8943-426b-a251-3387cc5a07a7	V	10783463	R	60	0	76
9803c1cb-54d4-4e89-af8f-d19fcb005910	V	10783457	R	60	-6	56
aeedf2a8-b350-4ec5-9513-72a4d4a1e6ff	V	10783457	R	60	-6	86
68142d47-e91e-4ad6-a909-c96f9059465f	V	10783457	R	60	-6	56
bb99dc72-047b-456d-8bc3-51c2c91fb90b	V	10783456	R	60	8	15
c5eb84e7-7590-4bd3-80f6-5b128f662e40	V	10783457	R	60	-6	83
2fa167e2-4f03-4de7-8046-b8adc107c087	V	10783457	R	60	-6	129
9d9e0e63-8ea0-4d3c-8617-59d7ec2040d4	V	10783456	R	60	2	88
7d6e7599-590d-4b31-89e4-895f6eab7e45	V	10783457	R	60	-6	4
b745d9d7-3e16-4135-9862-7bd8d4dd4034	V	10783457	R	60	-6	12
8cc750dd-172a-4fd1-977e-006b5fe99811	V	10783457	R	60	-6	167
6d061e38-07b0-4037-9d76-c31026426c81	V	10783457	R	60	-6	126
ace259a7-18d6-4ede-b449-c6f429b2e6b5	V	10783457	R	60	-6	79
755062f9-9352-417f-8730-202f62cae3b9	V	10783457	R	60	-6	4
6e4aa0b7-b798-4968-adfa-3cf6195c6580	V	10783457	R	60	-6	104
40cf5965-842b-4fb8-86c4-c93ba6489eae	V	10783456	R	60	3	97
ff7ff378-5663-4010-8a0f-6db72657aae9	V	10783457	R	60	-6	162
446ca024-3757-4a0a-9a27-6f9bdf0af6ca	V	10783457	R	60	-6	17
a780c0a7-9be6-4554-bca4-f709471d54be	V	10783456	R	60	2	144
f8fc932e-d8f1-48d8-9716-7e346b617a02	V	10783457	R	60	-6	124
2ac76079-9ab7-4672-a3eb-d24b5fe90d5b	V	10783457	R	60	-6	10
fad8717c-1e14-422a-83a7-d1be7bd21ab4	V	10783457	R	60	-6	20
eeb16b72-e1b2-4372-b9e1-42faa9d526a6	V	10783457	R	60	-6	12
6d04ba36-d4df-49c0-b0a1-6c4a5493b7be	V	10783451	R	60	9	69
eb519a34-60ab-48a5-99f1-2afff1b78bc0	V	10783457	R	60	-6	23
77ed5be0-d83b-4df7-b8e6-87c6972b68ec	V	10783457	R	60	-6	169
1eee2eac-f0ef-490a-b3f5-c2c3cfec4927	V	10783457	R	60	0	4
ca137c2f-c2df-4ef7-a3b4-7511f102358f	V	10783457	R	60	-6	139
ed22835b-a095-46be-a5db-9c2c7f01a8f7	V	10783456	R	60	2	99
0fbd473d-2adb-4c9d-b1c1-f8cd396beaef	V	10783457	R	60	-6	5
51088030-4011-44b5-b664-5edc30336a21	V	10783457	R	60	-6	5
1515f0e4-58d2-42a6-a598-8041a412c5a7	V	10783457	R	60	-6	32
1b695b58-6af0-4a45-907e-be7ce255396f	V	10783457	R	60	-6	7
a3acf4bc-9fa3-47be-a11f-6ba414c6cc90	V	10783457	R	60	-6	19
2ad66d56-44b0-4db1-9650-90076f66f69f	V	10783457	R	60	-6	10
64f4f8d6-4919-4ac4-a25b-a81de85e1a60	V	10783457	R	60	-6	9
b9e728f3-ff36-4366-b57d-d1ec2ecf2691	V	10783457	R	60	-6	28
647ed6ca-6fc6-46ba-af7e-384e30805bb3	V	10783457	R	60	-6	10
dcd00ebd-04ec-480b-b6e8-c2e8b5e9afc8	V	10783457	R	60	-6	10
85891819-8526-458f-a28f-0999b0392f39	V	10783457	R	60	-6	7
d6389454-9809-4c8c-b85c-2ae87a835cea	V	10783457	R	60	-6	102
c0f558c4-b563-497a-852b-4fa198bc3664	V	10783457	R	60	-6	119
f9102848-df91-4767-9820-0f4489f5a5cb	V	10783457	R	60	-6	166
331c7e63-8e91-4250-9d5b-31464a9f104d	V	10783457	R	60	-6	6
6be1f9b4-7323-4f07-b324-611612d80907	V	10783457	R	60	-6	128
5fdbb471-bc1a-4c95-8d32-c735ed090d11	V	10783457	R	60	-6	126
c1b2e24f-d583-4f1d-9a91-fe38f501d31f	V	10783457	R	60	-6	113
1f1012eb-c910-430a-8089-3ef351364712	V	10783456	R	60	4	103
fb6bf5f7-3c68-475b-bfaa-832a26257f8e	V	10783379	R	60	1	82
fa435720-5892-4945-b4c7-dba2d91789c3	V	10783454	R	60	14	5
6399807d-9899-4ad5-8b7d-df081ce24fb2	V	10783457	R	60	-6	114
d7a5e347-6d12-4207-9c81-8aaa2eae160b	V	10783457	R	60	-6	6
9ab53c76-c3f6-44b8-bf4b-50ff1d3b329a	V	10783457	R	60	-6	109
62e83ee8-d038-4b38-b46d-0ff59ff6cafe	V	10783457	R	60	-6	246
c569d82f-066c-4e24-961a-782437446efa	V	10783457	R	60	-6	187
338ed15b-3e5a-42c5-9a23-91b8802f6acc	V	10783457	R	60	-6	186
e7d1fb04-1a69-4a04-8ae8-23aaf197d182	V	10783457	R	60	-6	14
807db55d-fa75-44e1-9f58-f708137bf745	V	10783457	R	60	-6	137
941207bc-1e9e-483e-8cb7-4fdc9a4dec4f	V	10783457	R	60	-6	95
51146943-2b39-4c44-8850-0a54f4adf702	V	10783457	R	60	-6	194
60d36d56-f9e7-406e-8707-7caf155291ea	V	10783457	R	60	-6	160
47e03256-a657-4f62-9b4f-9fbd94721cc9	V	10783457	R	60	-6	98
9d9ae0ba-d8ea-4f07-b35a-4f33e57ba2a2	V	10783456	R	60	1	60
60e1603e-42ff-4e0a-b700-c6f008f39988	V	10783457	R	60	-6	230
27985629-af9c-4263-a629-3d63bcfd29a5	V	10783457	R	60	-6	130
104b1ec6-fd79-46ea-9be1-a74e47dd075f	V	10783457	R	60	-6	124
1862e1f6-0826-4b8a-9514-c9ccb4d06e04	V	10783457	R	60	-6	35
84dd0b3b-2c0c-4ca7-9026-f41bc1d5e561	V	10783457	R	60	-6	14
867f17e7-4f40-491d-b1cd-ddcb1e181db1	V	10783457	R	60	-6	49
7e152b77-1a0b-4140-b8d4-241451c2fc3a	V	10783457	R	60	-6	186
4bd867eb-56e3-4590-acee-b7300422d1ba	V	10783457	R	60	-6	145
0ba70eac-7e4d-449f-95be-a0e7fcc26164	V	10783457	R	60	-6	189
17ee926c-de8e-4cf6-93ef-43fe0270395a	V	10783457	R	60	-6	193
c4f4fcc9-53dc-45da-9896-0c4d930100c1	V	10783457	R	60	-6	12
4f42b3c7-cb3f-4dc0-a103-b17f0bf8a5ce	V	10783457	R	60	-6	4
942a3de3-7853-4a1c-88ee-d3c0b9b418db	V	10783457	R	60	-6	196
24496cf1-e2ce-444f-8355-1ed4bbbd96df	V	10783456	R	60	2	100
85cb1035-20db-40cc-b394-a66928e72376	V	10817479	R	1	3	2143
bedfd065-6663-44e5-89ef-2fb370cba4e6	V	10817479	R	1	4	114
fe7f0420-7639-4af8-bd4b-3ba3b2ce95d8	V	10817429	R	35	-5	160
cced0bd6-824f-4428-8861-662f4ff48b99	V	10817479	R	1	-2	2142
5a1874b4-b411-496f-a721-99a3abc36e04	V	10817479	R	1	-2	8
7aee2b9f-5c3f-4e18-b9e0-aef0fca673c6	V	10817479	R	1	9	135
255b5c02-f727-4a48-8285-bdf53f03bfee	X	1	L	1	5	16
11b42af2-c317-4683-93e5-2b9dea5806c7	X	1	L	1	5	203
88da3c28-f0ae-495b-adee-84bcb9104dc6	X	1	L	1	5	5
2357698e-12c1-4418-8c4e-557ffcea81d3	X	1	L	1	5	7
aff6211b-4cd0-49a1-a428-e072e0d1f1cf	X	1	L	1	5	19
972737c0-9887-4a22-b455-687000408207	X	1	L	1	5	124
b079b249-39bd-46a1-8c09-111c4673106c	X	2	L	1	-1	2
e3f8a60e-c79f-4e66-a038-5dd4153bc22d	X	4	L	1	-10	34
ff047fc9-ec82-4aa6-9dfd-e8cd532f81d7	X	7059	R	1	1866	2
3c05a997-634f-4e0d-ae14-e7c3491ac9b3	X	2024	L	60	6	1252
54a020d9-0b7b-4abc-9b49-739569a8b696	X	2030	L	60	6	1872
2bab9a1f-2f87-4d7d-a16a-5277f2ecd494	X	2030	L	37	6	133
50240080-6d36-48be-96b4-baa2fb3a2c7a	X	2042	L	60	2	248
25dbd815-a822-49a4-9535-d6c8a40e13db	X	2069	L	60	5	128
80d6bf8f-74ea-4fb7-a3e6-95f4a11de5b0	X	2084	L	60	-7	441
d6a85a11-3cae-4700-b79c-7b17017eba9c	X	2818	L	60	2	50
075d01cd-1187-4983-91af-0b525d54ef02	X	30288	L	4	-4	17
b7e97b4c-fc6f-45c6-8637-9bb8c97c31c7	X	51845	L	60	0	85
3c7bb9f8-4ad0-47f7-bcb4-b4b02c450f25	X	51845	L	60	0	51
866aebd0-0dfc-4b9e-95c2-7899d538f85f	X	51846	L	60	4	128
bd3cb9be-e3a2-4702-87a8-fb01d97aadc8	X	51846	L	60	4	155
35decac4-4a8f-4237-9980-06e1c7c17257	X	51846	L	60	4	113
0fca6d20-18b2-4a08-abd8-609b788d9c32	X	51846	L	60	4	208
51edf678-806a-482e-b1c6-f0d75740b6b6	X	51846	L	60	4	190
33bfec74-068e-4a2b-84e8-086e27dc8846	X	51846	L	60	4	147
2b0386e9-bb42-403b-a04f-602216bab8e5	X	51846	L	60	4	139
a2b8020c-6d41-4089-89b4-5cf2b2039546	X	51846	L	60	4	246
e546d855-a4fe-40f8-ac95-3cae741a8eb5	X	51846	L	60	4	187
ec94f3aa-d7d4-4772-9b3e-40bf39477908	X	51846	L	60	4	208
e1ff4388-2df7-4e98-9a5b-03c3f978f8d1	X	51846	L	60	4	61
2a10cd99-dc95-4303-8b2a-770852e78993	X	51846	L	60	4	114
a6e77e05-77f6-4a90-b777-1f7d99e12690	X	51846	L	60	4	188
1cb34488-7f00-4e42-9483-1baa8bf51b0b	X	51846	L	60	4	193
8fa38fe8-05da-4dd3-b062-f6a092e599bb	X	51846	L	60	4	100
269163e3-e6f4-4dee-9076-be26c211c1b3	X	51846	L	60	4	191
873435c2-2d4a-494f-8eed-b17e91380581	X	51846	L	60	4	93
4e19bebe-c079-4a5f-9aa9-625ff4109f33	X	51846	L	60	4	167
9530facc-4321-4b15-bb12-5d566de27899	X	51846	L	60	4	243
f54ca22b-a93d-4733-ba28-97150e0660f3	X	51846	L	60	4	69
5cfdaa20-e194-480b-824b-62521cbb992f	X	51846	L	60	4	97
7851687b-6acf-4e26-8936-987729c5936b	X	51846	L	60	4	165
7b47da77-33f9-4540-9343-1ac6a53526d0	X	51846	L	60	4	230
240d39d0-23ba-4c7c-8670-54106fb3df9f	X	51846	L	60	4	171
973c752d-02df-446a-ad8c-5fd246492dc0	X	51846	L	60	4	141
eb0ccdfe-b8b6-48c8-8bbd-8c3383b9e913	X	51846	L	60	4	155
d78c092d-8a27-4465-a039-eac8c1a1a73c	X	51846	L	60	4	85
984f250a-374e-4a8a-ac4d-0173633be8c3	X	51846	L	60	4	154
05320109-684b-4545-8957-55797e68643e	X	51846	L	60	4	217
b2523f2e-a6e5-434b-953c-2f2455c22faa	X	51846	L	60	4	221
1f1d38d8-d7da-4e3a-9ac7-ba1cdc018154	X	51846	L	60	4	126
f3f7cacc-abf7-4cdc-84c9-1d055df86686	X	51846	L	60	4	216
7839e5bd-9020-4755-b67f-c32196d4923c	X	51846	L	60	4	75
e041b905-9d6b-484d-82d6-cbd92f142cfe	X	51846	L	60	4	92
89327897-4008-4c44-a165-08f4d4ea7f98	X	51846	L	60	4	77
9ac30697-3f8e-4a87-9e9e-c6dc50a38470	X	51846	L	60	4	132
ea5adba3-ad37-4e6a-b692-4cc9348cc711	X	51846	L	60	4	102
02bea459-7ec0-45f7-aee8-44cf1181eeaf	X	51846	L	60	4	161
f1597d38-588f-4810-9112-f6e7b9c54ea8	X	51846	L	60	4	194
662f4a7b-352e-459e-ae96-96764d9a9a5a	X	51846	L	60	4	95
b1cd5cea-00f1-4758-9d8a-4b9afd4bc072	X	51846	L	60	4	159
89136a47-07ab-4c7f-92e2-1296688de5d3	X	51846	L	60	4	211
ab70dd73-3939-4cf5-87ff-41751856b005	X	51846	L	60	4	112
8c18acb9-dd78-4f30-948c-7b2e2c1b5d06	X	51846	L	60	4	182
56febbd9-00f8-4dcd-982e-ce11ca03acf8	X	51846	L	60	4	125
d75afb5a-63ce-4029-887b-bfc4be652fc6	X	51846	L	60	4	80
a5829745-c8e0-403e-bbd9-f2e005ba7d31	X	51846	L	60	4	86
b2161d97-17a4-4e3c-8636-575f01356791	X	51846	L	60	4	158
ae3b4d5f-65e0-4fcf-bc6a-ea34f140a2bc	X	51846	L	60	4	139
1c424c8c-33ca-4e0c-87b4-a4fc536ff788	X	51846	L	60	4	43
56bf5e9e-0754-4c45-9deb-bcf65e2e0a78	X	51846	L	60	4	65
1a8dc590-207b-47da-883e-3ad5f448297a	X	51846	L	60	4	140
424a5fa2-bd9e-41d0-ad29-7c2203852cbd	X	51846	L	60	4	149
0d7afb39-5786-4354-8cd3-2e7c4e1f42b0	X	51846	L	60	-3	56
9c414e17-8ba6-4600-9a04-41d06f2f4494	X	51846	L	60	4	122
83d663c9-239a-42e6-9dd5-dc971bfc885c	X	51846	L	60	-3	81
68e5f515-fb73-4722-9886-72bfdfd3c3c7	X	51846	L	60	4	87
77497b79-2004-4af5-824a-e4ffde9bb3fb	X	51846	L	60	4	164
d3fc308d-692f-4d01-ad30-639b742c0f87	X	51846	L	60	4	179
cf119156-bbcd-495f-b83b-1ef254a7d27f	X	51846	L	60	4	202
7a080785-0676-4415-8c8e-c65759a8c7c3	X	51846	L	60	4	118
a7f98d51-7440-40b5-bbf7-296365819752	X	51846	L	60	4	212
eca232c6-9220-46d9-8a0a-6c2fe76ae6ec	X	51846	L	60	4	90
861cb75e-683e-4d07-86d4-2edb0578fb2e	X	51846	L	60	4	166
c14f7659-103c-4d64-b308-21ad8d417e94	X	51846	L	60	4	102
3aeae97c-c0b5-4d85-a0d5-9209817abf26	X	51846	L	60	4	122
a7d58a11-ed2d-4e50-97a2-0ba0589e374e	X	51846	L	60	4	140
8f925b3d-50bd-49d9-839c-e50450abbd42	X	51846	L	60	4	111
813d7b69-cf0d-468a-a027-fc4b7b3d5ab1	X	51846	L	60	4	83
864a17d4-8bd8-4e7f-af2c-96a59a4daf4d	X	51846	L	60	4	141
120295e4-7fa9-4c81-90f7-1a01f1e76bbf	X	51846	L	60	4	98
d0fdeb7b-918e-47d7-8fdc-bb1866885d72	X	51846	L	60	4	194
0f12edc5-2d7e-48fc-8e9f-e7f338d4509d	X	51846	L	60	4	144
727289d1-7ab2-4456-b66c-29ccb034db34	X	51846	L	60	4	58
af56b5e1-5385-4aa6-a384-6c853482e1ed	X	51846	L	60	4	117
2edb4260-9c2b-4663-8294-95b33ce11485	X	51846	L	60	4	85
f9c873cf-d916-448f-8533-a900dbefd1ad	X	51846	L	60	4	182
591e02b6-bc8e-4841-8bc2-d431c17ac0c0	X	51846	L	60	4	90
becb8b0d-b609-4960-9395-03a2efe7fefb	X	51846	L	60	4	226
dbb1267d-3abf-4c7c-a338-fcabe2b15020	X	51846	L	60	4	188
d4ce7e26-f372-4513-a9cc-94bcb4c4edd9	X	51846	L	60	4	163
0c85d723-dc0e-4dcf-8e6f-b14615c51466	X	51846	L	60	4	79
3af06350-95e2-4892-a4f6-5c387afec646	X	51846	L	60	4	182
2695d95c-da18-4468-b17a-86ef6bef46fc	X	51846	L	60	4	160
c932ca61-92c8-4125-8711-fe3212eef4c3	X	51846	L	60	4	34
f1ad7046-81e1-42ad-9ea4-7e3a35ef95c3	X	51846	L	60	4	16
5aeefb8f-57e3-4108-847b-8c0124cf4b01	X	51846	L	60	4	28
231eb9c2-1ec6-46cd-8125-23c2d73e0d8f	X	51846	L	60	4	27
bd1c0ea5-a9d4-4787-8877-e4bc203a74e5	X	51846	L	60	4	8
a9e7dc7a-96f9-47b4-8966-3563d5eb2433	X	51846	L	60	4	164
d1e98298-eb01-4501-823c-5e3777165e8b	X	51846	L	60	4	24
bec8c1b4-5cf0-4149-8a3a-0a58cd9754f6	X	51846	L	60	4	4
2474e0ce-cadc-43dc-a092-fb39e8f49a79	X	51846	L	60	4	10
bb8760ee-dcdf-4af0-8698-6799dd05a717	X	51846	L	60	4	14
e100bc21-ef91-4d6e-98f3-6d18fece0f44	X	51846	L	60	4	11
e2395f04-c331-4df9-bc07-20f44fbc839c	X	51846	L	60	4	7
8ec0f25b-2cb3-48e5-b8fa-459e0d6484f8	X	51846	L	60	4	26
5e8442ab-a3f9-4386-a6f5-8aecaaba2337	X	51846	L	60	4	10
b3cfdf5a-8cb2-44b7-81dd-df1d7336f09f	X	51846	L	60	4	11
890cb5e7-4d62-477e-84b8-c279ff746245	X	51846	L	60	4	7
f93eb805-73ff-4161-a903-5af6b6f7f21f	X	51846	L	60	4	8
15609087-20c2-4b1a-9f0e-5baef32eb924	X	51846	L	60	4	14
476689de-7aa7-4bdc-ac4c-cdf38f3335a2	X	51846	L	60	4	21
413c1be4-4db6-492e-8ba7-d46edea254e2	X	51846	L	60	4	63
c8f17105-e141-4d19-8f67-3ff89308182d	X	51846	L	60	4	4
e71fc210-570c-4913-845f-669fa166fb70	X	51846	L	60	4	3
676779b3-a5df-495c-8f9c-6f9b33acbd20	X	51846	L	60	4	11
d6f89fce-f381-4cf1-ab8f-bdf97d2bdb51	X	51846	L	60	4	4
cbe59c92-6c81-4b86-9c3f-f12dcdec5768	X	51846	L	60	4	29
e1c491ed-2c3a-4e4d-bded-d5b038ab2c97	X	51846	L	60	4	126
20471770-28da-4fa5-938e-09bec637aa4a	X	51846	L	60	4	3
55ea309c-2ed4-4a48-a58b-2d71505552d8	X	51846	L	60	4	8
5efe1feb-dc6e-497a-ae96-a98a38c59b2d	X	51846	L	60	4	11
f4130cd8-90ff-49c7-886e-0518ab126e1a	X	51846	L	60	4	9
a5faaf48-b76c-44cc-8cb4-2d549aac31ac	X	51846	L	60	4	6
43b043d0-c91c-493c-be31-3e3c6fd7df44	X	51846	L	60	4	8
82a235b6-e811-406b-8d85-90dc0ab7288c	X	51846	L	60	4	10
f0333f4b-b4df-465c-93f3-499195f6e2b0	X	51846	L	60	4	11
a6d6e8fc-50ef-40bf-b451-c9e35a6393e0	X	51846	L	60	4	10
f87438d2-8480-476a-bbbe-3113c97892fd	X	51846	L	60	4	23
8879bef6-e0bf-4893-a7a7-488ed001b5a9	X	51846	L	60	4	24
9aa9b3e7-1fd8-496c-ba09-83f96310e41e	X	51846	L	60	4	12
76d08c21-583d-41c9-8a45-6fee7c697ba8	X	51846	L	60	4	13
b0a45d60-09e2-4b41-81e2-0dc4717fe729	X	51846	L	60	4	26
aacb2d5b-d761-4592-93de-f9c8cc7b1aaa	X	51846	L	60	4	81
737535d0-e3ef-4d34-814a-d2013e54b67e	X	51846	L	60	4	10
a1b6dff7-e38a-45e8-98c7-c32de3e99952	X	51846	L	60	4	32
ac36de0b-7e37-4fbd-b148-d0207333aa31	X	51846	L	60	4	84
b93147e1-3371-4a55-989b-d845c526c08e	X	51846	L	60	4	54
42bab091-e568-4c81-8904-6aeec057068b	X	51846	L	60	4	23
40492a26-b4a4-447a-9c63-010c7d744002	X	51846	L	60	4	222
99da5c21-3b85-4a38-b07b-21856610b08a	X	51846	L	60	4	127
f1490779-e418-4c4d-9658-9010c3d4d8e8	X	51846	L	60	4	16
b130d175-0929-407f-8ea0-fe911bc47fd7	X	51846	L	60	4	9
fc6beb62-606c-4c5d-ace2-eac9c752e68c	X	51846	L	60	4	9
0b11d3e4-3bb6-4373-ab41-ffc054d0f36f	X	51846	L	60	4	180
f5d2d937-66c2-41b7-b24f-13bfa65fe40e	X	51846	L	60	4	32
3b6ea21c-a648-4960-a883-e7638ae825b9	X	51846	L	60	4	6
5cb97de2-1689-42b1-bd3a-df559a265aae	X	51846	L	60	4	87
c02a2b2e-7580-4cba-a502-f6b10a52f9e4	X	51846	L	60	-6	23
b9a2f1de-7afd-49ba-9a70-aa861db4a119	X	51846	L	60	4	170
dc9b1c4b-2726-40c6-95cc-e7d61dc9f03e	X	51846	L	60	4	12
4aba52b2-ceae-4738-b2ab-fbe64e9d192f	X	51846	L	60	4	19
a0192ba0-944f-4dde-8700-9454ca7baa86	X	51846	L	60	4	12
5ba9ef2c-430b-4f18-b311-f99a94cedd0a	X	51846	L	60	4	21
f8516f6f-5374-422a-a767-cde82f8e0760	X	51846	L	60	4	3
3097f03d-eac3-4986-9bd8-e998bf27ff31	X	51846	L	60	4	11
6cf78440-064d-49bb-ac31-897c2c516b5d	X	51846	L	60	4	20
e8153473-9d9a-4ddf-a99f-41e8546d81ef	X	51846	L	60	4	5
de53bccb-badc-4ae0-b6a8-241578be7432	X	51846	L	60	4	111
04059030-f1be-4faa-88c8-4f67e2e48ef8	X	51846	L	60	4	117
9d035f1a-a991-4066-b940-04b045edc406	X	51846	L	60	4	165
d77d6c3f-911b-4780-9857-2835d3edbc93	X	51847	L	60	-3	8
9a2581c2-d4cf-4c03-8234-e95965fd805e	X	51847	L	60	-3	13
bc619238-319a-4e22-bad4-392ba86fce33	X	51848	L	60	1	94
6bcf68b7-a2f6-4f7b-934b-8c5ad124cf5f	X	51848	L	60	1	112
fbf0e91d-4483-4f43-9097-f5cdacf7d669	X	51848	L	60	1	108
596e5e40-d003-48cd-a680-f616c6ab0389	X	51848	L	60	-6	7
4f772a35-d8e9-488e-9473-f8baca07cebc	X	51848	L	60	-13	6
8137f98c-ea2a-40ea-a021-7ce77a44bb7c	X	51849	L	60	-7	13
72a5cc52-3681-4e12-8390-b5dd627d501d	X	51850	L	60	-11	4
ee6afb91-74ca-4b6b-8a84-97aa7db671e9	X	51856	L	60	-3	56
32c2a29f-b8d9-4144-b0f3-695ed228fdca	X	51863	L	60	-21	67
ea65d240-f1f0-4a42-97db-f5b8c68ae359	X	51881	L	60	-22	53
3d619d55-8fb1-4a18-9ca8-c1bef8a779cc	X	51891	L	60	1	74
bb97d388-4607-45b7-ae1d-efe092f5d314	X	51915	L	60	-4	61
0ef3bd99-56f4-46fb-8de9-dd983bf36b58	X	2493885	R	60	3658	7
4d01e054-6913-4d3b-844a-3561fb24375b	X	3765064	R	60	3324	3
d32bd2f8-3861-48f3-9d70-8fadf4c25468	X	11175686	R	60	-1	19
12f3a0e3-8199-483b-9d3e-e6df89982113	X	11175686	R	60	-1	17
a4d5f1a8-fff1-446c-812d-cd91af76432c	X	11175686	R	60	-1	105
df51416d-15b8-4e8b-b6ed-575716111d5e	X	11175686	R	60	-1	2
06a6369d-f7e8-4607-b4bf-dd9bebe8de1e	X	11175686	R	60	-1	127
f8287b0a-510c-43b1-ab34-5bd9c3d62022	X	11175686	R	60	-1	9
7047fd5e-b21f-4f5f-9902-9aa72ddf8d5e	X	11175686	R	60	-1	7
b0afea9f-3ded-49ed-bbe3-0bfd9d41e8de	X	11175686	R	60	-1	186
ed706826-b9d6-4e1c-b765-95b8772fcba3	X	11175686	R	60	-1	13
ecffbfab-ec69-48ac-8a12-a9e6a3bd7df5	X	11175686	R	60	-1	15
4c892b9f-f6ef-4fc4-9b23-c1181620cd71	X	11175686	R	60	-1	127
81fe66b6-24e4-4c21-a043-f911528e2560	X	11175686	R	60	-1	105
a3902428-1330-4c6f-a52a-e67912997d94	X	11175690	R	60	0	92
99056e50-b04a-4644-bd13-48daf666c49a	X	11175686	R	60	-1	5
58bd55e1-3d6d-408d-9c8c-7a52706b4013	X	11175686	R	60	-1	128
956a59d6-770b-41d8-a7d0-93c5d943c81b	X	11175686	R	60	-1	151
0811dfa9-32b0-4574-a1d8-c39a19b8e96d	X	11175686	R	60	-1	7
fd15edbe-b85e-4335-b8a5-8e76d63ac5de	X	11175686	R	60	-1	7
e48fa47c-81f9-4c31-89df-c712c5d32ce1	X	11175686	R	60	-1	192
68bc5a00-16a1-491b-86a8-c2fd778a96bd	X	11175686	R	60	-1	9
64e70a92-2467-4008-8790-4d389a252327	X	11175686	R	60	-1	7
15282a6c-9892-4e9f-8005-7090c130cefa	X	11175686	R	60	-1	3
2241ad2f-554c-4b15-ae07-63ad81bcaece	X	11175686	R	60	-1	100
2045bdff-a564-4321-959b-eeac5851964d	X	11175686	R	60	-1	224
e232e055-bf2b-406c-ad45-0187a8b07a18	X	11175686	R	60	-1	10
4b5a9778-ec65-45ef-9154-d7a7f862abfb	X	11175686	R	60	-1	119
43e4a373-5234-45f0-bf55-87a26b34c45f	X	11175686	R	60	-1	256
e21493c9-5f30-4925-b051-0b2f337a0232	X	11175686	R	60	-1	113
05da31fb-3259-40de-8916-dd8ecb57e09b	X	11175686	R	60	-1	133
cce3c6c1-e28d-4841-9f0a-f7ed6dd3072e	X	11175686	R	60	-1	82
57bc4b1e-28c2-4b0c-83d6-51d08656db10	X	11175686	R	60	-1	80
3f60bea6-87a2-46a5-8560-bb4a1806d18d	X	11175686	R	60	4	3
0b3ed972-91de-4cc4-ad74-36e7976624f8	X	11175686	R	60	-1	7
d0a7ae32-a3b6-4409-86a0-9fe76259e55e	X	11175686	R	60	-1	4
8817e6a2-ede9-44d6-9cfd-981a060931ec	X	11175686	R	60	-1	10
40ec9879-6233-4150-99ce-29c71dbae87e	X	11175686	R	60	-1	11
49af9f15-95cb-44ca-8b3d-7a0a7363a285	X	11175686	R	60	-1	12
f1cc38db-dd9b-4c19-8733-b60d1ecfc848	X	11175686	R	60	-1	2
4cc5e354-a1ff-44bd-ae3d-34c6ec38a516	X	11175686	R	60	-1	5
24d1e1e0-eab1-4539-b133-c61c88bb265f	X	11175686	R	60	-1	124
97ef0b47-7e5d-4a11-9a93-0a8976bda518	X	11175686	R	60	-1	3
9f900d25-cd43-4553-99db-e838c07ee886	X	11175686	R	60	-1	104
7909f30f-b689-4688-8841-453a5c9e6111	X	11175686	R	60	-1	3
7941c44d-f0a9-4c3c-89b4-77f65347f93e	X	11175686	R	60	-1	3
e3f07a56-adb6-4a9f-9802-cc3c5eef8cf3	X	11175686	R	60	-1	8
d4d4290e-0712-4797-9a0a-ece32b931e9e	X	11175686	R	60	5	5
607f2d8b-d476-4158-97d5-843a2da8e93c	X	11175670	R	60	-2	78
f9bcc4b3-b48a-498f-8389-cd697cf7a045	X	11175686	R	60	-1	10
cff63f3b-6f3a-4a81-b320-880dc1fd3d9e	X	11175686	R	60	-1	184
1e3d779a-884f-449f-8ea0-1b5965d3b6ef	X	11175686	R	60	-1	5
c5731f80-83dd-4af1-83b3-692b3bdd3385	X	11175686	R	60	-1	150
24e59ebf-bc6f-4045-8b2e-ae269367410f	X	11175686	R	60	-1	108
59d3e17d-9bce-4d1f-b176-8aa6250d74b7	X	11175686	R	60	-1	194
f57c9e9f-7e79-440f-baa0-1ff11dfda8d3	X	11175686	R	60	-1	4
99186c56-d143-4f1f-b8ba-3d9c1e417d2e	X	11175686	R	60	-1	7
7043e8fc-ca51-412c-979e-60a6eb3ea3a3	X	11175686	R	60	-1	172
d6c0d05c-e5a6-4bfb-8451-e73e8c89c512	X	11175686	R	60	-1	10
d7249076-96f7-4cc4-94a3-1feeaa734913	X	11175686	R	60	-1	3
1be876ed-f437-4223-bfbb-0aa53cc770a6	X	11175686	R	60	-1	9
b3ff7c35-31e8-43c4-9d23-d562d1e335d8	X	11175686	R	60	-1	16
9fb4c58c-49ba-462d-a775-74b85ce3322d	X	11175686	R	60	-1	8
7b0f37fd-1899-4044-8b6f-6f9c1556c2a9	X	11175686	R	60	-1	13
a1d533f3-9ed2-42c0-9499-b610095080d0	X	11175686	R	60	-1	206
1a28cf88-a358-4968-a671-cfbfd1685324	X	11175686	R	60	-1	13
9405e60b-2c2e-4e02-be3a-195477b3bbe6	X	11175686	R	60	-1	16
c653af39-1e65-469b-aea0-a02829902085	X	11175686	R	60	-1	4
a9084b10-43cc-45c0-b225-5ce5c7763f7d	X	11175686	R	60	-1	16
acc80be8-475e-498c-b5f3-14252402ce95	X	11175686	R	60	-1	147
67024694-319f-431f-8c06-efdefd15860b	X	11175686	R	60	2	122
fbe0a8fd-57d2-4679-9935-ec68cbaec7fa	X	11175686	R	60	-1	4
5e1a5b59-3e4e-4d5a-aa93-27fbf5c82efc	X	11175686	R	60	-1	22
f534fbf4-a12e-4106-a01d-44339f089d87	X	11175686	R	60	-1	143
1b0fc29e-ef65-49ed-a274-229375ae66e7	X	11175686	R	60	-1	222
6b8285fd-a469-4cc4-9886-758ad23a11d5	X	11175686	R	60	-1	199
af655b36-916b-4072-97b4-2a1804664759	X	11175690	R	60	0	133
7140a17c-9c89-48ef-96ca-f49910cd9fef	X	11175686	R	60	-1	121
021d1619-99e5-436a-9707-78d31082eb26	X	11175614	R	60	-2	72
9acbc967-761a-4567-ba65-e9dd9179f6d4	X	11175686	R	60	-1	174
b186f792-81b1-4fdd-97b1-7aa30e1fcfe1	X	11175686	R	60	-1	212
ca357a30-b1a8-4c0c-b8f1-55959cd80b01	X	11175686	R	60	-1	6
624de223-0095-470d-b069-18a6cc15bfaf	X	11175686	R	60	-1	135
4c2a1d2a-b571-45d8-9902-2901ddec6da5	X	11175686	R	60	-1	167
83aa4705-f558-41d3-912f-1d0a167ea835	X	11175686	R	60	-1	85
e065d7fb-d5a0-4b3f-b1df-f5a668ca4c86	X	11175686	R	60	-1	211
7ee30138-5196-4643-a9b0-22cb7a7337bd	X	11175686	R	60	-1	37
03b57f59-9884-44aa-83c1-3e4b71991d76	X	11175686	R	60	-1	5
d1b9e892-3a15-4f9b-a1e5-6cc5cf2e9b89	X	11175686	R	60	8	11
65812a19-9ab2-4bea-ab7c-0c9c07d5bd7d	X	11175686	R	60	-1	8
00b0ea03-d502-4d98-a5d3-807b8bbd6016	X	11175686	R	60	-1	166
a357eb6d-a78e-4e53-84db-a8d12fb6acd2	X	11175686	R	60	-1	6
699fc8f0-9464-4414-94b4-01fb9db4cf02	X	11175686	R	60	-1	5
eb4ab0de-8f0c-4f47-9ee7-824a5a1f3797	X	11175686	R	60	-1	3
9932d4e7-c8bd-4bff-a9e5-19859a96ec1a	X	11175686	R	60	-1	6
1a9289bc-bfba-4fe4-939a-30099dbd3b10	X	11175686	R	60	-1	9
d6aecfd3-d96b-4815-b7f2-db4795baa067	X	11175686	R	60	-1	120
0b304bf6-efc8-4f9c-94f9-d40afc646283	X	11175651	R	60	-3	81
538c5ae0-f09d-44a7-b2b2-2810db2afe73	X	11175686	R	60	-1	9
e0918cc0-63ed-4aa0-8638-2a9b08cdf9f5	X	11175686	R	60	-1	130
b065d6c0-b578-49a0-8bb1-08a12e4b8903	X	11175686	R	60	-1	95
a2185e5a-4d60-4da6-baa8-6b1830363d32	X	11175686	R	60	-1	6
8b341b44-9bb1-4b52-99bc-60da674ed3c2	X	11175686	R	60	-1	221
30184b96-fdd9-4f52-a348-d9b90aec8633	X	11175686	R	60	-1	122
07f40375-baf0-483b-bc0e-60132c251457	X	11175686	R	60	-1	74
ed3ee16c-3999-4e8f-910d-f6948be1bc46	X	11175686	R	60	9	7
ce266a0b-d727-4664-92de-7ac2d7542ab8	X	11175686	R	60	-1	3
11fc9408-6285-422f-9544-3f3874582511	X	11175686	R	60	-1	10
a2416a83-e189-4d77-abe4-795fb7892992	X	11175686	R	60	-1	18
156cb40e-d5be-4b02-827c-f986122a622b	X	11175686	R	60	-1	93
b5fc8565-ecc4-45b9-8a8f-dae3b0273c5c	X	11175686	R	60	-1	136
7ccba5f2-83aa-4ec8-8c92-776e073ed9f5	X	11175684	R	60	1	89
cb1c49d4-08b1-462b-b3da-17d47c9db0d7	X	11175686	R	60	-1	112
0ff5a9a1-d507-4723-8cb3-fa03da7920f9	X	11175686	R	60	-1	171
5ca62806-ac59-417f-a13d-b284f6f48987	X	11175686	R	60	-1	15
0292e98e-9814-4b76-b051-364b035d2718	X	11175686	R	60	-1	8
178e4207-bf4b-47f1-8941-5fec87479d68	X	11175686	R	60	-1	193
5937075e-388f-4cd1-8c3e-3e8ef6732046	X	11175686	R	60	-1	20
133ab5c0-a508-4fb0-a054-b8db12382071	X	11175686	R	60	-1	106
1dbeff0b-7bdc-4422-95c3-9e7652dc02c0	X	11175686	R	60	-1	246
b1e34a57-821d-4e85-b48c-3fb9412783f3	X	11175686	R	60	-1	159
ef526507-3519-4a98-b477-e0e93556555a	X	11175686	R	60	-1	12
bb62a992-7485-480d-bbe4-48dabcf9c592	X	11175686	R	60	-1	70
2ac49244-d947-4b0f-bd62-a68ea5aa0432	X	11175686	R	60	-1	9
1e4ba014-11f2-4055-8d81-99a3fb2ea3a7	X	11175686	R	60	-1	198
0fcbbc91-c7b6-41b9-9a17-7a8b9dead221	X	11175686	R	60	-1	151
42a9f68c-9478-4eba-b10f-c4cdf2d8d770	X	11175686	R	60	13	9
9203fb1f-b422-4b5e-a642-08a9d2518b95	X	11175686	R	60	-1	5
2b5596e2-7e6b-4abe-a787-dcfd35a1e204	X	11175686	R	60	-1	10
c902f629-e4c7-45e6-b0c5-6233437f63fb	X	11175686	R	60	-1	112
d613135b-c74e-4b81-bffc-6604967e7c79	X	11175686	R	60	-1	3
69bdf359-3742-4c3c-a48e-aedd59916932	X	11175686	R	60	5	25
c137a54c-5f4b-43a9-8687-ad5b0582cc1c	X	11175686	R	60	-1	203
7381fea5-4032-4ac5-a9c0-6b514aef46e3	X	11175686	R	60	-1	252
012dc6ab-ce2a-4ef7-9e4a-20a3990e5137	X	11175681	R	60	1	178
f2e01789-a390-41e4-b3ed-bd1b32239a68	X	11175686	R	60	-1	238
d01298d3-200c-4a87-b747-1f2e83195d29	X	11175686	R	60	-1	92
99f5d54d-219f-49ee-8bf1-dc041b9c3d5c	X	11175686	R	60	-1	90
b4e6665e-eeaa-4b1e-a32d-23a4818c1ccf	X	11175686	R	60	-1	68
b0246c04-fae5-4d84-828d-215c9c988157	X	11175686	R	60	-1	62
921943b3-c424-4f67-8462-3ce7685fadce	X	11175686	R	60	-1	4
feddf843-0bb8-4372-8237-b9098b6af073	X	11175686	R	60	-1	120
ad672fff-bab6-47da-9580-ba52df09a40b	X	11175686	R	60	-1	136
a73e0033-010f-4b5a-b0f0-9109a48bd6e6	X	11175686	R	60	-1	90
451d44de-0aca-4242-8e19-5ca8b22730e3	X	11175686	R	60	-1	255
8813f2cd-0d2d-43e4-9dfa-23e751e6bac9	X	11175686	R	60	-1	329
95b742a0-8019-4585-942d-bdb3172c64f4	X	11175686	R	60	-1	19
39823a0c-e09c-4a3a-b0de-bdfa8e4ef2ba	X	11307400	R	60	1777	1607
ba3471ed-26b4-40f7-befd-144ed0bc854e	X	11314177	R	1	-1	39
81f896e1-8e75-4082-ac4f-08d4c25c843a	X	11314175	R	1	-5	1696
822e619d-ad67-4832-93e8-190b480a9550	X	11314177	R	1	7	180
0e826fbe-44f6-4fbc-bb03-e8e781edf4a6	X	11321674	R	1	4	390
7b5ba6cb-8b73-4644-967e-a65438771ac9	X	11323331	R	1	-4	2698
d2f89e51-d879-4bb6-90d4-dd0653abdf30	X	11322506	R	1	-5	924
d7be3452-efae-4157-8d1e-0f7496c64160	X	11323331	R	1	1	241
1ca7e046-acb1-41a1-b7b7-863836e6b7a9	X	11323339	R	1	-4	547
711331a8-2230-4b72-aac4-6de4b4d9ad29	X	11323332	R	1	-5	44
c96322ab-024f-45a6-9138-4b5a73acf4f1	X	11323332	R	1	9	143
dacc84d7-9c1f-4d84-9dc7-c3f6e86eeaf2	X	11323339	R	1	-4	260
f8139455-3103-4769-9e74-3076cc7922d0	X	11323339	R	1	-4	427
4e866f65-4d30-400c-86ed-dd7ed49f2287	X	11323332	R	1	-5	49
0044044d-fe02-4868-a441-98af2ab5fe0e	X	11323339	R	1	-4	880
14c37e4f-5175-42ce-a421-f35b86f807ba	X	11323339	R	1	-4	10
10c3bea9-033c-4be2-aeb3-b640ca8e8d4c	X	11323339	R	1	-4	225
f08feb72-5ec4-4a25-a2d0-52a69acb93cf	X	11322208	R	1	14	468
c3974b9d-b173-4a55-9f13-a123c9097ea9	X	11323332	R	43	-5	43
10920428-6eb5-40e4-9e6d-92071c2761a1	X	11323339	R	1	-4	132
b78208b6-5a01-4d10-801e-a6bab823d8f6	X	11323329	R	1	5	72
44bd874f-0ca0-4509-bd73-b66a237d8ab5	X	11323339	R	1	-4	10
1e4b9150-0c1c-4439-884c-512d9aae89c9	X	11323339	R	1	-4	140
e330df85-d718-412d-b550-5f57d5f74c9d	X	11323339	R	14	-4	62
b89a9220-a692-4994-a2e5-cb321cea8e93	X	11323327	R	1	-6	11
