460ae283-1b96-4c7c-b71e-d7f1f4524574	I	1	L	1	-9	6
cc7020a0-024a-4c20-b6ec-04c976a93384	I	1	L	1	-3	28
36da9529-a99d-4c22-be79-e3ddaf7c36fd	I	3	L	1	-698	253
d297aab1-486a-42b2-961b-2391831e8d07	I	1324	R	1	2493	4
4d1c6666-3883-4eb6-a5df-fdd314a6c155	I	1303	R	1	5892	4
ea134143-475f-4474-a8b2-93005b9dbd60	I	2192	R	1	4201	14
3e26b774-996e-49bf-b65e-a044a5758cd1	I	1580	R	1	2897	2
d2ae877e-cb1e-4f42-bc61-db436d453c74	I	1521	R	1	5996	2
60498080-f82a-4074-ac0f-bd0faecac5d2	I	676	L	1	-5393	6
5419b202-90d0-47f3-a2f7-a9e33c3e02a3	I	1700	R	1	4048	2
f539cfea-4520-4970-ac25-b8d50a2af8de	I	882	L	1	-128	2
4d9a83c3-d4c7-4418-adbe-471c71e9a62c	I	1591	R	1	3112	3
63eea07a-06d6-4155-bc17-dc260b853983	I	1630	R	1	3	6
d4fadc4a-b7f2-431a-80c7-1bd7ca95048e	I	2367	R	1	1845	5
f26b535a-e5d3-4a72-8b94-8dbee71aa50b	I	462769	R	1	1030	4
f26b535a-e5d3-4a72-8b94-8dbee71aa50b	I	462399	L	1	-509	96
974c488a-1540-4edd-a4cc-e25fe4b445db	I	463300	R	1	543	3
974c488a-1540-4edd-a4cc-e25fe4b445db	I	462399	L	1	-506	133
27a9fc36-623f-4aa2-a811-df52906b35d3	I	463305	R	1	530	5
27a9fc36-623f-4aa2-a811-df52906b35d3	I	462399	L	1	-9630	123
4a2cd1c6-5711-42e4-892d-4f755bd8c038	I	463300	R	1	543	2
4a2cd1c6-5711-42e4-892d-4f755bd8c038	I	462399	L	1	-503	107
04133b1a-e76c-4b13-9b5a-40407260b6d7	I	2559058	L	6	-20833	8
edfcc5bd-70dd-4974-b75d-fcb41b03e150	I	2909007	R	25	6968	3
e5c6cee8-d091-4201-8152-22ef1479d72d	I	3002460	R	1	11553	56
e5c6cee8-d091-4201-8152-22ef1479d72d	I	3002270	L	1	-785	2
ab563f85-c3bc-4d40-87ba-9caaee9788f9	I	3002460	R	0	20821	45
ab563f85-c3bc-4d40-87ba-9caaee9788f9	I	3002274	L	0	-2551	2
6635d54a-cc07-443e-b955-2f7ce8b1abfc	I	3002460	R	0	5524	153
6635d54a-cc07-443e-b955-2f7ce8b1abfc	I	3002308	L	0	-813	3
9cc951f7-b777-4baa-8163-9d430c9f5f90	I	3002348	L	0	-2577	85
ee3b302d-0f10-4a21-a68e-f98261c1f4fe	I	3153081	R	1	5507	136
c161d07b-4f04-4a7c-be68-1bfa76dd82dd	I	3179133	L	1	-7502	2
345b79f9-27b4-433e-ae0d-69bb98bee0f7	I	3733854	R	1	92	136
4ad27c0e-6751-4340-8ac1-4e143c895486	I	4085648	R	56	20386	2
8263a690-925e-4815-bba7-ccb1c8beec3d	I	4170337	R	8	21648	12
7106d04e-8fe8-4528-8f53-7cb1dcbfb520	I	4194285	R	37	4936	39
8dd491a0-72d8-421d-8207-037322523287	I	4194282	R	24	4863	56
cc2bce56-331c-403e-8e0c-6fd2ea8a941d	I	4194285	R	20	4952	48
7b6c8b40-1aab-4ce6-9685-973e1648a509	I	4194285	R	10	4950	175
107304b6-8322-404a-9e0a-24aabee9a5ad	I	4194285	R	15	20187	64
73132038-d272-4a29-9307-364be8b9a31d	I	4194285	R	10	2140	40
69d74edc-cbe1-49bf-bd49-f31794a61052	I	4194280	R	13	606	72
8bece442-05b8-44b1-a2d6-9be5cb1b211f	I	4194285	R	7	600	50
2a8622ef-650c-4984-8908-b8fc777a7ad5	I	4194285	R	11	4962	50
0f28c74d-43fd-4961-9cea-b871070102fa	I	4194285	R	7	4957	50
6f9524cd-fbdd-4941-a32d-9766b9383549	I	4194285	R	15	4638	65
14a3ffee-c7c7-4c20-9a4a-1082b2130b8e	I	4194285	R	15	4971	30
f3b5dd5b-89d4-4d4d-81e3-2a2bd91fe502	I	4194285	R	8	592	141
288cbfdf-cdac-4edd-b4cd-e2157c351b98	I	4194282	R	6	4960	122
35eacba7-7fc5-40ed-88bc-395102c5e058	I	4194285	R	6	4928	127
1543e0b0-e955-4b1c-aeef-de5404032d54	I	4194285	R	4	4956	115
135c7a5e-0b2e-419e-9d05-dfc58fc97b4e	I	4194285	R	8	7772	50
135c7a5e-0b2e-419e-9d05-dfc58fc97b4e	I	4194069	L	8	-1631	2
e428ef02-2db4-4840-b997-a12ebfc86700	I	4194285	R	21	4997	102
fe453917-00c5-4369-aa88-440e06966c58	I	4194285	R	5	3626	63
35f776b6-8e5d-4d1b-a4d7-5a97d598a718	I	4194286	R	4	4882	41
f2ea1ec9-e563-409a-8af0-4d1316e23d5b	I	4194280	R	12	593	26
cbf5d2ee-6b75-42fb-815b-3c40522cd9c7	I	4194275	R	6	17698	38
4d4d284b-1b0a-4a3b-bb2b-84367738fbfb	I	4194285	R	1	18191	30
e94f389c-6942-445b-8ff4-21081bc5fa1c	I	4194285	R	25	4972	109
0eb740c5-eef7-41c8-89a4-63bc3f59da93	I	4194285	R	13	4610	31
e0ead5cf-fea3-458e-a717-053b503c6458	I	4194276	R	2	18346	69
e09f0ae6-1e70-400d-bc3e-82032542d02e	I	4194285	R	1	4962	155
ddc3e8d8-d03a-40ed-a575-db692c937edf	I	4194285	R	5	3065	64
1fcc501a-561a-4b7a-a51f-4f33ae24828b	I	4196635	R	17	3393	242
483bf0be-c8eb-4448-b5bb-44cbe48ed71d	I	4196635	R	8	3382	133
483bf0be-c8eb-4448-b5bb-44cbe48ed71d	I	4195198	L	8	-125	18
bc912912-9ad2-427d-a69b-33cbb98a8118	I	4196635	R	14	3372	78
9ec273a0-407f-4d1f-8ffb-a2f2771d4a36	I	4199397	R	20	1208	110
c2c3528b-d3a3-4c2a-b1ad-73b56d23f3cf	I	4196635	R	8	3398	86
a12b7610-dfdb-4b27-a528-d5bce3e232d1	I	4196635	R	8	3375	47
0f3793d5-4fff-4505-8cd6-59146cf13d00	I	4196635	R	8	3366	53
cdcefaad-f3f2-4739-a628-d47d50880baf	I	4196631	R	5	3322	27
38366a6a-5713-4261-9178-9338eccce868	I	4196635	R	28	3380	128
cabf6155-65a0-465c-9bc6-39bf3c8f3002	I	4196635	R	8	3370	52
cabf6155-65a0-465c-9bc6-39bf3c8f3002	I	4195801	L	8	-576	140
b5acc07e-8002-48fb-887d-3c1beb294df2	I	4196635	R	1	2224	52
ed2ff9b1-0c37-41c4-9edd-3383bec085ac	I	4196635	R	20	3365	64
32832022-e76e-437e-9dc7-691ae3c452bd	I	4196635	R	11	3362	43
47f71507-96f4-4a7d-8125-82e55503b390	I	4196639	R	3	3391	63
47f71507-96f4-4a7d-8125-82e55503b390	I	4195894	L	3	-459	2
a25bfe80-4f30-4f1b-9cf8-7d86a6faebf9	I	4196635	R	5	3372	60
af8349b5-d83c-4401-b3b1-49dd528af772	I	4196635	R	9	3373	55
d8629ec8-2b90-4d95-b402-675c7befa752	I	4196635	R	13	16829	25
7ef136ba-869b-4994-9289-c71e030f2aaf	I	4196635	R	26	3378	58
6f46101e-1186-480c-a49a-fc52fb4a5e7a	I	4196631	R	16	3360	52
562064f4-5618-4273-8ed4-6a13c95ac2a4	I	4196615	R	2	3393	65
27f9eb7f-e97f-4423-b288-2597c9a56b83	I	4196635	R	1	16768	50
c2c04c33-3afa-4bb4-aab8-d0f0ba3edc84	I	4196610	R	16	3386	93
14d937f4-ccdb-42a4-87f6-d49e8fcd49c1	I	4196635	R	14	3360	61
08183221-7c6e-4cf1-9e1b-3534d73b1193	I	4196635	R	38	3375	20
b5420172-f107-4339-92e0-0a7e0353dc7d	I	4196605	R	8	16857	35
7600f104-2a6f-4212-a582-6f541c4d621a	I	4196635	R	1	3350	39
f7793391-f294-46e5-892f-cb7ef98f2f22	I	4196635	R	8	3363	52
b900366e-97b7-4a4b-b7ba-78d1103d0c81	I	4196635	R	33	3284	30
dc65bd68-9e90-449b-95ae-c813297feb52	I	4196610	R	9	10791	38
c203f17c-14df-4199-a586-51c3c0b5a8af	I	4196635	R	6	3391	62
89e1bce4-35fd-43a6-b02c-0450b2df5486	I	4196635	R	3	16722	33
780ed264-42fe-481a-bd2c-aecad9a93150	I	4196635	R	13	3370	215
911a3875-e303-4d9a-927e-dab91191fc1b	I	4196635	R	4	3382	58
4200d901-d946-4ada-a729-e7756c601686	I	4196635	R	1	3401	137
8e4607d7-7059-4778-b98a-a117d73aaa78	I	4196635	R	15	3390	108
b13c1de0-d4e6-4cba-b86b-2689c13af267	I	4196363	R	1	3603	136
47d54081-eb2c-461e-ab52-7aa186201732	I	4196635	R	4	3388	183
d31c06da-18a9-49c3-8be0-c262a3ef958e	I	4196635	R	19	3380	146
602e0f5c-a63b-4f27-947a-250cbcef45d3	I	4196635	R	12	3379	98
3db27c5a-7962-4d9d-96c2-dc004591e02d	I	4196635	R	9	3397	173
020c399e-d227-4d28-b056-8ba840ff0256	I	4196635	R	9	3359	96
435e744a-8ef2-41a1-871c-3c4c440216bc	I	4196635	R	1	3366	65
615d28c0-0791-4198-9c60-8f4c2cbf2b0c	I	4196617	R	1	3359	63
ee9b4db3-e2d9-4c5d-a4ac-69b06391c148	I	4196635	R	4	3396	71
742abe0d-eeb8-48aa-8a35-60eb91e147e3	I	4196635	R	14	3337	145
4eb4ec8b-5554-4fed-a162-ac7c2d5bbeb7	I	4196635	R	15	3367	109
c23dfd34-f95f-41a0-a3cb-b0cd3332d155	I	4196635	R	5	16797	113
2e5b48a9-c0f4-4aed-a9c2-5d9b23e48717	I	4196609	R	1	3406	80
2e5b48a9-c0f4-4aed-a9c2-5d9b23e48717	I	4195894	L	1	-654	2
43f12e3c-dd23-40e6-89a6-9f3a3e0ef3fb	I	4196633	R	1	16800	64
9148bce7-caf4-4b3f-96df-87029c835d21	I	4196635	R	1	3348	74
9148bce7-caf4-4b3f-96df-87029c835d21	I	4195894	L	1	-653	3
a7ce48c7-d1f3-4e3b-b12d-cda199f02eb9	I	4196635	R	20	3380	130
a7ce48c7-d1f3-4e3b-b12d-cda199f02eb9	I	4195894	L	20	-668	2
edfa3edf-49b5-4734-84d2-ea3e18ef8ead	I	4196635	R	1	16789	90
c1cc1d9a-2674-4838-a756-e9dacb84f4db	I	4196635	R	17	16812	141
a10238e3-47be-4ff4-a389-087d38f1ce31	I	4196635	R	4	3361	69
c094912e-91e2-4bbe-9208-266129d61407	I	4196635	R	17	3394	101
663c3e57-7504-44a6-9c57-1f9da4853999	I	4196635	R	7	17017	148
cfdd1685-67b1-4af5-b616-436bfca600a7	I	4196635	R	10	3345	99
cfdd1685-67b1-4af5-b616-436bfca600a7	I	4195894	L	10	-648	2
734e7f32-505c-444b-9c8c-dc119673230b	I	4196635	R	15	3370	123
0d35d6b0-597a-44d2-9f39-da7d5906a9e2	I	4196635	R	24	3391	95
678fdfcd-e630-4489-a505-9311775f62c2	I	4196616	R	3	2893	75
762bc2c3-2238-48a5-b219-2530859f3d68	I	4196635	R	19	3368	133
af660f55-3f4f-4c1c-8e8e-3f00f2e63522	I	4196635	R	10	1083	101
13f629a7-321c-4057-8d3c-4a77956789f6	I	4196635	R	31	3379	98
7214cb9f-f20d-468b-97a3-9224386e98f1	I	4196635	R	2	3362	79
6ecead4d-df91-44b7-9dd2-9955144c244f	I	4196635	R	19	3380	68
e09eacfb-fe44-4f47-9103-9a23f7f7ab6b	I	4196635	R	1	3381	181
556dbb43-c935-477b-9fb6-be6c52c8ac7b	I	4196635	R	8	15130	139
477a24f4-1100-4c37-8e12-619e008a4d19	I	4196635	R	10	3385	91
3697ebba-d39d-46c0-98e4-4998e4451b98	I	4196635	R	19	3362	79
f1495302-050d-45a0-bf2c-e1a8647e8a44	I	4196635	R	10	16819	120
e31f46d9-02a5-44a8-a1d1-8ee82cddaf72	I	4196635	R	6	3342	107
76005259-11ca-475d-9ff2-5701f22fe2c5	I	4196635	R	5	3378	72
a0c11e13-d2e5-4c50-8f98-fb70b3aeaf88	I	4196635	R	10	3386	161
17314556-80b4-4aa3-b615-04d38587c8f1	I	4196635	R	4	3348	125
ba60c7ff-caab-41ee-aed1-df42faa7c494	I	4196470	R	3	3473	147
d4eacd9e-74d7-4a1f-8900-3b07c666ef2b	I	4196615	R	5	3373	80
d4eacd9e-74d7-4a1f-8900-3b07c666ef2b	I	4195904	L	5	-659	2
f175d447-dff8-40c0-9aaa-3620711785e4	I	4196635	R	11	732	95
cda21bc7-40f3-4593-9a7f-8d9d3da59f65	I	4196635	R	8	3372	109
a8a59c39-c083-4094-94c0-eb0c2912a68b	I	4196635	R	9	3359	67
7030faf4-276c-4637-8bc4-023d6d941da4	I	4196608	R	1	3218	35
16234b2b-8d1b-4d74-9351-8f46810988a3	I	4196635	R	4	16640	40
16234b2b-8d1b-4d74-9351-8f46810988a3	I	4195998	L	4	-16562	3
bc2e65c3-1747-46d2-996b-0f41ca21e4a8	I	4196611	R	1	12870	27
44938d76-5606-4f88-985c-4f84f9eb809b	I	4196635	R	3	3364	214
0cca346c-a845-4780-ad16-d87006d761cc	I	4196635	R	9	3369	175
84bd0c09-47e5-4044-a232-6f845faaba64	I	4196635	R	5	3397	144
ecdf9625-db77-47b9-a990-c2ea3d5f4e47	I	4196635	R	1	17086	69
b56bd60e-9cc1-434b-849c-22bff27cb2aa	I	4196635	R	1	3309	59
fefe3c3b-e432-44c4-8b86-2eba67768ecb	I	4196635	R	17	3339	42
fe202373-3cf4-4dad-9857-81fd53768678	I	4196606	R	5	742	33
8a3a08ee-444a-4b21-b343-f94dc34f24fa	I	4196635	R	3	3380	176
9d6d6205-ab98-4095-b15b-085beb267670	I	4196635	R	6	23791	47
edb510db-baa5-483d-8145-cc74dfe610b6	I	4196635	R	1	3334	78
ed0ffdbc-bf7d-45ea-996f-9f3b7c7aab91	I	4196635	R	2	3273	136
22a73f70-266a-4d47-9db5-73a2f683ef6b	I	4196635	R	1	18562	111
22a73f70-266a-4d47-9db5-73a2f683ef6b	I	4196277	L	1	-1022	2
eba090b8-2558-4357-8b2a-7f860a9fc72a	I	4196635	R	1	3397	53
fa593547-8b80-4c8f-adb0-86ac000affaa	I	4199397	R	4	1211	176
a7b79683-0b4e-4271-8658-99789fb3ebed	I	4198735	R	1	1872	72
1789b985-3b78-437f-b0cb-84dad6440d6f	I	4199397	R	1	1209	66
13e633a5-542b-4ba5-b7a8-720866fcc0ba	I	4199397	R	15	4267	56
30a573c4-0972-420c-96d7-efd41e83dfd4	I	4199397	R	2	14618	102
1ddd5490-0646-4981-a44a-ae84fc5b975b	I	4199397	R	3	1210	79
b571e9a7-9b61-4080-8b13-58007c737aca	I	4199397	R	14	1207	126
b571e9a7-9b61-4080-8b13-58007c737aca	I	4198121	L	14	-2365	2
1e408e39-e967-4d1a-b958-cb15092aca99	I	4198189	R	1	2369	37
ebf44a02-d22a-424f-8659-c38ede32a55b	I	4199397	R	2	1182	93
70452a3b-26da-4914-8df7-348bf8f1645b	I	4199397	R	1	1201	70
d3ae2d50-60fa-4465-a5fb-4af089d1304c	I	4198220	R	1	15752	45
a7ded8d4-a5ce-464b-bb59-875d73358617	I	4198220	R	3	1042	139
4b53a082-7625-4f6f-89e1-e8d64919918a	I	4198737	R	1	1904	152
901c4369-7d8e-40c9-a48c-e49951398e6c	I	4199397	R	8	1196	122
09aff52f-b076-42e5-966f-318eba43f621	I	4199388	R	2	1210	47
12e77e9c-7da2-4fe3-b856-cc5e5a0af964	I	4204256	R	2	5302	68
603e8f0b-6fff-417b-b712-1587fc3c94e1	I	4206632	R	1	2993	66
75ab82f0-0351-4030-a4d0-48327daf75ef	I	4206634	R	1	2996	85
75ab82f0-0351-4030-a4d0-48327daf75ef	I	4206499	L	1	-3192	3
5376ba92-e33b-43a1-80b3-18156065338d	I	4206634	R	1	2985	131
0c87d3bc-4176-46f1-945a-7d4d69578508	I	4206634	R	1	2996	129
7298296d-85a4-4593-91e3-b04c2bb8769d	I	4206634	R	1	3003	104
7298296d-85a4-4593-91e3-b04c2bb8769d	I	4206499	L	1	-3203	2
8f9d3ee4-53b6-4226-bd2a-03071b63bd8a	I	4206634	R	1	2968	83
844a1068-2182-4a34-8f65-06deebdaaa20	I	4206634	R	1	2990	74
f8c0624d-bad2-48af-a63a-af5024f8e973	I	4206634	R	1	2981	57
dd61f9bd-8cc6-494a-8cea-5d753564d40f	I	4206634	R	1	3014	132
dd61f9bd-8cc6-494a-8cea-5d753564d40f	I	4206500	L	1	-3207	4
5be798d2-6b96-477b-b222-b33a2a8b99fd	I	4549045	L	1	-13948	4
8fa4d263-dc42-4e3e-add3-8fe321e4b605	I	4815277	R	1	20348	40
5be19eb2-995c-494b-a79e-b4b8e444db8a	I	4815277	R	1	32168	61
0e4eefd5-4de8-43d7-a09b-4d60a0eb21bd	I	4815268	R	1	14487	27
bc4d9c84-6f70-48c2-9f89-ea895ab85b05	I	4815277	R	1	16071	154
c731eaea-e110-4aa4-95e4-d6309698c108	I	4815277	R	1	20492	91
c731eaea-e110-4aa4-95e4-d6309698c108	I	4814363	L	1	-7452	2
1e5a351f-567e-44ec-8fa4-052f0c868646	I	4815277	R	2	20416	54
1e5a351f-567e-44ec-8fa4-052f0c868646	I	4814365	L	2	-7486	2
532d979a-03c7-47c7-af32-9fdfbe31c0c0	I	5299873	R	23	21382	91
532d979a-03c7-47c7-af32-9fdfbe31c0c0	I	5298273	L	23	-5817	4
9bdf32d5-6c5e-40c9-96c3-0d8f2ad20cca	I	5381797	L	12	-16283	202
4031aa97-af9f-44ff-9175-274cc011e7fe	I	5381797	L	10	-16267	189
886890e7-a255-40db-98b8-b6dcc2bc20b5	I	5381797	L	8	-16175	95
ed1ff6ec-b70b-4bdd-8285-89f2d2da42c1	I	5381797	L	23	-29657	150
45c46c8e-c013-4ead-82f9-f077bb544562	I	5381797	L	1	-16121	108
a36f68bf-8f68-451b-ba0f-037a651d9ac3	I	5382452	R	1	4058	3
a36f68bf-8f68-451b-ba0f-037a651d9ac3	I	5381797	L	1	-16175	164
05768c77-be13-4269-93a4-ded7230d6649	I	5381797	L	12	-16249	86
9037fc81-c8e0-4834-abd1-5ca5bac05f58	I	5382452	R	3	6320	2
9037fc81-c8e0-4834-abd1-5ca5bac05f58	I	5381797	L	3	-16199	125
a98ed4bc-b19c-4d83-bf9c-29545a8f41fd	I	5381797	L	13	-11914	160
78bd48b8-6cbe-4bef-8085-4a1e0b592cda	I	5381797	L	16	-16247	151
b9a46426-ab9c-4747-8b7c-b85551c06482	I	5381797	L	1	-29604	87
67ca17de-da6a-4fc3-b383-cd3dde212a57	I	5381797	L	13	-13581	111
b0331425-4d6d-4792-82df-b87658158af7	I	5382452	R	1	11712	2
b0331425-4d6d-4792-82df-b87658158af7	I	5381797	L	1	-1551	73
35aa4c12-12ad-4eb5-a7c0-a624b0bfd2f9	I	5381797	L	11	-11462	86
2e62ff0a-467d-4fe7-a2a7-97b53a7e66b4	I	5382452	R	5	4056	2
2e62ff0a-467d-4fe7-a2a7-97b53a7e66b4	I	5381797	L	5	-994	62
9da7f3d6-3f22-4398-9d16-6d9329ef9963	I	5381797	L	11	-16245	87
fe2fdc5b-d180-42ab-bba5-0f0bb64172d2	I	5382452	R	13	4034	2
fe2fdc5b-d180-42ab-bba5-0f0bb64172d2	I	5381797	L	13	-8304	81
00704be2-2f91-4980-8835-29577335e50b	I	5381797	L	14	-16009	25
1d77dd80-4e14-4ca5-ba3f-d053c5703c97	I	5381797	L	7	-16093	32
e4e54983-f8c5-4454-a739-bbdaf8cddd27	I	5382452	R	25	4075	3
e4e54983-f8c5-4454-a739-bbdaf8cddd27	I	5381797	L	25	-29568	39
70b55f70-b49e-411e-9497-4a0c9d691743	I	5381797	L	34	-29768	45
81d96057-1604-42e6-9c64-ff0732f00fa1	I	5381797	L	32	-8791	50
3d23dd1e-6ba6-40ee-b99e-9e983d5f9406	I	5381800	L	18	-4807	77
f34c256a-4993-429e-abdb-5c08a51c0df7	I	5382840	R	1	5702	2
f34c256a-4993-429e-abdb-5c08a51c0df7	I	5381803	L	1	-15888	34
7461bbd8-e7c9-4e2e-bbe7-434a1d888f4d	I	5381869	L	3	-25587	20
8137de5d-43ca-4405-b54c-2d3eea2e87f9	I	6468486	R	10	181	2
8137de5d-43ca-4405-b54c-2d3eea2e87f9	I	6467168	L	10	-1332	64
5b204d7f-7af4-4046-ac71-a691bbbfb569	I	7694873	R	1	3546	123
ddc4bd32-6677-43bf-9b9b-6e453b7102d8	I	8240076	R	19	7479	87
c7f5048c-1c09-49be-99f8-a173d7f818a7	I	8890313	L	1	-2916	2
bcd43605-2978-4f21-befe-b54aaf43e992	I	8906747	L	1	-1779	2
55a593cb-4296-4f1d-8490-a0c8c85c008d	I	8910320	L	1	-22048	4
c9c9155f-f025-449a-81df-3fdb83309795	I	8910382	L	1	-4793	3
8064e97f-5ae0-4d2c-ba8d-2b6fc4504865	I	8910776	L	1	-1841	4
99db6f64-61e5-49ff-b4b3-2f80132296bb	I	8910782	L	1	-1836	3
f6e8e6c0-5f80-4d6e-bd29-b42e79214641	I	8910830	L	2	-1851	5
044cef39-3bd3-4217-b9e1-78aa4a2c4147	I	8910836	L	1	-1861	2
d1f012b0-090b-48ae-aece-1cade3e3cef6	I	8910872	L	1	-4821	6
8dbb1461-c9b1-4d27-a23e-d64ba9682631	I	8910906	L	1	-1830	2
fac94ccc-815d-412d-a71c-14a1e513e861	I	8910915	L	1	-3573	3
32472e17-d39e-4cb0-97d0-dcd9911c3761	I	8910942	L	1	-8917	7
ff9d8bd7-29a9-4608-b8c7-d5f863415344	I	8910954	L	1	-16579	7
5862df3f-93af-4ca6-ab90-fbc20ed0c886	I	8910975	L	1	-2897	2
356b29d0-d29a-477c-bf47-d8b988d973be	I	8910993	L	1	-7576	11
de0fe40b-7d60-4f6f-9e3c-9d33f3bb6387	I	8911011	L	1	-4848	6
f676594a-e24e-499a-8691-6f58027b3107	I	8911038	L	1	-175	3
cbd5161b-1e8e-42a9-b2ea-7530adc77c76	I	8911041	L	1	-1853	5
395961f1-8840-4790-8ef2-8fae10fd227b	I	8911065	L	1	-3617	4
979995ee-835d-46c2-b27f-8210828adbfc	I	8911074	L	1	-16668	6
d22096e6-35e9-46e8-b015-7a71f57064fa	I	8912530	R	1	714	2
d22096e6-35e9-46e8-b015-7a71f57064fa	I	8911077	L	1	-1822	3
2468b359-5df2-4c32-9844-e9362f65aefa	I	8911080	L	1	-2948	3
87d84d79-dcc9-412d-8fb7-d472c9f02334	I	8911089	L	1	-7421	2
59828446-dacf-4150-a3b8-46afc0324910	I	8911113	L	1	-5923	2
8a91815e-879f-416d-8e5b-7536d4d769a1	I	8911116	L	1	-6066	12
5d5f1c72-8f82-480e-96a2-787d759c9ba7	I	8911159	L	13	-236	3
d3214287-c317-4d1a-9a55-c0bed2148644	I	8911173	L	13	-270	4
e05d5480-c30d-4649-ad7d-5c49171de88f	I	8911179	L	1	-1833	2
d0e472d1-cae0-4782-9a12-844197a033df	I	8911194	L	1	-6101	4
0829c978-1d7e-4f7d-9ea0-fb2f6652cac5	I	8911212	L	1	-16649	3
bdfde9c3-1392-45ba-b9b8-891f66aefb86	I	8911221	L	1	-13212	2
b7dfad03-31bf-46c3-ac60-9902bbef3a0f	I	8911221	L	1	-1841	5
bf77242b-ed76-4c1a-b52f-c0c62f673f4b	I	8911224	L	1	-175	4
90371971-29d8-4b67-ae82-0ae5cc46bc53	I	8911236	L	1	-171	5
390138ab-c9a9-43ab-8931-dd056d8a1b6b	I	8911243	L	1	-1827	19
f573cbb5-2d49-4b4c-a501-c0eec8ab09e9	I	8911263	L	1	-1803	2
d1839229-17fa-4a60-acda-a313fd22d501	I	8911269	L	1	-3428	2
ccecfb5d-8cd9-4ea3-8eea-f78e482a4935	I	8911278	L	1	-16635	2
9c4f4bcc-88f2-4dfc-8295-50e872b53a68	I	8911287	L	1	-2389	2
29b89940-3505-4afe-be62-0e9b0a86c723	I	8911311	L	1	-1836	4
ae148fc7-74ee-4e90-b5a1-156c978bf1a7	I	8911326	L	1	-12314	2
9a92c6c0-86ee-4505-9a5e-407f5d080ea4	I	8911341	L	1	-18599	2
57d5fd9d-b132-42c5-9ea1-d4e57553423d	I	8911342	L	4	-3097	8
4ebf0535-4f32-455b-b12d-5b541a57b303	I	8911357	L	1	-235	2
059b9295-de41-4a83-a9a9-57e8bc8382be	I	8911365	L	5	-18584	7
eebac35f-f6a6-4f30-9b6b-e69afcbb294a	I	8911386	L	7	-2520	3
583e7120-9d64-49d2-9ee9-ad33e106e88e	I	8911401	L	1	-1850	2
233f009b-d16c-4ab2-8cc7-f4d47db17832	I	8911416	L	1	-6103	2
cac5e24e-89fe-44f0-b373-77c8a1f8223d	I	8911419	L	1	-3697	3
0c081bc0-2a37-4682-aa14-4d6672d91c54	I	8911420	L	1	-4647	3
653581b0-d881-4298-845e-e7f92be64a6d	I	8911428	L	1	-2045	6
0630b155-361b-4cf6-ac68-ba9b41c86cb0	I	8911441	L	7	-236	4
79599395-50f2-4315-9afc-8e28a265e46e	I	8911449	L	1	-1263	4
f8b5ac44-11c6-46c7-8c52-f5dbc6c8e363	I	8911450	L	1	-5282	2
e53a0bd5-b24a-459f-aae9-c5eb47f51d92	I	8911455	L	8	-7510	5
16e97446-e916-4668-8c5f-339f5e51d1f3	I	8911455	L	3	-7255	3
a8ea2038-5397-4117-90e3-243f500f221b	I	8911459	L	1	-6891	7
0c172c5c-6e66-442b-8803-0eb55acebba1	I	8911470	L	1	-1848	4
00e5efbe-350d-4dbe-8829-bf55d6a66873	I	8911473	L	1	-543	4
dc2e5f41-0f4f-45f7-8dcf-cbf833321b7c	I	8911475	L	1	-6022	2
8984677e-19c6-4e34-90ee-8e2b469ac00a	I	8911480	L	1	-1152	4
1bdadf45-0b95-46db-a960-68f1f27cece4	I	8911485	L	1	-2390	6
33c48024-05ca-48cf-bfa4-a72f8122a75f	I	8911485	L	1	-1818	68
f1c6dfbd-cfcd-485a-a451-11292ca60f16	I	8911491	L	1	-4363	7
2096685d-5a0c-4aa5-b13b-cef9adbedd5a	I	8911491	L	1	-4857	11
ecce48e8-c694-4a35-b3d9-d9e2d1e67a1b	I	8911497	L	1	-147	6
6e16814a-197e-460d-ac0a-42189fe965a0	I	8911508	L	1	-7114	4
25c1e51e-583a-411c-850d-8545b44507cc	I	8911518	L	1	-1820	7
2a3e1b4f-81e9-4d14-a864-1bfb4560a849	I	8911521	L	1	-1847	2
76eb7aff-3aa6-445a-8f12-a16b39a7de21	I	8911524	L	1	-2874	6
5f1cbb0e-5abb-4f6a-8ef7-e6dadc7572a1	I	8911524	L	1	-3137	3
99faa0ea-5706-481d-b9bc-2c3b32417e06	I	8911527	L	1	-7454	2
898bbc2b-8494-4a97-8af7-edb28546addb	I	8911528	L	1	-3109	3
999723d0-bf7c-40be-b5a3-c05aa0fa3b89	I	8911533	L	1	-265	4
16c89fa6-c192-4074-a30e-def053b7962e	I	8911539	L	2	-256	2
f5ae79c2-9965-4d80-b3c9-a6a11ae23cbd	I	8911545	L	1	-3663	10
e92ae061-2dc2-4836-bab2-349d41906988	I	8911557	L	1	-1850	2
54fa3243-ea6d-4649-8853-ed0c007afad8	I	8911946	L	1	-5960	4
f903b9eb-6f29-4a90-9ba1-c3e1cffd0ea4	I	8912037	L	1	-5856	2
5c1b1fe4-cab5-4c73-8575-8c406c6a9c79	I	8912104	L	1	-2381	2
6c2f91df-cf97-48f3-a016-c8f0645a2bf5	I	8913700	L	1	-689	49
ba09ef40-78ab-4f8f-b65b-7055ae8af108	I	8913996	L	1	-4820	4
21adb1ef-fcd3-43c7-997d-6f0b40ef490a	I	8914038	L	1	-278	6
ac12d05e-f52a-4634-8101-88a4c15e21f5	I	8914044	L	1	-739	2
dad78b01-dcdb-42d4-b5ee-8daceec9a525	I	8914151	L	1	-13338	2
78340cf3-7523-4fe9-b4f3-e7dd1587d311	I	8914154	L	1	-5844	22
4ae3a58c-1b53-4dce-a2cf-d60787982c29	I	8914179	L	1	-229	18
c9eba1e5-876b-4056-8117-80a7e0d025a3	I	8914182	L	1	-2287	3
bdc6de4e-c328-4eb2-8f9f-cab86feb38ea	I	8914211	L	1	-1835	10
63ce224d-7715-4cce-8dff-7ad566278aba	I	8914214	L	1	-1249	3
87b24ea5-699e-448e-8757-36469e31c6d3	I	8914322	L	1	-5841	5
5f05b541-83cc-4ba1-a926-b06df166a6ca	I	8914328	L	1	-1848	7
a7242b63-a4ab-4b3b-9244-09dbce82cc3c	I	8914334	L	1	-3668	5
2a1358d2-01ef-42bc-b1ee-45fe4032f808	I	8914348	L	2	-174	4
f6c46467-87c1-4e75-87ef-959712848c2d	I	8914399	L	5	-1856	3
f50504de-65ac-4acf-a876-ad80aa10bf1f	I	8914405	L	1	-3697	7
f2abcd37-02fc-4a18-8881-64a9aef7bca0	I	8914416	L	1	-42066	103
a5916cc5-14a6-4ee4-bb5c-5edb08445fcb	I	8914416	L	1	-4804	7
b8448b90-3a5e-4981-bb7b-ba769d437d0e	I	8914434	L	1	-1787	3
3397c9ff-26d6-426c-a1f0-b2dcf433d525	I	8914464	L	1	-7454	4
080e8911-ea1e-47cf-b18b-96a2ea42fb2c	I	8914500	L	1	-1837	2
d1215b84-4953-4d2e-8d04-59c9a1c3423c	I	8914509	L	1	-18706	6
91afc40f-6d22-4266-8d14-516599f583b2	I	8914565	L	5	-737	5
320c831b-3f1a-4c61-b2eb-cbacfd7bc09c	I	8914589	L	1	-1819	6
4b65dffb-7afb-4594-a32f-020cdb37765c	I	8914594	L	1	-419	2
ea4b9332-8446-4d69-ab4d-0d1ad320d4b4	I	8914603	L	1	-12141	8
b9da1bba-189c-4d84-b8d9-88f41fb7fbc1	I	8914606	L	1	-7417	2
5b64ebcc-a8c1-41a4-9562-81e78920b628	I	8914630	L	1	-6313	4
8d241c05-6c4d-4ff8-b3fc-86cb13abd14c	I	8914633	L	2	-16599	2
8eb4ea62-3892-4f50-b782-1950de51e693	I	8914636	L	5	-1846	3
f21342e3-e3fb-41de-9b98-7b84390e6bf8	I	8914655	L	2	-1864	6
476be612-7e52-4539-ac63-7074bb11cc95	I	8914665	L	2	-606	13
736cfbb7-320c-4a07-a15e-efe7f4161878	I	8914677	L	1	-8657	2
e319ef0b-b53c-4e96-be3c-3bf6eb575409	I	8914677	L	1	-8179	3
3d5933cf-cf19-4643-b227-35759d11524c	I	8914710	L	2	-166	4
053b4389-395e-4f5f-a8f4-0ae244b5aeda	I	8914719	L	1	-1858	6
40b90d1b-ada1-4377-9e06-94d477f14251	I	8914737	L	1	-7668	2
f8073791-4471-4b13-8a4c-7dd9e30327a9	I	8914746	L	1	-5736	4
befa7ed9-e3ff-4f21-8a47-431349af2c1d	I	8914755	L	1	-2995	2
349d462d-e270-45bb-b9a5-541a126a8eec	I	8914755	L	1	-3685	6
4a730a4d-9076-47c0-84bb-9e240b12e9ec	I	8914755	L	1	-8626	5
17f0d582-ee77-41ed-a50d-b4508e758a61	I	8914760	L	1	-3819	2
3356bb90-7db7-486f-b443-298f79c06a47	I	8914772	L	1	-9863	17
d6addc3e-9c81-4887-a03c-0278c4880949	I	8915895	R	1	18006	7
d6addc3e-9c81-4887-a03c-0278c4880949	I	8914777	L	1	-1838	3
7c2f7c53-ee35-4d24-935c-951849122d3b	I	8914777	L	1	-7494	2
0695962a-7b72-4c2b-8b8f-d54399292edf	I	8914783	L	2	-1852	5
fdc631de-7af9-43c3-b6f1-65e7827af63a	I	8914784	L	1	-3652	4
dc88b76e-7448-440b-88c5-f14d2fb620b7	I	8914801	L	1	-2921	4
3311bd20-00d5-4f0f-8d04-b7ec3c25c386	I	8914807	L	1	-3689	4
4278065d-3e10-4cbc-b91b-0bd897c839c3	I	8914813	L	1	-1834	2
7f33c6bf-b186-41e3-9a13-f5a9c5ef3a3b	I	8914813	L	1	-1851	5
c8345ce6-de84-41cb-9f66-d4d05223eb03	I	8914822	L	1	-273	7
e275fb69-c6cc-4267-9a94-e944f5dc5586	I	8914831	L	3	-3695	4
8ed164f7-5fe2-453f-97a9-021b44f60a4c	I	8914831	L	4	-4804	4
f5405fd2-76ff-4400-9505-e890f94ca762	I	8914840	L	1	-11747	2
5e7e79c0-75c2-4b5f-bdc4-c41bbb6a2377	I	8914855	L	1	-2529	2
21b32613-3436-4fc4-b6fa-eb587c9b6d40	I	8914865	L	1	-232	3
6e636771-5fc8-4b10-bd0d-a6db00522dc4	I	8914908	L	2	-2389	5
f284c73a-9f19-4b4a-8dec-8ab1fe6e33d4	I	8914908	L	3	-273	4
0b397896-c092-44fc-9e29-77f347dd184c	I	8914925	L	2	-147	2
eb09737e-c028-4515-90e1-ddf4814ad2e5	I	8914931	L	1	-3072	4
979a9489-780c-4ef4-ab4f-c57230b2e59f	I	8914932	L	1	-5840	2
7f3233f0-1c2f-43de-b39a-d76307a2f94e	I	8914940	L	1	-16647	5
80bf3be4-2135-4347-a085-52b7ddab4094	I	8914949	L	1	-2555	4
9b015bea-5307-4ad3-8184-714bab33c764	I	8914961	L	2	-3560	2
16289804-5e5a-496a-8efc-28181821252b	I	8914964	L	1	-1866	3
b0e779c2-0c82-4ff3-a4cc-d9a10e468ecd	I	8914969	L	1	-131	2
d03c9b1e-f2c8-4bf4-a6c6-6f5a26829fbf	I	8914979	L	1	-7501	2
d7749f2a-1435-4b11-82bf-2904d34d4c09	I	8914980	L	1	-173	4
d7be83a4-3f30-4e8c-932e-2314af192b35	I	8914980	L	1	-2312	5
5881960e-703f-4d3b-8ecc-37471ca86de9	I	8914980	L	1	-2400	2
e28a0418-a56d-4398-840b-656376ae915b	I	8915861	R	8	52	4
e28a0418-a56d-4398-840b-656376ae915b	I	8914986	L	8	-13958	2
e2f150ae-e07d-483e-aaed-89150b2a1552	I	8914998	L	1	-4810	2
a56084ab-3300-4ea3-a014-68638e1bd52e	I	8915017	L	1	-2863	2
df8ea5f2-403e-4edb-881b-679bfb54cb56	I	8915017	L	8	-7273	11
1cea58cf-8ae3-4ce4-9726-00f4291a368c	I	8915029	L	1	-171	3
aa1edee4-ba5e-46ae-8ffb-a5854487344a	I	8915031	L	1	-160	5
335ca364-e6c9-4626-aba3-c2a61ab044e1	I	8915031	L	1	-1863	2
4daf54fa-c2cf-47a2-a01d-ad7db661460d	I	8915052	L	1	-145	6
7158f204-42f8-44ff-a959-f5be1c2b0a46	I	8915053	L	1	-2903	3
197baaf7-7aa0-4446-928b-8cb10b02486e	I	8915053	L	1	-11751	4
b44390bb-27d0-4760-86f1-1e94cb7d4ac0	I	8915064	L	1	-4361	3
8247bd6c-c325-42ff-9503-dee0c544c434	I	8915070	L	1	-3239	8
a07a55fe-bc24-4371-b832-7ceac740ea8e	I	8916590	R	1	-2	6
a07a55fe-bc24-4371-b832-7ceac740ea8e	I	8915076	L	1	-4812	6
0c491554-9513-4652-8007-50e4a866335a	I	8915088	L	1	-274	4
2db36ae9-26c0-4ddd-b71f-370a0c6a6bea	I	8916589	R	1	10	2
164d2048-c1d7-4af5-8dff-4b4b77070e6d	I	8915124	L	1	-7694	4
c37827ec-bc69-4356-b2c3-ef0b5bc89113	I	8915125	L	1	-2834	2
ce734a37-3244-46ea-80e5-80be61557f76	I	8915139	L	1	-173	4
15792993-c48e-43cf-a241-7ce6b3823c3d	I	8915155	L	1	-1335	6
ace20f1d-c653-4f9d-a85b-b12c545ccd4e	I	8916590	R	1	9	39
ace20f1d-c653-4f9d-a85b-b12c545ccd4e	I	8915196	L	1	-4558	3
d4103a68-ff38-4d82-b2c9-5cd4d45c72a2	I	8915250	L	3	-3688	5
28889a87-f5b4-477b-a87c-00103214dba0	I	8915315	L	2	-3425	5
27e18394-2c27-4fa7-b83a-21fecaa45127	I	8915339	L	1	-2922	2
ca5c841f-9fff-46e6-8927-55cfd8e4a491	I	8915390	L	2	-225	3
43ab368d-8484-4c2c-87d9-4d893617d141	I	8916590	R	1	-2	43
43ab368d-8484-4c2c-87d9-4d893617d141	I	8915426	L	1	-11566	2
473a09d7-09c4-4991-b732-06eb183d7e31	II	1649	R	5	1877	2
6661100e-d872-4077-84e6-37424ad7c069	II	1851	R	1	2959	4
8c4079ba-8ba6-4481-ab87-77a3b66400e1	II	1995	R	2	1826	2
2be6fc12-acf3-412b-bc51-1bfb99400fe1	II	1709	R	1	1825	4
39a0d009-3fe4-45e1-b12e-f31cf5066ae4	II	1559	R	1	2506	2
bb479d44-b82a-4cdd-b85b-2d710bc1b991	II	2522	R	1	172	5
9340e639-09a2-4d07-bb48-31ffb2c60716	II	1808	R	1	5642	2
e2088b0d-7852-4184-861b-fd3d57fd3c67	II	1743	R	7	266	5
c14e7128-7f1b-44a5-b4d7-e0620f80e672	II	2377	R	1	6429	3
c14e7128-7f1b-44a5-b4d7-e0620f80e672	II	921	L	1	-2207	8
c8f36a88-f9f9-4b25-b15b-c71fdf726b9a	II	2043	R	9	3672	4
4b45f695-fd86-4bb3-a60b-276ab2ee5415	II	2531	R	1	4802	6
6b3da189-0fd6-4086-8a2a-234a4f7f1007	II	2182	R	1	2527	5
0d2cbc51-0cae-46d6-96a2-9237a78204e2	II	1806	R	1	3117	12
f2ff3af5-dc06-4a91-bb97-6077a9741402	II	4348	R	1	2253	6
040490aa-ed5f-4ae0-8d53-71327915c5f1	II	4427	R	1	3640	5
b1b5f255-e72e-41c0-b86e-391532e8d64e	II	4743	R	1	3123	2
5d0f1217-fadf-42d7-b2c5-ad49d384e87b	II	5289	R	1	3671	3
5dbcfc50-faf7-4540-ba18-d7eca6e82245	II	2654448	R	1	140	61
5dbcfc50-faf7-4540-ba18-d7eca6e82245	II	2654363	L	1	-735	3
1cbb0dde-4db4-49ff-abcb-ef8ac5149379	II	2654450	R	1	131	55
1cbb0dde-4db4-49ff-abcb-ef8ac5149379	II	2654363	L	1	-4187	5
d35199cc-7a1e-4344-8b01-bbb0e5633c90	II	2654450	R	1	136	164
0c58163e-01a9-4b39-8a45-530429ff8f1d	II	2654447	R	1	133	115
2ef0de34-00ff-40e1-8924-71ea4be7d58b	II	2656717	R	2	3609	51
2ef0de34-00ff-40e1-8924-71ea4be7d58b	II	2656138	L	2	-2477	6
5b8641da-4536-427b-9414-05e76f5a2711	II	2656717	R	1	3666	71
823a03fb-b9ac-4cda-b5e6-085f0b0ca285	II	2656714	R	1	3690	47
823a03fb-b9ac-4cda-b5e6-085f0b0ca285	II	2656138	L	1	-5975	4
ec168c69-a533-4f64-b16c-7d0b48d149e6	II	2656717	R	1	3663	192
cad82f29-9371-4640-a4c7-0b479ab61c64	II	2656717	R	1	9818	215
cb0d5447-644e-4287-bd65-e8a2615eb7be	II	2656717	R	1	3653	118
cb0d5447-644e-4287-bd65-e8a2615eb7be	II	2656138	L	1	-6031	4
1e65ec59-b825-4f5f-b4e2-06fc7606677b	II	2656717	R	1	3677	115
1e65ec59-b825-4f5f-b4e2-06fc7606677b	II	2656138	L	1	-5979	2
be408836-b0ef-4600-a4cd-03623acd5163	II	2656713	R	1	3733	117
f6297322-d725-41b1-861d-5a448a0f5eab	II	2656717	R	1	3650	71
f6297322-d725-41b1-861d-5a448a0f5eab	II	2656138	L	1	-5900	4
c2384e41-94c7-4dac-bdcb-797f168afcf6	II	2656718	R	1	3673	130
c2384e41-94c7-4dac-bdcb-797f168afcf6	II	2656138	L	1	-5979	2
b080f3e1-2942-4945-bfe9-b8f3e00ff4db	II	2656717	R	1	3668	61
b080f3e1-2942-4945-bfe9-b8f3e00ff4db	II	2656316	L	1	-2637	6
ef175f21-8107-44e6-8fa0-e3b67b465f06	II	2656717	R	1	9918	51
9b94da1a-7260-406b-926d-b9b178f1536a	II	2667631	R	2	12804	56
9b94da1a-7260-406b-926d-b9b178f1536a	II	2667553	L	2	-3124	3
2472926f-8692-4239-aee0-5cf7de7d507c	II	2667631	R	2	12749	27
04784c74-1086-4035-8bab-9192cc6d9f3f	II	2667631	R	1	16453	61
ecbbe4f0-629d-4ab3-a2c5-8c40b08aa355	II	2667626	R	1	12557	62
ecbbe4f0-629d-4ab3-a2c5-8c40b08aa355	II	2667553	L	1	-916	4
49880afa-3c64-4f90-ba8a-93187410932d	II	2667631	R	1	16393	53
de6ff4f7-2427-4a36-bf58-d4b8c14949df	II	2667631	R	1	8255	65
3354f41e-f725-4bd7-8679-785faf77f22a	II	2667631	R	1	9465	21
bb6d7392-5c74-4cd8-a28c-a3d498f4de47	II	2667631	R	1	12218	159
58e96b15-24d5-412b-80d1-b26a32d0e462	II	2667631	R	1	12798	123
fd43ce67-47e7-4409-8c4a-6f1f0bd08d60	II	2667631	R	1	12847	156
9c9f47c8-c50e-453b-8c7f-0ee695a3811f	II	2667631	R	1	12302	55
9c9f47c8-c50e-453b-8c7f-0ee695a3811f	II	2667553	L	1	-3132	3
798dc771-14dc-4e1f-a020-be3c913ab2cd	II	2667631	R	1	12305	129
03a774b2-8208-49c9-8f5f-b2a7c8465ae1	II	2667630	R	1	12326	108
03a774b2-8208-49c9-8f5f-b2a7c8465ae1	II	2667553	L	1	-3113	3
2f0f41db-8414-410c-9b9d-4d973ee72c4b	II	2667633	R	1	13652	142
4a8fae18-8e9c-4fdb-8c89-cbd70683a3cd	II	2667631	R	1	12803	115
27bdcfa4-bac9-4560-82d0-f3a38ddcf5b4	II	2667631	R	1	12812	153
c1677f3d-120b-4d98-bc1b-5330920827a3	II	2667630	R	1	7355	87
c1677f3d-120b-4d98-bc1b-5330920827a3	II	2667553	L	1	-3077	2
031c94cc-68fc-4e96-81a8-08fa695f05a4	II	2667630	R	1	12283	47
031c94cc-68fc-4e96-81a8-08fa695f05a4	II	2667553	L	1	-3114	2
e730bcf0-453d-4c47-81f9-4e7e9729c4cb	II	2667631	R	1	12873	72
ba17f79a-a055-41e8-9d69-fd4353d249ce	II	2667631	R	1	12759	109
1b53475e-b20c-4733-89ff-9c5d40049d1f	II	2667631	R	1	12286	60
4d92c9b0-88d4-4729-9bae-8f4a5a3742c3	II	2814983	R	2	3574	4
4d92c9b0-88d4-4729-9bae-8f4a5a3742c3	II	2813964	L	2	-766	74
bcc90145-79ff-4032-9977-327b3daaa784	II	2814624	R	1	254	5
bcc90145-79ff-4032-9977-327b3daaa784	II	2813975	L	1	-792	215
1ace93ef-f74b-4464-93f4-70ac67c2fa15	II	2813975	L	2	-792	219
58ac43b5-d7a2-46ec-9118-151c7c6ec346	II	2813975	L	1	-218	173
887c88d9-340e-4afa-8503-d9a6d86e6988	II	2813975	L	3	-793	212
e3da7b64-ab03-44e0-9665-fe1724676543	II	2814624	R	1	14742	3
e3da7b64-ab03-44e0-9665-fe1724676543	II	2813975	L	1	-789	205
dea6ee6b-5bf1-4988-9a1a-d68304309493	II	2814624	R	1	255	6
dea6ee6b-5bf1-4988-9a1a-d68304309493	II	2813975	L	1	-785	268
cb6e89bd-d739-42e0-a6ce-8276163b876f	II	2813975	L	1	-791	209
cc1c5744-099c-4139-b4c3-6ad77f6ec659	II	2813975	L	6	-788	231
de36df25-a713-4c62-9d08-ae80d79f0bb0	II	2813975	L	1	-787	207
e7c766c3-ca12-444f-a12f-925a4fe05d9d	II	2814861	R	4	14247	2
e7c766c3-ca12-444f-a12f-925a4fe05d9d	II	2813975	L	4	-788	211
3735bc7f-6a9e-4f76-ae8f-eb2cf6147c4f	II	2814861	R	1	14166	3
3735bc7f-6a9e-4f76-ae8f-eb2cf6147c4f	II	2813975	L	1	-793	255
37103d49-8407-42ed-a6b1-b5ddbd051c6d	II	2814624	R	1	247	5
37103d49-8407-42ed-a6b1-b5ddbd051c6d	II	2813975	L	1	-794	214
5076c917-7962-4601-8425-a089a6d7a94b	II	2813975	L	1	-794	186
9d3ea403-29bb-4c3c-94ff-3b2c6458b91e	II	2813975	L	1	-787	232
334b7b6f-b9b1-4be3-8857-909a0bc8f8ba	II	2813975	L	1	-796	203
aa727abd-63fe-478f-be26-65c9222b25cc	II	2813975	L	8	-792	134
bea43ecc-41b5-42fe-aa41-7bfdd83885a2	II	2814624	R	2	251	2
bea43ecc-41b5-42fe-aa41-7bfdd83885a2	II	2813975	L	2	-788	173
931822ab-142f-4186-865b-a9147e35b7ad	II	2814624	R	2	248	3
931822ab-142f-4186-865b-a9147e35b7ad	II	2813975	L	2	-788	156
8095c77a-bbe6-4cc9-a73d-d6b331a3cc0f	II	2814983	R	1	14102	3
8095c77a-bbe6-4cc9-a73d-d6b331a3cc0f	II	2813975	L	1	-786	186
7ca88fae-329d-4ac8-be4e-9cc013d4bbc5	II	2814626	R	1	247	2
7ca88fae-329d-4ac8-be4e-9cc013d4bbc5	II	2813975	L	1	-778	198
618b6c9d-e359-406f-a044-0cd00f7f6449	II	2814624	R	1	256	8
618b6c9d-e359-406f-a044-0cd00f7f6449	II	2813975	L	1	-788	194
a564fbe7-2db8-496a-a82d-2f724d62b28e	II	2814624	R	1	249	2
a564fbe7-2db8-496a-a82d-2f724d62b28e	II	2813975	L	1	-793	197
5133984e-8071-4168-b81e-c9ac6009077f	II	2814624	R	1	484	2
5133984e-8071-4168-b81e-c9ac6009077f	II	2813975	L	1	-810	149
9e9a004d-b2d9-4a21-8e46-446c2fd4d6d5	II	2813975	L	2	-782	201
2120921f-4658-4db3-980c-fca48ae8b5cb	II	2813975	L	1	-793	182
6a9cb0d9-26a1-4030-a88e-1ac67cd8f71a	II	2814624	R	1	246	5
6a9cb0d9-26a1-4030-a88e-1ac67cd8f71a	II	2813975	L	1	-788	171
f2348a6a-f87c-4b41-94bd-88af10040cf8	II	2814983	R	1	11797	2
f2348a6a-f87c-4b41-94bd-88af10040cf8	II	2813975	L	1	-798	176
ecb45311-3416-4fa0-aca3-bd00a05a1a09	II	2814624	R	7	255	6
ecb45311-3416-4fa0-aca3-bd00a05a1a09	II	2813975	L	7	-795	129
36cc46e1-5132-4ea9-b48b-3ac7772dc776	II	2813975	L	2	-789	144
c0180dac-7cec-4426-b673-1e2c5e6111d1	II	2814626	R	1	245	6
c0180dac-7cec-4426-b673-1e2c5e6111d1	II	2813975	L	1	-785	176
31ad8c7d-8ce0-409e-8cd9-58726fcf91ab	II	2814624	R	1	257	15
31ad8c7d-8ce0-409e-8cd9-58726fcf91ab	II	2813975	L	1	-792	186
3fbce1b1-45ab-431b-a008-2a4e8895a827	II	2813975	L	1	-794	143
2b82ee03-4bec-4548-9bfa-f46838af8720	II	2813975	L	1	-795	103
72f4d33d-45f4-4bf3-8797-f7eef399175d	II	2813975	L	2	-789	155
a423befa-b3ec-4394-be49-734cdbf5ada6	II	2814608	R	1	264	6
a423befa-b3ec-4394-be49-734cdbf5ada6	II	2813975	L	1	-798	184
f2dea53e-43c5-4bd8-8ef1-095b5d00129b	II	2814624	R	2	249	6
f2dea53e-43c5-4bd8-8ef1-095b5d00129b	II	2813975	L	2	-785	163
fe8a28f9-2235-4fa1-ba6d-22526bde4748	II	2814624	R	2	14747	5
fe8a28f9-2235-4fa1-ba6d-22526bde4748	II	2813975	L	2	-789	156
7a68a435-b204-4f8d-b3d6-4b5590ed0148	II	2813975	L	6	-788	50
7e39321a-b347-42c2-a677-b67eb0ff13e7	II	2813975	L	1	-781	143
78523dd4-3a69-4e42-a361-b71085f11094	II	2813975	L	1	-794	168
c5212be7-0d2d-4d9b-88f8-c16f1a2f14df	II	2814624	R	1	235	6
c5212be7-0d2d-4d9b-88f8-c16f1a2f14df	II	2813975	L	1	-789	140
2e30190c-95d8-4d8a-87c3-4c622ecda1cf	II	2814624	R	1	250	4
2e30190c-95d8-4d8a-87c3-4c622ecda1cf	II	2813975	L	1	-775	157
3e2cd760-4f09-45cf-ab50-18dd79c829ea	II	2814624	R	1	14809	2
3e2cd760-4f09-45cf-ab50-18dd79c829ea	II	2813975	L	1	-791	65
29f5d698-fef7-477c-9a0c-5da9508b68b2	II	2814621	R	1	265	9
29f5d698-fef7-477c-9a0c-5da9508b68b2	II	2813975	L	1	-789	170
9d650bdc-3c32-47ab-9b9a-bca65a51100a	II	2813975	L	7	-800	173
1267617c-3462-44c0-98b3-c20c7bce9866	II	2814624	R	1	253	7
1267617c-3462-44c0-98b3-c20c7bce9866	II	2813975	L	1	-804	170
0f9d0d3c-e047-46f6-89ce-16162391d4ba	II	2814624	R	4	254	2
0f9d0d3c-e047-46f6-89ce-16162391d4ba	II	2813975	L	4	-789	107
25ba538d-0e93-4caf-969f-6e957b674ba1	II	2813975	L	2	-782	108
5fb059d2-d1e8-4a2e-be56-1b7109a8fc9d	II	2813975	L	5	-806	161
e401c5dd-743f-48c1-a4ee-4d5cae7adc51	II	2814624	R	2	253	2
e401c5dd-743f-48c1-a4ee-4d5cae7adc51	II	2813975	L	2	-791	182
71b000c5-e78a-4036-b25d-9e215781e791	II	2814624	R	1	252	6
71b000c5-e78a-4036-b25d-9e215781e791	II	2813975	L	1	-792	144
c2bb9408-5e3f-4410-8751-42a3711e6f71	II	2814609	R	3	21057	3
c2bb9408-5e3f-4410-8751-42a3711e6f71	II	2813975	L	3	-783	145
e1f7182f-eec8-48dc-b63f-c2f496f47bc4	II	2814624	R	2	250	5
e1f7182f-eec8-48dc-b63f-c2f496f47bc4	II	2813975	L	2	-797	167
0f586ddc-66e8-422d-b179-6de3c99de35e	II	2813975	L	1	-790	170
fddf6369-565c-44be-b6da-0be959622c64	II	2814609	R	1	263	5
fddf6369-565c-44be-b6da-0be959622c64	II	2813975	L	1	-808	126
0d52b2d4-2653-4ca9-95f2-a5ccc4b0a12b	II	2814624	R	4	252	3
0d52b2d4-2653-4ca9-95f2-a5ccc4b0a12b	II	2813975	L	4	-789	104
b14e2941-38d2-4963-a6fd-0f25fb37c0d0	II	2814624	R	1	249	6
b14e2941-38d2-4963-a6fd-0f25fb37c0d0	II	2813975	L	1	-801	139
99cd886f-0b7c-479b-b123-f1e05ae02e2e	II	2813975	L	1	-789	148
e8bb35fd-6b74-4996-ac49-6ea0dc920820	II	2813975	L	2	-781	152
088be8a2-7ff6-408d-8943-97f0c845490d	II	2814587	R	2	279	6
088be8a2-7ff6-408d-8943-97f0c845490d	II	2813975	L	2	-792	109
8468d04b-5ee4-4310-96ab-327deb8548c8	II	2813975	L	1	-798	164
4b81297c-b865-4ab2-a2c4-31ca436b3157	II	2813975	L	1	-780	171
6bd41f6e-1771-460f-bd0a-3d31649ca67b	II	2814624	R	1	14777	4
6bd41f6e-1771-460f-bd0a-3d31649ca67b	II	2813975	L	1	-789	97
64fdc969-13f3-4136-acba-c41212dca064	II	2814624	R	3	247	6
64fdc969-13f3-4136-acba-c41212dca064	II	2813975	L	3	-785	118
64a189e4-bfce-4475-835e-d7cbd6e9432b	II	2813975	L	1	-789	108
f982a884-997d-4b10-a125-739c5f582954	II	2814622	R	2	254	6
f982a884-997d-4b10-a125-739c5f582954	II	2813975	L	2	-784	165
e4e12f3e-7328-4f3e-af87-4a4e550daff1	II	2814624	R	3	3971	3
e4e12f3e-7328-4f3e-af87-4a4e550daff1	II	2813975	L	3	-805	161
237f47e6-5e7a-4cb4-b8be-c9d2a7f64b11	II	2813975	L	4	-792	77
ba63d210-eea7-49ce-96a4-f53139dc8b74	II	2813975	L	1	-779	107
cedb580f-a0e9-441b-9aa7-742c72160f2e	II	2814622	R	2	257	6
cedb580f-a0e9-441b-9aa7-742c72160f2e	II	2813975	L	2	-792	120
776f34e1-6fb0-430d-a96a-f70cf65c3a2d	II	2814624	R	3	250	5
776f34e1-6fb0-430d-a96a-f70cf65c3a2d	II	2813975	L	3	-791	149
40dc9049-6271-498f-8bbd-fe44546575b1	II	2813975	L	2	-792	172
4f9e686a-1b84-46c4-8289-fdeb88f9fabf	II	2814624	R	2	255	2
4f9e686a-1b84-46c4-8289-fdeb88f9fabf	II	2813975	L	2	-805	97
ea96e5cb-1e8a-4221-9f5e-fa0045c29923	II	2814983	R	1	6050	3
ea96e5cb-1e8a-4221-9f5e-fa0045c29923	II	2813975	L	1	-789	117
d9bad720-d901-4136-83e0-1e5b6a8cac9a	II	2813975	L	4	-782	158
88d19d39-0fe5-4623-850a-b8d0f5be6e29	II	2813975	L	2	-793	117
18ebda96-1884-41e4-b7d7-3025324bf6d0	II	2814624	R	5	251	2
18ebda96-1884-41e4-b7d7-3025324bf6d0	II	2813975	L	5	-792	121
72c40a10-ff28-4c4f-a009-24251ebe569f	II	2813975	L	3	-773	68
86977df6-9ccd-454c-bbbd-2c3ff53641f1	II	2813975	L	2	-779	139
2244990e-1b04-4321-8018-d38b93c9ae1b	II	2814624	R	5	248	3
2244990e-1b04-4321-8018-d38b93c9ae1b	II	2813975	L	5	-750	162
48218d91-4722-4207-a1f4-325ca0bf5f42	II	2813975	L	3	-780	155
9d8f2f88-590c-4c50-ba69-ff40b33306ba	II	2814624	R	4	252	3
9d8f2f88-590c-4c50-ba69-ff40b33306ba	II	2813975	L	4	-787	111
2294eacd-6f47-4a13-abe9-0341ac75716c	II	2814624	R	1	247	4
2294eacd-6f47-4a13-abe9-0341ac75716c	II	2813975	L	1	-783	68
08d58839-ad28-419d-859f-885f9cd3316f	II	2813975	L	1	-798	131
d826dfce-fc3d-4f2b-b1ba-2f858772010d	II	2814624	R	1	21129	4
d826dfce-fc3d-4f2b-b1ba-2f858772010d	II	2813975	L	1	-785	133
cd2a8e9d-a90d-4523-920f-bbf18b2c63b3	II	2813975	L	3	-789	129
284c4639-6bc1-4352-bd4c-5e3418eb9098	II	2814624	R	2	250	5
284c4639-6bc1-4352-bd4c-5e3418eb9098	II	2813975	L	2	-783	142
a477f924-a7f8-4d42-90d2-acaa4357dd49	II	2814624	R	3	14699	2
a477f924-a7f8-4d42-90d2-acaa4357dd49	II	2813975	L	3	-799	142
96d2019f-8b6a-4b46-b189-844e7f4d7262	II	2813975	L	2	-785	147
9b1473c3-b9e3-4ed4-8552-9aab104c9edb	II	2814624	R	3	252	6
9b1473c3-b9e3-4ed4-8552-9aab104c9edb	II	2813975	L	3	-791	130
57860278-6285-4760-911c-c06a616d5556	II	2814624	R	5	252	4
57860278-6285-4760-911c-c06a616d5556	II	2813975	L	5	-788	161
ef155786-5d67-40ec-86ae-84da822c9c6f	II	2814624	R	2	252	2
ef155786-5d67-40ec-86ae-84da822c9c6f	II	2813975	L	2	-792	97
24397a71-56a0-424e-ab7d-306f7e625306	II	2813975	L	2	-787	151
cc326111-f236-4fe1-b5cf-cfe3e1a6c9e6	II	2813975	L	2	-787	142
952ea36f-7e12-44b9-9c5c-bd011d047b0a	II	2813975	L	1	-812	125
58c703af-b90f-4e9a-9608-e7607d95c678	II	2814624	R	2	14707	3
58c703af-b90f-4e9a-9608-e7607d95c678	II	2813975	L	2	-785	101
8ebbd8a8-c353-400f-914e-47ea7304835a	II	2814624	R	1	251	4
8ebbd8a8-c353-400f-914e-47ea7304835a	II	2813975	L	1	-780	104
112c24cb-6f6c-472d-96a3-0205d7427efa	II	2813975	L	1	-782	99
ed8b765a-9c08-4fa4-9a08-51d63ee25d7a	II	2813975	L	2	-783	97
3051261a-472a-42e8-accc-acd05907b589	II	2814624	R	2	14685	3
3051261a-472a-42e8-accc-acd05907b589	II	2813975	L	2	-800	121
29658678-efcc-4e94-a75f-5940dfff6549	II	2813975	L	1	-798	49
b8adb2cc-4971-4f7c-84d1-d75758466e22	II	2813975	L	1	-783	62
2087dbef-14fa-4c9c-b35a-367aa3a9fe7c	II	2813975	L	3	-791	77
ad004e0f-2f69-45da-bdb3-cf3f204d40f3	II	2814612	R	2	263	4
ad004e0f-2f69-45da-bdb3-cf3f204d40f3	II	2813975	L	2	-785	146
01379b47-7f54-429b-bef0-c6fc20e9c5c7	II	2814624	R	2	251	2
01379b47-7f54-429b-bef0-c6fc20e9c5c7	II	2813975	L	2	-777	75
00fc4bd1-195f-4499-9e4b-4b7ee046e34f	II	2814624	R	5	250	2
00fc4bd1-195f-4499-9e4b-4b7ee046e34f	II	2813975	L	5	-793	148
8a1ce363-3f67-4973-8782-37bfe37ad6a1	II	2813975	L	1	-815	96
5908570c-9907-4220-9f74-9928ad66e355	II	2814983	R	1	14064	3
5908570c-9907-4220-9f74-9928ad66e355	II	2813975	L	1	-794	140
014b612d-39f0-4b86-9886-cba3951a915a	II	2814624	R	3	250	6
014b612d-39f0-4b86-9886-cba3951a915a	II	2813975	L	3	-790	133
1c8062ae-af43-4c4b-9725-c46a65c0aacc	II	2814624	R	2	241	6
1c8062ae-af43-4c4b-9725-c46a65c0aacc	II	2813975	L	2	-785	124
1432b535-084d-4a2a-8147-ae182f312b44	II	2813975	L	3	-802	115
e9c16890-999a-4e29-a171-9832bd98cd75	II	2814624	R	2	257	10
e9c16890-999a-4e29-a171-9832bd98cd75	II	2813975	L	2	-787	132
94a3fc2a-00e2-4b81-934c-d8a3e5e4fdec	II	2813975	L	1	-786	140
97a4d593-b145-47bb-b261-e0842d1ee5f0	II	2813975	L	6	-781	120
9b42c38a-5804-4cd2-9d86-b745b44f4aaf	II	2814983	R	1	14025	5
9b42c38a-5804-4cd2-9d86-b745b44f4aaf	II	2813975	L	1	-795	122
045c7d11-1c72-40e8-b2ae-c38261800570	II	2814624	R	3	254	2
045c7d11-1c72-40e8-b2ae-c38261800570	II	2813975	L	3	-783	75
ed5c1599-b31f-418a-b13c-78904ab477eb	II	2814624	R	2	251	6
ed5c1599-b31f-418a-b13c-78904ab477eb	II	2813975	L	2	-783	139
a43af20a-e271-4920-85f8-bbfe8299d2c5	II	2813975	L	2	-789	114
df0f3fdc-ba26-42c6-8782-357eddff1b12	II	2814624	R	2	255	3
df0f3fdc-ba26-42c6-8782-357eddff1b12	II	2813975	L	2	-791	128
6bd3fa64-f1c4-4e41-8306-e68b75b4d5c1	II	2813975	L	3	-774	109
6fae7280-3315-43b8-9d8b-e56a476e6393	II	2814624	R	2	250	2
6fae7280-3315-43b8-9d8b-e56a476e6393	II	2813975	L	2	-789	111
d95d77b7-6142-4e0c-863b-b53bfd27c7cf	II	2814624	R	3	250	5
d95d77b7-6142-4e0c-863b-b53bfd27c7cf	II	2813975	L	3	-794	78
576f4650-c0ab-4bc4-b13b-f457e3c07b56	II	2814624	R	1	255	3
576f4650-c0ab-4bc4-b13b-f457e3c07b56	II	2813975	L	1	-782	90
2783892f-8f18-418e-94cb-14a2f410c50e	II	2814609	R	1	264	2
2783892f-8f18-418e-94cb-14a2f410c50e	II	2813975	L	1	-779	130
39d453fd-1244-485b-8267-94ab611c31a5	II	2814621	R	2	260	2
39d453fd-1244-485b-8267-94ab611c31a5	II	2813975	L	2	-786	111
a2d4546d-d50c-4311-b6ac-625b193c4174	II	2814624	R	5	253	4
a2d4546d-d50c-4311-b6ac-625b193c4174	II	2813975	L	5	-792	99
88e063de-a3e3-41f8-a283-6c3796753e16	II	2814624	R	2	248	7
88e063de-a3e3-41f8-a283-6c3796753e16	II	2813975	L	2	-791	107
5f114594-107a-41d5-b5bd-7c1d09cb9319	II	2813975	L	3	-757	101
8caca6d7-3492-4210-82a4-0b06f200ebb4	II	2813975	L	2	-786	104
73456862-421c-429c-99f0-7acb3eec18fe	II	2814624	R	4	250	4
73456862-421c-429c-99f0-7acb3eec18fe	II	2813975	L	4	-794	123
865704fe-0db7-4f83-bf07-48047f0887ad	II	2813975	L	1	-777	113
1c8bf281-11e2-424c-bb7d-8cf6b3af1d2d	II	2814624	R	3	248	5
1c8bf281-11e2-424c-bb7d-8cf6b3af1d2d	II	2813975	L	3	-783	88
9e1a18ff-995d-40da-b3f6-eaab63b6e44f	II	2814624	R	3	254	4
9e1a18ff-995d-40da-b3f6-eaab63b6e44f	II	2813975	L	3	-812	70
04efe307-2fa5-44ec-984b-9bd88364a29f	II	2814624	R	1	251	3
04efe307-2fa5-44ec-984b-9bd88364a29f	II	2813975	L	1	-768	65
47ce8e7c-9d72-467b-80ec-42cd7e34948e	II	2814983	R	2	14033	3
47ce8e7c-9d72-467b-80ec-42cd7e34948e	II	2813975	L	2	-778	79
4eeec424-582f-4ce3-a23b-065be6331e51	II	2814624	R	4	243	2
4eeec424-582f-4ce3-a23b-065be6331e51	II	2813975	L	4	-774	48
4e6120be-164e-489d-bd48-6eeb50c6a7fd	II	2814624	R	1	247	3
4e6120be-164e-489d-bd48-6eeb50c6a7fd	II	2813975	L	1	-793	67
4e37eef0-7114-492f-9ab1-0293280a2304	II	2814624	R	6	251	3
4e37eef0-7114-492f-9ab1-0293280a2304	II	2813975	L	6	-806	68
0ba9fa96-e8bc-4309-9c01-b50eaa21b79c	II	2813975	L	4	-792	73
bbe55e60-18ec-474b-a9d4-282939d4f896	II	2814983	R	4	4877	4
bbe55e60-18ec-474b-a9d4-282939d4f896	II	2813975	L	4	-784	51
22bd5f00-d602-4e98-a0bb-894fec2bb733	II	2814624	R	3	257	2
22bd5f00-d602-4e98-a0bb-894fec2bb733	II	2813975	L	3	-794	55
b3d711db-2e6c-4db8-bcfc-59e4f55c347f	II	2813975	L	3	-791	59
f66f1e3f-5789-4133-ba96-6d611ff3df2f	II	2813975	L	4	-774	62
beb5292b-4b96-41ad-acaa-dd1d2e10262f	II	2814624	R	1	249	5
beb5292b-4b96-41ad-acaa-dd1d2e10262f	II	2813975	L	1	-779	51
33831970-6796-42a2-a32b-e741b1aeb801	II	2813975	L	3	-792	80
dc15f3b6-d201-4255-b187-7093f5ce7289	II	2813975	L	4	-805	68
ed3570c5-f304-4308-a229-746b1f279bf1	II	2813975	L	3	-784	50
245ef782-75f5-49a8-aa0a-386333778ed6	II	2814861	R	6	14216	3
245ef782-75f5-49a8-aa0a-386333778ed6	II	2813975	L	6	-791	42
dc043c40-2032-415d-8964-759d9c8f13ad	II	2814624	R	2	251	2
dc043c40-2032-415d-8964-759d9c8f13ad	II	2813975	L	2	-786	106
332f2081-df67-408b-9cb6-619c85eef753	II	2813975	L	4	-775	10
f9924a4c-fcfe-460f-ab01-0939558d2170	II	2813975	L	2	-804	58
2ca3cf9a-96f7-4f5d-acac-7038e3c53f2e	II	2813975	L	7	-798	11
9ec21d04-a72f-4611-ba0b-5cc7ea04807c	II	2814624	R	2	251	3
9ec21d04-a72f-4611-ba0b-5cc7ea04807c	II	2813975	L	2	-793	50
f29af2cb-2baa-4ba3-a1ec-5c3417c9e6cd	II	2814624	R	6	267	4
f29af2cb-2baa-4ba3-a1ec-5c3417c9e6cd	II	2813975	L	6	-804	40
26f800a1-cb2f-40f1-aaa2-e71a87396622	II	2814983	R	1	14024	5
26f800a1-cb2f-40f1-aaa2-e71a87396622	II	2813975	L	1	-781	50
e01c638d-4076-4650-98b9-b5008e2dddb4	II	2814624	R	2	249	2
e01c638d-4076-4650-98b9-b5008e2dddb4	II	2813975	L	2	-792	70
df2bef71-4beb-41b9-86b4-76d4a4c2a4ee	II	2814861	R	1	20188	2
df2bef71-4beb-41b9-86b4-76d4a4c2a4ee	II	2813975	L	1	-770	30
a84e5c7d-cb5c-41b3-b630-326690126072	II	2813975	L	1	-796	59
8e578e50-e211-48c3-9264-5454996385bb	II	2813975	L	1	-797	41
61e881ea-b9a3-481b-a44d-ae6919035f8d	II	2814624	R	2	21235	3
61e881ea-b9a3-481b-a44d-ae6919035f8d	II	2813976	L	2	-787	159
4c4327be-048f-434e-b010-ea1c6dcb65bf	II	2813976	L	1	-799	177
5374a9ea-8853-42f8-aa44-6d66618cf4ae	II	2813976	L	1	-795	167
c612b46f-e984-4e6d-8b0d-322b220e5358	II	2813976	L	1	-793	108
9379a193-b1e0-469d-b02a-a626e5cc9c53	II	2814624	R	3	254	3
9379a193-b1e0-469d-b02a-a626e5cc9c53	II	2813976	L	3	-782	103
217a2b5e-865e-4b40-ba17-2003e405b9dd	II	2814624	R	2	252	2
217a2b5e-865e-4b40-ba17-2003e405b9dd	II	2813976	L	2	-793	165
efc1cbda-6cbf-4c68-a742-f0e90153ddc6	II	2814624	R	2	251	5
efc1cbda-6cbf-4c68-a742-f0e90153ddc6	II	2813976	L	2	-782	142
1810f42f-dc2c-46da-b00c-3da471dfb6cd	II	2814624	R	1	245	3
1810f42f-dc2c-46da-b00c-3da471dfb6cd	II	2813976	L	1	-804	122
88f2facb-169a-4003-a1ff-d7abfdc24d35	II	2813976	L	2	-767	40
9f57e426-2ebe-410f-9d9e-e681ccaf0481	II	2814983	R	1	14061	3
9f57e426-2ebe-410f-9d9e-e681ccaf0481	II	2813976	L	1	-787	150
546895f2-b789-4153-9374-da3474fe2445	II	2814983	R	2	20383	3
546895f2-b789-4153-9374-da3474fe2445	II	2813976	L	2	-796	90
3d943d9a-b2a8-4e4d-8c4b-759a481607e4	II	2814612	R	2	14527	2
3d943d9a-b2a8-4e4d-8c4b-759a481607e4	II	2813976	L	2	-780	103
7ab085e5-5e01-4b36-b99b-ece1270d5f04	II	2813976	L	3	-793	96
6c1c6ddb-34f5-4cb2-ade5-1cb348f1feb9	II	2814616	R	2	255	2
6c1c6ddb-34f5-4cb2-ade5-1cb348f1feb9	II	2813976	L	2	-796	25
a6d95e52-4fe8-4453-a23b-30e1e198de4c	II	2813976	L	7	-786	71
d071c2fb-05fb-4389-ba34-5cb4add57df8	II	2814624	R	1	255	4
d071c2fb-05fb-4389-ba34-5cb4add57df8	II	2813977	L	1	-790	96
a35a508b-7c2d-484d-8bc5-bc57b83f4206	II	2813978	L	1	-788	78
05c0d91f-4158-4472-b012-c039e49e04ec	II	2814983	R	1	3579	2
05c0d91f-4158-4472-b012-c039e49e04ec	II	2813978	L	1	-795	41
8288f5b4-1740-4b94-92e3-d2b4f327d362	II	2813978	L	2	-793	41
ae20586b-1089-4f66-a859-2291bb28b764	II	2813978	L	1	-789	61
40643d1c-bd92-489f-b5d9-123d69e720e2	II	2814624	R	1	248	2
40643d1c-bd92-489f-b5d9-123d69e720e2	II	2813979	L	1	-795	148
1e8a5488-b51f-4883-aaf1-0756de0a3cb5	II	2814624	R	5	246	6
1e8a5488-b51f-4883-aaf1-0756de0a3cb5	II	2813979	L	5	-796	112
99ff04c7-6eef-48a8-a784-b8784914df44	II	2814624	R	5	251	6
99ff04c7-6eef-48a8-a784-b8784914df44	II	2813979	L	5	-806	141
f029da1c-2faf-4001-a8b5-70334dcef272	II	2814624	R	1	256	3
f029da1c-2faf-4001-a8b5-70334dcef272	II	2813983	L	1	-789	115
41a5f1b4-c82f-40f1-b10d-0aabd6d06628	II	2814619	R	2	258	2
41a5f1b4-c82f-40f1-b10d-0aabd6d06628	II	2813987	L	2	-807	45
f1586c26-a7d2-44ad-b1d5-31c6c04eca07	II	2813996	L	2	-824	114
e10bb6aa-76c0-46a4-b775-72ece58a8834	II	2814624	R	3	7369	2
e10bb6aa-76c0-46a4-b775-72ece58a8834	II	2814018	L	3	-828	135
4ac2bba2-5c8f-4002-90e2-3ed7f8faaf3a	II	2814613	R	1	251	3
4ac2bba2-5c8f-4002-90e2-3ed7f8faaf3a	II	2814045	L	1	-859	161
545c9854-0c5d-4d01-b3f7-ed4256d49d4a	II	2814624	R	2	249	4
545c9854-0c5d-4d01-b3f7-ed4256d49d4a	II	2814337	L	2	-1283	42
bbf898eb-1bff-49a7-a92e-cc7e80eb1798	II	2814342	L	1	-1280	136
c46288b8-0aa1-4948-bfff-abe54b9d2e8d	II	2814624	R	2	4030	2
c46288b8-0aa1-4948-bfff-abe54b9d2e8d	II	2814342	L	2	-1292	91
b441a443-ad6e-4355-9887-1c26a0adc3a0	II	2814624	R	1	237	3
b441a443-ad6e-4355-9887-1c26a0adc3a0	II	2814342	L	1	-1306	60
59fd2a5d-9817-4405-bf5b-8b004578b20f	II	2814624	R	2	231	3
59fd2a5d-9817-4405-bf5b-8b004578b20f	II	2814342	L	2	-1329	60
42c4e8d0-f1ec-427e-97b0-0c648094bcd6	II	2814612	R	1	255	4
42c4e8d0-f1ec-427e-97b0-0c648094bcd6	II	2814342	L	1	-1327	79
ae3e8c9f-f6dc-47fb-a42f-5cbe95a2b2be	II	2814624	R	2	244	4
ae3e8c9f-f6dc-47fb-a42f-5cbe95a2b2be	II	2814358	L	2	-1339	102
f5f4dc59-9934-4eb4-86ee-d87cb246a6dc	II	2814607	R	1	268	8
f5f4dc59-9934-4eb4-86ee-d87cb246a6dc	II	2814364	L	1	-1313	36
7ad7c332-56b0-4c9e-9e17-0529624d79d9	II	2814676	L	1	-1927	157
5384d08b-bc7e-4c99-af83-ad417f2a3774	II	2814677	L	1	-1891	149
4976f064-74c6-4097-8958-7cc30c6a6250	II	2814677	L	1	-1917	228
ac613cfe-3880-4005-ab90-3293f8bdfeea	II	2814861	R	1	14109	7
ac613cfe-3880-4005-ab90-3293f8bdfeea	II	2814677	L	1	-1923	152
99b07a5d-7931-4bec-8731-5b724e92683a	II	2814861	R	1	14273	4
99b07a5d-7931-4bec-8731-5b724e92683a	II	2814677	L	1	-1930	116
54e197ef-8350-457f-87d2-26b52618a9e8	II	2814861	R	1	14178	2
54e197ef-8350-457f-87d2-26b52618a9e8	II	2814677	L	1	-1914	20
3bfc9035-38e2-4bbe-a9f7-aeae1f53640d	II	2814677	L	1	-1905	139
f6b39df0-16cd-42c0-bf1a-9cb28fee9290	II	2814677	L	1	-1968	73
2b286e83-824a-40ca-b830-a2bd3e978281	II	2814677	L	1	-1928	128
de88b476-ec6e-467a-b33a-8b0860b57aa6	II	2814677	L	1	-1914	155
40231e44-21f8-4f48-a2d0-0c60e00dac9b	II	2814983	R	1	14086	3
40231e44-21f8-4f48-a2d0-0c60e00dac9b	II	2814677	L	1	-1908	124
4b410359-1b38-478b-90c5-834a6d9200d3	II	2814677	L	1	-1917	159
a6f763cc-eb72-47d7-a300-594dc84d237e	II	2814677	L	2	-1916	46
47e2ddcf-c21a-4289-bb7b-0f040d7a4da7	II	2814861	R	1	8271	6
47e2ddcf-c21a-4289-bb7b-0f040d7a4da7	II	2814677	L	1	-1894	104
0dd67531-e264-4c8a-a40c-5e5c3c2fd858	II	2814983	R	1	13938	5
0dd67531-e264-4c8a-a40c-5e5c3c2fd858	II	2814677	L	1	-1907	110
366ce8dc-031a-4a79-981f-eeec0512034a	II	2814983	R	1	8926	4
366ce8dc-031a-4a79-981f-eeec0512034a	II	2814677	L	1	-1887	106
d8e6c15e-e9eb-4f84-9948-df13666583c4	II	2814983	R	1	13770	4
d8e6c15e-e9eb-4f84-9948-df13666583c4	II	2814677	L	1	-1910	36
b3758f41-f2d0-40b3-87ff-d2bec00d0e60	II	2814677	L	4	-76	74
55c22ec4-d7eb-4869-afce-47a48e662b09	II	2814983	R	2	20447	2
55c22ec4-d7eb-4869-afce-47a48e662b09	II	2814677	L	2	-1901	50
50aecb36-caea-41e6-beed-bc3c0e006cf7	II	2814677	L	1	-1933	58
7379889a-d7dd-4bc1-9325-3625125df807	II	2814983	R	1	4850	4
7379889a-d7dd-4bc1-9325-3625125df807	II	2814677	L	1	-1942	18
72dad80b-4849-4420-b363-40c8e60a884e	II	2814983	R	1	3532	3
72dad80b-4849-4420-b363-40c8e60a884e	II	2814677	L	1	-1918	27
5da030f1-a85f-4baa-8cb3-6691098e5fe3	II	2814678	L	2	-1894	101
5436d9ee-7b25-4e43-95b5-ee414b65fdfc	II	2814679	L	1	-1918	54
26455f1b-19b9-42be-8994-ccc5437d5a59	II	2814680	L	1	-1929	34
1da897a3-01e9-4753-91cc-1e37123043d2	II	2814861	R	1	8978	5
1da897a3-01e9-4753-91cc-1e37123043d2	II	2814755	L	1	-1984	111
1aea3bcd-c056-4e21-b6d0-95f52dcd8a02	II	3734052	R	1	8434	47
65aa7e24-3fb8-44ca-9e03-dc715607f795	II	3741902	R	1	24858	2
65aa7e24-3fb8-44ca-9e03-dc715607f795	II	3741379	L	1	-6445	125
266ca3ca-f227-4c3c-9697-0c8bfe71292e	II	3741379	L	1	-6473	188
a677036c-29fd-4561-b4dc-e8e075455b5e	II	3741379	L	1	-6442	179
10fdaeaf-0cc7-4f38-8fc4-f3f07400b9e9	II	3741911	R	1	22886	2
10fdaeaf-0cc7-4f38-8fc4-f3f07400b9e9	II	3741379	L	1	-6466	120
1cc2ddf0-bbcf-41e1-946d-58f8d2bb619e	II	3741379	L	1	-6464	102
bee00aa1-81b1-4523-bd28-91e09d83b517	II	3741379	L	1	-6449	99
8905589f-78b7-4fb1-afd0-8655ff0d25f4	II	3741911	R	1	22410	2
8905589f-78b7-4fb1-afd0-8655ff0d25f4	II	3741379	L	1	-6419	76
4fcdfade-1cec-4467-b800-6e8543fe0777	II	3741483	L	1	-7988	174
4f3782b1-b0bf-4f1f-87bd-6cef01f53e19	II	3741483	L	1	-8041	197
24a3546a-adab-4193-9295-03bc3714c625	II	3741483	L	1	-6578	183
20d6c082-40dd-4084-a333-ea2dccf68183	II	3741483	L	1	-6606	215
6409a306-f02c-40de-9c17-979409c1b218	II	3741483	L	1	-6614	237
3df5905f-590b-4078-aed1-ad4fd8af5600	II	3741483	L	1	-6607	116
b1ee5c26-6190-4b7b-8957-0ebff66be7c8	II	3741483	L	1	-6605	86
6af9969e-3a40-4b19-b44a-7554c4d9a48e	II	3741483	L	1	-6609	169
36f9da48-a6d9-4d70-9e72-fe07803a3437	II	3741899	R	1	23019	4
36f9da48-a6d9-4d70-9e72-fe07803a3437	II	3741483	L	1	-6577	85
40800330-8cab-43af-b4d1-03b37526d492	II	3741483	L	1	-6570	68
e0035c98-cadd-4815-820f-51257c4908f0	II	3741911	R	1	22962	3
e0035c98-cadd-4815-820f-51257c4908f0	II	3741483	L	1	-6593	94
ee9868da-e734-465d-93af-afe28bde31de	II	3741483	L	1	-6577	121
b953612e-1f27-49d4-ba13-21cb1ea4c815	II	3741483	L	1	-6545	136
4c4f5578-5a3a-42be-9fd8-ac6982a45156	II	3741483	L	1	-6595	51
6abc7512-1b53-4795-af15-9f4f2787b6f9	II	3741483	L	1	-6540	73
daf3977b-be30-4f05-99bb-36c18684b315	II	3741483	L	1	-7971	85
8f2e0690-be67-4d79-aba1-a6da1f43a8f4	II	3741483	L	1	-6590	110
428dc9b2-71af-438e-94e2-316bd5a69072	II	3741483	L	1	-6604	79
2785d24c-0f1c-4d24-9aac-74e7a037aed4	II	3741483	L	1	-6625	85
09e6ef3f-63d5-45f2-b211-b9462ab8b286	II	3741483	L	1	-6569	76
110565d7-24b9-4f3a-8f3b-b231b9329bc3	II	3741483	L	1	-5477	27
0f06a52b-ebf9-4a69-8a9b-4e5c7f205256	II	3741483	L	1	-6604	66
29260e16-761a-4927-82a0-e94a1c14a1c7	II	3741483	L	1	-6638	59
eb13e240-b0ac-4384-90ce-ce11c2e3cc52	II	3741483	L	1	-6440	42
75a7aa51-4f6d-49cf-a170-d4f62074e835	II	3741878	R	1	3559	3
75a7aa51-4f6d-49cf-a170-d4f62074e835	II	3741483	L	1	-6526	29
d5fcb084-b137-4f0e-a616-7c7fb8a43dfb	II	3741483	L	1	-6592	24
4c5823de-5f26-48b9-b39d-3ef62df53757	II	3741483	L	1	-6644	38
9ba1fa9b-bfcc-45ed-98d1-031c7bc49833	II	3741483	L	1	-6604	60
06590c6a-ce22-4daf-a52f-a37c033941cc	II	3741484	L	1	-6673	96
6267f06b-5ef5-4d6a-852a-1e8afbada3d9	II	3741491	L	1	-6565	107
4ac47410-754d-4232-9100-213f8f62bb42	II	3741491	L	1	-6077	142
4810e895-e3d6-4c34-ad7e-a9f2dfbcbbc7	II	3741802	R	1	22021	37
4810e895-e3d6-4c34-ad7e-a9f2dfbcbbc7	II	3741491	L	1	-6562	120
fbd140ea-f7ab-415f-9284-5b6c325555ba	II	3741506	L	1	-6616	70
4cd7a610-6c3a-47e6-95d5-aff2bbd43a20	II	3834664	R	2	1792	36
1c5350ea-24b7-4e2c-8c0d-cbaf0472f6f5	II	4263515	L	1	-9416	108
c2647006-dd82-440c-a451-38ae53a27589	II	4275671	R	2	1606	65
b16a4c5b-60c5-4c6e-9ae6-b81f5aeb2489	II	4372215	R	47	15320	40
154641d7-c47e-4210-8051-c51b976076d6	II	4373323	R	50	7833	45
154641d7-c47e-4210-8051-c51b976076d6	II	4365144	L	50	-6798	6
07a48744-197a-4ff1-a1b3-2a1b082f4ec0	II	4367464	R	31	1259	51
07a48744-197a-4ff1-a1b3-2a1b082f4ec0	II	4365144	L	31	-6814	5
f28a8978-e07b-475f-85be-a4a4b20c4a32	II	4372211	R	41	15493	54
8d16451d-ceea-4e56-a13e-f0d2becca96b	II	4372215	R	50	15459	21
37755ab0-1d97-48d1-8fa0-39c0b4ee6308	II	4369623	R	23	324	70
c721d97d-3bee-4a97-8571-7863a7fbe902	II	4372215	R	59	15478	42
393fe311-b3cf-4cff-8faf-bef1360625db	II	4372215	R	47	12117	72
393fe311-b3cf-4cff-8faf-bef1360625db	II	4365144	L	47	-6816	4
f0e64bd2-71fd-43db-8525-52be24ff2835	II	4370576	R	30	17070	44
55f58c88-0884-4791-9995-b451da37b8bc	II	4369623	R	16	322	51
55f58c88-0884-4791-9995-b451da37b8bc	II	4365144	L	16	-8000	2
0e310d27-0891-442f-afb5-38c8cd8399b0	II	4372215	R	60	15460	39
844808f0-c56c-4f11-bd23-12610e468230	II	4369620	R	27	329	39
e474ebf8-f4b6-4ef8-9d4b-e49dc71ffd4d	II	4372506	R	50	14961	73
989eed35-f4ff-47bd-8097-a34f32da2c26	II	4370576	R	25	17178	116
989eed35-f4ff-47bd-8097-a34f32da2c26	II	4365144	L	25	-6826	3
bcfb39a5-19d5-46a3-843c-59e915b0c700	II	4369623	R	39	328	61
7bac6fc7-339f-450c-b03d-bc75ca43e9d0	II	4372215	R	60	15465	47
7bac6fc7-339f-450c-b03d-bc75ca43e9d0	II	4365144	L	60	-6801	5
1f9bc1a9-6a10-4a83-af5d-8623b5116c01	II	4372215	R	60	15465	34
97f79008-e94a-4207-b330-ee69a96bf4e3	II	4370397	R	33	17251	57
97f79008-e94a-4207-b330-ee69a96bf4e3	II	4365144	L	33	-6855	5
fdfc86f2-f6eb-47c4-b7db-28a63447c2cb	II	4370576	R	52	17156	64
fdfc86f2-f6eb-47c4-b7db-28a63447c2cb	II	4365144	L	52	-6803	5
7ce5d4e0-e6c7-40ca-9472-eab5d3b253fc	II	4373319	R	35	3654	45
7ce5d4e0-e6c7-40ca-9472-eab5d3b253fc	II	4365144	L	35	-6754	2
a9b8e794-18fe-4d50-8b65-548c5847dc6b	II	4370397	R	22	21370	43
a9b8e794-18fe-4d50-8b65-548c5847dc6b	II	4365144	L	22	-6760	5
be78c312-ce51-400e-9c0b-b3f6d996f349	II	4370576	R	27	17093	36
e2f4d4cf-98a6-4b3a-a304-b6ea6115a7da	II	4372215	R	42	19742	30
55268a70-67a1-4529-8881-75d2e57e1f7b	II	4369623	R	46	322	44
7fba5696-1768-4d05-9647-437d30354c2c	II	4369623	R	38	335	42
7fba5696-1768-4d05-9647-437d30354c2c	II	4365144	L	38	-6822	5
d4a97c42-7f82-4d45-8711-7530cd70ba10	II	4369623	R	18	324	55
d82408a8-c7d2-407e-a153-cf7a1d6de03b	II	4372506	R	60	15089	40
d82408a8-c7d2-407e-a153-cf7a1d6de03b	II	4365144	L	60	-3816	8
a095bd0e-bc5b-4ca7-99e9-8856e70ef485	II	4367456	R	25	1267	22
8f34b283-0ef7-448e-b65b-59f0ee36b5e1	II	4370397	R	10	13290	64
8f34b283-0ef7-448e-b65b-59f0ee36b5e1	II	4365144	L	10	-3612	6
6375b6cd-e8ec-4947-b23c-6e73404fe5ed	II	4367456	R	19	2666	36
967bab8c-983e-45ec-b3e0-475d3f23eaee	II	4369623	R	59	322	40
967bab8c-983e-45ec-b3e0-475d3f23eaee	II	4365144	L	59	-6779	5
18d1baf1-0126-44c5-a040-aaf596aff17f	II	4372215	R	31	15341	254
e5f5d33d-9963-4772-9c4b-4a46ea337dd3	II	4370576	R	26	17026	208
dac606d0-96ad-464f-b4e0-48e032182c84	II	4370397	R	13	17240	131
7b4f6958-893e-4133-a8be-d8675a10b567	II	4366341	R	1	2498	90
a8ff4214-7abe-4eb6-8030-0ec2e7fd1dc4	II	4369578	R	19	354	112
a8ff4214-7abe-4eb6-8030-0ec2e7fd1dc4	II	4365144	L	19	-6794	5
3023dfd8-28c6-452a-bef2-e24b2f0f0ef5	II	4372215	R	57	19739	171
f27c2929-4ac8-49e5-8b35-ea66b52b92dd	II	4372499	R	59	1636	149
f27c2929-4ac8-49e5-8b35-ea66b52b92dd	II	4365144	L	59	-6746	4
35e4c14d-c6fe-4a2b-a593-d65cc9901f09	II	4372506	R	60	15041	152
35e4c14d-c6fe-4a2b-a593-d65cc9901f09	II	4365144	L	60	-6810	8
2d7cae6b-9dbd-4c6d-b0fd-2d7eee7e39f8	II	4370397	R	23	17234	114
60601554-c0c8-4d84-8aa2-a72a2b6db795	II	4372215	R	59	15122	47
2bc58698-b8c9-458b-9196-dd8a97c6dbc4	II	4370576	R	26	3661	104
2bc58698-b8c9-458b-9196-dd8a97c6dbc4	II	4365144	L	26	-6817	3
f5079f0d-3835-4764-81b2-a01838f8db2c	II	4369623	R	13	336	141
1a734bae-3f25-4df9-afb0-6f5cdfcd2da4	II	4369623	R	23	16193	75
1a734bae-3f25-4df9-afb0-6f5cdfcd2da4	II	4365144	L	23	-6807	5
414f3379-3a67-48f1-8931-30c903360119	II	4369623	R	4	332	103
414f3379-3a67-48f1-8931-30c903360119	II	4365144	L	4	-9844	10
b5986b63-cebd-4ae4-bdd6-0dfc968cee58	II	4370397	R	13	16880	32
b5986b63-cebd-4ae4-bdd6-0dfc968cee58	II	4365144	L	13	-6664	7
02b03459-b36e-41a9-b287-33a784db4e9d	II	4369623	R	21	323	135
02b03459-b36e-41a9-b287-33a784db4e9d	II	4365144	L	21	-6767	3
225e79e6-7cba-4063-93b8-6ca1294e7b53	II	4372211	R	60	15440	114
a8359b73-fdc9-48e3-a371-68a67be93122	II	4373323	R	51	14170	69
a8359b73-fdc9-48e3-a371-68a67be93122	II	4365144	L	51	-6740	6
c9b28f3a-ca33-4a49-9be7-23a8e143cd5e	II	4370576	R	39	9543	168
c9b28f3a-ca33-4a49-9be7-23a8e143cd5e	II	4365144	L	39	-8066	3
87fee068-7b6e-43ac-83a0-74031653fa21	II	4369607	R	16	334	108
87fee068-7b6e-43ac-83a0-74031653fa21	II	4365144	L	16	-4447	8
fdcd6bb3-c661-4fdc-a74e-e415d39e8bbf	II	4372204	R	60	15438	110
ae0511a2-5f19-4b5e-86c9-5e16dddb7369	II	4369623	R	10	333	95
4bdc3284-82a7-40c6-a75a-fc08b513d27e	II	4369623	R	23	337	135
46e57a63-36ff-4860-979d-e42f97778051	II	4369574	R	60	378	34
59398a42-3598-49b4-a6ce-bf38ec5eed12	II	4372215	R	60	15456	152
59398a42-3598-49b4-a6ce-bf38ec5eed12	II	4365144	L	60	-6551	6
f5383f83-8d55-45ed-b2fa-2263bfbe3a1e	II	4372215	R	19	15359	97
f5383f83-8d55-45ed-b2fa-2263bfbe3a1e	II	4365144	L	19	-6787	4
7b41bff4-5970-46fa-837d-2c0b30b46c3e	II	4373323	R	45	14184	60
539ad0a9-edd5-43c5-bf03-f327616cde9e	II	4369617	R	28	330	90
539ad0a9-edd5-43c5-bf03-f327616cde9e	II	4365144	L	28	-6815	6
952454b0-1e68-4d5b-81dd-027c96e297e2	II	4372215	R	60	15420	119
48103f10-8329-4b7b-8809-a0d4378c2fc3	II	4372506	R	42	15014	104
021760f2-409f-4f74-9ab2-6abc661a4616	II	4372211	R	38	24113	97
2859510b-29d2-4502-a47a-8fe413db9cc2	II	4369623	R	43	338	45
2859510b-29d2-4502-a47a-8fe413db9cc2	II	4365144	L	43	-6813	5
7343a02d-dcda-4db0-badb-e460adab1336	II	4372215	R	60	10720	108
eeaf222a-89a4-4c3b-95bc-1eac0f4d7c21	II	4373323	R	32	18486	55
eeaf222a-89a4-4c3b-95bc-1eac0f4d7c21	II	4365144	L	32	-8037	2
a18e7fca-91b0-4fba-9f89-b7f367bc5a08	II	4372204	R	51	15483	50
a18e7fca-91b0-4fba-9f89-b7f367bc5a08	II	4365144	L	51	-6791	5
fcebafd2-cd15-4321-9bda-2cb92371293c	II	4372215	R	57	15403	69
dd639c34-acdb-4e0b-9e51-9c57e81f3f0f	II	4372506	R	60	14962	28
dd639c34-acdb-4e0b-9e51-9c57e81f3f0f	II	4365147	L	60	-6791	7
043bad50-8d9e-43b7-ace5-99104288f6af	II	4368743	R	34	1103	28
043bad50-8d9e-43b7-ace5-99104288f6af	II	4365151	L	34	-11042	2
0b8574b5-3099-4751-adfa-8d2ba47ff145	II	4367464	R	4	1226	29
0b8574b5-3099-4751-adfa-8d2ba47ff145	II	4365151	L	4	-6771	3
b5ba7d23-3c82-4a5d-a818-32d72042639c	II	4370397	R	57	4635	57
c1cf2db2-12d1-4233-8b16-1cbfa3181dca	II	4370576	R	47	17037	65
c1cf2db2-12d1-4233-8b16-1cbfa3181dca	II	4365151	L	47	-6815	4
966e389e-5feb-4f19-b7b8-006c709787b5	II	4367464	R	33	2645	40
13d0808b-280f-4890-9016-a6c20a382ab2	II	4369586	R	10	342	103
d06552ab-8f2c-467e-91ce-4ee17208a722	II	4373323	R	60	4387	47
9a57ab60-1074-4035-ac26-07aa815df431	II	4369623	R	35	336	40
2327e306-567e-4a7d-9176-165b11ab20d1	II	4370397	R	37	16858	68
2327e306-567e-4a7d-9176-165b11ab20d1	II	4365265	L	37	-6768	4
8f596cb5-c212-4a79-a8fa-833746e51a1a	II	4372215	R	47	15408	143
5cf2f57d-40a4-4328-b690-ff9126778c82	II	4367453	R	26	2601	27
36440fb9-008d-40b0-9769-b5344e812b29	II	4370576	R	23	17029	78
bfcdb089-ed2f-48c4-83f4-222420f909de	II	4372506	R	22	14999	96
bfc9e93b-44e9-4521-9347-1919e1bc86aa	II	4373327	R	24	14108	93
67dc44ed-90a7-4aca-8179-ba6bf11390fc	II	4372506	R	60	15114	42
f435a7a7-a543-4309-ac8e-75c1dcb2a719	II	4369623	R	8	326	131
2a3b5778-1872-4b59-9884-b984bdf16b07	II	4370576	R	9	4639	54
d51d0cb5-4922-46b8-997a-bf3bf3101c1d	II	4367368	R	3	2739	21
553f7980-d373-422c-99ae-55a8c5d8937a	II	4372506	R	36	15071	236
2052d9de-c96e-4887-b1ca-a03eb6494d9d	II	4367464	R	2	1232	118
2052d9de-c96e-4887-b1ca-a03eb6494d9d	II	4366956	L	2	-8651	2
ba8b03fa-eaca-406d-b263-f601a3f16bb3	II	4367302	R	1	1073	36
ba8b03fa-eaca-406d-b263-f601a3f16bb3	II	4366956	L	1	-6113	2
e18bd08c-7c7f-4acf-b62c-4cf426538cee	II	4367332	R	1	1389	34
e18bd08c-7c7f-4acf-b62c-4cf426538cee	II	4367135	L	1	-10014	2
d9fa06f9-4152-448d-80a8-a295144c67ce	II	4369621	R	14	322	56
851b85a9-2789-4c81-a94a-c64cdbb1996a	II	4372215	R	10	11765	109
851b85a9-2789-4c81-a94a-c64cdbb1996a	II	4368242	L	10	-10234	8
96e03f9c-b100-4e11-bc66-46c17e9deb3a	II	4370565	R	4	8695	68
71cc2400-3e7a-4b00-9445-59f86139b819	II	4372214	R	32	15459	53
d56aaba6-62d0-4f2f-acb6-4ecde7a6125c	II	4372215	R	22	15363	41
4def4f15-f756-4c75-a00a-2ee0c7e18676	II	4369620	R	10	327	73
6072e7b9-d3ed-4ed5-904f-596b173b9973	II	4370397	R	5	17097	42
6072e7b9-d3ed-4ed5-904f-596b173b9973	II	4368903	L	5	-10417	8
684a65c8-02c2-4f20-ae6c-a5ae24a8c7f4	II	4370397	R	17	21292	40
78921c2d-9eb5-485d-be0b-206811810e96	II	4370576	R	11	6840	46
26d8a808-6c90-4f1e-b580-f3338da46982	II	4372215	R	16	15346	36
cbd3a14e-f96b-4083-9f36-5f32c31e40f9	II	4370576	R	18	16161	159
52ff5775-b74d-48dc-9eb1-a68521d30a77	II	4372506	R	37	15137	138
52ff5775-b74d-48dc-9eb1-a68521d30a77	II	4368903	L	37	-10484	6
428b9888-e835-421e-890c-e9623238c1eb	II	4372506	R	29	14929	116
ba1a7f17-4bd1-44ec-b95c-0ba7e39e9d93	II	4370398	R	8	17036	54
3e1301e6-6e90-4f3c-8f8a-3d23c576eb46	II	4369623	R	3	315	97
97593305-5169-4fa9-970c-38e52d90c7f8	II	4372211	R	19	15364	105
b78f57db-aeb2-4f3c-8b09-7544619120fe	II	4372215	R	7	15394	96
001bf09f-1d33-4b89-b666-d286e8c08067	II	4372215	R	10	15404	118
001bf09f-1d33-4b89-b666-d286e8c08067	II	4368903	L	10	-14377	5
6d50c790-4812-4814-b145-fc013ab19b6d	II	4370576	R	3	25369	39
c31ed6ef-e6e3-4199-b653-35799d9392d5	II	4369586	R	5	15010	79
1961650f-d6d0-4065-bbff-e3e5149e5fca	II	4372506	R	20	15029	54
72ef32be-0b92-4a60-8ca3-c436c231b75c	II	4370576	R	6	7921	55
bd5adef2-fa04-426d-891b-903443c84673	II	4372487	R	1	14788	73
bd5adef2-fa04-426d-891b-903443c84673	II	4372159	L	1	-2477	2
0a9cae4a-4855-49d1-8ec5-d4bad18f5945	II	4372506	R	4	14852	73
0e34279d-4685-4daa-8d80-bb424f8e7ba4	II	4372215	R	1	1947	30
0e34279d-4685-4daa-8d80-bb424f8e7ba4	II	4372159	L	1	-2392	2
3551096f-9f2b-4f2c-84a3-c658135dcf81	II	4372506	R	5	18987	52
2052a8b2-0716-456a-bc80-004753242e84	II	4372506	R	11	1913	37
b68f3018-205e-45ad-a656-34a4f9af94d9	II	4372506	R	1	1658	89
2461de70-f3cd-4946-9bc1-41e15806ff79	II	4372506	R	1	23384	75
49c51040-293c-440b-b64a-abbba563b516	II	4372506	R	1	4297	115
8ca1a29b-3e69-4a5d-a751-e14956e64b7c	II	4373323	R	21	14041	26
f017d747-6b7a-4496-94b9-9d22d4e0cc03	II	4373323	R	5	14088	86
a33073f8-5f9d-4a5d-8bf5-5eb2fa8da43b	II	4373323	R	3	14123	160
a2b310ad-2477-4cc5-8b62-55f6232eb054	II	4373805	R	1	13454	48
45770c8b-a8a8-438f-9d4d-eb1b893ed9b2	II	4373805	R	1	13571	100
69362da5-4dbe-4cdf-8954-e9e5a30886b0	II	4375987	R	2	11586	121
4ba18120-1635-42e3-9ee2-24f28ac0d9d3	II	4375987	R	5	11473	59
4ba18120-1635-42e3-9ee2-24f28ac0d9d3	II	4374976	L	5	-5426	2
dc4b77f6-91f4-4874-bee1-294f1e5c1bfa	II	4376680	R	18	10961	47
44db1092-882e-460e-8fe2-1556e0a5522e	II	4375986	R	2	15752	131
44db1092-882e-460e-8fe2-1556e0a5522e	II	4375504	L	2	-2190	2
bf902f3d-5885-4c6b-84cf-1fd2d239fd88	II	4375987	R	1	11421	84
64ae3932-7bfa-4d51-ac7e-0f6d8d89a048	II	4375987	R	2	11541	207
3856a3b5-216a-4933-ac73-ab3e2646aabf	II	4375987	R	1	11549	81
b967de2a-0dd9-41b3-8c9e-a99ca9a6fd1a	II	4375987	R	3	4045	46
b967de2a-0dd9-41b3-8c9e-a99ca9a6fd1a	II	4375828	L	3	-2483	7
f3b8289a-6295-4765-8646-03ae0bba624f	II	4376774	R	3	7406	58
e3142117-a583-4313-a875-9a4dd0adcf79	II	4376674	R	2	11080	180
c1d09df3-5fb3-4ce3-b680-f7ec1603c440	II	4376680	R	2	7994	87
0dd26087-5aa5-432c-a23d-e0a6db4dec26	II	4376674	R	1	6361	164
47d156eb-ce77-4111-ab5b-f4264b905d81	II	4376680	R	5	11054	57
33f9b3c3-86a8-4478-a956-6f6f329964fb	II	4376863	R	8	10856	53
33f9b3c3-86a8-4478-a956-6f6f329964fb	II	4376594	L	8	-1223	2
37dbe678-ad83-4224-aefd-def78a4e2ec7	II	4376680	R	2	7520	76
ad5e41e8-475d-4a58-9283-9a4ddc3f479e	II	4376694	R	1	15050	68
05fb424a-11e1-483e-8343-0ef02a4b65ff	II	4376824	R	1	10901	76
5d00a35b-d3a1-4664-bf81-89a047fb0ede	II	4376680	R	7	11035	37
60c773f5-29c5-4e50-b89d-ef8d0eb3b36b	II	4376863	R	1	15162	130
fed04663-3117-4da5-8f59-35baf1e5f261	II	4380253	L	1	-9165	90
f688cb57-c113-4999-88ca-674261a6326d	II	4380253	L	1	-1767	102
8aaa6c6b-bb0c-4a92-8910-5ae11a7257b6	II	4380253	L	1	-9252	54
b7363133-632d-4036-8407-938d686c3334	II	4380289	L	1	-13503	77
fa84f557-df6d-4c8f-8285-f3ab04d20208	II	4380364	R	1	444	2
fa84f557-df6d-4c8f-8285-f3ab04d20208	II	4380289	L	1	-9255	126
c1f21ca6-690a-4ee2-9a50-9ea914d16ce0	II	4380364	R	1	455	2
c1f21ca6-690a-4ee2-9a50-9ea914d16ce0	II	4380289	L	1	-9279	99
90637545-04c9-4dcd-8f59-91cf4b9b44b4	II	4380364	R	1	452	2
90637545-04c9-4dcd-8f59-91cf4b9b44b4	II	4380289	L	1	-15595	20
93117d88-7bc5-4199-af1e-6f66ec6930ff	II	4380289	L	1	-13494	21
8dc5682f-183e-41f5-b552-878705be06d0	II	4392009	R	6	221	94
8dc5682f-183e-41f5-b552-878705be06d0	II	4390490	L	6	-9471	4
f8114c0e-d734-4981-aa30-905eff86ba56	II	4392018	R	1	6735	33
f8114c0e-d734-4981-aa30-905eff86ba56	II	4390490	L	1	-9462	2
0f156218-3d81-4d4a-b2af-13669d23dfa6	II	4392011	R	8	2335	93
0f156218-3d81-4d4a-b2af-13669d23dfa6	II	4390490	L	8	-9480	2
936de7c8-8eea-400a-9a37-e001bd8bfcb4	II	4392018	R	2	2311	86
936de7c8-8eea-400a-9a37-e001bd8bfcb4	II	4390490	L	2	-9447	5
d0fd4084-e6b4-4ad2-9760-b0983049da78	II	4391130	R	7	3311	55
d0fd4084-e6b4-4ad2-9760-b0983049da78	II	4390490	L	7	-3797	4
d6137951-93a8-41df-beed-1896a8d54404	II	4392009	R	14	2330	77
d6137951-93a8-41df-beed-1896a8d54404	II	4390490	L	14	-9469	6
b7da89ba-147b-4825-93ce-8440aa0e8572	II	4391852	R	8	2484	35
3ad1b2e3-3d59-4bce-8f30-a2ec41faa224	II	4392018	R	1	2322	49
3ad1b2e3-3d59-4bce-8f30-a2ec41faa224	II	4390490	L	1	-6897	4
ac58312b-3006-40ad-a3cd-47128ea88183	II	4392018	R	1	2310	67
8dd62d18-1678-4d47-8327-fcedcd256604	II	4391122	R	8	3296	28
8fb543b1-03ef-443f-8052-4de67c789fba	II	4392018	R	7	2319	70
8fb543b1-03ef-443f-8052-4de67c789fba	II	4390490	L	7	-9432	9
cb891bdb-d181-44b4-b40c-b0375573c421	II	4392018	R	10	2288	30
cb891bdb-d181-44b4-b40c-b0375573c421	II	4390490	L	10	-9482	3
fcf674b9-49a5-4c2d-880d-7275b401988a	II	4392018	R	7	2320	41
e2161601-ae4e-4a4d-8074-ad02ed820409	II	4392018	R	3	2301	47
5883a63f-2a44-42da-af6b-3001a646ecfb	II	4392018	R	5	2310	46
5883a63f-2a44-42da-af6b-3001a646ecfb	II	4390490	L	5	-7839	2
3d9f66c2-d0eb-400a-bbfa-593d2b0fee8a	II	4392018	R	1	2316	41
3d9f66c2-d0eb-400a-bbfa-593d2b0fee8a	II	4390490	L	1	-9464	9
b3b3b482-fce8-4d36-b0d4-f29bbf2e48c3	II	4392018	R	2	2316	180
b3b3b482-fce8-4d36-b0d4-f29bbf2e48c3	II	4390490	L	2	-12427	14
cf08ed79-11fd-4583-b763-914742d2efa9	II	4392018	R	1	2329	170
cf08ed79-11fd-4583-b763-914742d2efa9	II	4390490	L	1	-3722	20
ada5aba1-cd7e-425c-ad34-52fef3ba2389	II	4392018	R	13	2303	133
ada5aba1-cd7e-425c-ad34-52fef3ba2389	II	4390490	L	13	-9437	3
a5e5a957-1eaa-4a8a-af12-b44232ae9cb8	II	4391858	R	6	2465	159
fdf47735-d185-451e-99c0-4b6e01244be7	II	4392018	R	8	2312	158
fdf47735-d185-451e-99c0-4b6e01244be7	II	4390490	L	8	-9431	3
a58f5ee9-61f6-40c1-8595-a5e2b6e59aa5	II	4392018	R	6	2320	179
a58f5ee9-61f6-40c1-8595-a5e2b6e59aa5	II	4390490	L	6	-1303	6
bc30bed7-bff1-48df-9901-4a4f04a2b478	II	4392018	R	3	2317	134
b89cb321-eb65-4538-bcf3-3c7937965eb0	II	4392009	R	8	2314	147
b89cb321-eb65-4538-bcf3-3c7937965eb0	II	4390490	L	8	-9454	3
5eecb2bc-dd6c-4de9-852c-acdeaf9d6485	II	4392018	R	1	2298	163
30d693d0-1565-4f06-b3d9-e15e3002f5e1	II	4392011	R	6	2308	124
30d693d0-1565-4f06-b3d9-e15e3002f5e1	II	4390490	L	6	-9460	2
03360705-99ff-42dc-a679-f5820612c52e	II	4392019	R	6	6712	154
03360705-99ff-42dc-a679-f5820612c52e	II	4390490	L	6	-9459	2
86be8800-3fc4-4d6d-809d-3326ebb13775	II	4392018	R	3	6753	130
0a01fe8f-66e7-4590-bdba-17fbf8d61ba4	II	4392009	R	2	2318	125
090b359c-777e-4282-bd20-7f851e3d0480	II	4392019	R	1	2306	134
1b10e050-f05e-4242-99b2-a2794fb51e2c	II	4391122	R	1	3271	71
1b10e050-f05e-4242-99b2-a2794fb51e2c	II	4390490	L	1	-1825	2
b67d36fc-72d6-45ac-97f9-c5d676449d72	II	4392018	R	11	2307	91
b339a3de-7cea-4b91-ba44-68988a1f9c89	II	4392018	R	7	2323	56
d66a55d5-2b2a-45d5-9dcf-39533486144e	II	4392018	R	1	2332	60
d66a55d5-2b2a-45d5-9dcf-39533486144e	II	4390490	L	1	-965	3
3251f1f0-9f0e-40ec-acb5-cffac4b2d608	II	4391122	R	3	3285	84
3038c212-51b0-4968-be6a-e33dc76d4453	II	4392018	R	2	2303	121
cfc30ace-4b8a-4e4c-a7a9-3aaf78a69fb0	II	4391122	R	3	7572	71
e33f8357-6166-44fc-be1f-9472f9758ec9	II	4392018	R	7	2334	123
e33f8357-6166-44fc-be1f-9472f9758ec9	II	4390490	L	7	-9048	4
ec5e92bf-c1e5-4dcc-ba8c-bb8644d3a86d	II	4392018	R	3	2334	95
f2ec57a1-311a-4a26-b5b0-3d7cac7012ab	II	4391987	R	4	2330	97
f2ec57a1-311a-4a26-b5b0-3d7cac7012ab	II	4390490	L	4	-10146	3
9ddeb753-f471-4177-8c83-43afb57e08b4	II	4392011	R	11	6673	96
9ddeb753-f471-4177-8c83-43afb57e08b4	II	4390490	L	11	-10214	2
d7e539e5-5152-438e-b763-57c89bcad397	II	4392011	R	1	2339	45
d6a1297e-0aed-4a31-bc67-c82b0f8184b0	II	4392018	R	4	6680	107
d6a1297e-0aed-4a31-bc67-c82b0f8184b0	II	4390490	L	4	-9438	4
9af2c8c4-63df-4cac-bfe3-baea31867ba3	II	4392018	R	10	2309	99
9af2c8c4-63df-4cac-bfe3-baea31867ba3	II	4390490	L	10	-9406	3
b285c3ce-3ed1-4c56-9f14-94a262d46a3c	II	4391122	R	1	447	123
2249a889-c37b-4447-9f53-20d85f95f1a1	II	4392018	R	8	2333	84
065281ae-f1db-4fda-9a63-db4a41f7560f	II	4392018	R	3	2331	57
065281ae-f1db-4fda-9a63-db4a41f7560f	II	4390490	L	3	-8122	3
dd550a34-7107-4276-9ac0-973154dbf024	II	4392018	R	3	2301	80
dd550a34-7107-4276-9ac0-973154dbf024	II	4390490	L	3	-9331	4
a0d3d2f6-03e6-4b0d-b7d4-7edfe398eb5b	II	4392018	R	5	2326	97
a0d3d2f6-03e6-4b0d-b7d4-7edfe398eb5b	II	4390490	L	5	-9434	3
cc468d14-66ff-4e7f-940a-d872411e0d5a	II	4392011	R	1	2308	65
4ad0ea05-7cd9-481c-b14b-b4fa0f560dcb	II	4392018	R	10	2321	102
c111886f-17c2-4b1d-a0a0-44b188474dcb	II	4392018	R	8	2310	74
c111886f-17c2-4b1d-a0a0-44b188474dcb	II	4390503	L	8	-9457	3
701a6997-942b-4867-8762-d6e8147b63c1	II	4392012	R	4	2284	44
25b6ba5a-d55d-44b2-9629-c790fa017375	II	4391122	R	2	3332	167
25b6ba5a-d55d-44b2-9629-c790fa017375	II	4390503	L	2	-1322	2
1baf1061-3204-4f97-af2e-c79f7181984d	II	4391987	R	5	2326	143
1baf1061-3204-4f97-af2e-c79f7181984d	II	4390503	L	5	-8180	5
44d5ed34-742d-4563-9820-dcd2087f25df	II	4392018	R	4	6721	188
f5cdf73d-361b-493b-80cb-bad5e129e08e	II	4391122	R	1	3342	122
e321ade9-e7eb-42b0-9c84-443f78c0fe39	II	4391122	R	1	3318	89
e321ade9-e7eb-42b0-9c84-443f78c0fe39	II	4390503	L	1	-1437	2
e3762149-f2a4-40fb-be89-d73c280b2cb0	II	4392018	R	8	2329	94
130a3ade-07ff-46c7-bf6c-f771828809a1	II	4392018	R	1	6699	118
204a105b-cf30-4305-a9f2-cf30ef87325d	II	4392018	R	10	2255	94
204a105b-cf30-4305-a9f2-cf30ef87325d	II	4390503	L	10	-10128	4
3bd41b71-2f8e-4974-8033-ee8fc9ed44f8	II	4392018	R	1	2300	117
7a62110a-21f0-4b29-b8dd-20db1202fd50	II	4391858	R	1	6834	101
7a62110a-21f0-4b29-b8dd-20db1202fd50	II	4390503	L	1	-8530	11
143c5bd0-cbb6-4861-b753-e1b5dc5f1fe3	II	4392018	R	1	2327	89
5e6a7985-c439-440e-8830-ffcd2fe41b08	II	4392010	R	1	2320	101
e14a9fe7-6070-4ab5-86dc-f6c2dce1650a	II	4392018	R	21	2292	106
e14a9fe7-6070-4ab5-86dc-f6c2dce1650a	II	4390503	L	21	-9395	3
48643337-b14e-415b-a015-1d0b5af8be8e	II	4391987	R	1	2348	105
48643337-b14e-415b-a015-1d0b5af8be8e	II	4390503	L	1	-10225	2
d34ec3ed-9d59-43ff-b422-446bf9c66609	II	4392018	R	5	2310	126
dc6bd3dd-0803-44e0-b911-ef10fe754028	II	4392011	R	2	6677	95
90f09b2d-7501-4aef-8640-0a15c2a5023e	II	4390829	R	3	7829	54
90f09b2d-7501-4aef-8640-0a15c2a5023e	II	4390503	L	3	-5711	5
98b76e07-3fe2-4199-b63b-607b6f3c63c7	II	4391122	R	2	3318	68
98b76e07-3fe2-4199-b63b-607b6f3c63c7	II	4390503	L	2	-9104	3
231b811a-90f2-4134-8368-985eff561a8d	II	4392018	R	6	2289	86
24bb214e-e4ee-4967-8bfc-20f4c1bef9c2	II	4390805	R	3	3585	72
59c48f86-155d-4988-8be4-abdf01352a3b	II	4392018	R	7	6722	165
59c48f86-155d-4988-8be4-abdf01352a3b	II	4390504	L	7	-9461	3
f40ec47e-e53f-4467-b1cf-e375ebf831c1	II	4390609	R	1	2505	77
22543691-f99a-4c87-96d6-36e8334960c9	II	4391122	R	7	3217	51
6e95645f-a786-4a18-9dd5-dd7e64fd6f12	II	4392018	R	1	6708	36
0a520338-1c37-416b-887f-eddc6edd7eb4	II	4392011	R	3	2269	58
cb6ae7cc-2069-4297-b848-0c773dc1f4e4	II	4392018	R	1	6663	114
cb6ae7cc-2069-4297-b848-0c773dc1f4e4	II	4390505	L	1	-10153	2
08b829e9-4f2a-447d-a445-be4407e53d4e	II	4392011	R	9	6708	69
08b829e9-4f2a-447d-a445-be4407e53d4e	II	4390505	L	9	-14561	2
d6b7e512-b929-47b6-959e-87d8073e4a0b	II	4391122	R	1	3281	159
d6b7e512-b929-47b6-959e-87d8073e4a0b	II	4390507	L	1	-9253	2
1df11722-c122-48a5-8110-5952b8219a15	II	4391122	R	1	7765	65
0db63ac2-25b6-45aa-906b-213fd28d099c	II	4392018	R	1	5502	56
4f900a61-bb68-473e-b670-f1c9311d071e	II	4390829	R	1	3520	19
1a5b3c7c-d3ec-4043-94ee-9c09586241f1	II	4392018	R	3	2302	92
1a5b3c7c-d3ec-4043-94ee-9c09586241f1	II	4391346	L	3	-11079	4
d2370185-d62c-49e2-8489-3c701c99a6a0	II	4503981	L	60	-12527	50
9f9ec153-4c7e-4467-8e16-d98d456125aa	II	4647715	L	1	-930	208
be8fd342-b4c1-41d5-8d7d-aa3350b93732	II	4649570	R	10	4336	9
be8fd342-b4c1-41d5-8d7d-aa3350b93732	II	4647715	L	10	-907	23
96086802-9c06-4f06-896e-0950041d77e7	II	4649574	R	14	4394	4
96086802-9c06-4f06-896e-0950041d77e7	II	4647735	L	14	-959	43
d43dc6a6-2a18-445d-84ee-1c43a77720e1	II	4647736	L	8	-954	71
4f2ff33a-fa1a-4a93-8c75-178fbba79df4	II	4647740	L	5	-959	206
4320af38-1065-4dd4-afe8-cb9ede36b370	II	4649568	R	5	4408	4
4320af38-1065-4dd4-afe8-cb9ede36b370	II	4647740	L	5	-954	214
d3b7b1a3-13df-4dfd-adc9-06e120ac7822	II	4649570	R	6	4389	4
d3b7b1a3-13df-4dfd-adc9-06e120ac7822	II	4647740	L	6	-962	70
fad37088-7df8-4db2-8404-3d9cfba445dd	II	4649570	R	3	4401	3
fad37088-7df8-4db2-8404-3d9cfba445dd	II	4647740	L	3	-956	136
d65b9306-75fc-450e-ab17-5fb45d907d47	II	4647740	L	1	-945	171
c08b43c5-96ef-43bb-a939-e1e1796bda89	II	4647740	L	10	-957	105
d9575793-31eb-44ac-b5f7-90683933699a	II	4649570	R	6	4374	6
d9575793-31eb-44ac-b5f7-90683933699a	II	4647740	L	6	-956	124
bd650545-0cd6-4e62-bef4-0e3682e48748	II	4647740	L	1	-975	157
4705f582-8478-4cdf-af8d-42eb8a8eeecd	II	4647740	L	11	-961	90
1addfc53-5ccf-4244-8079-dd49fae1e956	II	4649570	R	3	4391	3
1addfc53-5ccf-4244-8079-dd49fae1e956	II	4647740	L	3	-955	179
d4820467-ac9b-4ecd-a965-86252071e0f2	II	4647740	L	1	-964	114
2c91b42b-fb3e-459b-bbf3-15170cdfd6f9	II	4649570	R	4	5121	4
2c91b42b-fb3e-459b-bbf3-15170cdfd6f9	II	4647740	L	4	-972	168
6a98ef66-4809-446a-8902-fdb9f00021f2	II	4649570	R	1	4369	3
6a98ef66-4809-446a-8902-fdb9f00021f2	II	4647740	L	1	-950	189
aea067d4-77f9-43cf-ad4a-eee922031200	II	4647740	L	5	-954	141
d46a2a8d-275e-431c-ba42-d66646b815e1	II	4647740	L	1	-958	142
133bb734-2359-47cc-9809-f9fc38bcb241	II	4647740	L	2	-965	90
4a03c8dc-c2cb-4279-8999-eefbe3781144	II	4647740	L	1	-962	134
959f27bb-9075-416e-85a8-882f3386a7cb	II	4647740	L	7	-971	126
3cd39d88-f277-4934-86fc-c72dd24af9de	II	4647740	L	1	-961	139
a6267f1d-4663-427b-9295-61b3e38612b9	II	4649570	R	4	4363	3
a6267f1d-4663-427b-9295-61b3e38612b9	II	4647740	L	4	-956	105
3e36023e-2af4-4dbc-900a-82a823e40dbc	II	4647740	L	2	-973	59
29d1f42a-f5ae-42e4-8b20-caf0bc006440	II	4649570	R	8	4370	2
29d1f42a-f5ae-42e4-8b20-caf0bc006440	II	4647740	L	8	-968	45
45e97c11-235f-44cb-9221-08ae408473db	II	4647740	L	4	-964	174
c7478ce8-ddfb-40ab-9e1d-0dc6aa9b4563	II	4647740	L	2	-970	168
009696e0-2171-47e9-9700-766916308a94	II	4647740	L	6	-960	186
363c5226-f8c3-42dc-9fd1-95e971c5a3f3	II	4647740	L	5	-955	153
52a78461-207f-4757-a757-9e41be09ff0b	II	4649570	R	11	4392	3
52a78461-207f-4757-a757-9e41be09ff0b	II	4647740	L	11	-957	110
a2328754-6157-418f-ac36-6752c21f785f	II	4647740	L	1	-965	142
a4ff162b-5d99-4ee5-845d-818dff25848e	II	4647740	L	1	-947	134
609d1826-ee82-452d-8b9f-5e4176f326b8	II	4649568	R	13	3318	2
609d1826-ee82-452d-8b9f-5e4176f326b8	II	4647740	L	13	-949	116
a5e90447-bdbc-4411-ba50-cfd574498342	II	4649565	R	3	4361	4
a5e90447-bdbc-4411-ba50-cfd574498342	II	4647740	L	3	-958	119
80dcf482-4e9c-46b4-9a9f-3664ce5de0f4	II	4647740	L	1	-964	78
e3ea7daf-538b-4cb5-9f94-65f2d540e416	II	4649416	R	1	4575	2
e3ea7daf-538b-4cb5-9f94-65f2d540e416	II	4647740	L	1	-956	140
c3153c0e-c674-42dc-b10d-d229068f9b98	II	4647740	L	7	-961	152
deca41fe-b06d-4b24-b770-2074628e7b3f	II	4647740	L	1	-957	151
4f7d0d19-f666-4849-9ba2-ef0dec5bd056	II	4649570	R	18	4411	5
4f7d0d19-f666-4849-9ba2-ef0dec5bd056	II	4647740	L	18	-950	125
2df5717d-8b3b-4a13-b429-2ccdce19ab3f	II	4649570	R	8	4391	5
2df5717d-8b3b-4a13-b429-2ccdce19ab3f	II	4647740	L	8	-960	133
400b3729-cef6-4a65-8f19-d5c1392f217b	II	4647740	L	21	-957	119
881da50e-7ff3-4799-a805-d89f65179dfb	II	4647740	L	3	-973	151
227ac4cc-cc66-4fb3-9bb4-a00091079c16	II	4647740	L	1	-982	118
7e9e5974-1cd6-49e0-9fb1-b513b568ee67	II	4649570	R	2	4333	5
7e9e5974-1cd6-49e0-9fb1-b513b568ee67	II	4647740	L	2	-956	68
6116f81d-bb03-48ee-a21c-1bb77c7edcdb	II	4649568	R	6	4380	4
6116f81d-bb03-48ee-a21c-1bb77c7edcdb	II	4647740	L	6	-965	116
34e5cc6b-f81d-430e-b921-88e2cf6aec5d	II	4649557	R	11	4402	3
34e5cc6b-f81d-430e-b921-88e2cf6aec5d	II	4647740	L	11	-942	149
ef84af86-3238-4845-a1ae-e044e81f44a4	II	4647740	L	1	-950	104
03751df7-a670-4987-b425-35d030779be1	II	4649570	R	5	4361	2
03751df7-a670-4987-b425-35d030779be1	II	4647740	L	5	-966	153
c4188195-666b-4697-a225-2a234e8de7ab	II	4649569	R	4	4378	3
c4188195-666b-4697-a225-2a234e8de7ab	II	4647740	L	4	-969	131
a5b12f7d-cdff-40ab-b44d-f8a32f53e7ff	II	4647740	L	2	-951	79
fad2fd1f-6b94-4e71-9c5b-5e36d1dba529	II	4649570	R	3	4373	3
fad2fd1f-6b94-4e71-9c5b-5e36d1dba529	II	4647740	L	3	-946	132
7facbe71-1544-4402-b6b7-3df3df74f253	II	4647740	L	1	-960	108
cf9432f2-2fb2-4a90-bad6-30e01a96f8b1	II	4647740	L	2	-958	105
b5d3174c-cc5b-4125-926d-2cd439608ae7	II	4647740	L	7	-954	80
19a5b2f5-5bed-4e64-9905-811decbee97e	II	4647740	L	2	-952	130
682a2d97-33e5-4254-ade3-9d55f3c523f3	II	4647740	L	2	-966	101
ad257418-86cf-47fd-a1b3-1ddf9b4fe211	II	4647740	L	2	-944	86
e80b08d5-5bb8-48f9-bf0a-080649ad088e	II	4647740	L	9	-949	91
d6d0ac60-1262-4ff5-b7b4-83172145cd5d	II	4649570	R	2	4375	8
d6d0ac60-1262-4ff5-b7b4-83172145cd5d	II	4647740	L	2	-950	75
d3d5495c-d69b-4996-badf-4a8c1f49b020	II	4649570	R	14	4386	2
d3d5495c-d69b-4996-badf-4a8c1f49b020	II	4647740	L	14	-953	109
f4f62dec-7ecf-4a5d-8e4f-5b779a704f2c	II	4649570	R	2	14725	3
f4f62dec-7ecf-4a5d-8e4f-5b779a704f2c	II	4647740	L	2	-943	119
3f43c950-228b-4ad8-81d3-6dcbac2456e7	II	4647740	L	2	-957	109
83df6a75-933f-42ce-9ebd-82a237fcf5a1	II	4647740	L	4	-957	141
958cfa6e-e17f-4368-b32e-bea52ceb5877	II	4649570	R	11	4400	3
958cfa6e-e17f-4368-b32e-bea52ceb5877	II	4647740	L	11	-956	94
f4d030c2-356b-4d53-ad1f-0b25c7ea172f	II	4649570	R	33	4350	5
f4d030c2-356b-4d53-ad1f-0b25c7ea172f	II	4647740	L	33	-957	138
94d585be-887b-4b64-be81-729fb6476807	II	4647740	L	4	-931	62
ca9bce4f-f6b9-4e8a-9bcf-9628411f3067	II	4647740	L	1	-949	73
485e7f12-099b-4edd-86c0-b5f9b226f18d	II	4649570	R	3	4361	3
485e7f12-099b-4edd-86c0-b5f9b226f18d	II	4647740	L	3	-957	94
0e34ff88-5bac-4678-b1c3-da02c20b0e64	II	4647740	L	1	-963	99
268553c5-a9f3-4550-b633-6c1e650d6732	II	4649570	R	2	4390	11
268553c5-a9f3-4550-b633-6c1e650d6732	II	4647740	L	2	-631	112
783f4f36-731e-4316-bf78-904fc3793881	II	4649570	R	1	4343	4
783f4f36-731e-4316-bf78-904fc3793881	II	4647740	L	1	-956	116
7bc9c108-d68e-4041-9aa3-59a8351dbed5	II	4647740	L	11	-954	76
7b9ebd61-2e9c-4d95-a9fa-ecf6f4999da2	II	4647740	L	6	-955	94
ed0ac3d8-f799-45e2-b21d-145dc4fa4c41	II	4649569	R	2	4374	4
ed0ac3d8-f799-45e2-b21d-145dc4fa4c41	II	4647740	L	2	-950	56
9aaea633-f594-41e2-ad7a-0750958d3b16	II	4647740	L	2	-963	82
cbba766a-27c5-4116-941c-bed717ed745a	II	4649570	R	5	4376	7
cbba766a-27c5-4116-941c-bed717ed745a	II	4647740	L	5	-955	102
ee784ec8-a634-4128-ad94-858aac7f9755	II	4647740	L	1	-931	61
b61b2674-c124-4040-b59e-1b58a27e46e6	II	4647740	L	2	-950	108
bd6662ba-7465-4b3c-ad9d-78ff83f877d2	II	4649570	R	11	4273	6
bd6662ba-7465-4b3c-ad9d-78ff83f877d2	II	4647740	L	11	-955	99
d7b2e592-8ca3-4851-97e2-39e2684e6e07	II	4649570	R	10	3887	6
d7b2e592-8ca3-4851-97e2-39e2684e6e07	II	4647740	L	10	-955	73
df4d2d09-4c94-42ce-a6c5-9f2ad0bb2cc5	II	4649570	R	2	4403	4
df4d2d09-4c94-42ce-a6c5-9f2ad0bb2cc5	II	4647740	L	2	-965	38
2acd6753-3674-47f8-8bb5-826679abdb7e	II	4647740	L	49	-951	70
d2b919e8-e2eb-43f0-97c0-5dbf85d7aada	II	4647740	L	1	-956	49
c762b84b-b167-4599-9e18-ca40bfa40e1e	II	4649570	R	3	111	2
c762b84b-b167-4599-9e18-ca40bfa40e1e	II	4647740	L	3	-961	49
c073551e-4863-44c0-b215-52cf8089c7a2	II	4647740	L	3	-948	36
899865fa-1fe4-42ef-9464-d23602280452	II	4647740	L	2	-967	38
0c5206e0-9313-4d3c-8529-76ff6be1609e	II	4647740	L	11	-958	40
a44cb997-01c8-4293-9ec2-c81b1078d935	II	4647740	L	2	-966	51
0c2c5866-beee-4bc2-a94c-4cd271bf37af	II	4647740	L	3	-963	55
156266c8-812f-41d8-a375-a50a1796a8f7	II	4649570	R	19	4369	5
156266c8-812f-41d8-a375-a50a1796a8f7	II	4647740	L	19	-951	38
b1e2d113-3063-4a92-ba5e-4d51065ebe19	II	4649570	R	10	4381	2
b1e2d113-3063-4a92-ba5e-4d51065ebe19	II	4647740	L	10	-970	93
c33434e0-ec82-4f33-b460-88408027a5e7	II	4649570	R	11	4334	3
c33434e0-ec82-4f33-b460-88408027a5e7	II	4647740	L	11	-920	47
1e9e9b82-23d5-41e9-8444-2945b62a2e5f	II	4649570	R	10	4381	4
1e9e9b82-23d5-41e9-8444-2945b62a2e5f	II	4647740	L	10	-960	72
3c78582c-0a77-4b71-8221-05523b252c91	II	4649570	R	3	4384	3
3c78582c-0a77-4b71-8221-05523b252c91	II	4647740	L	3	-963	46
d856df3d-4c59-4eba-86a8-aca2f1f4efe2	II	4649570	R	4	4383	4
d856df3d-4c59-4eba-86a8-aca2f1f4efe2	II	4647740	L	4	-970	42
1ab7c7cc-8f34-4e5a-b0e5-f592c3e3040e	II	4647740	L	3	-970	69
67bafdda-c2cb-4930-a444-e1187d2125c4	II	4649570	R	13	4390	2
67bafdda-c2cb-4930-a444-e1187d2125c4	II	4647740	L	13	-952	40
e91af5c3-5d6c-410f-af1a-c602eec942d9	II	4647740	L	12	-960	43
4d739146-092b-41ab-b123-98caf5b74648	II	4649570	R	10	4396	3
4d739146-092b-41ab-b123-98caf5b74648	II	4647740	L	10	-955	58
eeff4dcc-bacc-49cd-9204-2d25afc1d102	II	4649570	R	15	3973	3
eeff4dcc-bacc-49cd-9204-2d25afc1d102	II	4647740	L	15	-976	41
38a2a516-31c0-4db4-8f33-ac1f82346164	II	4647740	L	1	-970	52
8f85ef94-2dcb-4d2f-a683-d538c7a0d6c1	II	4649570	R	4	2273	4
8f85ef94-2dcb-4d2f-a683-d538c7a0d6c1	II	4647740	L	4	-947	50
24ae691b-dc8b-4352-89a2-46693096e320	II	4649570	R	17	4349	5
24ae691b-dc8b-4352-89a2-46693096e320	II	4647740	L	17	-932	37
14a909e4-f8c3-4e94-a940-a49728bebd8a	II	4649570	R	16	4371	2
14a909e4-f8c3-4e94-a940-a49728bebd8a	II	4647740	L	16	-950	26
ddd09064-a0e1-450b-916e-ef96ed2706b9	II	4649570	R	3	4426	2
ddd09064-a0e1-450b-916e-ef96ed2706b9	II	4647740	L	3	-965	56
71c35136-3df8-4fa0-823b-111c7356e5d4	II	4649570	R	4	4400	5
71c35136-3df8-4fa0-823b-111c7356e5d4	II	4647740	L	4	-1099	29
d07f43c6-7389-481f-8cd9-a350d8f67d79	II	4649570	R	5	4367	3
d07f43c6-7389-481f-8cd9-a350d8f67d79	II	4647740	L	5	-967	42
57e0e516-4fca-4e85-a4b5-a66b7c53ba0b	II	4649570	R	7	4400	3
57e0e516-4fca-4e85-a4b5-a66b7c53ba0b	II	4647740	L	7	-958	54
b415e183-a6b5-4fbe-9bff-7830b223ff38	II	4649570	R	1	63	2
b415e183-a6b5-4fbe-9bff-7830b223ff38	II	4647740	L	1	-958	45
c5f6d2f0-1c2f-46ca-b67a-c6a1b9d243a0	II	4649569	R	10	4345	4
c5f6d2f0-1c2f-46ca-b67a-c6a1b9d243a0	II	4647740	L	10	-935	53
6023b909-147f-403a-bb81-2c7c53ebc195	II	4647740	L	5	-969	53
351195c9-c4aa-4dcc-a19b-e131b1443235	II	4647740	L	1	-954	43
e8f4196f-2910-48bd-85e9-17410342489e	II	4649570	R	4	4365	3
e8f4196f-2910-48bd-85e9-17410342489e	II	4647740	L	4	-947	61
da915061-4332-4d26-ad03-b07b46349d11	II	4649570	R	20	4390	3
da915061-4332-4d26-ad03-b07b46349d11	II	4647740	L	20	-960	22
665802b0-b340-4b57-a152-ea38dbb5f90d	II	4647740	L	6	-963	63
4c474922-fce2-4440-ba4b-56390f849799	II	4649570	R	20	4397	2
4c474922-fce2-4440-ba4b-56390f849799	II	4647740	L	20	-958	54
8e9306e9-494d-448a-a193-f867cff0d5ad	II	4649570	R	11	4408	2
8e9306e9-494d-448a-a193-f867cff0d5ad	II	4647740	L	11	-939	63
9071623f-1c9a-4c8e-b583-69d25da1c630	II	4649570	R	3	14870	4
9071623f-1c9a-4c8e-b583-69d25da1c630	II	4647740	L	3	-965	58
90e40cb1-d53e-4ec8-b045-c7ff250c05a8	II	4647740	L	10	-953	66
ff5e7cd1-e7ae-4861-b11d-a4896b96d105	II	4649570	R	16	4383	3
ff5e7cd1-e7ae-4861-b11d-a4896b96d105	II	4647740	L	16	-963	43
78d7f5a8-c5dd-4b0d-9877-a95011d2142e	II	4647740	L	10	-959	47
ce3b571f-7cca-4bba-ba45-fad601e0a4fd	II	4647740	L	7	-956	35
b1c5b37e-5f32-405b-9176-a81fc769160c	II	4649570	R	5	4387	5
b1c5b37e-5f32-405b-9176-a81fc769160c	II	4647740	L	5	-988	17
e564362c-e684-4628-b45b-2f41642e5aea	II	4647740	L	1	-957	19
ed575dbe-556d-4b12-bda5-8115b98dd07a	II	4649413	R	5	4588	11
ed575dbe-556d-4b12-bda5-8115b98dd07a	II	4647740	L	5	-941	44
74b42812-8067-4cfd-9f45-2e732c05518b	II	4649576	R	3	3826	3
74b42812-8067-4cfd-9f45-2e732c05518b	II	4647742	L	3	-946	60
a223650a-e38f-4b0e-a023-3842a288207b	II	4647750	L	2	-965	35
b7a04233-40ea-4350-9368-d946d50b5f63	II	4649558	R	4	4394	3
b7a04233-40ea-4350-9368-d946d50b5f63	II	4647752	L	4	-967	126
0d98bf61-0750-49c9-a1c0-4d236a9664e7	II	4649570	R	12	4402	4
0d98bf61-0750-49c9-a1c0-4d236a9664e7	II	4647752	L	12	-965	116
7c57aecf-0c1d-4dcb-9fd2-850e410ab9b7	II	4649570	R	4	4386	3
7c57aecf-0c1d-4dcb-9fd2-850e410ab9b7	II	4647752	L	4	-972	109
355491a3-db7d-4fda-996a-482f94f9bd23	II	4647752	L	2	-980	105
5d6332aa-580b-416e-a0e0-3b6602708ff1	II	4649569	R	8	4304	3
5d6332aa-580b-416e-a0e0-3b6602708ff1	II	4647752	L	8	-974	94
8959272e-89d9-4d23-a3ea-840be00ea0c7	II	4647752	L	4	-969	48
5deac4d1-e8e7-470e-ba0b-ba17f1c2b3e3	II	4647752	L	10	-965	37
71bd5149-fbc8-468f-9df0-f336f6f65961	II	4647752	L	11	-957	33
8b2896b7-f7a8-4692-8798-34fb2d1cb3ee	II	4649570	R	13	4422	2
8b2896b7-f7a8-4692-8798-34fb2d1cb3ee	II	4647752	L	13	-979	43
eea2443b-9afe-4aa5-860a-0d329be8631f	II	4647752	L	3	-972	38
a7b20c71-2965-43eb-987e-e4b4a14f0619	II	4647752	L	1	-967	42
92fb6bed-5ae7-41d1-ab39-c3c8f960b523	II	4649570	R	5	4380	5
92fb6bed-5ae7-41d1-ab39-c3c8f960b523	II	4647752	L	5	-979	42
484bdf5a-723f-41ad-828c-a21de8e66534	II	4649570	R	4	4362	3
484bdf5a-723f-41ad-828c-a21de8e66534	II	4647752	L	4	-963	33
5c368257-fa6e-45af-bacd-b9486b1b62d7	II	4649570	R	6	2509	2
5c368257-fa6e-45af-bacd-b9486b1b62d7	II	4647752	L	6	-972	39
8eb62a07-99c2-4956-a19c-de5f11c84dee	II	4649570	R	16	9249	3
8eb62a07-99c2-4956-a19c-de5f11c84dee	II	4647752	L	16	-975	33
7061d8ee-3417-4adf-bd46-c143d3a4650e	II	4649570	R	2	2545	5
7061d8ee-3417-4adf-bd46-c143d3a4650e	II	4647770	L	2	-972	115
9b62c0ea-76ee-480a-b69f-b1c03ff4ca20	II	4647770	L	1	-989	111
07112695-dffc-49ad-a416-4c0e8ae59c70	II	4647770	L	9	-981	51
8837401e-e7e0-472f-8314-d92e668c9c68	II	4647770	L	1	-992	76
fa9d0ec9-ba1e-4f32-a957-56cbed3e9853	II	4649574	R	4	3942	5
fa9d0ec9-ba1e-4f32-a957-56cbed3e9853	II	4647770	L	4	-989	32
04910598-d968-4038-a9b2-b5293cd7d30b	II	4649570	R	14	4387	6
04910598-d968-4038-a9b2-b5293cd7d30b	II	4647770	L	14	-988	32
da74b6c6-181a-4b64-b0a3-f119c1056782	II	4649564	R	3	4295	5
da74b6c6-181a-4b64-b0a3-f119c1056782	II	4647770	L	3	-968	37
dcec0d43-2cb4-4382-a7a2-9872e37f9528	II	4647779	L	5	-975	125
b7668ef2-c5a0-4539-bd33-8aef53d0511c	II	4649570	R	25	4394	5
b7668ef2-c5a0-4539-bd33-8aef53d0511c	II	4647779	L	25	-993	69
9b9de99a-3de7-49f8-b331-41c16caa4123	II	4647779	L	7	-992	57
3b306b59-a0a7-4984-8390-f5eba88f45bc	II	4649390	R	4	4561	3
3b306b59-a0a7-4984-8390-f5eba88f45bc	II	4647779	L	4	-1016	15
abb7dc3c-aa17-46b4-a1b0-334570f5d016	II	4647800	L	1	-1011	90
398ab98c-94ee-4100-ba9b-63c46e72cd01	II	4648164	L	1	-1376	205
b98ff228-29ec-4f03-a5e5-89539d632b4f	II	4648164	L	1	-1390	69
f79a0771-c2e4-48c4-a730-9b96df6d26bc	II	4648164	L	1	-1404	82
19cf3758-2471-405b-80e3-bfa34dff3119	II	4649568	R	6	4315	4
19cf3758-2471-405b-80e3-bfa34dff3119	II	4648164	L	6	-1375	88
24678a01-94f1-4db2-9c7f-85c058a3dcfb	II	4649570	R	3	2533	2
24678a01-94f1-4db2-9c7f-85c058a3dcfb	II	4648164	L	3	-1381	98
472f0ca9-665a-49a9-8355-e0177d0ea9ae	II	4648164	L	1	-1378	140
236edbff-a057-477f-ac07-ef6eb8d827a7	II	4649570	R	4	4354	21
236edbff-a057-477f-ac07-ef6eb8d827a7	II	4648164	L	4	-1382	119
8e949688-7926-476d-8a77-96adc288ca4e	II	4649570	R	7	4375	5
8e949688-7926-476d-8a77-96adc288ca4e	II	4648164	L	7	-1375	39
80405029-081f-425c-a477-eed0c60ba287	II	4648164	L	6	-1381	41
aae4f321-9d24-4cec-a737-0cf9dcca44f2	II	4649570	R	5	4381	2
aae4f321-9d24-4cec-a737-0cf9dcca44f2	II	4648164	L	5	-1387	37
dabef1f7-9908-459f-8728-74318cb51f8b	II	4648164	L	2	-1382	45
f6385f22-c574-4f84-a0af-5cd77ef39c45	II	4649570	R	5	4312	7
f6385f22-c574-4f84-a0af-5cd77ef39c45	II	4648164	L	5	-839	27
38710b22-344b-4a10-becc-a51c1894a7e1	II	4649560	R	3	14839	4
38710b22-344b-4a10-becc-a51c1894a7e1	II	4648171	L	3	-1394	140
3deed70d-c08c-4fc0-bb87-2a41fcd2f38d	II	4649576	R	3	1663	2
3deed70d-c08c-4fc0-bb87-2a41fcd2f38d	II	4648171	L	3	-1362	58
06459b2a-44c7-4d19-aac5-95237f44b9e1	II	4648171	L	24	-1376	46
e4855917-8663-49fc-bbca-eda14031e5d5	II	4648171	L	3	-1375	35
3a1c688f-abe5-4290-9bfc-1bf7508ee813	II	4649570	R	8	1248	2
3a1c688f-abe5-4290-9bfc-1bf7508ee813	II	4648171	L	8	-1483	32
145bba37-15f3-4c11-9729-0bf2020b6759	II	4649570	R	7	4400	3
145bba37-15f3-4c11-9729-0bf2020b6759	II	4648184	L	7	-1395	153
30abf547-c47a-4d1d-a27d-4a33c6a1c443	II	4648184	L	2	-1379	32
c6f47eee-99cf-4899-b658-fe407bd61fad	II	4649551	R	3	752	3
c6f47eee-99cf-4899-b658-fe407bd61fad	II	4648185	L	3	-1381	139
9501f127-3ccc-4c58-af4d-cfb1eebfae8c	II	4649393	R	2	3441	26
9501f127-3ccc-4c58-af4d-cfb1eebfae8c	II	4648191	L	2	-1372	29
5ae6255e-4606-4183-b009-f46472cadc31	II	4649570	R	4	4339	3
5ae6255e-4606-4183-b009-f46472cadc31	II	4648196	L	4	-1394	34
04e3876f-17e2-4760-b2d2-6be953b5b65a	II	4648308	L	1	-1509	79
9a93b6ee-8a96-4e30-b50a-0555d81030d7	II	4648467	L	1	-1720	108
44f2f844-e669-4a9d-8b89-0e5af4b01eba	II	4780578	L	1	-2133	5
5f22696d-b528-45bb-ab44-6232dfb443a4	II	5675789	L	1	-3910	118
e01270a9-f391-4bd5-af2e-e2ae6f1736c3	II	5675789	L	2	-3900	29
d1a8590b-842c-450d-ab4e-9ddda407baa2	II	5677548	R	16	10700	2
d1a8590b-842c-450d-ab4e-9ddda407baa2	II	5675789	L	16	-3885	46
6655c0ff-14bb-421f-b7ba-9ef6f9b0fc8e	II	5675793	L	9	-3899	94
b10bd340-2fb2-48be-8314-5eaddbea04d5	II	5675794	L	7	-3906	61
ac8d5b99-65d3-40f4-b704-14ac6193bea1	II	5676302	L	11	-4399	92
020f6cd9-59e0-42a2-896f-1b7abf4097c6	II	5676304	L	23	-4404	168
2b58f097-d007-42dc-af93-0566d2bfc8ed	II	5676304	L	4	-4404	132
0b742e83-b4f1-44d2-bd12-0f75a66c551c	II	5676304	L	2	-4397	82
890125c1-b1f0-400e-8965-2f09f7dfe96e	II	5676304	L	9	-4420	68
f999d4b7-c450-4c9c-8279-eac8cccdaa1e	II	5676304	L	11	-4407	37
ff385e46-e683-44a8-a650-c4a9f68bd4be	II	5676304	L	10	-4392	44
bca3b522-0fd4-4302-9a80-142041ef86d5	II	5676305	L	5	-4409	163
2f774ebb-4bcf-41f7-948d-6244a20207c6	II	5677548	R	20	10793	2
2f774ebb-4bcf-41f7-948d-6244a20207c6	II	5676305	L	20	-4424	211
b6004d98-d268-4a5f-8071-c9137b02c116	II	5676305	L	13	-4414	256
353e39fa-fddc-4ee7-8886-daf0606e28d6	II	5677546	R	14	10782	2
353e39fa-fddc-4ee7-8886-daf0606e28d6	II	5676305	L	14	-4409	207
f620dc03-eadd-48de-a44b-f2058eed4536	II	5677547	R	4	8934	3
f620dc03-eadd-48de-a44b-f2058eed4536	II	5676305	L	4	-4354	196
2b4327e8-d51a-4498-9453-ba5988d7994b	II	5677718	R	6	4359	3
2b4327e8-d51a-4498-9453-ba5988d7994b	II	5676305	L	6	-4418	225
2ce2d5cb-0b7a-4136-9e01-3bb49d3134b4	II	5676305	L	11	-4404	209
ef308223-2d99-4c76-b2a1-fcf48e7b8be8	II	5677727	R	11	10630	8
ef308223-2d99-4c76-b2a1-fcf48e7b8be8	II	5676305	L	11	-4412	187
67d2e6dd-8e13-46f5-871e-aef44d0e54f0	II	5677727	R	5	10542	2
67d2e6dd-8e13-46f5-871e-aef44d0e54f0	II	5676305	L	5	-4405	139
a1d9426f-e45d-4041-a670-cbec245b22eb	II	5677547	R	31	10855	2
a1d9426f-e45d-4041-a670-cbec245b22eb	II	5676305	L	31	-4416	185
c9e5835b-7d85-4a6f-b2f0-0b1cd6c5f84d	II	5676305	L	20	-4415	110
4dca7cb8-9142-47dd-b462-36300d7bc51f	II	5677727	R	25	10636	4
4dca7cb8-9142-47dd-b462-36300d7bc51f	II	5676305	L	25	-4408	120
fac2cf1f-703f-4d54-b009-c9f7f3de8e64	II	5677542	R	2	12591	13
fac2cf1f-703f-4d54-b009-c9f7f3de8e64	II	5676305	L	2	-4394	135
732aec18-b285-4697-8a5f-1f957a41ebec	II	5676305	L	26	-4435	158
0d4724af-5d5e-4250-aa4a-ebb079be2b1f	II	5676305	L	15	-4430	91
33c50780-8523-45c9-98ec-d31b6a7cef47	II	5676305	L	19	-4362	125
390e9948-7d89-4303-b7b9-967381a98975	II	5676305	L	7	-4438	183
a171036a-dc75-4d94-84fa-c88cff599ea3	II	5676305	L	13	-4399	186
3c7f5d20-1d22-4d9f-b00a-2b6a5201142e	II	5677548	R	15	7083	2
3c7f5d20-1d22-4d9f-b00a-2b6a5201142e	II	5676305	L	15	-4368	68
f7c7343c-17d8-4707-baf9-396479eb288f	II	5676305	L	11	-4405	144
234c3a73-efb7-4779-bdb4-3d8b351542d7	II	5676305	L	5	-4411	158
df990654-f433-46e4-bed4-ecaa62f7193c	II	5677548	R	17	10779	2
df990654-f433-46e4-bed4-ecaa62f7193c	II	5676305	L	17	-4404	171
a89050d3-2002-4378-8b3a-f178be6eafbe	II	5676305	L	6	-4423	143
65264c47-c458-4565-aaa8-6c4746a9ccc5	II	5676305	L	24	-4396	169
ae57eaa6-1899-4c33-befe-a4af76577a15	II	5677727	R	36	10587	2
ae57eaa6-1899-4c33-befe-a4af76577a15	II	5676305	L	36	-4428	141
2cfd3074-38d7-4a76-9fde-a2076da7ee93	II	5677541	R	2	10790	3
2cfd3074-38d7-4a76-9fde-a2076da7ee93	II	5676305	L	2	-4405	91
a4bdb506-c53f-4f64-824a-3b51b3eee825	II	5677548	R	25	10803	2
a4bdb506-c53f-4f64-824a-3b51b3eee825	II	5676305	L	25	-4428	114
ee101cc2-d1d3-4809-bcb7-31bae57d794b	II	5676305	L	16	-4401	94
505e13d2-0a65-4c6c-8b1d-e5066fdbe82a	II	5676305	L	5	-4414	108
10ef5e5e-0dcf-4e2f-9a0f-1f1f5a528965	II	5677548	R	13	2362	5
10ef5e5e-0dcf-4e2f-9a0f-1f1f5a528965	II	5676305	L	13	-4390	165
c7b8a983-36f0-4542-8cc2-4b866dbba3ee	II	5676305	L	12	-4419	145
33da3b22-550a-44ad-9bdc-e71732194a2d	II	5676305	L	4	-4429	97
1f1eb6aa-7ec4-4f44-bf7e-a6c7110c849f	II	5676305	L	16	-4404	153
fc07cf32-f8e6-4d34-898e-82c2039b8186	II	5677547	R	6	6522	4
fc07cf32-f8e6-4d34-898e-82c2039b8186	II	5676305	L	6	-4401	165
d4b9a72e-7931-4a96-853e-5ddbbd39fb41	II	5676305	L	19	-4418	165
c75874a8-61b9-473c-84e8-afeb625011ba	II	5676305	L	12	-4393	123
d8177ea8-7406-4c4b-9c0c-91abcfd09a8a	II	5676305	L	15	-4429	99
465e755c-5aff-4cb8-8652-347b4d60fd8c	II	5676305	L	5	-4399	112
ab253d4e-5fa3-42e4-a85f-7a390ec788f4	II	5676305	L	11	-4403	83
35c16b7d-85b0-414c-bba9-12062e3e2a23	II	5677725	R	10	10666	2
35c16b7d-85b0-414c-bba9-12062e3e2a23	II	5676305	L	10	-4412	113
7ec5a921-bc27-4821-9ac1-661dcf0c6179	II	5677550	R	2	10764	4
7ec5a921-bc27-4821-9ac1-661dcf0c6179	II	5676305	L	2	-4338	137
f22b13bf-5dc8-4d61-b9b5-7352a028960d	II	5676305	L	13	-4387	112
ed136aef-0bd5-4041-8d5e-ddea2529789c	II	5676305	L	11	-4319	117
de1bfafd-1f83-4938-99a7-03cb08b4f6aa	II	5677548	R	12	9501	4
de1bfafd-1f83-4938-99a7-03cb08b4f6aa	II	5676305	L	12	-4416	122
55c0a5d9-f30b-46f7-9c34-defd1b5b7393	II	5676305	L	19	-4403	114
f8e9def6-02d6-413d-b6f1-8d78e178e97b	II	5677727	R	37	10605	3
f8e9def6-02d6-413d-b6f1-8d78e178e97b	II	5676305	L	37	-4424	96
2899383e-babf-455b-8bb1-07b49ac1e4a3	II	5677727	R	27	1947	3
2899383e-babf-455b-8bb1-07b49ac1e4a3	II	5676305	L	27	-4375	152
4f7dca0f-c671-40d4-9ba1-80800c2cfc2d	II	5676305	L	2	-4430	155
42ae7585-40a5-4bfc-a17b-877cbfe655e6	II	5676305	L	1	-4420	69
c65a96e4-11cf-4907-a91c-da828166412c	II	5676305	L	21	-4428	18
bec7c26f-0fdc-4d83-b207-60dc684c5615	II	5676305	L	21	-4441	140
cb09a6f3-2144-4559-a2ef-db49f6d182c7	II	5676305	L	6	-4439	84
b6c0c8c0-30af-408f-b0b5-509210448a46	II	5677548	R	13	10774	2
b6c0c8c0-30af-408f-b0b5-509210448a46	II	5676305	L	13	-4411	146
e65b0d3c-86b8-43b3-9690-5762855d3477	II	5676305	L	9	-4435	163
889c5c59-c8b7-4457-80ac-2b888b39f9b2	II	5676305	L	14	-4397	104
69cb186d-6835-49a0-b78e-97cb2756ca4c	II	5677727	R	26	10589	2
69cb186d-6835-49a0-b78e-97cb2756ca4c	II	5676305	L	26	-4401	96
5e06c6be-970c-45bd-9093-09fff73d448a	II	5676305	L	23	-4400	127
fbf3421f-3aab-4ae2-b24f-3d39c26bfc5a	II	5677548	R	8	21226	10
fbf3421f-3aab-4ae2-b24f-3d39c26bfc5a	II	5676305	L	8	-4406	154
71462628-119b-4b42-810b-556411ea0781	II	5677727	R	9	10613	4
71462628-119b-4b42-810b-556411ea0781	II	5676305	L	9	-4413	108
7f466dd1-ae45-4934-a9c2-44b405679fa4	II	5676305	L	11	-4385	70
697e3f7c-545a-42b4-9937-95d30b123366	II	5677547	R	34	10781	2
697e3f7c-545a-42b4-9937-95d30b123366	II	5676305	L	34	-4417	168
9e78a051-73fa-42a8-a4e0-77518b47c06d	II	5677128	R	1	8094	3
9e78a051-73fa-42a8-a4e0-77518b47c06d	II	5676305	L	1	-4303	37
d31a748a-f6d7-48aa-a2d9-a383d7929dad	II	5677727	R	3	1341	2
d31a748a-f6d7-48aa-a2d9-a383d7929dad	II	5676305	L	3	-4403	127
3cb81688-c4f2-4c71-8f0b-8c9fcc39d280	II	5677548	R	24	9521	2
3cb81688-c4f2-4c71-8f0b-8c9fcc39d280	II	5676305	L	24	-4407	188
faa2539e-4a1e-4630-8554-95e1636f2e7f	II	5676305	L	8	-4384	25
90853241-7f45-4323-b0f8-9019f4786aed	II	5677547	R	13	5315	3
90853241-7f45-4323-b0f8-9019f4786aed	II	5676305	L	13	-4417	114
bfd267fe-c174-49f1-8e38-baa7afeeab00	II	5676305	L	10	-4391	123
64fa6f0c-b345-45a8-b4ee-aeb03f3f77e1	II	5676305	L	20	-4402	162
c97921f2-38d2-4d7f-8a44-1f5e81794803	II	5676305	L	26	-4421	63
4001b142-df85-4ff9-b5b4-90ab143ab68a	II	5676305	L	4	-4388	67
8e4a8b5a-ee80-4213-a493-55ff8cce929d	II	5676305	L	19	-4405	118
7f07af35-737a-4a14-8d9c-a087e88389fa	II	5677547	R	8	10803	3
7f07af35-737a-4a14-8d9c-a087e88389fa	II	5676305	L	8	-4431	113
d71736c9-73ef-4e8f-9dd3-2d8b06301bc2	II	5676305	L	24	-4426	83
df7d2939-087d-4f51-8143-d459cacaefbb	II	5676305	L	6	-4395	122
5e74ba96-4fde-4e27-8ee8-046054cdc285	II	5676305	L	19	-4386	89
18be7188-58f7-43cf-a63a-581f341c3146	II	5676305	L	26	-4409	86
2f400db3-e76a-49f4-8c4f-108319f53cfa	II	5677547	R	7	1709	2
2f400db3-e76a-49f4-8c4f-108319f53cfa	II	5676305	L	7	-4397	117
d9650c44-d8e1-44b8-98b3-9da1647f3f4e	II	5677547	R	11	10761	5
d9650c44-d8e1-44b8-98b3-9da1647f3f4e	II	5676305	L	11	-4414	129
d768c952-1d3e-4c6c-9a2e-d3bdb4440299	II	5676305	L	2	-4430	104
7fa5fac2-b355-46b1-aa1e-db6dd60f83c9	II	5676305	L	19	-4401	129
9db139a1-e94f-4eea-8d99-3b47a57a5d4d	II	5677548	R	41	10804	2
9db139a1-e94f-4eea-8d99-3b47a57a5d4d	II	5676305	L	41	-4365	115
72513411-c694-4581-9fa1-d38dcc0065fe	II	5676305	L	4	-4407	92
c13adaac-4e2f-4a3c-89c5-d9d107bcf0f5	II	5676305	L	51	-4425	99
2b29990a-1234-4f37-8b9f-6da9cd998070	II	5676305	L	9	-4330	95
d7d8a5ba-660c-41c8-aa47-9581950eaa92	II	5677548	R	47	10809	3
d7d8a5ba-660c-41c8-aa47-9581950eaa92	II	5676305	L	47	-4438	122
66394f62-34de-4b3a-8d89-4796a9f0481c	II	5677519	R	2	10789	3
66394f62-34de-4b3a-8d89-4796a9f0481c	II	5676305	L	2	-4373	107
a2d8a677-f6bb-43a5-9802-c5cd313b762f	II	5676305	L	39	-4405	109
e880c332-fe12-4234-b8a2-38dab13a92f6	II	5676305	L	27	-4391	130
41126789-54a9-4e6f-8bac-0cc92680ed16	II	5676305	L	20	-4429	152
c2c14de3-2bc6-4ede-8be4-37ce6fa04502	II	5677547	R	11	10768	2
c2c14de3-2bc6-4ede-8be4-37ce6fa04502	II	5676305	L	11	-4409	109
3317f4d3-a3d3-4303-a2e2-4638ed330061	II	5677547	R	13	10832	2
3317f4d3-a3d3-4303-a2e2-4638ed330061	II	5676305	L	13	-4449	136
3fd276be-f528-4665-a1b5-72d9f2f9f2aa	II	5676305	L	23	-4417	75
6746e595-78e2-4874-beb0-4c2fa76d4dd8	II	5676305	L	8	-4386	124
6ded3956-3064-49fd-8dbb-d3be0af59c92	II	5676305	L	20	-4397	156
362c48c1-8467-49cd-aaf3-6b49baa5df43	II	5676305	L	1	-4439	132
c0ecd3fc-1f02-47fa-b4f9-d7a328d0c064	II	5676305	L	6	-4425	135
d8d9a00f-33f3-4509-becd-227c545354ea	II	5676305	L	40	-4410	127
49a06a8d-728e-4cf4-850e-8b41d39354b6	II	5677546	R	23	5499	2
49a06a8d-728e-4cf4-850e-8b41d39354b6	II	5676305	L	23	-4446	146
5e2ab508-d520-4684-be10-06b5455b5b4f	II	5676305	L	26	-4443	102
95f486b7-f50c-46c2-a8e3-34c4366bbb97	II	5676305	L	26	-4437	124
f380d0a5-b413-4023-a4e9-bbf70ea7ffd7	II	5676305	L	1	-4370	128
cc8f4446-f40c-4b58-8bd1-b6867fc0551f	II	5676305	L	9	-4430	103
ffbf9a8b-6af4-466c-b562-938c69ceaffc	II	5676305	L	19	-4407	135
dbe9f888-ad81-4d0b-9711-dc3b89a7d0de	II	5677548	R	1	1339	4
dbe9f888-ad81-4d0b-9711-dc3b89a7d0de	II	5676305	L	1	-4415	114
ea10e97d-24d7-4684-8d08-97fc676bda2a	II	5676305	L	8	-4411	92
bf3ee2e8-d5f6-465b-ba25-3744ad7e9fec	II	5677548	R	32	10755	3
bf3ee2e8-d5f6-465b-ba25-3744ad7e9fec	II	5676305	L	32	-4398	108
72f02b8b-14a9-4e51-97e0-e845c863d33e	II	5676305	L	11	-4403	74
097759d9-3cda-4154-aa40-01e42502f5b5	II	5676305	L	41	-4439	137
79034713-2804-456f-82f8-ba88d72da726	II	5677547	R	33	10727	3
79034713-2804-456f-82f8-ba88d72da726	II	5676305	L	33	-4413	102
b0283d9f-eb36-4a51-a3e1-3025a7aeac5c	II	5677547	R	31	10741	2
b0283d9f-eb36-4a51-a3e1-3025a7aeac5c	II	5676305	L	31	-4424	104
c4688c65-0cf6-4825-9e05-52b055946f2a	II	5676305	L	1	-4418	65
aa82bf4a-d59d-4b56-8869-64b7038ff329	II	5676305	L	18	-4414	71
b7cbc239-653b-4ec2-99ca-65cbb8ed9e3c	II	5676305	L	16	-4430	118
fc4d325b-dd6e-4c52-81c5-be96e6198cff	II	5676305	L	22	-4416	85
0a6eb85b-9e6c-49d9-8fea-464624f17121	II	5676305	L	13	-4420	97
b704b742-e4f3-4725-8339-45e5414bfcf3	II	5676305	L	55	-4393	83
bfde35b6-68f9-4d46-a3c3-6632866032a5	II	5676305	L	17	-4431	113
cca99b85-0d92-4bbf-9b0e-01593f81618a	II	5676305	L	26	-4430	114
f3652242-e8c2-41c0-9448-87f0f2b74481	II	5676305	L	5	-4347	43
be745c5a-de26-48e7-958a-d438be86b6e8	II	5677727	R	14	21017	3
be745c5a-de26-48e7-958a-d438be86b6e8	II	5676305	L	14	-4416	98
e56c9a14-d2b2-4674-a88b-c9e77ad7ed1c	II	5676305	L	13	-4409	96
f869f91b-90b5-4578-8e95-14b2a24838d9	II	5676305	L	14	-2304	87
bd714c8b-84e7-4fda-af99-26212ae25ef7	II	5677727	R	36	10630	2
bd714c8b-84e7-4fda-af99-26212ae25ef7	II	5676305	L	36	-4417	120
1c40fb5b-e36c-48e8-95fd-c761763b8085	II	5677727	R	12	9654	2
1c40fb5b-e36c-48e8-95fd-c761763b8085	II	5676305	L	12	-4417	72
810be90e-7cc3-4b1f-8c2d-699a88bcd151	II	5677548	R	23	10798	2
810be90e-7cc3-4b1f-8c2d-699a88bcd151	II	5676305	L	23	-4426	102
fc223284-2e48-482f-a418-e7e76e0855fe	II	5677548	R	14	21268	2
fc223284-2e48-482f-a418-e7e76e0855fe	II	5676305	L	14	-4415	76
6df09f61-231b-430f-9895-b33dcac20231	II	5677548	R	23	10793	2
6df09f61-231b-430f-9895-b33dcac20231	II	5676305	L	23	-868	96
252a4e49-cc3a-4415-85b5-b95ecf96b268	II	5676305	L	17	-4378	96
63ca68d5-f5bf-4817-ac62-a6bb10bb2005	II	5676305	L	26	-4405	104
a06ad46d-8bb3-4e80-9eb8-b8fcece5a24d	II	5677547	R	16	10639	3
a06ad46d-8bb3-4e80-9eb8-b8fcece5a24d	II	5676305	L	16	-4433	110
5a2183d6-0001-4935-9455-f8f0037d3d51	II	5676305	L	26	-4427	91
4e9fd4d0-f561-42de-b792-46e7142bc2ac	II	5676305	L	5	-4412	94
94217d3c-54d3-4698-b6be-c532a237224e	II	5677547	R	1	10801	2
94217d3c-54d3-4698-b6be-c532a237224e	II	5676305	L	1	-4404	65
a6719358-17d2-4f5f-8e70-041a65c825c1	II	5677547	R	16	10771	3
a6719358-17d2-4f5f-8e70-041a65c825c1	II	5676305	L	16	-4421	79
f34aeb28-2977-4386-a600-46c64be35003	II	5677548	R	6	19667	40
f34aeb28-2977-4386-a600-46c64be35003	II	5676305	L	6	-4395	93
67c09bae-4baa-497d-bd22-16a70bcce864	II	5676305	L	35	-4356	26
377bd9dc-2cd6-493b-8859-f552c2d76f2f	II	5677727	R	19	2661	5
377bd9dc-2cd6-493b-8859-f552c2d76f2f	II	5676305	L	19	-4427	85
a0f0d90a-348b-4545-9df3-32b4005c7e95	II	5676305	L	5	-4428	58
46e294f3-09ee-4e67-ad96-e51560f86126	II	5676305	L	15	-4415	63
0102058f-4825-4fea-990e-bfc5652f7793	II	5676305	L	17	-4381	87
0951973d-42d9-4af2-aaaa-310555e98f9a	II	5676305	L	28	-4415	57
abdb462f-003b-485c-9e4a-d50e544cf1a6	II	5677543	R	12	10793	6
abdb462f-003b-485c-9e4a-d50e544cf1a6	II	5676305	L	12	-4410	90
a9fff086-2e9c-44fe-9659-26beaf1133a1	II	5677727	R	14	10614	2
a9fff086-2e9c-44fe-9659-26beaf1133a1	II	5676305	L	14	-4436	65
97a36995-2c62-472d-afea-b64f20c9e417	II	5676305	L	2	-4413	79
0cb965a4-7b69-42c0-afe9-718fba96154d	II	5677547	R	27	10786	2
0cb965a4-7b69-42c0-afe9-718fba96154d	II	5676305	L	27	-4424	56
3c557eba-a6c7-4ba2-b182-8270bfbd433c	II	5677544	R	14	10680	12
3c557eba-a6c7-4ba2-b182-8270bfbd433c	II	5676305	L	14	-4327	44
7d41747d-d869-4e9e-8fd2-83ec862673b7	II	5677549	R	31	5415	2
7d41747d-d869-4e9e-8fd2-83ec862673b7	II	5676305	L	31	-4417	47
06271464-ed85-4a91-afcd-f21d72f1f653	II	5677548	R	7	9441	2
06271464-ed85-4a91-afcd-f21d72f1f653	II	5676305	L	7	-4400	35
44b029ee-194a-4138-a164-4cce8eb77367	II	5677727	R	49	10599	3
44b029ee-194a-4138-a164-4cce8eb77367	II	5676305	L	49	-4406	27
93158833-5d8c-4cdc-8748-921cf4f44b18	II	5676305	L	14	-4392	38
e9c68bbc-3195-489e-95de-0de60b752123	II	5677548	R	2	8406	3
e9c68bbc-3195-489e-95de-0de60b752123	II	5676305	L	2	-4400	60
8c7c39a3-e6a9-411f-9463-9e3415a77b53	II	5676305	L	1	-4412	44
13511be9-0a52-4b89-a28d-913583a5fbdf	II	5676305	L	49	-4417	61
b720c659-ed4f-4619-a2c0-9d6677cec769	II	5676305	L	17	-4452	39
20792eba-abc4-41f4-b861-2fd73897a92e	II	5676305	L	1	-4439	32
8b385297-dbfe-4d04-b250-46b9e26be323	II	5676305	L	31	-4438	112
34dd019c-cf0a-44cb-aaf0-67b91891294c	II	5676305	L	1	-4425	47
327d29ba-3a28-4841-a20f-ff0eed6d555d	II	5676305	L	19	-4448	34
485dcbb1-51b1-41f5-b837-1e855af7122d	II	5677727	R	32	10665	2
485dcbb1-51b1-41f5-b837-1e855af7122d	II	5676305	L	32	-4415	63
3640f10a-0b14-4314-987b-b63cfbbc0937	II	5676305	L	28	-4434	59
42f450d9-8611-405f-85d4-d987cad3c368	II	5677542	R	12	10836	4
42f450d9-8611-405f-85d4-d987cad3c368	II	5676305	L	12	-910	59
dcc947fc-36d9-46a2-94fa-c9e4f86ac609	II	5676305	L	33	-4372	93
bb88e1e0-9dd1-41c2-9bbb-0f26dd3f8667	II	5676305	L	13	-4410	93
3766d56a-391e-4a01-990a-01db1ccaf462	II	5677548	R	31	5925	2
3766d56a-391e-4a01-990a-01db1ccaf462	II	5676305	L	31	-4425	74
840b36ef-712f-4d78-9da2-9252dbbd39f7	II	5676305	L	7	-4392	64
7a6a8748-f82c-4e5e-af44-a26855b864f5	II	5676305	L	4	-4431	64
080a4728-ba15-44ec-8d14-c428d4434bdc	II	5676305	L	35	-4418	31
5d74fbed-9db9-40c9-aca0-bd999aebe550	II	5677548	R	12	2739	3
5d74fbed-9db9-40c9-aca0-bd999aebe550	II	5676305	L	12	-4381	32
69cd0fe3-37ef-46d3-ae34-e685e581d0e4	II	5677548	R	16	10773	2
69cd0fe3-37ef-46d3-ae34-e685e581d0e4	II	5676305	L	16	-4388	104
da28c397-4b58-4448-af0d-4e5322bb7784	II	5676305	L	39	-4444	77
16741943-6099-48f2-b6bd-2af3829f8803	II	5676305	L	15	-4438	43
9b0b9e13-6082-4d09-8539-f34023b245b0	II	5677727	R	13	10629	2
9b0b9e13-6082-4d09-8539-f34023b245b0	II	5676305	L	13	-4417	50
12e99b5e-40df-4978-bfc8-2133df4cc6fe	II	5677538	R	10	3701	2
12e99b5e-40df-4978-bfc8-2133df4cc6fe	II	5676305	L	10	-4419	72
7d70ba43-23ac-4332-ab85-bdfb4aca08d1	II	5677548	R	13	10824	3
7d70ba43-23ac-4332-ab85-bdfb4aca08d1	II	5676305	L	13	-4468	63
37d74304-d530-44d0-a6cb-c4b8971ffc8b	II	5676305	L	35	-4432	59
29d61a13-4ca9-49bb-b7e5-8a1516937382	II	5677548	R	32	10809	5
29d61a13-4ca9-49bb-b7e5-8a1516937382	II	5676305	L	32	-576	52
575d3f38-877c-4caa-a9de-b595d11d5657	II	5676305	L	7	-4407	43
fe42ed05-0e63-4c7c-a89c-d69a3cda2acb	II	5676305	L	19	-4444	44
7c7086c3-8bc8-49a6-ba1f-8fa75143e94f	II	5677552	R	10	5903	2
7c7086c3-8bc8-49a6-ba1f-8fa75143e94f	II	5676305	L	10	-4361	25
f597145d-beda-40e2-b41b-f55cb96996d9	II	5676305	L	55	-4441	61
0e3d91be-3937-435c-a8e7-b9e411dec0a2	II	5676305	L	17	-4390	46
d8ad17b1-33f3-4510-b9e7-5345592a1ee0	II	5676305	L	35	-4420	59
72fe00b3-0914-4a53-bc26-96c86b97c88d	II	5676305	L	60	-4432	48
602d868e-8e92-40ac-ba61-e91fa6d4c489	II	5676305	L	15	-4454	42
e6710802-7fd8-43e9-a93e-29058881548f	II	5677548	R	18	10734	4
e6710802-7fd8-43e9-a93e-29058881548f	II	5676305	L	18	-4388	41
9de407e5-f618-4fa0-9686-5c49e0e1bcab	II	5676305	L	5	-4443	80
b809148f-77d1-4f40-ae79-81e4728049c8	II	5676306	L	20	-4423	215
7b8f7035-93d4-4b9f-870c-e2e4c4ebcc8e	II	5676307	L	5	-4394	170
852f6ec5-0f36-4e9c-b00c-31f97e68e7c4	II	5676307	L	1	-2320	162
e0eac18d-5616-424c-99a9-3f77f6fa7a13	II	5676307	L	7	-4403	114
ad8ba391-a737-4313-b462-93842481b0c2	II	5677727	R	8	10659	2
ad8ba391-a737-4313-b462-93842481b0c2	II	5676308	L	8	-4436	117
a2ea8e38-0865-4b48-b7db-75028b2301d8	II	5677548	R	12	2966	6
a2ea8e38-0865-4b48-b7db-75028b2301d8	II	5676308	L	12	-4396	61
5a3c444e-57f6-4dba-ae31-5ec658849831	II	5676308	L	14	-4427	100
7d12fc53-eee6-4878-8f7b-f34e0962081d	II	5676309	L	1	-4392	110
d07fdf20-53b4-4c33-8bc9-d0b91f3af30e	II	5676309	L	5	-4339	101
50e68ecf-d00a-48f9-8ac3-a26eaf586bb4	II	5676309	L	19	-4398	72
e5d69d4d-b319-4235-9717-57d4b8295145	II	5676313	L	30	-4442	208
19b16c6c-69fe-4486-98f3-8d04923b0081	II	5677548	R	21	6501	2
19b16c6c-69fe-4486-98f3-8d04923b0081	II	5676313	L	21	-4412	44
2919d20d-c563-4b4a-a3c4-ab13d518860e	II	5676313	L	6	-4422	167
3472b991-abbd-4536-9e95-cfd90d25fa41	II	5677727	R	2	10620	2
3472b991-abbd-4536-9e95-cfd90d25fa41	II	5676313	L	2	-4411	108
a5a647ef-09c4-4747-a1a4-05b9e18b7804	II	5677727	R	10	10639	4
a5a647ef-09c4-4747-a1a4-05b9e18b7804	II	5676313	L	10	-4436	108
9b6699a2-9bbd-4927-a07a-29fc9a080659	II	5676313	L	4	-4433	115
b6509488-8584-4de7-87a7-4cfe447f6e65	II	5676313	L	5	-4281	42
d5bec9d7-595c-4af2-8706-0aaca544c930	II	5676313	L	6	-5094	137
eeccc893-97cb-4676-974b-36f50e54a164	II	5677548	R	1	2559	2
eeccc893-97cb-4676-974b-36f50e54a164	II	5676313	L	1	-4438	102
079b3469-3693-4327-82bd-11f6d7b3fd70	II	5676313	L	5	-4463	91
8e8904e4-a76b-465c-8217-59bbd21f2f56	II	5677143	R	1	5786	3
8e8904e4-a76b-465c-8217-59bbd21f2f56	II	5676313	L	1	-2778	45
f373d0bb-ad0d-4cc3-8dbd-70b499b35dc6	II	5676313	L	14	-4404	100
d42e8fa5-4d0b-42fc-bb9f-04a4b8b4d617	II	5676314	L	11	-4413	48
4eae767d-01e6-405c-9bbc-e6b0d45a2ccc	II	5676314	L	2	-4373	93
29637698-b169-455f-b8d3-64198950a303	II	5676315	L	5	-4407	141
f0a1f242-f08f-4907-a29d-fab51ea0cc3b	II	5677450	R	10	10844	2
f0a1f242-f08f-4907-a29d-fab51ea0cc3b	II	5676315	L	10	-4416	46
f5f6a974-fb29-4611-a6a2-8ab594f5e00e	II	5677548	R	18	11743	6
f5f6a974-fb29-4611-a6a2-8ab594f5e00e	II	5676315	L	18	-4401	113
0d04877b-9d11-4b52-ba79-ec0eb6ab9f41	II	5676315	L	44	-4440	30
d488a210-4ba8-4de4-959f-7e7165175141	II	5676331	L	5	-4430	85
1d169908-fe27-49a2-af46-f6556facdf16	II	5676331	L	41	-4430	41
d688e609-78bb-4da5-93c3-7fe5ddcc6e50	II	5677548	R	1	10732	4
d688e609-78bb-4da5-93c3-7fe5ddcc6e50	II	5676417	L	1	-4504	34
e4ac04e1-3d53-4e63-9e04-73c9dc65d1ae	II	5677540	R	21	5452	3
e4ac04e1-3d53-4e63-9e04-73c9dc65d1ae	II	5676417	L	21	-4603	45
d0a60b7d-c40d-46a0-b0b4-57a6d19cfa34	II	5676421	L	2	-2015	74
2b3ee2ac-254b-403c-aac8-6d1de4451b21	II	5677727	R	25	10657	3
2b3ee2ac-254b-403c-aac8-6d1de4451b21	II	5676421	L	25	-4536	107
c1c7697b-035d-4a52-b60a-6c92ec115101	II	5677537	R	1	11795	4
c1c7697b-035d-4a52-b60a-6c92ec115101	II	5676421	L	1	-4512	45
b723e9b9-97bc-45c5-be8e-c2acf76adcc2	II	5677727	R	30	10619	2
b723e9b9-97bc-45c5-be8e-c2acf76adcc2	II	5676421	L	30	-4529	54
d799cd98-c7ab-46fb-b4fa-d5b304e71409	II	5677727	R	21	10657	3
d799cd98-c7ab-46fb-b4fa-d5b304e71409	II	5676449	L	21	-4563	147
76dcdab7-faf8-4979-8aba-bad495263800	II	5677548	R	5	5265	3
76dcdab7-faf8-4979-8aba-bad495263800	II	5676449	L	5	-4508	95
e7d8ff22-700f-46eb-858b-25a3dd50b7d9	II	5677718	R	6	5228	3
e7d8ff22-700f-46eb-858b-25a3dd50b7d9	II	5676449	L	6	-4551	155
5438cdd3-a51e-48b3-9473-cd94621de675	II	5676449	L	13	-4527	59
b922f001-335f-4e5f-bfd2-7b349fee56ad	II	5676449	L	8	-4505	60
90d22341-ddb3-4501-9428-9ec245708d80	II	5677548	R	1	6535	2
90d22341-ddb3-4501-9428-9ec245708d80	II	5676449	L	1	-4546	68
e2ba49a2-243e-4c0b-826a-c26fe747984b	II	5676449	L	1	-4559	29
ef1de8c1-5fce-4385-b1ed-52025d6f813d	II	5676449	L	15	-4525	82
5348599a-56fa-4ec2-a826-f7cf6dbe50c8	II	5676449	L	1	-4527	56
50b5a211-e8d3-4011-a0fe-db4da1b8e97d	II	5676449	L	18	-4549	77
493a1bee-acc3-48d9-bc8b-420c9f837d11	II	5676450	L	9	-4569	45
8453f756-ac8d-4961-95cd-0b964a5536b5	II	5676451	L	2	-4560	210
344e896d-4e63-4544-ba0e-17daafc224ce	II	5676451	L	19	-4502	121
e2f70d84-c037-4f19-8a88-53d2522c916f	II	5677548	R	7	10830	2
e2f70d84-c037-4f19-8a88-53d2522c916f	II	5676451	L	7	-4538	167
869d059a-f5ac-40e8-94fd-7dde08971fe5	II	5677547	R	1	5423	4
869d059a-f5ac-40e8-94fd-7dde08971fe5	II	5676451	L	1	-4543	86
358fe6e5-8018-40a0-807d-8bd7d6a09b70	II	5676451	L	1	-4562	98
97599918-e468-4840-b625-77ebb6371cba	II	5677548	R	15	10793	2
97599918-e468-4840-b625-77ebb6371cba	II	5676451	L	15	-4552	135
f0e78f68-99fa-466f-978e-4b189d63baec	II	5676451	L	8	-4546	84
b1a4f4c9-6ae2-456d-ba93-b964608a2cc6	II	5677547	R	13	10765	4
b1a4f4c9-6ae2-456d-ba93-b964608a2cc6	II	5676451	L	13	-4546	68
5de43d00-2a3e-4710-8f51-b1cdb80ce31a	II	5676451	L	12	-4584	119
4f7a21ae-fa6f-424c-ae4d-6130a77d717f	II	5676451	L	3	-4539	69
5e153d32-ce6c-43b8-8e48-b22de303a207	II	5677549	R	17	10824	2
5e153d32-ce6c-43b8-8e48-b22de303a207	II	5676451	L	17	-4546	53
fa20b456-c493-4c14-9f21-c800c60e8b95	II	5677727	R	8	10623	2
fa20b456-c493-4c14-9f21-c800c60e8b95	II	5676451	L	8	-4557	54
640dd568-5406-4e73-bcf9-34a8404283f0	II	5676451	L	4	-3079	33
a044dfe9-f020-42c0-aedc-275aa2add41a	II	5677548	R	10	3374	2
a044dfe9-f020-42c0-aedc-275aa2add41a	II	5676451	L	10	-4581	36
dff894f8-ca07-473e-9ed1-59015c03dade	II	5677548	R	18	10810	2
dff894f8-ca07-473e-9ed1-59015c03dade	II	5676451	L	18	-4570	38
7faf8892-8aca-4d8b-bfd4-aadbf6588678	II	5676451	L	1	-721	43
5477c68c-1acd-42e0-8fcb-d9a6786ba270	II	5677535	R	6	7836	2
5477c68c-1acd-42e0-8fcb-d9a6786ba270	II	5676452	L	6	-4631	21
9bb85bdd-fc28-46d3-9b8d-6f128d1ad0e5	II	5676452	L	13	-4498	59
5ae3f3e3-6d40-4f08-bbfe-1a61ca6c79b5	II	5676452	L	12	-4473	44
cc41323b-bbce-4d33-b723-829fda5e1d96	II	5676460	L	1	-4581	156
a2cbc196-31b7-4b36-b84e-6ec48e92eb35	II	5677547	R	3	10821	2
a2cbc196-31b7-4b36-b84e-6ec48e92eb35	II	5676460	L	3	-4558	59
671409be-9560-43aa-810a-d4950481958d	II	5676460	L	31	-4557	59
a2895764-dc3f-4d8e-b624-9575d38b26f7	II	5676460	L	3	-4487	126
cd9878bc-94ec-4109-be90-da48cba7e53c	II	5677548	R	7	10803	3
cd9878bc-94ec-4109-be90-da48cba7e53c	II	5676460	L	7	-4577	51
83e88c0b-5b56-4879-b6a6-22e5d469261e	II	5677548	R	6	10916	3
83e88c0b-5b56-4879-b6a6-22e5d469261e	II	5676460	L	6	-4600	98
4a1e0a3c-b3ad-4df4-b4f3-5d8a1bc80121	II	5676460	L	12	-4555	64
b9014945-ede2-43df-a4cc-cbc5806817e4	II	5677548	R	24	10736	2
b9014945-ede2-43df-a4cc-cbc5806817e4	II	5676460	L	24	-4524	48
3e5e124e-03d6-45de-8d2e-19b6c92a1446	II	5677718	R	2	5944	2
3e5e124e-03d6-45de-8d2e-19b6c92a1446	II	5676463	L	2	-4632	35
2a989d23-a823-4785-a8d8-e16caf0c3b18	II	5677541	R	1	10639	2
2a989d23-a823-4785-a8d8-e16caf0c3b18	II	5676464	L	1	-4561	35
94eca895-e3af-49bf-a952-07b231f2d027	II	5677547	R	1	9158	5
94eca895-e3af-49bf-a952-07b231f2d027	II	5676574	L	1	-4735	134
c9fe2d72-517c-4091-9584-b38fb9259f26	II	5677548	R	5	10658	3
c9fe2d72-517c-4091-9584-b38fb9259f26	II	5676979	L	5	-5074	158
38597153-bf98-4949-a094-e432c5793d54	II	5676979	L	3	-5014	158
54780543-a497-46fe-b738-449f1f44dde1	II	5676979	L	1	-5096	113
acbfc337-ae3f-46b6-b86b-f0db35f63086	II	5677718	R	6	8329	2
acbfc337-ae3f-46b6-b86b-f0db35f63086	II	5676979	L	6	-5180	57
b92d42a4-84c9-442b-89e3-eed05c1f5d87	II	5676979	L	11	-5100	66
3073e811-30fc-456d-b142-aea72296482e	II	5676979	L	1	-3904	49
b6d6eb8b-42e9-4037-b0ec-e497f03829c8	II	5676979	L	2	-5216	50
79c3aa15-e287-443e-a758-a101333d8283	II	5676980	L	2	-5119	96
9b30b549-e058-4d65-b87f-2fbdbdf26926	II	5676981	L	6	-5113	134
4dd74e29-192e-4919-ba46-41278a322845	II	5677548	R	20	9168	8
4dd74e29-192e-4919-ba46-41278a322845	II	5676981	L	20	-5066	56
fa8b5188-6903-4e76-bbcb-9e242c6543f5	II	5676987	L	6	-4955	20
fedb0783-be80-40ed-aa7e-e73df7876c08	II	5676988	L	1	-5124	29
9a327f2d-10de-4954-8b7c-28d4ef774920	II	5676992	L	7	-5106	26
9b056566-2d9b-4c70-9df6-5995ac79654c	II	5677547	R	3	10704	2
9b056566-2d9b-4c70-9df6-5995ac79654c	II	5676999	L	3	-5187	106
c6ef70db-d766-43d1-a342-5eac052d80b1	II	5677547	R	3	10791	3
c6ef70db-d766-43d1-a342-5eac052d80b1	II	5677026	L	3	-5143	105
bf649d32-5cdc-4e85-845c-591610b84544	II	5677551	R	1	4009	2
bf649d32-5cdc-4e85-845c-591610b84544	II	5677258	L	1	-477	95
bd72cdb6-0f9a-48b5-9396-ee5b197fbf0e	II	5677258	L	1	-5317	42
694fecb2-026a-4225-b74d-92d82183b6f4	II	5677548	R	3	10644	3
694fecb2-026a-4225-b74d-92d82183b6f4	II	5677259	L	3	-5281	49
59e73426-f392-42c1-a3a2-369147c2a122	II	5677266	L	2	-5337	139
4ab0f052-140c-44fe-90f2-7a910b4c34ed	II	5677266	L	1	-5204	35
86c42790-bf59-4f92-bede-0a5740c1ee70	II	5677269	L	3	-5393	57
6c959478-af63-4a10-9e39-1e27d461c57d	II	5769051	R	4	9682	65
7f618367-623f-4b36-b4bc-28848d6efb26	II	5769054	R	1	18209	79
af33dd43-d485-463a-adf6-99e6cf8b9ecb	II	5769030	R	5	11002	157
13d8b90a-b6ed-48cf-bab1-4f0e1f063d8d	II	5781459	R	3	9776	124
13d8b90a-b6ed-48cf-bab1-4f0e1f063d8d	II	5780611	L	3	-5929	2
0be80e89-654f-42e9-9be0-5ecc3c20fc81	II	5781457	R	1	9843	88
5f07ee7e-6a12-489a-9084-0375d7ab11c1	II	5780695	R	26	10340	36
5f07ee7e-6a12-489a-9084-0375d7ab11c1	II	5780613	L	26	-4499	4
39a02e8f-7359-41a7-9c26-73cb44eac998	II	5780697	R	16	10411	38
39a02e8f-7359-41a7-9c26-73cb44eac998	II	5780613	L	16	-5855	2
1f4aead4-fd4f-431e-92b7-b25b8ceea093	II	5780695	R	6	10373	47
86950c4d-c493-49c5-a773-b557d98fba6d	II	5781438	R	8	9810	194
86950c4d-c493-49c5-a773-b557d98fba6d	II	5780613	L	8	-5933	2
e9bdc358-ca93-412f-bdee-73d0bbf171ab	II	5781154	R	11	10090	174
89185760-1807-49e7-82b0-fec8f16e660b	II	5780695	R	14	10467	145
5dd94883-ccb7-4479-8917-5e8637676f9e	II	5781438	R	1	9699	46
66330477-5577-4533-95a7-373614bee5bb	II	5781154	R	4	9950	103
b53ddba2-305f-4519-ac22-348cc8825c13	II	5781459	R	2	9576	51
635c0a2e-b584-4de0-8d78-910160cd90ae	II	5780695	R	5	10336	135
e548421c-836f-4c8c-838d-093958a8a99e	II	5780695	R	4	10082	40
f29f48ee-7f2a-4f32-9394-1655f3bfc0c7	II	5781438	R	2	9545	73
0bd021e7-e344-457e-a23d-c810130b5c18	II	5780694	R	6	9598	32
0dcb5d1e-4b88-4b3a-bed8-d230efeefece	II	5780695	R	15	10440	18
2388e4bc-0ffd-4279-b50e-8dac2dfd8239	II	5781459	R	19	5882	32
59393707-eff3-4bfc-b11e-f57f31328d9d	II	5780695	R	1	10374	61
59393707-eff3-4bfc-b11e-f57f31328d9d	II	5780619	L	1	-4548	2
c3583405-1238-424e-bfe2-d6ea69f0fa88	II	5780695	R	5	10389	81
c3583405-1238-424e-bfe2-d6ea69f0fa88	II	5780621	L	5	-5880	3
9e8f0640-c5b6-4a28-b995-558a04046fb6	II	5781459	R	3	9379	73
e59fae81-554c-485c-b957-3b0d0a857622	II	5781409	R	2	9581	30
77c77703-b58b-431d-8c70-2c2b8cb6a369	II	5781459	R	2	9752	36
77c77703-b58b-431d-8c70-2c2b8cb6a369	II	5781093	L	2	-6263	3
189639d1-20b4-4d95-9db9-9bec1f1e256d	II	5781459	R	12	4740	122
83695d72-3ce1-4642-952f-2cbbb296435d	II	5781459	R	14	9743	120
9f8ae29a-ac6a-474b-a2dc-27ae40ea153b	II	5781459	R	2	9792	110
9f8ae29a-ac6a-474b-a2dc-27ae40ea153b	II	5781093	L	2	-6313	8
aa8557e7-f38c-41d0-924e-8fec8d74e1b3	II	5781459	R	9	9828	134
bf1fe222-00ab-4dce-8ecc-ba5b2248a8e5	II	5781459	R	3	9452	25
bf1fe222-00ab-4dce-8ecc-ba5b2248a8e5	II	5781093	L	3	-6130	2
2ccb180c-e4b0-4694-83fb-6f588b3d5904	II	5781459	R	5	9784	82
2ccb180c-e4b0-4694-83fb-6f588b3d5904	II	5781093	L	5	-6249	3
910a2d06-302d-4720-84ca-51dac05a5331	II	5781438	R	1	9677	53
2f620d13-f820-4f6a-8c0b-55005854ffac	II	5781459	R	16	9783	90
1399e80d-f9bc-4050-97e8-27959f11a770	II	5781459	R	7	9919	119
1399e80d-f9bc-4050-97e8-27959f11a770	II	5781099	L	7	-6396	3
56a0aa4d-ae90-465e-a8d8-b0fc0a63531f	II	5781437	R	2	9758	97
287a0b66-2b05-4bcc-93b0-3bab8702dc83	II	5781341	R	3	9846	56
72983b1b-b3f2-4234-a222-7d05c3dff474	II	5781376	R	1	9775	33
72983b1b-b3f2-4234-a222-7d05c3dff474	II	5781287	L	1	-4302	6
3e9931f1-5f28-4c7e-982b-1ece591f619e	II	5781450	R	1	9600	43
09d39464-2674-4709-b538-76ec9004866b	II	5781459	R	3	9752	81
09d39464-2674-4709-b538-76ec9004866b	II	5781303	L	3	-6476	2
bc2f4554-5cf2-4b81-9dff-5b53fea26907	II	5827166	R	1	1941	84
b9c28ed4-ed7c-4c2f-a89d-6b363c7373de	II	5827922	R	5	13839	82
f2381edc-211e-428d-b3c2-e193b5874629	II	5827062	R	1	2012	43
54c576d1-2d88-43ae-8566-29f903d830d5	II	5827145	R	1	1920	76
54c576d1-2d88-43ae-8566-29f903d830d5	II	5826757	L	1	-14541	2
567266e8-6d4b-47fa-97e6-266b74860a50	II	5827922	R	1	1012	133
78138b7c-1254-4fb3-9c80-c9cbfc384b52	II	5827922	R	1	1029	115
263033fe-a025-4c9d-84b0-64b69e12b86d	II	5827166	R	1	1937	92
74db3f17-1eda-4252-9931-bd9052ff1072	II	5827922	R	1	1027	35
50dce2a5-d93f-4b25-a272-bc613fca4d29	II	8421768	L	13	-1653	2
aff1bde0-9540-48f7-96cc-f9f74a888379	II	9019810	L	1	-16582	10
d3443375-1e44-44d9-b974-1fe9d9f50cfe	II	9019894	L	1	-174	4
f04e6a40-1c8f-4991-b1bc-a6cd904fd9c0	II	9019921	L	1	-16777	6
ae0f55b9-4261-4db2-a5ae-0b5e6b3d11b5	II	9020022	L	5	-8280	4
e02aad93-de31-4a7d-a727-35db60bdd9d0	II	9020299	L	1	-5390	2
99579e8b-5af0-4d52-90c1-b07a58fc1aea	II	9020499	L	1	-1855	2
645f0cf6-3613-40af-a180-538979cc766c	II	9020543	L	1	-1323	4
3da0ad48-3735-4c5a-8a9f-774f4e903d00	II	9020707	L	1	-6085	3
5dfdd99b-8693-4024-9185-31f4174162d9	II	9021025	L	1	-9476	5
37601294-edf5-4fb0-abcd-caf7b3ac9da9	II	9021025	L	1	-11941	5
44bc674c-c46b-4a16-9cc8-1ffec1e6bf9a	II	9021272	L	1	-1832	3
3b35939e-d0fe-45ce-863b-41c6cd09104c	II	9021373	L	1	-3107	6
b415e4e4-ad92-4c19-92b5-70e3e768804d	II	9021479	L	1	-1854	7
e19c2823-d044-48c4-943e-bbe007a7b659	II	9021593	L	1	-1860	3
459f1009-16ea-452b-b1f1-e5f1437a260f	II	9021734	L	1	-163	2
031b9273-2238-4464-b9a7-daa2e4ce1fa2	II	9023017	L	1	-16659	11
2995065f-95a1-447d-8566-46c29b70a0f1	II	9023352	L	1	-1801	10
a4cd6756-8a39-488f-86d4-72985d6d3917	II	9023487	L	1	-16464	5
494685e8-57a1-4876-90e3-2ab3fb15e139	II	9024008	L	1	-2958	2
226b4ec1-d972-4c12-9f19-bc33b4aa4e5d	II	9024149	L	1	-1821	2
a628c9ab-af42-4b40-bcc5-c64428fcf8bf	II	9024178	L	1	-3652	5
73851fc2-1f7c-4d95-8468-6bd5b9959f78	II	9024197	L	1	-2902	2
9edcde33-80a1-4f18-bd9c-fb098358ce43	II	9024206	L	1	-1869	2
b2f81df7-bbe2-4a98-baef-3aed06fc5298	II	9024400	L	1	-11331	2
73f63e68-87ef-48cd-9bfc-5e4ca124c296	II	9024442	L	1	-816	2
a530f813-7392-467a-9bd4-48bbe68cd10b	II	9024479	L	1	-3098	4
f263eb2c-cba7-4697-b243-4a203f1d776f	II	9024490	L	1	-1818	6
d6efe9c9-d178-4b28-9479-dde614416800	II	9024505	L	1	-224	2
8a222e58-1df3-413c-89b9-48077d72aa46	II	9024705	L	1	-4413	3
2daca838-e771-418b-b024-cbb992b0bbdd	II	9026966	L	1	-1868	6
a1530de3-acd4-4ba1-a5ba-ccbb1620c098	II	9027039	L	1	-10410	2
d7013b41-d50c-4640-af0b-a45d770eda17	II	9027136	L	1	-169	4
ada653b5-b857-48ce-ad60-f0a52882913c	II	9027277	L	5	-13264	7
8728d623-d820-4c5f-96d3-970e081b98f9	III	1	L	4	6	29
89e7fc83-3366-4c47-ba97-9a60fac118f6	III	1	L	1	6	38
836468c0-df44-4bce-9adc-f38ff3eafbd8	III	1	L	1	6	78
aaf428c8-6353-4749-9d96-17a0ec899614	III	1139	R	1	7529	5
aaf428c8-6353-4749-9d96-17a0ec899614	III	1	L	1	6	39
9d85daf9-133b-4eb7-aace-1903b9f84594	III	1	L	1	6	51
30a1930f-3b36-4a76-a5f5-69265e4893b6	III	1208	R	1	7006	4
30a1930f-3b36-4a76-a5f5-69265e4893b6	III	1	L	1	6	36
c4bb2c35-dbdc-4412-9e21-5f5f9fdfb5dd	III	1576	R	1	6666	2
c4bb2c35-dbdc-4412-9e21-5f5f9fdfb5dd	III	1	L	1	6	2
49f75042-9fb1-4d2a-8ba3-9d54db3b6500	III	1	L	1	6	14
cd8d5656-4433-4f68-9cef-a4f964c5ba6f	III	986	R	1	5066	6
cd8d5656-4433-4f68-9cef-a4f964c5ba6f	III	1	L	1	6	23
a6a19651-95e4-4947-b04a-9cf42c384138	III	1127	R	1	2903	2
a6a19651-95e4-4947-b04a-9cf42c384138	III	1	L	1	6	31
6f1bf790-71a4-4535-9e02-8b98829b73f6	III	1	L	1	6	18
91393cc0-258c-4ae2-ac74-e5b1cb8145df	III	802	R	1	7489	3
91393cc0-258c-4ae2-ac74-e5b1cb8145df	III	1	L	1	6	51
4bfd6aa8-a92a-4f07-b17b-a72a29931274	III	965	R	1	5884	20
4bfd6aa8-a92a-4f07-b17b-a72a29931274	III	1	L	1	6	45
c82d3868-3d07-4343-ba70-6190c4deb365	III	588	R	1	2498	3
c82d3868-3d07-4343-ba70-6190c4deb365	III	1	L	1	6	68
7880a559-e373-410a-86a1-0c353e9c254d	III	749	R	1	14706	2
7880a559-e373-410a-86a1-0c353e9c254d	III	1	L	1	6	66
86d61b45-2335-430b-b96d-7d97b46ec2ad	III	1	L	1	6	38
dc9f4fa2-343e-4734-9efa-73bde2ef655e	III	317	R	4	5801	5
dc9f4fa2-343e-4734-9efa-73bde2ef655e	III	1	L	4	6	45
895b9b4e-752b-4913-bf75-788f6dbd7fd2	III	1178	R	1	274	21
895b9b4e-752b-4913-bf75-788f6dbd7fd2	III	1	L	1	6	2
66533094-e9a5-4c6a-bf8e-7c01921f9b5f	III	1226	R	1	16846	3
66533094-e9a5-4c6a-bf8e-7c01921f9b5f	III	1	L	1	6	3
d7ef1f83-0a80-45c8-9ad6-e0ed67cca00d	III	734	R	1	6130	4
d7ef1f83-0a80-45c8-9ad6-e0ed67cca00d	III	1	L	1	6	46
54a15a46-c13a-4e11-93f3-6fd1e94cab2d	III	1271	R	1	6957	3
43d67dc7-b3d2-40a1-a0b5-51c5550bfe9c	III	868	R	4	1797	2
43d67dc7-b3d2-40a1-a0b5-51c5550bfe9c	III	1	L	4	6	39
b99efab5-4ceb-428c-973f-bd6e8f13b2ec	III	898	R	1	3671	5
b99efab5-4ceb-428c-973f-bd6e8f13b2ec	III	1	L	1	6	50
c19c173e-7be6-4305-9a87-27c7f2eed931	III	983	R	17	7495	2
c19c173e-7be6-4305-9a87-27c7f2eed931	III	1	L	17	6	7
2321f47c-9d34-4d02-ab43-6d209fade276	III	1066	R	8	4788	8
2321f47c-9d34-4d02-ab43-6d209fade276	III	1	L	8	6	19
f7066ef5-e7f7-4f99-a5e8-75b443c5d35e	III	586	R	8	211	5
f7066ef5-e7f7-4f99-a5e8-75b443c5d35e	III	1	L	8	6	11
11f5e7ad-7994-4598-805b-e9e583c2567f	III	1	L	1	6	87
b0da25e5-1811-4503-bb19-c0f8799e1cd4	III	1130	R	1	645	5
b0da25e5-1811-4503-bb19-c0f8799e1cd4	III	1	L	1	6	13
a19306f0-98b9-4487-a9ed-bf8fe1b206ff	III	892	R	9	1857	3
a19306f0-98b9-4487-a9ed-bf8fe1b206ff	III	1	L	9	6	5
4f882379-ed2c-4d5c-9da8-79d238f82342	III	648	R	1	4877	3
4f882379-ed2c-4d5c-9da8-79d238f82342	III	1	L	1	6	44
7ceffa78-0048-423b-9f5d-54b33969d7d4	III	1	L	3	6	33
959784ef-612c-4b63-af1f-b5c38d6d0404	III	766	R	1	1836	3
959784ef-612c-4b63-af1f-b5c38d6d0404	III	1	L	1	6	38
bf498487-5311-40a3-bf7b-3d2009bd95ab	III	965	R	3	2553	2
bf498487-5311-40a3-bf7b-3d2009bd95ab	III	1	L	3	6	14
c34a75bd-f110-4c68-a753-2a81734d8a9c	III	808	R	1	16476	3
c34a75bd-f110-4c68-a753-2a81734d8a9c	III	1	L	1	6	43
26745a71-e928-40b5-8589-0de4eea1676d	III	1	L	1	6	44
8d0a06e0-9dfc-40da-a3e3-3117f248e454	III	868	R	1	4380	4
8d0a06e0-9dfc-40da-a3e3-3117f248e454	III	1	L	1	6	32
96f6df8d-68f6-487c-8b36-691d2e0b2c02	III	772	R	1	24757	2
96f6df8d-68f6-487c-8b36-691d2e0b2c02	III	1	L	1	6	15
4bf35e32-8f30-4938-9f91-3de047d2d338	III	1	L	1	6	16
e2ac5e13-013e-4acb-9fd6-85e03861062e	III	654	R	1	136	2
e2ac5e13-013e-4acb-9fd6-85e03861062e	III	1	L	1	6	26
4a8eb81f-12b3-41af-b26b-973c5a86405e	III	1	L	1	6	20
1c7da67b-0bfa-45c5-a380-9821ab3f6a37	III	592	R	1	3137	4
1c7da67b-0bfa-45c5-a380-9821ab3f6a37	III	1	L	1	6	64
555baf90-445e-4831-8b0e-1ce5b04a334f	III	713	R	1	1911	2
555baf90-445e-4831-8b0e-1ce5b04a334f	III	1	L	1	6	16
c952fff9-fd8b-4fff-8730-733beaccf9fd	III	1	L	1	6	4
fd278f49-c589-470a-bfc5-5387211e9b34	III	850	R	1	1846	2
fd278f49-c589-470a-bfc5-5387211e9b34	III	1	L	1	6	27
c587d37b-d94c-4a30-8ba8-81b44a3dbd1f	III	1	L	1	6	40
c3813061-f772-4a49-bbfb-841016fea7c0	III	685	R	1	11276	5
c3813061-f772-4a49-bbfb-841016fea7c0	III	1	L	1	6	13
4cb6a265-01e3-446d-bc74-cd29b134a3d7	III	826	R	1	3632	3
4cb6a265-01e3-446d-bc74-cd29b134a3d7	III	1	L	1	6	16
c271e1f5-9168-4c43-b018-31bc60a987af	III	995	R	3	16276	3
c271e1f5-9168-4c43-b018-31bc60a987af	III	1	L	3	6	15
0534884d-b793-474e-b23b-86307ca5e778	III	1	L	1	6	28
f04c6877-ecbb-486b-b625-ecb70a33f4f0	III	862	R	7	2401	6
f04c6877-ecbb-486b-b625-ecb70a33f4f0	III	1	L	7	6	6
229d9542-d796-4f5c-ae91-7a3dc7b6e318	III	1089	R	1	1257	3
030f0b05-6c96-4fad-912e-3a7f5f9cc7e8	III	1	L	1	6	2
5b2b6632-6d8a-4af9-ae03-9f60c6722745	III	884	R	1	5988	2
5b2b6632-6d8a-4af9-ae03-9f60c6722745	III	1	L	1	6	12
50822faf-39d8-4df3-999b-3ec70b235808	III	685	R	2	273	4
50822faf-39d8-4df3-999b-3ec70b235808	III	1	L	2	6	34
fc4239a2-dbee-496d-bd97-df40abb1b39d	III	891	R	1	9417	2
0fb16752-6a1f-4bfd-81e4-3b3934ee37ee	III	799	R	1	12121	3
0fb16752-6a1f-4bfd-81e4-3b3934ee37ee	III	1	L	1	6	9
73f17053-a81b-4e16-874b-cc41c78b43e9	III	1	L	1	6	12
d1f72640-61a3-4277-9a9c-660942e0d42d	III	1	L	4	6	2
86917cd8-c39c-44bf-974e-0b099ea6db41	III	746	R	1	6336	3
86917cd8-c39c-44bf-974e-0b099ea6db41	III	1	L	1	6	4
aeb23949-9b8a-4b45-85df-2d19d5b01645	III	1049	R	1	7454	2
25d2e81f-9928-4989-acc4-ca2043480988	III	1185	R	4	2354	3
25d2e81f-9928-4989-acc4-ca2043480988	III	2	L	4	-2	8
229e6f79-750f-459e-9afe-5b9bb7a8efee	III	1052	R	4	171	3
695a81f1-333d-441d-8a58-91b9840c8f8f	III	1037	R	1	1854	3
5b3f7987-7219-4672-afe7-0a314c7bb900	III	808	R	1	7540	12
5b3f7987-7219-4672-afe7-0a314c7bb900	III	3	L	1	-1	95
688c9c33-ff03-4bee-a6f3-b96008964561	III	3	L	1	-12	125
8a58317b-3b65-4fbd-9e8e-b5e7252d3699	III	1254	R	11	1836	68
de23d5c9-9516-4e1e-8a97-c7b00f191fbc	III	1036	R	1	5813	3
de23d5c9-9516-4e1e-8a97-c7b00f191fbc	III	3	L	1	-7	7
e5b58737-1f6e-4d32-82ad-9eea552a5f76	III	988	R	1	1914	2
e5b58737-1f6e-4d32-82ad-9eea552a5f76	III	3	L	1	-1	18
6a07f8e0-402a-438f-a438-798a006a21a7	III	793	R	1	181	3
6a07f8e0-402a-438f-a438-798a006a21a7	III	3	L	1	-1	19
34132fa5-e79c-4335-8dd9-020fa15574a5	III	635	R	1	14658	8
34132fa5-e79c-4335-8dd9-020fa15574a5	III	3	L	1	-1	21
f3a1ae5b-1b68-4c23-abb9-2ed52c7fd486	III	871	R	1	170	4
f3a1ae5b-1b68-4c23-abb9-2ed52c7fd486	III	3	L	1	-1	25
b498dd39-5e90-4e04-ac31-a6891ee6a21d	III	959	R	1	18785	5
b498dd39-5e90-4e04-ac31-a6891ee6a21d	III	3	L	1	-7	6
cd915e08-a9df-493e-8723-d7e4436aa915	III	3	L	4	-15	14
0652a3cc-0328-41d4-a3f6-727844d3c1d8	III	704	R	1	6984	5
cfb3f721-e6ea-4b78-8e8e-3061c3a2e792	III	814	R	2	7424	2
04e888ae-196a-4982-b93e-7f76d7c88d0b	III	4	L	1	-165	21
ac9266c7-e45f-4db0-8a17-79427158809c	III	577	R	2	18459	2
ac9266c7-e45f-4db0-8a17-79427158809c	III	4	L	2	-19	19
1537f39e-578d-4ee1-bc5d-b24510bd3658	III	573	R	1	7482	5
f68b767b-af1a-4686-ab30-1d3524bda552	III	1319	R	1	7645	7
985fbddd-a457-423c-b5b1-35c9146c62fc	III	1223	R	1	7536	3
749a1b3b-d77e-4378-a99e-e2f37e90e21c	III	659	R	1	19029	3
1f6d5ff5-73f5-4ad4-b64f-cbeca218ac16	III	1478	R	1	10391	71
1f6d5ff5-73f5-4ad4-b64f-cbeca218ac16	III	15	L	1	5	3
a4c4a7d8-c7ba-4e92-b674-16efdaa5f8dc	III	1253	R	1	4835	7
e2c22413-6f6f-45e3-9988-354d73981c98	III	700	R	1	5826	6
0bfaeb59-1a4a-4263-8d7d-7f29eae1b6f7	III	965	R	11	13272	4
46f6d8ac-024a-480a-85ac-cfefed3d3fa9	III	655	R	1	10675	4
b4570da4-3887-44a1-b5c4-d41ee3426bc3	III	661	R	1	165	4
b4570da4-3887-44a1-b5c4-d41ee3426bc3	III	47	L	1	6	5
e4c74c8d-05dc-420b-b345-67abac85c827	III	559	R	1	4766	15
34f2d1af-cc19-41e2-b2a4-71b06f5acdc1	III	60	L	1	-63	4
f73e4b44-05a8-4114-8547-6b4ba1d7db37	III	1085	R	1	576	8
ed99c2dc-ef14-49b7-a3be-dca0b4ca8699	III	832	R	1	7013	8
c5879976-b07c-4526-ac6c-9551767e9f60	III	904	R	3	7424	2
5c9be59f-ef40-49f8-91ed-bd761f47cff6	III	1373	R	1	29837	11
6bf95384-63d3-4c16-9f7e-dff8daf5072f	III	1223	R	1	1830	4
99a59221-6e9a-4f12-80d9-83d55e46131a	III	995	R	1	1848	7
26d13384-06c2-4feb-aa45-2981218bfd70	III	139	L	1	7	4
ded4ae88-87a3-4391-ad13-523c488a3a3f	III	1733	R	1	25097	2
265c93b2-1a39-487a-b94f-c4f0faeba0ba	III	1856	R	1	2941	3
40003e64-c5c1-4af1-a7fc-e3a060c5da4f	III	886	R	11	9510	2
af5783b7-6c72-4a02-9696-5ac621910399	III	194	L	1	7	3
adb3f260-41ba-4f66-b4dd-dd936ba6f7d7	III	1243	R	1	228	2
81c699f1-2221-4e66-bddc-c97419ad6703	III	1199	R	1	1738	5
f5e55556-5578-4fac-9497-acd83d99a38e	III	1228	R	1	3062	3
6d0c4e2c-3fd2-4788-9e62-b57a94031b3b	III	1463	R	6	217	3
ea131080-4f6c-4605-bdc0-d649e4a0b25f	III	1003	R	6	2926	3
0b0d29ee-bd43-40b5-a67a-a4cb195b3d08	III	1010	R	2	871	7
96ceef51-f26a-4c23-b8f3-7c40c62992e8	III	934	R	2	1834	4
96ceef51-f26a-4c23-b8f3-7c40c62992e8	III	267	L	2	-2552	4
dbf3ee7f-d051-4be7-9a14-51edc826a4ca	III	272	L	1	7	2
4dd915a8-00d6-4c57-947a-bb28acbb0f24	III	1184	R	1	5756	6
10fcfdbf-4820-4ca8-ad48-47ca11bbc2f9	III	1367	R	1	2524	4
9a072df1-a15e-4407-90bc-277da4dc2658	III	1174	R	1	4279	2
d9640c77-cb73-4d09-8b03-682cd8f29bcb	III	1451	R	1	5196	5
5818f591-9949-4413-b364-25bc84e43a95	III	1361	R	1	7371	3
c3061bd2-4131-452b-9e87-9f45d770a2c7	III	1492	R	1	7683	3
2a074cc6-f00b-4f56-aff5-735e7101bd63	III	1369	R	1	1221	2
0ba67548-20ff-4af5-951c-096222cf19ec	III	904	R	1	4763	6
35e39d49-dab3-4717-a201-5e70e2a32d9e	III	1124	R	4	20841	2
3aaecb4b-fa58-45d8-b5c0-b621242ca22a	III	689	R	1	4795	7
caa2765e-1434-4145-a2d7-c5638ec68438	III	1391	R	1	3574	6
569d395f-60cf-46a2-91eb-55b45bae6825	III	1289	R	1	70	5
5154c567-b4fa-4d9b-94cc-00daba349c2f	III	1665	R	1	10725	4
159d28e3-a9a2-4b6c-94da-3fc3b563e45d	III	1207	R	1	19187	2
bff73fd9-7deb-4236-95b5-641a35100a86	III	1484	R	1	3576	4
bff73fd9-7deb-4236-95b5-641a35100a86	III	570	L	1	-1207	5
d8c93ddb-796b-4619-a9f9-9679039af535	III	11619	R	1	3647	5
957ddf41-6186-45c4-b3d8-1dc2bc8aaf4c	III	11937	R	1	2721	83
4ad1c4dd-80ed-47dd-b352-a632ccb0db8d	III	12243	R	1	5489	2
188267cf-1d7c-4bbe-bf1b-2c5d56e3a69f	III	11588	R	1	2971	4
f40bbf66-794b-4813-b481-06067bc71029	III	11879	R	1	4624	3
247f5fa9-a12d-42e2-a881-c3574395de56	III	12092	R	1	1839	5
30faf7cf-fc32-404d-8c6f-2e95ba592b23	III	12188	R	1	3664	4
4a3b1d9a-9a75-4afd-91e1-4be44d485899	III	12237	R	1	16606	2
8e9fd9d3-6431-416c-88b0-cf2980158765	III	12213	R	1	4171	5
a10d86a5-2a23-4848-a890-205b8a61a41c	III	12059	R	1	16646	9
354f1c60-f29d-48d8-a539-51231673b408	III	11930	R	1	1856	7
9adb574c-8e16-4547-a32a-d7f3b1d70ff3	III	12047	R	1	16646	8
01e0da8a-ac79-4bf8-8bdb-ba21512b4702	III	11973	R	1	23419	2
3ad5e3b7-f3aa-4783-a9fc-83740d42fdfe	III	11444	R	1	1250	5
a4bc519b-efe0-48c5-96ae-ea1c5445a0e4	III	12003	R	1	3584	5
fab13815-26d4-4199-8d19-af212e563337	III	12050	R	1	144	4
5b20d905-f687-445f-81ff-4505a6a13b56	III	12234	R	1	6016	3
a0fbf371-b8af-438f-9a51-8af6e5124510	III	12074	R	1	4689	5
a66ea30f-d9ff-4bfb-a3aa-abb77827c78d	III	12131	R	1	7515	2
eb081b0d-aeaf-4b5f-9753-e9fd2fa9b0c1	III	12243	R	6	366	3
c2547f05-45bd-482a-85b6-d19893d286af	III	12220	R	1	5989	4
d7a9829b-3165-4870-a059-fd504a83db43	III	11822	R	1	4198	5
6a67102f-84ae-4889-b099-84b0b06e7203	III	12168	R	1	336	60
55d72eaa-1630-4aa9-9e72-60c246a02fc1	III	12243	R	1	18704	2
629b9219-655c-417a-b0cd-aa31fbd82177	III	12125	R	12	2392	11
c8650001-933f-4e3c-bee3-da1fbcaac3f6	III	12005	R	1	167	4
27325458-cbe2-4adc-8580-9d038e0ce384	III	12035	R	1	159	5
3ff53875-8aa0-4172-8a94-f4d8de15910b	III	12029	R	1	4788	6
ff77b5b9-1145-4ed4-b9b1-2e84d0cea510	III	12074	R	1	19820	3
7f19444e-18a2-438e-a451-034e2d3bd55f	III	12023	R	1	1822	5
0b5c5020-db86-422d-a68a-6fb7a83674a4	III	12070	R	1	152	2
ffe1c6c4-241e-4265-95b5-32b9cd4f63ab	III	12174	R	3	18696	5
a4af3218-9ec3-416f-8495-3f10e831b90d	III	12243	R	1	3264	2
001eb3ba-a0ae-4af3-baad-c2aeb905b591	III	12243	R	1	2166	3
85572cfc-c298-41bf-8e3e-c5bca81f1ffb	III	12062	R	2	19263	2
76a07113-657c-4f94-88cb-9f066b77e9a0	III	12239	R	1	3937	7
485e6624-a54a-4f08-bd7a-b2cc8e0df165	III	12237	R	3	6337	4
3a0f3f2e-336c-4ad5-b863-4b9f9ed9fdce	III	12239	R	1	1966	3
b71f5460-ff51-45f1-9813-806beed36ddc	III	12243	R	1	270	5
7131fbe3-d9e3-46ac-b2d7-82cb9914e5d7	III	12071	R	1	172	4
87c9c7ee-5f04-46ea-a73a-ed9fd5a0829e	III	1860117	R	0	12743	94
87c9c7ee-5f04-46ea-a73a-ed9fd5a0829e	III	1860033	L	0	-3119	4
bd470f3a-5ec9-4314-8c2e-6a43414a5120	III	1860116	R	0	12690	59
bd470f3a-5ec9-4314-8c2e-6a43414a5120	III	1860033	L	0	-3088	3
fcbaeec6-d124-487f-9404-99d6de21d328	III	1860117	R	1	12834	111
fcbaeec6-d124-487f-9404-99d6de21d328	III	1860033	L	1	-3131	3
525fbc9f-9486-4be0-af05-ecc6864afb93	III	1860115	R	0	12264	69
525fbc9f-9486-4be0-af05-ecc6864afb93	III	1860033	L	0	-3113	2
217be332-d066-4d2c-aa3d-2a0fc4c50c7c	III	2003995	L	1	-632	119
c9aa68ef-2848-4dd4-b50f-7d0fdc2ee024	III	2343143	R	1	3120	2
c9aa68ef-2848-4dd4-b50f-7d0fdc2ee024	III	2343059	L	1	-10465	194
f47aa91c-2ba2-4da1-929f-c17e1162f107	III	2343143	R	1	3112	2
f47aa91c-2ba2-4da1-929f-c17e1162f107	III	2343059	L	1	-12818	116
ea8f6711-b5ea-4c30-9c76-0f3f4de2f95c	III	2343059	L	0	-12166	73
4bbf8220-25ac-4382-9df9-bdb36292c3bf	III	2343143	R	1	3099	3
4bbf8220-25ac-4382-9df9-bdb36292c3bf	III	2343059	L	1	-12862	64
37bff5da-34d6-4efe-a600-9923de784f28	III	2343059	L	0	-11209	101
c7801ca9-de15-4299-b3e2-80f7aec15d43	III	2343143	R	0	3095	2
c7801ca9-de15-4299-b3e2-80f7aec15d43	III	2343059	L	0	-12753	80
48b11cb8-109b-4630-9934-b9c37d6e5b79	III	2343143	R	1	195	3
48b11cb8-109b-4630-9934-b9c37d6e5b79	III	2343059	L	1	-15606	71
49bb4fd8-51c6-42f2-9790-d84fe6da9114	III	2343143	R	1	3134	3
49bb4fd8-51c6-42f2-9790-d84fe6da9114	III	2343059	L	1	-12742	101
64ebca97-f7c6-428f-85c1-8b67cfa0e38e	III	2343130	R	0	6288	3
64ebca97-f7c6-428f-85c1-8b67cfa0e38e	III	2343059	L	0	-16322	35
26d4473e-ed37-4a67-ae4a-4e06c2a82b3b	III	2343143	R	1	3110	3
26d4473e-ed37-4a67-ae4a-4e06c2a82b3b	III	2343059	L	1	-10225	51
df4b55c3-6346-4a47-a36c-982a0dcd2a83	III	2343143	R	1	2002	6
df4b55c3-6346-4a47-a36c-982a0dcd2a83	III	2343059	L	1	-1014	40
b7f97279-ec40-40dc-9d68-77273fe4bce1	III	2343143	R	1	3146	3
b7f97279-ec40-40dc-9d68-77273fe4bce1	III	2343059	L	1	-16540	50
c2e224b9-b288-4899-b950-442ab5997600	III	2343143	R	1	3130	2
c2e224b9-b288-4899-b950-442ab5997600	III	2343060	L	1	-26156	41
4d214455-168a-43cd-ad2d-a4b2d616715a	III	2391153	L	0	-4266	143
563d5f98-a1bd-46a6-a947-97906f8ffd49	III	2391153	L	0	-830	84
87280c4e-2ca2-4d73-ad3d-a604bdf97912	III	2391153	L	0	-855	132
8dd87ba1-f848-4ff0-bcb1-508cfc4ec2d0	III	2391153	L	0	-829	84
232bb6df-86bc-46a8-90bd-e3ad3fefd132	III	2391153	L	1	-849	119
fa15676a-f3af-41b6-9e13-8444e5bd6938	III	2391153	L	1	-839	132
f8e65c2b-5119-4c3f-98cb-fe1208bbdb89	III	2391153	L	0	-841	100
ad40d4a2-c9b1-4685-9737-49a8bc1efd68	III	2391153	L	0	-832	75
8f99ead2-84d2-4deb-8f8b-8ab32e467050	III	2391153	L	0	-840	33
c3990eb3-395a-4033-b9bc-9ce1fcb2d65d	III	2391154	L	0	-841	117
7eb9fe15-e00c-4b99-9f3d-9d3b7f2eed32	III	2391155	L	0	-4198	36
ec333686-123f-4b0c-8c3b-dbbac7f689e1	III	2391162	L	1	-1463	174
5f210ca6-b3d7-4496-aa9b-20d41cbad64f	III	2391162	L	0	-4260	81
4fc5b97c-a409-4b6c-af59-432b148caa36	III	2391162	L	1	-1450	102
2a57891b-5a92-4ca9-816a-291dbdbca8e5	III	2391162	L	1	-1456	80
ef75ae51-5b39-400d-bebc-e62e7175cd40	III	2391162	L	0	-846	84
6eaecfcf-6190-4fda-a4a3-f8b59e2316e9	III	2391162	L	0	-15690	70
1765233a-38a0-4f39-ad16-32840b7cde8d	III	2391162	L	1	-1732	73
67776ce0-d19f-4b73-a2eb-185760586ae4	III	2391162	L	1	-1439	56
e3505569-9920-41cf-81b3-f7bb6a4428bb	III	2391162	L	1	-1457	46
7c805925-6659-4da0-8598-b5073571b3a6	III	2391163	L	0	-4282	60
fa23a2ff-d147-4ac2-a7d1-56902738a7d6	III	2391163	L	0	-873	60
e8d2510d-3bed-412b-937b-5e4ebf5ec46c	III	3260553	L	2	-4499	53
e7d55a5f-586b-496e-922e-f4e24c8d8405	III	3260553	L	1	-1339	45
780e64f8-ad84-4e5a-8111-b6157ead9e00	III	3260553	L	1	-1357	58
0e678d2b-102a-4a03-866c-2ee942605636	III	3260675	R	1	307	90
a72078f7-938f-4dc1-a059-e69aae33581f	III	3260675	R	1	3311	100
e6df02b4-0177-45f2-8bcf-3cc884de6c23	III	3260675	R	1	3267	23
db83e4f5-ef5a-41ec-8956-85b8adff24a0	III	3260675	R	0	3328	102
97ba8f0a-f4ba-43d0-bab9-3b6fcb9f817b	III	5010144	L	0	-10241	62
a52d575b-8e64-4881-a587-c1c55599b678	III	5398601	L	4	-2180	28
3bd51267-a179-47ef-be3f-fb3af14d6318	III	5404584	R	30	3456	2
3bd51267-a179-47ef-be3f-fb3af14d6318	III	5398601	L	30	-799	98
a831b36d-c435-450c-8602-9fa107f5296b	III	5398601	L	54	-811	58
517a424e-d59d-4e20-8197-9d623da853cc	III	5398601	L	37	-2179	35
645ad7f2-2c79-4c0d-a7df-dccb00599e5c	III	5398793	L	24	-956	194
b3e7cdc9-ed59-4205-8162-6ed1199195d5	III	5398793	L	22	-957	107
a4d5f724-1a78-4d28-84e9-140d0e4a69b0	III	5404584	R	26	3429	2
a4d5f724-1a78-4d28-84e9-140d0e4a69b0	III	5398793	L	26	-939	87
2e93ac89-4d20-4f99-beef-b57809378938	III	5404584	R	55	3473	2
2e93ac89-4d20-4f99-beef-b57809378938	III	5398793	L	55	-2347	159
f63010e5-b12c-4bb0-b1e8-9d7de6da6748	III	5398793	L	14	-955	178
b1b659da-82e2-4a34-82a4-3270e335e645	III	5398793	L	46	-967	175
6d9d8e62-5f7d-4f18-aabc-2ae38fd95ce1	III	5404584	R	39	3473	2
6d9d8e62-5f7d-4f18-aabc-2ae38fd95ce1	III	5398793	L	39	-947	103
9aad1e48-440b-49d9-a8b2-da5594160ba4	III	5398793	L	39	-2325	72
90d30f05-b818-410f-b4a6-aa2e61850284	III	5398793	L	21	-948	117
e4c61930-10d6-4ed0-aecb-9cc8646a8814	III	5398793	L	56	-957	65
05149f3f-2551-49ea-8c42-fb4c1e258612	III	5398793	L	35	-947	83
093aee07-16a3-4f5e-a506-217db3fc2f1d	III	5398793	L	52	-956	45
2bf2f1ba-4365-47dd-9883-ac905dcbd4aa	III	5398793	L	14	-932	116
879e8e74-5e81-4f81-a4bd-d27343218861	III	5398793	L	37	-959	86
a7763719-2634-4e35-9532-bbf50c2a454d	III	5398793	L	11	-940	78
0aa63607-827b-4484-968c-097eab3d57cf	III	5398793	L	44	-969	95
2b0ef645-9ff1-496d-b975-39d94d39f3b6	III	5398793	L	60	-961	73
a45d1373-dc6d-4f0d-99e4-98c00bb533bd	III	5402808	R	39	5340	155
a45d1373-dc6d-4f0d-99e4-98c00bb533bd	III	5398793	L	39	-952	2
07f88803-0541-4ed0-bb38-6dc162ea63cc	III	5402808	R	24	5186	2
07f88803-0541-4ed0-bb38-6dc162ea63cc	III	5398793	L	24	-955	62
38de712a-30c7-4b3d-adc0-6c0ebe8968a8	III	5404584	R	47	3474	2
38de712a-30c7-4b3d-adc0-6c0ebe8968a8	III	5398793	L	47	-946	72
f59e6557-4c40-477b-8b48-35aa9461a23f	III	5398793	L	58	-955	68
23d72000-f06a-4aef-b0d3-76f9bd618777	III	5398793	L	48	-965	80
db969896-16be-46d1-92e5-a7fb79f4aa0a	III	5404562	R	39	3500	2
db969896-16be-46d1-92e5-a7fb79f4aa0a	III	5398793	L	39	-950	95
ce047fe4-77aa-47be-b9c6-913959730e8e	III	5398793	L	26	-960	59
0d5eba4f-bdb5-48f9-a8b5-246345ecfa5c	III	5398793	L	17	-940	74
a5702213-b56a-4c94-bba3-38c35b3a1468	III	5398793	L	57	-969	37
98fbbf44-ac26-416e-8c56-86bfa081d1af	III	5398793	L	21	-948	40
8426e386-574c-463a-b824-e6537731735a	III	5398795	L	45	-940	132
7d40c2d2-39d0-4de4-9c82-4688577245f9	III	5398795	L	33	-952	35
f573d083-7abe-44e0-9b56-ab271d36b4ca	III	5398795	L	12	-2330	36
a734a40e-35d1-49ad-a108-c103c9b99fcb	III	5398796	L	30	-2349	47
7e376bfa-9f5a-40b6-adf9-1cd47d3f7850	III	5398799	L	2	-959	67
527cadf4-f057-41fd-ba66-03efe65c5dbb	III	5398799	L	41	-947	48
f39d9c4b-748d-4c23-96e6-d957d588f33f	III	5398800	L	51	-988	64
e2a7bc4e-d748-4be7-983c-6efb0a257988	III	5404583	R	60	2185	3
e2a7bc4e-d748-4be7-983c-6efb0a257988	III	5398800	L	60	-954	59
cac19a01-e2b8-424c-b06a-301aef579a85	III	5398801	L	29	-967	233
9f0d49b2-601f-45c0-931f-a375394224e6	III	5404584	R	37	3479	2
9f0d49b2-601f-45c0-931f-a375394224e6	III	5398801	L	37	-927	117
883d1969-3bab-47dc-b43f-3ffd3219e286	III	5398801	L	33	-942	20
8eca6f09-ea3c-4f43-bf24-420d1eb09e6a	III	5398802	L	60	-968	132
09cd8b0e-6cee-4c68-be26-ccc8d66efcad	III	5399087	L	22	-1218	21
d96e4763-3701-433a-a14a-7e7e71637b03	III	5399493	L	1	-3026	114
8e7b004b-720e-4ee2-872e-8fed43ce09b8	III	5445294	L	2	-8375	133
74987bc4-e2a1-42f0-9e30-8cfd787f92c9	III	5445294	L	1	-6549	51
162642a7-2acd-4d3e-9d99-bea7fd89fdf4	III	5445862	R	1	9764	5
162642a7-2acd-4d3e-9d99-bea7fd89fdf4	III	5445352	L	1	-8434	113
b1622cdf-94b8-4eb3-b3cc-700c17e59169	III	5446608	R	1	9085	2
b1622cdf-94b8-4eb3-b3cc-700c17e59169	III	5445353	L	1	-8399	83
e40b2a91-e6b8-4fa9-a9c8-0b1947749912	III	5446607	R	1	2261	3
e40b2a91-e6b8-4fa9-a9c8-0b1947749912	III	5446481	L	1	-9561	151
1bb9c198-5d9a-4308-bc1c-c4596e18ec17	III	5446481	L	1	-9524	191
e7e4eaac-6485-4810-80ce-7bcac4c33cdf	III	5446607	R	1	9091	3
e7e4eaac-6485-4810-80ce-7bcac4c33cdf	III	5446481	L	1	-9571	122
a1760843-677a-4d8a-a75d-1ca029b1d8dc	III	5446481	L	1	-9524	128
951e2201-6c42-4b6a-81b1-3bcaa3c770aa	III	5446481	L	1	-5076	103
59df97c0-2874-4876-92f7-7454b7f93544	III	5446615	R	2	7549	4
59df97c0-2874-4876-92f7-7454b7f93544	III	5446481	L	2	-9533	29
3773a34a-45d8-4c6f-be8a-9449496ce692	III	5446615	R	1	9136	5
3773a34a-45d8-4c6f-be8a-9449496ce692	III	5446481	L	1	-9469	62
4c8a5b70-c1ec-4d25-8942-05c90b8e60e5	III	5446481	L	2	-8333	54
1e4bddd9-8bb2-4d34-b6ef-a8b6e656b08d	III	5449705	R	1	2007	3
1e4bddd9-8bb2-4d34-b6ef-a8b6e656b08d	III	5447737	L	1	-899	34
380d46aa-7c4f-4a4c-ae11-0d7569fc5a9f	III	5449465	R	1	6191	3
380d46aa-7c4f-4a4c-ae11-0d7569fc5a9f	III	5447747	L	1	-899	244
5f81195a-a406-45a9-bfe1-a55ce07a9e30	III	5447747	L	1	-10725	250
28556f5a-69d4-4b9f-8796-e1a8272784be	III	5449465	R	1	6962	2
28556f5a-69d4-4b9f-8796-e1a8272784be	III	5447747	L	1	-923	206
096a5c6c-b7a3-4327-b35c-c00b9f3bd019	III	5449465	R	1	6165	5
096a5c6c-b7a3-4327-b35c-c00b9f3bd019	III	5447747	L	1	-916	185
480db0ce-d7a3-444c-a0c4-5711c53deb2f	III	5449465	R	1	19296	9
480db0ce-d7a3-444c-a0c4-5711c53deb2f	III	5447747	L	1	-912	106
50287f35-33bc-48ae-b630-869d6fbf7c34	III	5449705	R	1	6009	2
50287f35-33bc-48ae-b630-869d6fbf7c34	III	5447747	L	1	-919	145
4e2efb9c-6168-4589-ae5c-461bc766a6b4	III	5449705	R	1	6052	2
4e2efb9c-6168-4589-ae5c-461bc766a6b4	III	5447747	L	1	-919	92
aee4a29c-74f1-44d1-a405-0c7d6325faac	III	5447747	L	1	-908	133
4a12a074-cc56-4e48-983d-fedcf375a60b	III	5447747	L	1	-928	123
1f4ffcea-0e13-4cc0-8961-ab87bc34cff4	III	5449462	R	1	6186	6
1f4ffcea-0e13-4cc0-8961-ab87bc34cff4	III	5447747	L	1	-10552	66
6879ca7d-9b8b-4ac2-a93a-2979023296f5	III	5449705	R	1	2835	4
6879ca7d-9b8b-4ac2-a93a-2979023296f5	III	5447747	L	1	-750	178
336f3d4c-fa5d-4055-9179-8edb786b1106	III	5449465	R	1	6183	2
336f3d4c-fa5d-4055-9179-8edb786b1106	III	5447747	L	1	-924	155
527c6797-d538-4423-baea-e670a1e18f59	III	5449458	R	1	6958	2
527c6797-d538-4423-baea-e670a1e18f59	III	5447747	L	1	-10704	176
b93dbdab-7fc7-40d6-88e6-117c7f7d993e	III	5449465	R	1	6206	2
b93dbdab-7fc7-40d6-88e6-117c7f7d993e	III	5447747	L	1	-10733	164
ed896f82-0ae3-4ed6-8759-da338b40bbde	III	5449465	R	1	6165	14
ed896f82-0ae3-4ed6-8759-da338b40bbde	III	5447747	L	1	-888	186
02ca80b0-71f3-4ad4-a81d-11409958d5e2	III	5449465	R	3	7014	2
02ca80b0-71f3-4ad4-a81d-11409958d5e2	III	5447747	L	3	-912	137
7ddbcb91-8294-45f9-b311-a524a741c92c	III	5447747	L	2	-10680	174
200040ee-22e3-4e55-a232-f7551aee0a33	III	5449465	R	1	6988	2
200040ee-22e3-4e55-a232-f7551aee0a33	III	5447747	L	1	-890	87
1f41c9af-7a4c-4956-afbd-a58f6c962cc8	III	5447747	L	7	-920	126
2234a7bd-4804-40e8-a209-ec362b84fdd8	III	5447747	L	1	-916	134
63972ed8-3d14-4c64-994b-4da1919c6cd8	III	5449465	R	2	6177	5
63972ed8-3d14-4c64-994b-4da1919c6cd8	III	5447747	L	2	-926	117
fe2ea907-0cc6-4425-9057-84656e4af54e	III	5449465	R	1	6139	6
fe2ea907-0cc6-4425-9057-84656e4af54e	III	5447747	L	1	-915	134
efe2a2c8-76d7-49dc-8869-b858ab42b96e	III	5447747	L	1	-900	125
b2bb3a81-0993-49c9-8dc8-9117e305bc49	III	5449465	R	1	6138	5
b2bb3a81-0993-49c9-8dc8-9117e305bc49	III	5447747	L	1	-901	171
52a3646d-8d40-46f1-98f0-6b9856ac987c	III	5447747	L	1	-907	119
b52f8730-a793-4a86-8d08-0bf4f7c0e866	III	5447747	L	1	-905	154
b560d77e-9719-4962-bbbb-4176803ea9e1	III	5447747	L	2	-919	184
416c5dc8-70fa-4e87-b1ff-af8f8406dc6d	III	5449465	R	6	6203	2
416c5dc8-70fa-4e87-b1ff-af8f8406dc6d	III	5447747	L	6	-918	161
43902b58-26cb-402b-9259-9e76abe99380	III	5447747	L	1	-10777	151
318d914c-0a53-49d7-bca0-2c064b4bf4aa	III	5448962	R	1	6600	3
318d914c-0a53-49d7-bca0-2c064b4bf4aa	III	5447747	L	1	-907	80
afed0907-ee8b-46c1-8c70-a7332450b52c	III	5449465	R	2	6199	3
afed0907-ee8b-46c1-8c70-a7332450b52c	III	5447747	L	2	-918	105
228f5608-1947-42fc-8409-48977d989adf	III	5447747	L	1	-10696	110
cf87c3ff-5135-46d4-8ba3-39d40de3406a	III	5449705	R	1	4469	10
cf87c3ff-5135-46d4-8ba3-39d40de3406a	III	5447747	L	1	-10692	120
f5be220a-f618-4f53-a4c5-1e43a7fb39ca	III	5447747	L	1	-903	146
2c2188ac-159d-41c0-a806-10d47757857b	III	5447747	L	2	-10663	123
9065fb90-ff70-42bd-bdc7-dc86a8de55e8	III	5449465	R	1	6160	2
9065fb90-ff70-42bd-bdc7-dc86a8de55e8	III	5447747	L	1	-10736	158
2bf83bd9-17c2-44f4-b94a-d017f600d3b5	III	5447747	L	1	-896	69
8e9e2462-ac05-4d3d-9d68-1137fcd1c542	III	5449705	R	4	6023	5
8e9e2462-ac05-4d3d-9d68-1137fcd1c542	III	5447747	L	4	-918	107
a5bda30d-9c93-471f-8150-4e6d4d607f1a	III	5447747	L	1	-905	94
cc3091e9-1afe-4408-8834-759ef2945a40	III	5447747	L	2	-904	83
e035d88c-e989-4055-8643-7979632f9249	III	5449465	R	1	6156	2
e035d88c-e989-4055-8643-7979632f9249	III	5447747	L	1	-903	145
4b745d52-7e0c-4281-af0f-21e0bb83f9e1	III	5449465	R	1	6955	3
4b745d52-7e0c-4281-af0f-21e0bb83f9e1	III	5447747	L	1	-4993	111
434d796e-b8f9-49f8-9a48-1245a80001ae	III	5449465	R	1	6180	3
434d796e-b8f9-49f8-9a48-1245a80001ae	III	5447747	L	1	-912	166
6b9aec90-d9a1-4f10-9c88-514b69229730	III	5449465	R	3	6206	6
6b9aec90-d9a1-4f10-9c88-514b69229730	III	5447747	L	3	-902	170
a97024da-d699-4322-9830-4baab8ff711f	III	5449465	R	4	6155	3
a97024da-d699-4322-9830-4baab8ff711f	III	5447747	L	4	-921	123
61aea48f-363c-462c-ab2c-4e34666f385d	III	5449465	R	3	6183	2
61aea48f-363c-462c-ab2c-4e34666f385d	III	5447747	L	3	-914	124
89f657e6-a295-4351-a6b1-37fd077368bc	III	5449465	R	2	6216	2
89f657e6-a295-4351-a6b1-37fd077368bc	III	5447747	L	2	-901	157
9cb377cb-156d-4afc-9c11-96249595e106	III	5449458	R	1	6196	5
9cb377cb-156d-4afc-9c11-96249595e106	III	5447747	L	1	-891	84
08b1bf20-d1af-471d-87f3-09e7189863e0	III	5449465	R	1	6181	17
08b1bf20-d1af-471d-87f3-09e7189863e0	III	5447747	L	1	-899	108
0a12f129-e514-46f3-97c8-3f869d37c00a	III	5447747	L	3	-918	127
83bdf306-953a-4025-b3f5-9caa4cc9dc94	III	5447747	L	2	-903	133
e160a5d0-f031-4b17-8d34-27754f54cc4c	III	5447747	L	1	-903	43
3447440c-3a60-40c1-a373-d74cac31937e	III	5449465	R	1	6201	2
3447440c-3a60-40c1-a373-d74cac31937e	III	5447747	L	1	-910	120
cc6f7b40-33ee-404d-9c65-920a9ba9d298	III	5449705	R	3	6061	2
cc6f7b40-33ee-404d-9c65-920a9ba9d298	III	5447747	L	3	-916	36
2ea7e4cb-e0a3-4565-828a-644f17ffffa8	III	5449389	R	1	6979	5
2ea7e4cb-e0a3-4565-828a-644f17ffffa8	III	5447747	L	1	-899	117
0a34b1a1-005c-4c1f-aca5-79ff9e907f93	III	5449465	R	2	6140	13
0a34b1a1-005c-4c1f-aca5-79ff9e907f93	III	5447747	L	2	-911	103
5cd1c433-c25a-4696-a553-723dfb541e3c	III	5449465	R	1	6193	12
5cd1c433-c25a-4696-a553-723dfb541e3c	III	5447747	L	1	-909	142
17835ede-3440-4ec6-a0a3-6d53326267a5	III	5447747	L	1	-885	60
fb3e862d-6880-42ed-8444-4bc67d224bcf	III	5447747	L	2	-916	54
3704a23f-776a-4ace-a77f-fc94cd14c37c	III	5449465	R	1	6180	7
3704a23f-776a-4ace-a77f-fc94cd14c37c	III	5447747	L	1	-908	116
96594802-0fce-4617-a58b-659569392846	III	5447747	L	1	-10712	112
c642d08b-b073-49b4-8dca-477cc5003729	III	5447747	L	1	-904	133
42d7cd41-7cbb-4299-b93b-fe0b7a9dc525	III	5449465	R	1	6118	2
42d7cd41-7cbb-4299-b93b-fe0b7a9dc525	III	5447747	L	1	-899	89
490d8156-8173-41dd-814a-2c5f8a11e19a	III	5449465	R	5	6095	3
490d8156-8173-41dd-814a-2c5f8a11e19a	III	5447747	L	5	-896	19
a28c69c6-3099-4fc1-8b52-ea6be7314135	III	5449705	R	1	5961	2
a28c69c6-3099-4fc1-8b52-ea6be7314135	III	5447747	L	1	-891	98
11ef3636-62e0-477c-8859-b764f48199d8	III	5449705	R	1	6022	3
11ef3636-62e0-477c-8859-b764f48199d8	III	5447747	L	1	-915	47
60bf5542-e225-47af-97c8-7f5d297ca2f9	III	5449465	R	2	6169	2
60bf5542-e225-47af-97c8-7f5d297ca2f9	III	5447747	L	2	-920	86
5ed036f4-7c72-450b-bf3d-38deb9fe6c4d	III	5449465	R	1	6117	3
5ed036f4-7c72-450b-bf3d-38deb9fe6c4d	III	5447747	L	1	-10669	38
6084d3dd-2031-4ed5-8f15-e014dbe4967e	III	5449465	R	2	6188	6
6084d3dd-2031-4ed5-8f15-e014dbe4967e	III	5447747	L	2	-914	54
494da99f-a048-4745-9efa-7578c3060afb	III	5447747	L	1	-909	112
8bb71e23-ec15-47a0-ab97-a6aa4ff3a958	III	5447747	L	3	-922	122
0927ff63-8e31-4243-bccf-d2f2f34de829	III	5447747	L	1	-916	84
b5a6a10d-1a78-4909-9efc-0e8719463720	III	5447747	L	1	-904	91
bcb58b21-0528-4a07-bdc4-32f0503eded9	III	5449458	R	1	6160	3
bcb58b21-0528-4a07-bdc4-32f0503eded9	III	5447747	L	1	-904	40
575c86aa-e78c-413e-861d-487e2cdc89d1	III	5447747	L	1	-910	117
ee4737d1-06fe-48b8-816e-e93cad14e5ad	III	5449465	R	3	6150	2
ee4737d1-06fe-48b8-816e-e93cad14e5ad	III	5447747	L	3	-914	110
0ad69adc-41b9-49b5-8ee8-45ca7c621eb4	III	5447747	L	5	-916	62
8fb825ae-721e-437a-9e8c-43b308590a09	III	5449465	R	1	7040	2
8fb825ae-721e-437a-9e8c-43b308590a09	III	5447747	L	1	-906	103
45e4892e-4176-4b9e-a146-233b15a2efae	III	5447747	L	2	-906	101
0448be5b-2b1a-4a78-9bb1-c46768f6fc6d	III	5447747	L	2	-921	52
67eb9e30-c29e-46c0-ba40-e9cfd3f2383d	III	5447747	L	1	-10635	86
c93f1b3e-3849-48b5-8b27-5ee89176294c	III	5449465	R	1	6175	3
c93f1b3e-3849-48b5-8b27-5ee89176294c	III	5447747	L	1	-920	59
dec245fe-df56-4210-9140-228e2f1cef4a	III	5449473	R	1	6112	2
dec245fe-df56-4210-9140-228e2f1cef4a	III	5447747	L	1	-922	76
ee095fc5-998b-4bc0-ae67-68dd153d5eab	III	5447747	L	1	-903	98
86378154-c21a-4e0e-b9fb-bbcbe03aff94	III	5449465	R	2	6156	3
86378154-c21a-4e0e-b9fb-bbcbe03aff94	III	5447747	L	2	-911	59
14fe937f-f42f-43f6-90cc-1fed38ee98fd	III	5447747	L	1	-901	99
1e6e6626-b00f-4bd5-b0c5-14035c0c69c5	III	5449465	R	5	6174	3
1e6e6626-b00f-4bd5-b0c5-14035c0c69c5	III	5447747	L	5	-923	88
91b4d71c-d4ca-401d-bb62-c8e74d2bb472	III	5449465	R	2	6178	4
91b4d71c-d4ca-401d-bb62-c8e74d2bb472	III	5447747	L	2	-914	45
936b77b2-287a-4dea-b906-dc5a26208ea6	III	5447747	L	1	-898	71
02cc8dd9-bcfc-411a-8f46-f3096bb67daf	III	5449465	R	1	6153	3
02cc8dd9-bcfc-411a-8f46-f3096bb67daf	III	5447747	L	1	-904	35
9b993b5e-4437-4f33-9e89-1158b88f939b	III	5448933	R	1	6726	2
9b993b5e-4437-4f33-9e89-1158b88f939b	III	5447747	L	1	-888	42
69d1c152-4231-4e43-9d09-202234943c3e	III	5447747	L	2	-922	68
5845488c-89d1-4ecc-bad3-3684e7fb6209	III	5449465	R	1	6129	3
5845488c-89d1-4ecc-bad3-3684e7fb6209	III	5447747	L	1	-10653	71
75455a5e-1e1c-4e4e-98d3-61586baa4c84	III	5449465	R	1	6189	5
75455a5e-1e1c-4e4e-98d3-61586baa4c84	III	5447747	L	1	-10767	69
e30377b3-41af-4a4f-a183-6094e12fbdf8	III	5447747	L	1	-10772	72
7dea72fb-5cfa-43c0-8c48-8d910ae051d2	III	5447747	L	1	-902	48
5f409dbb-8fbf-4b3b-befe-4917c5cae867	III	5449465	R	1	6159	6
5f409dbb-8fbf-4b3b-befe-4917c5cae867	III	5447747	L	1	-917	58
c79e9967-ce14-45d1-81d8-3b27fc7427cf	III	5449465	R	1	6194	2
c79e9967-ce14-45d1-81d8-3b27fc7427cf	III	5447747	L	1	-919	77
b12717e7-6825-4d1b-aade-2b58c221c01c	III	5449465	R	1	6187	5
b12717e7-6825-4d1b-aade-2b58c221c01c	III	5447747	L	1	-10637	32
f9a0fa89-587b-4377-92be-afff2438b772	III	5449465	R	1	6203	5
f9a0fa89-587b-4377-92be-afff2438b772	III	5447747	L	1	-913	81
f7938810-5ce0-4bff-8763-0c21b2804674	III	5447747	L	1	-914	59
958c386a-dfc2-4d80-9af6-7141a3e7515c	III	5449465	R	2	6210	6
958c386a-dfc2-4d80-9af6-7141a3e7515c	III	5447747	L	2	-10645	56
50e1b577-1951-44c1-9600-739e0710511c	III	5447747	L	3	-911	36
ad49b3d0-f542-4081-b340-0665b1303d50	III	5447747	L	1	-913	55
a6d28ff2-a2d3-404c-b8c9-3d9b6ae2dc9f	III	5449465	R	1	6183	3
a6d28ff2-a2d3-404c-b8c9-3d9b6ae2dc9f	III	5447747	L	1	-924	73
9cacfb4a-d42e-4289-b8ec-48dfdff7f55f	III	5447747	L	1	-10739	73
9bf2b847-3b85-444a-92d9-208c854148d6	III	5447747	L	3	-924	36
6517a1a6-854a-46e8-bbf0-f8323e2d9cdd	III	5447747	L	2	-916	62
01d9bcfd-a0ae-4b1c-9f7d-afa1c7f37d89	III	5447747	L	4	-929	38
d7e8a366-970d-4bde-885f-bc1a2aa3bfbb	III	5447747	L	1	-916	57
b762f4a8-9469-4766-8599-a1b5a8c7d801	III	5447747	L	1	-4950	79
dee85241-7db8-42dc-a9b9-f2d39170048b	III	5449456	R	4	6198	5
dee85241-7db8-42dc-a9b9-f2d39170048b	III	5447749	L	4	-575	28
d1752ca7-33aa-4429-ac9c-fd8e27d45ab5	III	5448135	R	1	9982	2
d1752ca7-33aa-4429-ac9c-fd8e27d45ab5	III	5448043	L	1	-8685	213
6109e596-6554-4faf-99c3-fb51193587f2	III	5448129	R	1	3037	3
6109e596-6554-4faf-99c3-fb51193587f2	III	5448043	L	1	-8708	203
3da2b326-386d-4818-b8ea-d6008f767e95	III	5448043	L	1	-8504	60
b48666db-0810-469b-80e0-aa1e62aa1394	III	5448067	L	1	-8652	76
48752bb9-61b3-45bb-98b6-7d4a7b3613b1	III	5448133	R	1	9918	2
48752bb9-61b3-45bb-98b6-7d4a7b3613b1	III	5448069	L	1	-8663	91
126f601d-9717-45e6-ac9a-b5b22c6a96fc	III	5449465	R	1	6173	2
126f601d-9717-45e6-ac9a-b5b22c6a96fc	III	5448071	L	1	-3442	191
f3f96a63-0319-4f1a-865e-6008cbe063c5	III	5449457	R	2	6178	3
f3f96a63-0319-4f1a-865e-6008cbe063c5	III	5448071	L	2	-1288	216
60183a7b-b308-46fb-b0b6-70dfa1cacffe	III	5448071	L	1	-1287	218
b8dcfb0c-aa3b-4739-9bd3-8ea5ed3d0315	III	5449705	R	1	6014	2
b8dcfb0c-aa3b-4739-9bd3-8ea5ed3d0315	III	5448071	L	1	-1295	192
07c03c9f-e5bd-47fd-bef7-270a01bea8da	III	5449465	R	1	6211	2
07c03c9f-e5bd-47fd-bef7-270a01bea8da	III	5448071	L	1	-4987	182
74fd4454-1d13-45f6-b7c3-47973f3f067c	III	5449465	R	1	6176	3
74fd4454-1d13-45f6-b7c3-47973f3f067c	III	5448071	L	1	-1264	158
7bf82c21-4ffb-4d72-9ef3-878b3931bc33	III	5449465	R	2	6185	3
7bf82c21-4ffb-4d72-9ef3-878b3931bc33	III	5448071	L	2	-1285	123
77a0f275-ebaa-4797-b438-479250f46f29	III	5449465	R	1	5773	3
77a0f275-ebaa-4797-b438-479250f46f29	III	5448071	L	1	-1278	142
0687a930-17c5-40e7-86ed-f4ee617fdab2	III	5449465	R	1	6156	7
0687a930-17c5-40e7-86ed-f4ee617fdab2	III	5448071	L	1	-1275	97
b3f95ebd-aee5-4afa-a98a-4c9fcd5e130e	III	5448071	L	1	-1276	148
738f14c2-08ac-4e72-9721-55c69dc224e3	III	5449465	R	1	6190	4
738f14c2-08ac-4e72-9721-55c69dc224e3	III	5448071	L	1	-1287	114
ed54ecc6-0074-41bd-901a-69481074a8a7	III	5448071	L	1	-1283	128
d4bad466-5139-41e2-9c1f-aebb11d68942	III	5448071	L	1	-1298	107
fdfbbb90-9797-4ab5-b670-1a78ce6b8fbf	III	5448071	L	1	-1300	119
f50dfc95-b9d9-42c1-b103-e4eec0008026	III	5449465	R	1	6134	2
f50dfc95-b9d9-42c1-b103-e4eec0008026	III	5448071	L	1	-11071	87
7371f7f4-bbb9-407c-92d7-d1ae52c9d60d	III	5449705	R	1	6021	5
7371f7f4-bbb9-407c-92d7-d1ae52c9d60d	III	5448071	L	1	-11063	63
5520dd83-9fa7-4852-ad82-a36969ee55ff	III	5449465	R	1	6170	4
5520dd83-9fa7-4852-ad82-a36969ee55ff	III	5448071	L	1	-1273	83
8724f0db-ee21-4e19-a4aa-cbced8c14916	III	5448071	L	2	-1285	79
a250ebe0-d8d9-4436-b7eb-c4621f9c0fd7	III	5449465	R	1	6179	5
a250ebe0-d8d9-4436-b7eb-c4621f9c0fd7	III	5448071	L	1	-1275	96
8505e960-dbc8-4132-be6d-2d5e1004729d	III	5448071	L	1	-1224	41
b218fab8-cce4-48a8-8b0f-3e9c824c2ab3	III	5449465	R	7	6209	7
b218fab8-cce4-48a8-8b0f-3e9c824c2ab3	III	5448071	L	7	-11089	83
a0d918ea-9e91-43e8-8332-ad23fdc89831	III	5449465	R	2	6186	3
a0d918ea-9e91-43e8-8332-ad23fdc89831	III	5448071	L	2	-11089	51
bf582a23-c0f4-4b64-b563-2d3f41f515f6	III	5449465	R	1	6191	3
bf582a23-c0f4-4b64-b563-2d3f41f515f6	III	5448071	L	1	-1294	84
2f2d2e2e-4287-48cc-a621-2feaa0850f12	III	5449705	R	1	5943	2
2f2d2e2e-4287-48cc-a621-2feaa0850f12	III	5448071	L	1	-10904	44
e403e9e9-2f2f-46cb-b85c-899bba8179d9	III	5449465	R	1	6182	2
e403e9e9-2f2f-46cb-b85c-899bba8179d9	III	5448071	L	1	-1284	46
dc120d5b-5415-403e-a91c-2622390357d1	III	5449465	R	1	6148	3
dc120d5b-5415-403e-a91c-2622390357d1	III	5448071	L	1	-1295	37
8f378272-f8c9-435c-812e-418ec26e7c76	III	5448071	L	1	-1278	32
de746873-6b00-465f-a378-05ba8b3bc17e	III	5448071	L	1	-11071	47
fbeec84d-189e-44e3-8978-1f9af1a8c71e	III	5449465	R	1	7018	2
fbeec84d-189e-44e3-8978-1f9af1a8c71e	III	5448071	L	1	-11124	61
39e0c898-0c79-49ce-bafc-736c3a23564c	III	5448072	L	2	-1296	170
4a6724ef-c532-45cf-bfe4-b49653309dfb	III	5448072	L	1	-1277	139
f1418b0c-934e-48d5-9693-1c829ccdb0be	III	5449465	R	1	6153	2
f1418b0c-934e-48d5-9693-1c829ccdb0be	III	5448072	L	1	-1253	95
cfe004b1-875e-4672-bb67-1dc330f135a8	III	5449465	R	1	6135	2
cfe004b1-875e-4672-bb67-1dc330f135a8	III	5448072	L	1	-1278	47
429a2e29-4566-4382-bd7f-95f88bb48336	III	5448082	L	3	-1321	23
ee0a5892-9293-4e6c-895e-0548b7d057e8	III	5449465	R	1	6182	3
ee0a5892-9293-4e6c-895e-0548b7d057e8	III	5448197	L	1	-1367	144
985ce83c-a303-4ba3-a779-656890f5b845	III	5449705	R	1	6031	5
985ce83c-a303-4ba3-a779-656890f5b845	III	5448319	L	1	-11343	210
7e37ff83-d8aa-4929-94c3-fa0555718af1	III	5449465	R	1	6187	3
7e37ff83-d8aa-4929-94c3-fa0555718af1	III	5448319	L	1	-1497	116
7c11c2ca-e2d8-4a27-ada5-1a66f9e5b9e9	III	5449705	R	1	5999	2
7c11c2ca-e2d8-4a27-ada5-1a66f9e5b9e9	III	5448319	L	1	-1543	142
19c0dd86-8d49-4f0b-9d67-7072e4c6fbb1	III	5449465	R	1	787	5
19c0dd86-8d49-4f0b-9d67-7072e4c6fbb1	III	5448319	L	1	-1537	135
002371ec-cfb1-4545-9405-e1a378ee2fc1	III	5449465	R	1	6111	3
002371ec-cfb1-4545-9405-e1a378ee2fc1	III	5448319	L	1	-1515	58
30d167fa-10a5-414e-9459-18002f926666	III	5449705	R	1	5941	3
30d167fa-10a5-414e-9459-18002f926666	III	5448319	L	1	-1523	115
0d72d17a-87ee-4698-a460-f83915ff8cd9	III	5448319	L	1	-1527	41
c8d46b32-ef43-4b6a-b5b7-2c72febcb509	III	5449465	R	1	6952	3
c8d46b32-ef43-4b6a-b5b7-2c72febcb509	III	5448319	L	1	-1521	51
f565772d-34f0-48ff-83e4-016535373181	III	5448433	L	1	-1602	167
4d700f62-d4c6-4a53-9629-8b15213e53b1	III	5449705	R	1	5988	6
4d700f62-d4c6-4a53-9629-8b15213e53b1	III	5448433	L	1	-1588	94
ac34a076-5017-4b93-b23a-925ab5efe8e7	III	5449465	R	1	6083	3
ac34a076-5017-4b93-b23a-925ab5efe8e7	III	5448637	L	1	-1890	85
eb2c2972-0895-40b8-9ab2-5440b71d83b7	III	5448640	L	1	-11620	58
6765cdca-6c36-41c9-a845-8547a027d97c	III	5449465	R	1	6176	3
6765cdca-6c36-41c9-a845-8547a027d97c	III	5448640	L	1	-1895	189
bafc00b1-7ab1-4d31-b427-be6e59c87e87	III	5449465	R	1	6136	2
bafc00b1-7ab1-4d31-b427-be6e59c87e87	III	5448640	L	1	-1926	206
2ecaf1c4-f284-41db-a8e3-7b86cbed3cf5	III	5449465	R	1	6162	3
2ecaf1c4-f284-41db-a8e3-7b86cbed3cf5	III	5448640	L	1	-1897	126
d9e37851-a823-4f77-9c72-df8a39895374	III	5449453	R	1	6187	2
d9e37851-a823-4f77-9c72-df8a39895374	III	5448640	L	1	-1925	95
5d4da2bd-764f-4ed0-88fb-ac074b11053d	III	5449465	R	1	6214	6
5d4da2bd-764f-4ed0-88fb-ac074b11053d	III	5448640	L	1	-1898	153
52ace40c-b562-4c34-8bdc-e6ac232111f2	III	5448640	L	1	-1924	15
7f7103d8-daa1-4981-acbc-68baf53fbf91	III	5448640	L	1	-11740	134
8e784cda-e696-4d83-a0c9-c101277ba863	III	5449465	R	1	6167	2
8e784cda-e696-4d83-a0c9-c101277ba863	III	5448645	L	1	-1925	38
4e1b03ab-687f-4826-9c43-5dc86a0bdf3e	III	5449465	R	1	6171	5
4e1b03ab-687f-4826-9c43-5dc86a0bdf3e	III	5448647	L	1	-1923	136
98d7fb49-b3c4-4889-adf9-5d82deece2a0	III	5448651	L	1	-11554	83
bb0d1ba4-2cf7-4498-8780-0bfd1471d5a9	III	6343287	R	1	9734	35
0444c08f-2977-4a4e-b634-7c261ecd1e26	III	6343287	R	1	9792	54
fcdf7036-aaa1-4255-b12b-3ff1462692cc	III	6343098	L	1	-2546	48
bd05021f-0bb5-4c8d-83bb-27bbbcbf55a2	III	6343287	R	0	9308	109
dd257f7e-533a-4c15-b492-3939dd65bb46	III	6343287	R	0	2915	57
dd257f7e-533a-4c15-b492-3939dd65bb46	III	6343101	L	0	-777	5
ca40fe90-490c-4afa-ba1b-d93a133d9fd3	III	6343104	L	1	-2509	95
a3e90ff8-35dc-4303-aedb-6befa8a3ac73	III	6343287	R	0	11526	74
a2822175-ef1f-4d5a-816e-3d269a661eef	III	6343287	R	1	11692	125
a2822175-ef1f-4d5a-816e-3d269a661eef	III	6343111	L	1	-791	2
67ef47fd-f0d8-4bb6-8a7b-0002daa3c971	III	6343287	R	0	11079	112
6be05a76-83e1-4164-b293-f61f26848739	III	6533843	R	9	118	102
aa26b3c1-1f99-4b8c-83b5-b2c226c2122e	III	6761591	R	1	5015	32
19795acc-aca2-44f3-8b86-bd0b912b7748	III	6761577	R	1	5303	57
681b1660-57c5-40d9-8c2c-d576007b5dd7	III	7025212	R	1	2439	72
78655d2d-e692-478f-aa12-4b9b1085eda1	III	7037652	R	1	27486	7
78655d2d-e692-478f-aa12-4b9b1085eda1	III	7037471	L	1	-2096	2
95a84f1f-d3fd-4a29-9719-92e9e2ab0f82	III	8084107	R	1	2529	58
95a84f1f-d3fd-4a29-9719-92e9e2ab0f82	III	8083920	L	1	-15516	3
0f92aeea-4796-4650-9dbc-542045aa4b2c	III	8084061	R	0	13520	26
a616347c-90ec-481a-a345-50e72c30bc1c	III	8084107	R	1	2202	2
a616347c-90ec-481a-a345-50e72c30bc1c	III	8083922	L	1	-11636	82
3acce8bc-e684-4cf0-9664-fa182220c8e6	III	8249906	R	1	11680	196
3acce8bc-e684-4cf0-9664-fa182220c8e6	III	8249715	L	1	-793	2
a13b0ad2-829d-4233-b96b-0295f64e761a	III	8249906	R	0	746	46
db39d7e4-65b2-4774-97f0-440ba40b019a	III	8249906	R	1	5793	47
aaa03374-a1be-42d0-a523-a18018e89c24	III	8249906	R	1	9751	194
cff9e129-c69c-4bd7-a564-8b90f0b2141d	III	8249906	R	1	11590	115
cff9e129-c69c-4bd7-a564-8b90f0b2141d	III	8249716	L	1	-789	77
8d828037-61f1-4ee0-98ee-b61fd8dae7b8	III	8249906	R	1	11486	127
8d828037-61f1-4ee0-98ee-b61fd8dae7b8	III	8249716	L	1	-782	2
1c95acaf-3cf1-454f-9e1a-01a4fcdda7e2	III	8249906	R	1	9859	115
7b16903f-6776-4f78-a117-f44d360288df	III	8249906	R	1	11622	113
b5db9c0c-532c-4449-9b6c-4842ff8868cd	III	8249716	L	1	-7765	57
ec0f2581-092b-452e-9820-8c34f521c160	III	8249906	R	1	11659	80
ec0f2581-092b-452e-9820-8c34f521c160	III	8249716	L	1	-787	3
47db773a-fbe3-43ae-9221-512d992d8f19	III	8249906	R	1	11673	122
47db773a-fbe3-43ae-9221-512d992d8f19	III	8249716	L	1	-790	2
95c82ad2-c824-4080-88a7-8fa0917acf8d	III	8249906	R	1	10277	91
95c82ad2-c824-4080-88a7-8fa0917acf8d	III	8249716	L	1	-798	2
3cb97c6a-eead-4916-aa32-f758031297d5	III	8249906	R	1	11415	67
d1fbd93f-50fb-490c-b19d-ba1803c39905	III	8249906	R	1	11594	66
d1fbd93f-50fb-490c-b19d-ba1803c39905	III	8249716	L	1	-797	2
5e88ce1a-6c0b-45f3-b9d0-e34503ae9cd8	III	8249906	R	0	9637	107
fa3bcfba-6f69-47c8-8763-8e236fd8bc90	III	8249906	R	0	11209	52
a1c3258f-6df5-4fa8-9032-847ff1ddb5ea	III	8249888	R	0	7222	38
a1c3258f-6df5-4fa8-9032-847ff1ddb5ea	III	8249746	L	0	-830	2
a2cefdd8-625f-4d88-ad3e-cb100cd06068	III	8252018	R	1	3364	2
a2cefdd8-625f-4d88-ad3e-cb100cd06068	III	8251919	L	1	-16494	84
4c0eccfe-369b-428b-a633-25e7d3e8ea7c	III	8252018	R	0	3107	3
4c0eccfe-369b-428b-a633-25e7d3e8ea7c	III	8251919	L	0	-12687	20
0d742f74-ca7b-44d2-b2bf-81e4305cb6ed	III	8251920	L	1	-12224	164
3826b6a2-f8b3-4458-8762-21ae392711f1	III	8251920	L	1	-12832	130
c184e069-e7ee-4a4f-8c56-247728931554	III	8251920	L	1	-12773	67
3855199c-bd8b-4671-88be-7f0f7f73120f	III	8252018	R	1	3092	3
3855199c-bd8b-4671-88be-7f0f7f73120f	III	8251920	L	1	-1429	119
42742a5d-0658-4b09-857c-f563597d2d6a	III	8251920	L	1	-2630	113
ce1f2e95-0dd4-46c9-b2a7-57411e4d3d2f	III	8252018	R	1	3015	3
ce1f2e95-0dd4-46c9-b2a7-57411e4d3d2f	III	8251920	L	1	-12791	135
6db4068f-b5c2-41c8-883a-981d644e7eb9	III	8252018	R	1	3099	3
6db4068f-b5c2-41c8-883a-981d644e7eb9	III	8251920	L	1	-12245	126
3fb1a524-a619-41d8-aeb8-de3092757f80	III	8252018	R	1	3008	2
3fb1a524-a619-41d8-aeb8-de3092757f80	III	8251920	L	1	-25987	39
55e619ae-74bc-458c-bb38-a5a8e762b0a9	III	8252018	R	1	3064	3
55e619ae-74bc-458c-bb38-a5a8e762b0a9	III	8251920	L	1	-12613	53
7d3421fa-877b-47e6-b5b4-198963c36c28	III	8252018	R	1	3103	3
7d3421fa-877b-47e6-b5b4-198963c36c28	III	8251934	L	1	-16542	42
bd13d90b-1ee2-4c89-9f65-04da668fea5f	III	8411829	R	1	791	2
bd13d90b-1ee2-4c89-9f65-04da668fea5f	III	8411639	L	1	-11646	174
956240f3-315a-4e46-a774-116b0ee85e61	III	8411639	L	1	-4846	200
3e23c06d-9c2f-4a2c-a4ba-28df67119c5b	III	8411639	L	0	-11265	93
da254f2a-7658-4105-a91c-1ca7ad7a07c4	III	8411639	L	1	-9766	98
fc675780-03ef-47af-b352-7c0c5a1f0622	III	8411843	R	1	779	2
fc675780-03ef-47af-b352-7c0c5a1f0622	III	8411639	L	1	-11628	114
744886ff-6c35-4315-ac43-49ab977d772a	III	8411843	R	0	778	2
744886ff-6c35-4315-ac43-49ab977d772a	III	8411639	L	0	-11607	134
1d507cf1-1b32-4e68-b93a-15436b021141	III	8411825	R	0	777	2
1d507cf1-1b32-4e68-b93a-15436b021141	III	8411639	L	0	-11568	77
41ae6e30-784f-49be-8df2-2a74c90fdc64	III	8411829	R	0	792	2
41ae6e30-784f-49be-8df2-2a74c90fdc64	III	8411639	L	0	-11605	101
4f9ce1ba-0ed2-4343-8157-d7c584af920d	III	8411639	L	1	-11556	159
d091ad8b-291f-42a2-a91e-d3e6614364c8	III	8411829	R	0	794	2
d091ad8b-291f-42a2-a91e-d3e6614364c8	III	8411639	L	0	-11592	136
e5faf34a-2690-4f3e-9c0c-850d20c8628e	III	8411822	R	1	800	2
e5faf34a-2690-4f3e-9c0c-850d20c8628e	III	8411639	L	1	-11699	159
11026598-2b08-4419-8e40-62d50d6de66c	III	8411639	L	0	-9769	140
b95c3ca5-37bd-4f85-a5d0-c573bda9ead1	III	8411843	R	0	785	2
b95c3ca5-37bd-4f85-a5d0-c573bda9ead1	III	8411639	L	0	-11641	140
21d61fb7-2abe-4f6e-9bb8-16dd1044878c	III	8411843	R	1	774	3
21d61fb7-2abe-4f6e-9bb8-16dd1044878c	III	8411639	L	1	-11644	134
3d6edf19-1c9e-4827-b44a-2f2b96f3dc4d	III	8411639	L	1	-11608	108
6d257b46-1aeb-4e28-aa33-5e7eb66844b4	III	8411843	R	1	783	2
6d257b46-1aeb-4e28-aa33-5e7eb66844b4	III	8411639	L	1	-11559	78
2a664c13-3410-402d-93c8-ec7f3f78fb62	III	8411639	L	1	-11599	113
a39c748d-286d-4edb-a0a1-d4b1bfc631e4	III	8411639	L	1	-11561	24
4a767f47-0ae8-4f89-8d80-52bf2405234f	III	8411829	R	1	791	2
4a767f47-0ae8-4f89-8d80-52bf2405234f	III	8411639	L	1	-2399	118
f0e009fe-5ab3-4478-b287-372466e75245	III	8411843	R	1	782	2
f0e009fe-5ab3-4478-b287-372466e75245	III	8411639	L	1	-11585	94
0b64cd5b-ec3f-41bc-8237-45c3fba76a0d	III	8411843	R	1	772	2
0b64cd5b-ec3f-41bc-8237-45c3fba76a0d	III	8411639	L	1	-11611	116
d39dd741-5edc-40fe-8a21-3f707228a046	III	8411843	R	1	764	2
d39dd741-5edc-40fe-8a21-3f707228a046	III	8411639	L	1	-11538	112
26df5984-89ce-45bb-bfdd-605f43c9fc55	III	8411639	L	0	-9758	119
01209d28-4763-40a3-b38f-e7d3c26d5c03	III	8411639	L	0	-9685	92
b6ddab0c-ca63-4e1c-a875-79b1e74075ff	III	8411807	R	1	4859	2
b6ddab0c-ca63-4e1c-a875-79b1e74075ff	III	8411639	L	1	-11501	82
4d701e82-33b0-4f74-96eb-3eb34da7507a	III	8411639	L	0	-9754	106
3cb5e501-ce09-461b-88a6-e876aec4d33b	III	8411639	L	1	-20781	81
22cb21b2-ad95-4f2e-b32f-e667f8e97e6a	III	8411843	R	1	781	2
22cb21b2-ad95-4f2e-b32f-e667f8e97e6a	III	8411639	L	1	-11311	88
0dbd7ce9-c682-4f70-bf4d-b35a0583d4a6	III	8411843	R	1	778	2
0dbd7ce9-c682-4f70-bf4d-b35a0583d4a6	III	8411639	L	1	-5608	114
f6c7e8de-3a47-4b3c-8b09-f128e6dd29c8	III	8411825	R	1	432	3
f6c7e8de-3a47-4b3c-8b09-f128e6dd29c8	III	8411639	L	1	-11576	51
27e6acdd-9f4c-4b2a-aba0-784f16bdb683	III	8411843	R	1	781	2
27e6acdd-9f4c-4b2a-aba0-784f16bdb683	III	8411639	L	1	-11590	62
f0168afd-e68a-4e75-ae56-0f501e62ecfa	III	8411825	R	1	803	2
f0168afd-e68a-4e75-ae56-0f501e62ecfa	III	8411639	L	1	-2393	40
4dd5275d-79ce-483c-b879-a56252fe4d79	III	8411639	L	0	-21264	34
3be0396c-5d8c-4dad-abc6-fb9c50e59164	III	8411843	R	1	3318	197
3be0396c-5d8c-4dad-abc6-fb9c50e59164	III	8411639	L	1	-2517	2
0e24b180-06ea-466d-ac2a-1198c183b82f	III	8411843	R	0	787	2
0e24b180-06ea-466d-ac2a-1198c183b82f	III	8411639	L	0	-11408	72
06ac37b3-cf90-4253-8943-2fcb48f7f577	III	8411639	L	1	-4109	83
13e45906-bf93-4528-ba51-addb888cf275	III	8411843	R	1	7667	137
39e4f78c-da7f-4d87-ac80-ebcfadeffe73	III	8411639	L	1	-9717	76
5988ab67-14f3-4483-b359-6df00fc15733	III	8411639	L	1	-11677	66
c95ffaaa-2aa7-49d2-9755-10fe9851c9f6	III	8411639	L	0	-755	72
ed8283ca-bd3d-432e-ba44-b561a2c5b175	III	8411639	L	1	-20885	52
dd20fd94-b1dc-43da-b86c-d47c786649fd	III	8411843	R	1	3324	157
28868c9c-4a7b-43af-8dc8-71ede178c6aa	III	8411807	R	1	810	3
28868c9c-4a7b-43af-8dc8-71ede178c6aa	III	8411639	L	1	-878	48
47459079-9fb1-42a7-a28f-2b6cf822a26f	III	8411843	R	0	785	2
47459079-9fb1-42a7-a28f-2b6cf822a26f	III	8411639	L	0	-11713	71
39a7025e-9827-4818-9c5f-9afabc0dc8a4	III	8411825	R	1	791	3
39a7025e-9827-4818-9c5f-9afabc0dc8a4	III	8411639	L	1	-11644	57
323f9840-8a50-4193-8860-bde34ec5a986	III	8411843	R	1	64	2
323f9840-8a50-4193-8860-bde34ec5a986	III	8411639	L	1	-11663	8
a356fd01-9b8b-4eaa-ae67-702303f23031	III	8411639	L	0	-11660	31
b020b287-6b90-4010-ab23-bcb8dd8196f8	III	8411843	R	0	776	2
b020b287-6b90-4010-ab23-bcb8dd8196f8	III	8411639	L	0	-11692	57
948b7ed8-3934-489b-9190-e7cdd5bf6f66	III	8411843	R	0	777	2
948b7ed8-3934-489b-9190-e7cdd5bf6f66	III	8411639	L	0	-11557	51
5cd4af9b-1506-45bb-a3d9-f8dd33360da2	III	8411843	R	0	788	2
5cd4af9b-1506-45bb-a3d9-f8dd33360da2	III	8411639	L	0	-11592	57
0a5dd199-e0dc-4d6b-9ebc-ea2fdad83091	III	8411843	R	1	768	66
0a5dd199-e0dc-4d6b-9ebc-ea2fdad83091	III	8411639	L	1	-11478	51
dbcde632-9155-47b3-9435-2e31e7cb2a5f	III	8411639	L	1	-11577	34
12216e29-bf72-4cbf-8ceb-63aed2b3a9ff	III	8411825	R	0	2511	69
5f2528a7-9bb5-4023-8206-8d7ce7b1b03a	III	8411829	R	1	2499	68
3cddaa38-5598-46cf-b82f-f64b704a539e	III	8411843	R	1	2480	141
864c219f-af9b-4448-adaf-3428e4ab2d2d	III	8411843	R	1	2497	122
8361ab3f-acdf-4ed6-ab21-59d93711562d	III	8411850	R	1	2436	35
2aa97fbb-0841-40dc-8223-4680093eebbe	III	8411750	R	0	861	3
2aa97fbb-0841-40dc-8223-4680093eebbe	III	8411641	L	0	-11523	41
012222df-da93-4dd8-a9b1-ba3c9e89c3d2	III	8411641	L	1	-8562	43
8a5a7f38-487a-46c7-9ec0-826c13a0a8a2	III	8411829	R	1	11580	7
8a5a7f38-487a-46c7-9ec0-826c13a0a8a2	III	8411642	L	1	-20878	89
b8777bef-edfb-484d-9d9d-96590c3e5ecc	III	8411644	L	1	-2290	12
f9f3c1cd-bf33-447a-ad1e-3ade8b3b2081	III	8411843	R	1	2508	109
2e1ea497-7a78-47d5-a290-c132a9bba3ca	III	8411651	L	1	-11631	119
5bf353e7-63f0-4f2e-a8d9-da4347cd646c	III	8411829	R	1	787	3
5bf353e7-63f0-4f2e-a8d9-da4347cd646c	III	8411651	L	1	-869	62
a9573cb4-db7c-4129-b7c4-7114d8cb7c57	III	8411655	L	0	-9783	146
38ed2fd6-c5e2-4a8d-9508-e9fb8a1a1729	III	8411843	R	1	765	2
38ed2fd6-c5e2-4a8d-9508-e9fb8a1a1729	III	8411656	L	1	-11576	46
891925bf-7458-4d87-b143-36bb1c3e6ced	III	8414821	R	1	11546	143
891925bf-7458-4d87-b143-36bb1c3e6ced	III	8414612	L	1	-764	2
5910449a-edd5-424e-acd7-adea03902818	III	8414821	R	1	869	44
5910449a-edd5-424e-acd7-adea03902818	III	8414618	L	1	-774	3
8c2122c0-a258-4bca-9363-fecb7cd30f04	III	8414821	R	9	8209	69
70739c22-7167-438b-baf3-d21950780bca	III	8414618	L	1	-2454	89
167a1fa7-9fce-49e3-97b4-e462058f3ffd	III	8414818	R	1	11594	59
ab863e44-34d4-445b-81d7-ed7315809ce1	III	8414821	R	1	9696	88
448c50bf-79d2-4378-b710-4b7b590ddb7b	III	8414820	R	4	10605	3
448c50bf-79d2-4378-b710-4b7b590ddb7b	III	8414618	L	4	-13627	88
0872ed59-e0ea-4380-9480-b9fd403c5218	III	8414618	L	1	-2501	93
223efef1-9a4b-4773-995d-1b8109a10828	III	8414821	R	7	9771	62
f03d9829-126b-4636-aef8-9a60dc18d02f	III	8414821	R	3	11454	205
88df4d4d-ca09-4739-a69d-baa730b16079	III	8414821	R	4	6305	78
88df4d4d-ca09-4739-a69d-baa730b16079	III	8414618	L	4	-784	2
d031e6c0-8fe6-4e26-9674-f18f27771092	III	8414821	R	2	11535	158
d031e6c0-8fe6-4e26-9674-f18f27771092	III	8414618	L	2	-777	3
e2e1782d-d8a3-4621-af18-f230a31f84d2	III	8414821	R	1	8752	66
e2e1782d-d8a3-4621-af18-f230a31f84d2	III	8414618	L	1	-762	2
8ebe5bb0-d2ca-41a1-a8e7-ee1d7cb44dba	III	8414821	R	13	11369	189
8ebe5bb0-d2ca-41a1-a8e7-ee1d7cb44dba	III	8414618	L	13	-769	2
9d4ab8c0-9bf0-42f7-8ece-5bbeb4cc1494	III	8414821	R	1	9066	145
2198a08c-7706-4d15-8c11-bff7d5d043ae	III	8414821	R	1	11556	83
2198a08c-7706-4d15-8c11-bff7d5d043ae	III	8414618	L	1	-779	3
f8036ffc-ccc3-460c-a4e1-e4d20cd81f59	III	8414821	R	6	11416	92
45df80e2-dc7d-4ef8-9366-d684840e8ad3	III	8414820	R	1	5598	3
45df80e2-dc7d-4ef8-9366-d684840e8ad3	III	8414618	L	1	-2488	38
fc73aaf6-acf5-4116-bdd8-72f01429abd1	III	8414821	R	1	9696	104
7c68105e-5610-4f48-9a19-82494890cafb	III	8414821	R	1	11624	78
7c68105e-5610-4f48-9a19-82494890cafb	III	8414618	L	1	-785	2
58c65f70-d4b6-49ab-a0af-c9d60c8518a8	III	8414821	R	1	11480	47
dda9d9d5-7691-4e58-830c-2a4d42d1429f	III	8414818	R	14	11576	106
dda9d9d5-7691-4e58-830c-2a4d42d1429f	III	8414618	L	14	-773	2
6c2d2db9-c6ff-4a0e-a885-b53fe2701f76	III	8414821	R	1	7638	125
ca8557b4-aeaa-4505-97e5-3675f4a7dcb9	III	8414821	R	1	20917	73
83b411d9-52bd-4e98-9b37-4a6fe506342b	III	8414821	R	15	9723	154
76ad4d15-e472-47d8-b08f-edda8d83b1cb	III	8414821	R	1	9680	50
76ad4d15-e472-47d8-b08f-edda8d83b1cb	III	8414618	L	1	-5488	19
c9ea7693-066d-4c29-a3f4-72d881c0a55d	III	8414821	R	5	2334	68
000fdc8d-2b78-4eb5-8693-18cf1a6084c6	III	8414821	R	13	11614	110
000fdc8d-2b78-4eb5-8693-18cf1a6084c6	III	8414618	L	13	-779	2
83546a79-a1a5-4be5-9366-6c0fb1b3a792	III	8414821	R	1	11545	112
60bf1311-150c-4beb-879d-949deed92b69	III	8414821	R	1	11533	69
60bf1311-150c-4beb-879d-949deed92b69	III	8414618	L	1	-759	3
369238fd-68cf-4cc9-8da7-1eb22312b1be	III	8414821	R	1	11602	87
369238fd-68cf-4cc9-8da7-1eb22312b1be	III	8414618	L	1	-779	2
771b549c-a0fe-455b-a609-13076c9699cd	III	8414821	R	1	11290	101
03f9876f-d1d4-4bbf-b2eb-b3bb0b9c90bd	III	8414821	R	2	11397	54
40492e78-65f3-424e-a8cb-8a5e1ef85164	III	8414821	R	1	11582	140
f4beacb8-794a-421d-bb17-8c0f47c2144f	III	8414821	R	2	9812	149
fba7611a-a57e-4e92-8f15-066783ca9634	III	8414821	R	1	11620	76
35667b12-6447-4f26-80db-52455ad72be4	III	8414821	R	4	6350	120
a1d8df07-ec5a-43eb-bbcc-8f481a4f611f	III	8414821	R	2	11611	116
a1d8df07-ec5a-43eb-bbcc-8f481a4f611f	III	8414632	L	2	-789	2
25486162-c110-4b54-9ff4-53a75f64f5cc	III	8414821	R	1	11155	51
25486162-c110-4b54-9ff4-53a75f64f5cc	III	8414632	L	1	-776	2
ea283695-4c71-4292-8d3c-64b8cb012e75	III	8414821	R	1	9714	89
be512568-c2bf-46ab-9f46-93a9c5b29f61	III	8414821	R	1	10484	130
be512568-c2bf-46ab-9f46-93a9c5b29f61	III	8414632	L	1	-774	2
9785fe68-5b27-463a-8819-33128c646c3c	III	8414821	R	1	11490	75
9785fe68-5b27-463a-8819-33128c646c3c	III	8414632	L	1	-800	3
e22a092a-96ff-4ea3-bb98-15c7a22e3d74	III	8414821	R	1	11584	83
e22a092a-96ff-4ea3-bb98-15c7a22e3d74	III	8414632	L	1	-789	2
66834006-8ac7-4c2d-ab23-14070a34b40f	III	8414821	R	1	11518	113
66834006-8ac7-4c2d-ab23-14070a34b40f	III	8414632	L	1	-785	2
5cd64d87-e45e-48ec-9098-ebcd31af6571	III	8414821	R	3	2397	108
5cd64d87-e45e-48ec-9098-ebcd31af6571	III	8414632	L	3	-783	2
4a63a3f5-dea3-4df5-b5e8-a0948863ea7b	III	8414821	R	1	11370	54
7ef372fc-0221-4aef-9d02-4c9ce2f842bf	III	8414817	R	1	11599	89
8a6b16ca-c346-481b-afc5-76570116efb8	III	8414821	R	8	11643	88
c17af7ac-dade-4658-bfa7-862b0912c449	III	8414809	R	1	11152	44
201ef2e4-03ec-4487-8900-37846a2095cd	III	8414821	R	1	11590	119
201ef2e4-03ec-4487-8900-37846a2095cd	III	8414636	L	1	-794	2
f91383c9-f87e-4e17-abed-6b32cd0773f9	III	8414636	L	1	-2508	38
761d0a7b-135e-4b8f-bf2a-d794c099a37a	III	8414821	R	1	4869	148
39d3858b-35e7-4b36-8b24-9cf16cf96ee0	III	8414821	R	1	11498	55
39d3858b-35e7-4b36-8b24-9cf16cf96ee0	III	8414636	L	1	-4814	2
14a2f142-d3ff-4f7e-a79f-05506a9c7155	III	8414821	R	1	11637	123
14a2f142-d3ff-4f7e-a79f-05506a9c7155	III	8414636	L	1	-793	2
8579bac1-c90d-418a-9295-009e575a50a1	III	8414821	R	8	11499	10
8579bac1-c90d-418a-9295-009e575a50a1	III	8414636	L	8	-779	3
6a03e249-d836-4799-aa84-f81119a0f106	III	8414821	R	1	11468	64
c190760c-fcc4-49b6-a67d-6d64a3b412c9	III	8414821	R	1	11635	35
c190760c-fcc4-49b6-a67d-6d64a3b412c9	III	8414636	L	1	-788	2
9ca2278d-9f11-40cc-874a-3d7de5755116	III	8414821	R	1	11361	90
8acd2575-0da3-4e8e-80bb-e7a73a68ca70	III	8414821	R	1	11550	124
d6dae1dd-fbdc-403b-81a9-1def2ce1e8ac	III	8414641	L	1	-13605	116
3fd57686-918d-4894-9a57-8246e76eadba	III	8414821	R	1	11693	75
8816a218-6159-47c1-9b17-9dbfa7ca894e	III	8414821	R	1	10119	58
8816a218-6159-47c1-9b17-9dbfa7ca894e	III	8414654	L	1	-785	3
6dfbf430-79cc-47ed-afe4-50e176c1c525	III	8414821	R	1	11603	97
6dfbf430-79cc-47ed-afe4-50e176c1c525	III	8414656	L	1	-817	3
62a524f2-7fab-4355-86ca-568e3d920977	III	8414821	R	1	11553	104
fa4d1d83-5d64-448c-a159-67eb028acc86	III	8414819	R	1	11277	67
d5440c3b-e9db-4880-bed4-f5d79761dd69	III	8414821	R	1	11444	77
d5440c3b-e9db-4880-bed4-f5d79761dd69	III	8414690	L	1	-837	2
67a994cd-0694-4172-bfee-4ebcae0698d7	III	8414821	R	1	11629	90
72ddfda2-c98f-4721-8d95-239103f37f1d	III	8414821	R	1	11455	35
86f6b538-f7d1-49f6-9f03-192e6972a0ef	III	8414819	R	1	30594	23
4064bed5-1f0c-45bf-8ace-4cd484800c53	III	8414821	R	1	11602	122
5e19471a-e177-4ec9-88b0-4179fe5796f2	III	8418745	R	1	782	2
5e19471a-e177-4ec9-88b0-4179fe5796f2	III	8418540	L	1	-11614	190
d8b47ed0-3765-4366-9cfa-11ee5791cade	III	8418730	R	1	787	2
d8b47ed0-3765-4366-9cfa-11ee5791cade	III	8418540	L	1	-11585	191
71db02b0-e00d-4f40-8931-f2ae67b2e876	III	8418540	L	1	-11597	167
bda1f9c6-e3a7-4738-a140-65f5bcf97251	III	8418540	L	1	-11643	167
97a2923e-4efc-4f4d-b1c5-87b5cfb539d7	III	8418540	L	1	-11600	139
68603b25-1ff5-47cf-8a31-aeadff5ed372	III	8418745	R	1	787	2
68603b25-1ff5-47cf-8a31-aeadff5ed372	III	8418540	L	1	-11985	157
6dce2292-a6d0-4a9c-b9b9-954d7c1c7ad2	III	8418540	L	1	-11752	88
987c3652-67fa-4fa7-8ca7-d1448b560d89	III	8418745	R	1	779	2
987c3652-67fa-4fa7-8ca7-d1448b560d89	III	8418540	L	1	-11632	114
0fa35d08-4a82-4e92-963b-1f63554d99be	III	8418540	L	0	-11567	173
1b15c26d-0440-4f8b-b9d5-4ce3e9cc2242	III	8418745	R	1	786	2
1b15c26d-0440-4f8b-b9d5-4ce3e9cc2242	III	8418540	L	1	-11716	101
1d7091ff-6aec-4001-bae8-9001d533ecc8	III	8418726	R	1	795	2
1d7091ff-6aec-4001-bae8-9001d533ecc8	III	8418540	L	1	-2381	96
44470af8-1334-4eec-9c3f-e854a6bdfd9d	III	8418540	L	1	-8991	67
b313ea92-db32-4cc6-9dc9-33ec21a9f1ac	III	8418716	R	1	798	4
b313ea92-db32-4cc6-9dc9-33ec21a9f1ac	III	8418540	L	1	-11425	75
0e02c185-0b31-40c1-9c5d-533e76b2065a	III	8418730	R	1	790	2
0e02c185-0b31-40c1-9c5d-533e76b2065a	III	8418540	L	1	-11569	77
55159d6d-b818-49df-9970-38470b827855	III	8418540	L	1	-11578	98
50139b8d-2ccc-47cf-9077-52c4743c1284	III	8418540	L	1	-11317	154
1ffa3202-2aea-4258-970b-dcbdac29eee2	III	8418540	L	0	-11588	66
7954eb54-f7f3-4591-9ddf-2f97636770db	III	8418730	R	0	787	2
7954eb54-f7f3-4591-9ddf-2f97636770db	III	8418540	L	0	-11349	50
8fb6071d-da27-436e-8db9-f090a6bac48b	III	8418540	L	1	-11638	119
afcdab33-1f7f-4c8c-82a0-39c6147bb4d4	III	8418745	R	1	784	2
afcdab33-1f7f-4c8c-82a0-39c6147bb4d4	III	8418540	L	1	-2397	117
d1e6129b-b7f4-46d6-941e-8d3ac098264d	III	8418540	L	0	-9708	48
b1b1d827-2dd5-4392-95c4-4b4efb1461b4	III	8418540	L	1	-11589	137
46917989-8ea9-4bc9-9691-c6754b4d978d	III	8418540	L	0	-6570	76
9e5d0fd1-6e9e-49bd-9a5e-1e08277f1315	III	8418745	R	1	769	2
9e5d0fd1-6e9e-49bd-9a5e-1e08277f1315	III	8418540	L	1	-11629	71
f1579478-a393-4a6d-bf6b-ee48ab2904c5	III	8418745	R	1	785	2
f1579478-a393-4a6d-bf6b-ee48ab2904c5	III	8418540	L	1	-11620	138
c7fa793a-0ee6-4f0f-b1ac-f05ad2bdbc6c	III	8418726	R	0	799	2
c7fa793a-0ee6-4f0f-b1ac-f05ad2bdbc6c	III	8418540	L	0	-11577	116
4b8d5dc4-9526-4bad-85c7-0c7376a3c34b	III	8418540	L	1	-11540	100
a3cf7116-22b9-4ca1-8631-9e64574eeacd	III	8418730	R	1	782	2
a3cf7116-22b9-4ca1-8631-9e64574eeacd	III	8418540	L	1	-6275	103
d772e347-b3e4-4ab4-98f0-8c201e09f00b	III	8418730	R	1	781	2
d772e347-b3e4-4ab4-98f0-8c201e09f00b	III	8418540	L	1	-12877	102
2b99be35-9846-43c1-8142-95638b9983ef	III	8418731	R	1	794	2
2b99be35-9846-43c1-8142-95638b9983ef	III	8418540	L	1	-11630	108
c3fc9fe8-4fe7-439f-9399-d44e6599f9e4	III	8418745	R	1	781	2
c3fc9fe8-4fe7-439f-9399-d44e6599f9e4	III	8418540	L	1	-11550	60
28b67886-d8c6-4094-857f-a5f81c6a3132	III	8418745	R	1	771	3
28b67886-d8c6-4094-857f-a5f81c6a3132	III	8418540	L	1	-11170	102
9c34ddfb-2d11-43ca-bb65-075a8ba91cf2	III	8418730	R	1	790	2
9c34ddfb-2d11-43ca-bb65-075a8ba91cf2	III	8418540	L	1	-11639	108
71d43cde-44aa-491f-bbef-dd6dcd913ee3	III	8418540	L	0	-6997	100
8199c60c-f51b-4c69-9cd6-48eb4d7baa9f	III	8418540	L	1	-11568	102
1cc46cf5-4391-498c-9c88-396bcc57c33e	III	8418540	L	1	-11572	96
88af5d3b-80ae-406a-9c68-77eb2c4df286	III	8418540	L	1	-2379	58
ac1ddc8b-7824-48fb-b645-f33d825c4289	III	8418726	R	1	779	2
ac1ddc8b-7824-48fb-b645-f33d825c4289	III	8418540	L	1	-11423	77
cc13cb65-38ce-4a6b-85a4-de42ee3b859d	III	8418745	R	1	776	2
cc13cb65-38ce-4a6b-85a4-de42ee3b859d	III	8418540	L	1	-11689	39
9838d415-36db-4a90-bd0f-a4d283a5457e	III	8418540	L	1	-9762	113
1544e634-4b43-44dd-994c-04e7ad1b860d	III	8418540	L	1	-11484	89
50791c29-f982-4919-8367-fd8753012643	III	8418731	R	1	788	2
50791c29-f982-4919-8367-fd8753012643	III	8418540	L	1	-11607	93
d1753c83-1b17-4ee3-a551-c3466d873972	III	8418745	R	1	780	2
d1753c83-1b17-4ee3-a551-c3466d873972	III	8418540	L	1	-11572	102
c20d1831-3cef-48f8-8935-31ad43a43982	III	8418730	R	1	800	3
c20d1831-3cef-48f8-8935-31ad43a43982	III	8418540	L	1	-11637	81
9153d3a9-056f-478c-ae2f-f816b21636e8	III	8418751	R	1	770	2
9153d3a9-056f-478c-ae2f-f816b21636e8	III	8418540	L	1	-11475	54
cdf8e7ff-fbef-4942-8ffa-24840376389d	III	8418750	R	0	7701	43
cdf8e7ff-fbef-4942-8ffa-24840376389d	III	8418540	L	0	-243	2
3d7a05b7-cb6b-4330-92b7-48031283b1f9	III	8418540	L	1	-11480	79
feda3875-67c1-4601-be4d-3f2d3ffa236e	III	8418726	R	1	784	2
feda3875-67c1-4601-be4d-3f2d3ffa236e	III	8418540	L	1	-11620	67
3135e26c-2484-485b-8635-b809af263a62	III	8418745	R	1	773	3
3135e26c-2484-485b-8635-b809af263a62	III	8418540	L	1	-11604	77
40b9cc1c-e185-4bf8-b294-cc9466b9f028	III	8418763	R	1	20365	145
6c49429f-573c-4d51-afca-68f477874125	III	8418745	R	1	791	2
6c49429f-573c-4d51-afca-68f477874125	III	8418540	L	1	-11622	34
d29244ea-9479-447c-9d61-1543181273e9	III	8418540	L	1	-11637	86
5213eb0c-591c-43cd-a59f-a638977aef76	III	8418540	L	1	-9772	123
1c92429c-6104-43f8-b656-f942ed787359	III	8418745	R	0	782	2
1c92429c-6104-43f8-b656-f942ed787359	III	8418540	L	0	-11707	61
2b1cd938-3bdc-4f7e-b368-747127cb5d2f	III	8418745	R	1	773	5
2b1cd938-3bdc-4f7e-b368-747127cb5d2f	III	8418540	L	1	-11626	65
f5c3a533-003f-4931-804d-f241292eebee	III	8418745	R	1	782	4
f5c3a533-003f-4931-804d-f241292eebee	III	8418540	L	1	-11628	56
3a27aeb0-d3c4-4efb-a0fa-0e317e1b4796	III	8418540	L	1	-11591	36
47c99dc2-bc12-4c47-90e9-a9e6f9ab31bb	III	8418745	R	1	777	2
47c99dc2-bc12-4c47-90e9-a9e6f9ab31bb	III	8418540	L	1	-11627	58
091a5ee3-33eb-4861-8ee1-b1e3181c5882	III	8418540	L	0	-9727	62
6036dd97-9955-4e39-8d9c-88b99fc4fccb	III	8418745	R	1	785	2
6036dd97-9955-4e39-8d9c-88b99fc4fccb	III	8418540	L	1	-11511	60
ebcf1507-4615-47b2-a73d-9c021698ac17	III	8418540	L	0	-11461	33
9cd2466c-6d3f-4e25-9d22-c2dea597dca4	III	8418540	L	1	-11528	30
27bd71f2-532a-4f74-80c6-e75d104cd2de	III	8418745	R	1	769	2
27bd71f2-532a-4f74-80c6-e75d104cd2de	III	8418540	L	1	-11657	43
e3880a62-1a34-47cb-a8e1-63fa46939463	III	8418745	R	5	771	2
e3880a62-1a34-47cb-a8e1-63fa46939463	III	8418540	L	5	-11679	30
5575d00e-7456-4224-948a-2a697bf23bf9	III	8418708	R	0	810	3
5575d00e-7456-4224-948a-2a697bf23bf9	III	8418540	L	0	-10971	41
6739989a-4e63-431d-8495-50e36d40248b	III	8418745	R	1	771	2
6739989a-4e63-431d-8495-50e36d40248b	III	8418540	L	1	-11529	51
d60de9ce-73b6-4162-a606-8fa7db7a5326	III	8418540	L	1	-11534	44
2db0e020-5dbe-4cc9-8c74-183961cc3188	III	8418730	R	1	2496	70
1367452f-f3a1-43d7-a4bc-f8dce9e0a22f	III	8418745	R	1	13595	55
c92099d8-2b9f-408d-ba0e-1f4bf917d3b3	III	8418730	R	0	2506	38
d6028415-fba1-4ad0-aeb2-3093e7fcd2bf	III	8418723	R	0	13693	40
be2d8208-0eb5-4ab1-ad40-bb01faa0ead5	III	8418724	R	1	2525	168
2c0b21fb-c306-40a2-b050-1658d5ada7aa	III	8418745	R	1	2479	77
230df84c-7060-4754-b3ce-5e36d0226b18	III	8418542	L	0	-33455	36
17c763ef-27fb-42da-afc2-f3aa2a8d0223	III	8418543	L	0	-8098	47
0fc0d1f3-8198-4dee-bad6-44732c95e4f7	III	8418745	R	1	762	2
0fc0d1f3-8198-4dee-bad6-44732c95e4f7	III	8418543	L	1	-11591	28
07103bdf-bd01-4579-bae9-cec62512a286	III	8418745	R	1	2483	82
006a633e-12fc-4b04-af63-6520a0247f3f	III	8418544	L	0	-6227	35
7c21de24-8045-4171-9407-f64865f3ffc7	III	9392758	L	15	-19941	52
b3a48214-9145-40cc-bd78-bf51e2a18996	III	9549742	R	1	29050	93
53757b4d-0822-40c0-9145-7e9e88f79f7b	III	9557852	R	1	17627	66
863d078c-8362-4bdc-bbc0-d886ca55317d	III	9563804	R	4	4038	88
863d078c-8362-4bdc-bbc0-d886ca55317d	III	9561936	L	4	-20817	11
2dd3966e-9703-49d8-9845-a00048413d8a	III	9563907	R	7	3893	49
4a84ec4b-0e1a-49c7-b465-8a61ed134892	III	9563832	R	9	12428	61
f1ddb4be-ef2e-40fe-aec3-264d43394ea9	III	9563907	R	13	3898	37
f1ddb4be-ef2e-40fe-aec3-264d43394ea9	III	9561943	L	13	-1172	2
08397a8b-1654-47ca-a433-0b8e78f76b8e	III	9563783	R	22	12483	31
74513421-6df3-4cab-a3b1-e9b25860a63f	III	9563907	R	2	3883	37
74513421-6df3-4cab-a3b1-e9b25860a63f	III	9561943	L	2	-1918	2
e6c03633-be6a-4dcc-b10a-0c580decb9bb	III	9563291	R	1	7088	155
7a2f5c3b-7b13-4202-b6a3-cd2e6afc1072	III	9563804	R	4	4043	44
dd791176-45ae-4baf-9aa9-7131ec45e2d1	III	9563804	R	7	4030	44
989f3ca9-d093-43f1-bd68-10ae0a288c51	III	9563277	R	2	4561	46
6bf34d02-322e-42ee-8885-a62cb4e92e17	III	9563797	R	2	4059	77
9e3a01fc-5916-4f94-b4ea-6253a3cf77e6	III	9563833	R	1	3690	45
9b4c15c7-3b7f-4adf-b199-e8e85fdd67d4	III	9563783	R	7	12507	50
643ad8fc-06aa-4c32-829b-dc8c6c92e8e6	III	9563804	R	10	4036	70
401b87d7-9032-4282-a5bf-ba7922696f47	III	9563797	R	7	4049	55
841e1998-9351-44a3-a2a5-b5b70f10929f	III	9563907	R	13	3893	40
a6a53632-24d7-48dd-807c-51b8f5ec34b7	III	9563771	R	9	4065	42
3b57a149-9b09-4e6e-b896-1b0c94f963f1	III	9563907	R	5	3872	40
3b57a149-9b09-4e6e-b896-1b0c94f963f1	III	9561943	L	5	-1934	3
0de3b06f-3f98-4710-9181-3e361aa3a838	III	9563907	R	12	3913	28
c18580a0-7abf-4e38-83a2-e1d2ef8eb4a4	III	9563907	R	2	3924	92
c18580a0-7abf-4e38-83a2-e1d2ef8eb4a4	III	9561943	L	2	-20417	2
a1bd9622-691d-433e-b0b3-ad8ed8d05cd2	III	9563454	R	1	4348	43
d19132a4-570f-4345-afc3-c49bd2356d92	III	9563907	R	11	3903	60
06091de6-d75c-41e4-90f4-81b189dd99aa	III	9563909	R	3	3927	48
5a74df16-752b-4138-b71f-c9c37b66afe7	III	9563804	R	6	12426	27
c76ce810-65d6-4558-aa04-b6b33102c923	III	9563907	R	2	3900	59
c76ce810-65d6-4558-aa04-b6b33102c923	III	9561943	L	2	-18005	3
0921892e-1ca4-4f52-9d0c-f25269444ad5	III	9563907	R	14	3894	37
0921892e-1ca4-4f52-9d0c-f25269444ad5	III	9561943	L	14	-18015	3
fb9dff39-4a4c-4495-88e2-1359027afaf5	III	9563907	R	10	3894	42
fb9dff39-4a4c-4495-88e2-1359027afaf5	III	9561943	L	10	-14485	2
66433eeb-c554-485f-8a6a-8043250bb964	III	9563907	R	12	3898	62
15bf8fa4-1a48-4c10-83f1-820414a31742	III	9563907	R	1	5740	40
2e7c95fb-5626-4ae8-9dd7-5c00113680fc	III	9563783	R	4	4048	81
b2a5e2e1-c876-43ed-acfa-602156454981	III	9563907	R	9	3903	30
9acd64a2-e28d-4c84-8ccd-ae3837e71119	III	9563782	R	10	4022	43
d5e0fbc3-76d9-4758-a5f4-b7efacd66ba4	III	9563797	R	1	4006	45
d5e0fbc3-76d9-4758-a5f4-b7efacd66ba4	III	9561943	L	1	-10674	7
2b70606f-fec7-45b5-a338-210a6af28e95	III	9563907	R	8	3874	74
2b70606f-fec7-45b5-a338-210a6af28e95	III	9561943	L	8	-18007	3
0e87d451-cb6c-48a5-b7a3-a9c0bad64832	III	9563907	R	11	3858	28
c216e50b-08cb-4e12-b5dd-9eac384fb34b	III	9563804	R	14	4030	16
164c8086-5ea1-4d8c-912a-5c60b5f8bbc1	III	9563804	R	7	4003	54
208595ca-0883-4719-863f-325caa7ec3a0	III	9563783	R	5	4057	57
f15dc050-3016-4165-83b9-c1ffeb42e1c2	III	9563907	R	2	3920	38
158e4b79-6ec2-4e45-9f96-121085682720	III	9563771	R	18	4076	44
050d8e62-dc3b-419a-be42-d9f5a5dc7508	III	9563783	R	15	12533	36
6c308d67-0caa-4ab6-b1c8-dbafe6eff623	III	9563790	R	4	3990	45
79ba2164-a0f0-4133-9520-0db8b388ac47	III	9563796	R	12	4005	29
c97fb3ab-3fbb-4e45-8383-a7ad9c61c45a	III	9563907	R	12	3922	63
976d2868-c0b5-4092-b60a-fa8325bb7de7	III	9563832	R	4	12512	40
55331a56-0f1e-4ed2-90c7-1d5042ed3a6b	III	9563797	R	7	12291	32
9d327a69-1fcf-454f-9e42-7f6391da8c67	III	9563907	R	13	3872	41
509e0e0f-ce6c-496f-be0d-41aeecb4557c	III	9563804	R	12	4085	55
381e2a36-f538-4b6c-84d9-c40510f315eb	III	9563291	R	3	4461	54
3677aee7-439c-4a55-9b9d-506aaaa59bd9	III	9563797	R	5	4065	40
3677aee7-439c-4a55-9b9d-506aaaa59bd9	III	9561943	L	5	-18003	3
f85522a4-dd82-4349-9c3a-a931f8cde6b5	III	9563804	R	7	4076	70
01e9a5da-3473-452c-a1fe-cd03b40b3711	III	9563769	R	3	4036	49
01e9a5da-3473-452c-a1fe-cd03b40b3711	III	9561943	L	3	-14301	2
b54438aa-d7f5-4520-9c78-dd116ca9a76d	III	9563291	R	9	4528	43
66e7880a-9d81-4041-8218-c45e386baa48	III	9563907	R	3	3901	22
66e7880a-9d81-4041-8218-c45e386baa48	III	9561943	L	3	-17963	2
ff6d66df-726b-4a28-9ce4-8acfe3bcb4e5	III	9563832	R	5	3974	45
3eb53c2b-3577-4182-aa48-cdb11afeeba6	III	9563291	R	12	4520	40
3eb53c2b-3577-4182-aa48-cdb11afeeba6	III	9561943	L	12	-4824	2
48a72beb-9724-4630-9c98-20c2031a5581	III	9563291	R	2	12939	37
bb5f7e0b-6862-4fa4-ab91-c0737ab9069b	III	9563907	R	1	3908	44
c11f0bfd-8f6d-418f-a658-dba1cf9283d1	III	9563907	R	8	3868	62
193a6db3-6a8b-4959-b104-c301b05db280	III	9563780	R	17	4032	30
817a4331-4248-4c3c-a79a-cb8416c28346	III	9563783	R	10	4066	40
80a2653a-c395-4e83-b8f7-3c46f589c367	III	9563797	R	5	4050	50
73454f4d-addb-41bd-8ee3-b574024493fa	III	9563783	R	11	4078	56
80dd2afe-058e-4154-a9b3-8df2978d293a	III	9563832	R	9	12411	32
80dd2afe-058e-4154-a9b3-8df2978d293a	III	9561943	L	9	-17828	3
945af9c0-ae4b-444c-9c5b-a1f737db8e6c	III	9563797	R	1	4061	30
1895e6b7-630a-46c2-9bc2-4a8e8f07d26b	III	9563804	R	1	4034	48
5b9af04f-3bd1-4153-9851-4273dfcbbe06	III	9563804	R	4	4061	208
69491a39-5d68-463e-8c58-99209a241e99	III	9563832	R	7	3997	205
69491a39-5d68-463e-8c58-99209a241e99	III	9561943	L	7	-17970	4
8d3510de-9049-4b28-a6d3-20228735fbe5	III	9563291	R	6	4588	210
8ba0f0a3-fe56-42c3-9c1e-041a904e4545	III	9563783	R	1	4054	201
7b897b7e-f749-4d63-a191-bff551eb3115	III	9563783	R	3	12429	168
29ed1d26-067e-4e4e-8b13-45cafc457bb1	III	9563783	R	1	4047	213
763535b2-4ece-4698-b27e-70e6de7bbe2a	III	9563666	R	1	12683	206
763535b2-4ece-4698-b27e-70e6de7bbe2a	III	9561943	L	1	-5708	4
bedcccba-373c-41d6-84d4-d7228d210bfa	III	9563832	R	6	4009	90
f29a4ca6-f589-46c5-bbde-2239b9f731f2	III	9563797	R	4	2327	91
f29a4ca6-f589-46c5-bbde-2239b9f731f2	III	9561943	L	4	-11072	3
3b4ee0f6-4918-4beb-a370-081494cf86b7	III	9563906	R	4	3855	95
3b4ee0f6-4918-4beb-a370-081494cf86b7	III	9561943	L	4	-17934	3
31d50322-78fa-4b4f-aaf8-b81750986141	III	9563836	R	12	12432	117
9c18c08a-bca1-48fe-8552-13aa208be79c	III	9563291	R	9	4576	125
0ee80046-de8c-44c2-aedf-e5e66052dc8b	III	9563804	R	10	4044	185
dd0991e8-9dc5-4f47-bfec-51c6a7015d3a	III	9563907	R	1	3913	165
25991f85-348c-41a3-8af7-51bdfd593535	III	9563666	R	6	4201	153
25991f85-348c-41a3-8af7-51bdfd593535	III	9561943	L	6	-6118	3
1b9d7321-1985-458b-8fab-bbffb2617091	III	9563804	R	1	3989	181
36db5550-d3a3-441c-99aa-9dee1fce18a6	III	9563907	R	1	12327	173
1b899122-f9f4-42ee-855d-41a340933e6e	III	9563908	R	7	12231	109
84e2fa10-561a-4352-ae3b-5bdee9834e7a	III	9563804	R	2	4037	137
4c6c77a3-2410-4400-a2ca-5e7a4bcd2b8c	III	9563291	R	1	2331	159
aa808583-9451-48bc-abda-f0f7dd213549	III	9563783	R	3	4020	180
47816131-7225-438a-9da7-5b73398816d1	III	9563832	R	3	4006	97
c10b2c37-9139-4f2a-b42e-33fb85a6986b	III	9563790	R	7	4060	136
e838ccfd-c19b-4a9c-ae4b-b76d84454a65	III	9563832	R	5	4003	95
7c7f997e-0c68-4428-af55-d90ccd674059	III	9563832	R	11	3959	141
7c7f997e-0c68-4428-af55-d90ccd674059	III	9561943	L	11	-3361	5
cde853c9-0525-4770-ad10-fc776fad82af	III	9563804	R	1	2985	156
9e7b68f8-3a49-4947-a63d-fe23e0d1410c	III	9563804	R	1	4019	76
9e7b68f8-3a49-4947-a63d-fe23e0d1410c	III	9561943	L	1	-3337	2
4df55de1-acb3-4056-9672-f511c46671e9	III	9563783	R	6	4070	98
ed5ebda8-1b57-4e93-935c-e530d7e748de	III	9563291	R	3	10225	150
6c887c4f-af6a-4fab-8c29-4befccf451b5	III	9563906	R	10	3863	84
6c887c4f-af6a-4fab-8c29-4befccf451b5	III	9561943	L	10	-3346	4
58f0df95-bd89-4537-a763-0d2ccc8dff64	III	9563770	R	3	3988	60
ce8d9f9f-69fc-4e47-a047-44de50ecde40	III	9563832	R	6	4001	121
8bcb83d9-5d0e-427c-905a-c1190f85e41b	III	9563657	R	8	1394	36
8bcb83d9-5d0e-427c-905a-c1190f85e41b	III	9561943	L	8	-18001	19
3e13cde1-783e-4d3b-ac72-3134a8e5f19b	III	9563804	R	7	4029	171
3e13cde1-783e-4d3b-ac72-3134a8e5f19b	III	9561943	L	7	-11240	4
14bf41e1-d180-4717-8dc6-c3803baa789a	III	9563804	R	3	1497	101
8f95bf5d-f396-403b-b826-b811bfdef310	III	9563283	R	1	4568	107
008a2ac2-6ee4-4ea6-8b23-c62bdc105930	III	9563783	R	15	4053	179
008a2ac2-6ee4-4ea6-8b23-c62bdc105930	III	9561943	L	15	-11164	5
65a5bf4c-7fff-4079-9608-184b9ed03189	III	9563804	R	3	4036	152
65a5bf4c-7fff-4079-9608-184b9ed03189	III	9561943	L	3	-17977	2
8d38409b-6c3f-491e-a177-5c77a327224c	III	9563907	R	1	3895	162
8d38409b-6c3f-491e-a177-5c77a327224c	III	9561943	L	1	-18012	3
c352d4fb-985b-4740-b6e5-a4df0b3be6a3	III	9563804	R	8	4014	109
7cd4c0f3-d7a5-4c0d-a626-ac527500e60f	III	9563804	R	3	4033	175
90fb13c8-f7e3-4ebc-8e26-e754441c76b5	III	9563832	R	6	4032	130
5abf6f0d-9ae9-44fc-b38a-02876f0b91d4	III	9563907	R	4	3920	154
46ae3c73-e919-4911-9878-fe1838c5b2ba	III	9563907	R	26	3921	179
b05673a2-73e1-497c-8d14-5ca8714b75fe	III	9563783	R	10	12535	137
3da6b2d1-f90d-436e-8cf1-e6382d61b565	III	9563832	R	5	4024	113
5b8c4beb-822a-43b1-b08c-34904140b4dd	III	9563804	R	5	12452	82
5b8c4beb-822a-43b1-b08c-34904140b4dd	III	9561943	L	5	-6192	3
3f72fbdd-0218-4438-856b-964fd2591f82	III	9563789	R	8	4054	171
71ffb5ad-143c-4a02-b4e8-6c453a08e633	III	9563654	R	9	4156	171
71ffb5ad-143c-4a02-b4e8-6c453a08e633	III	9561943	L	9	-965	6
5e679228-2c85-484f-a2e7-176e81a8ea01	III	9563804	R	12	4033	158
48083f3f-f368-43b2-bb28-ad35e8b3d49f	III	9563832	R	8	5238	140
3cb2eb17-d111-4c07-9f12-a21bb1795f22	III	9563783	R	1	4051	134
c378c899-9061-47cc-af4e-6ab3fc07d28e	III	9563789	R	1	4048	157
b5bbdf9c-6977-4aec-993a-1dda96199cf2	III	9563804	R	1	12395	102
fed8889e-9ac3-4b53-96d9-c35d6dcd4505	III	9563832	R	9	3981	94
8b3037a3-26d3-4bc7-968e-a4de9ec3e177	III	9563804	R	3	4042	94
8b3037a3-26d3-4bc7-968e-a4de9ec3e177	III	9561943	L	3	-18142	2
ec2be95c-4c89-4ccf-b128-c34fe16e9d83	III	9563832	R	1	3966	109
eb939dcc-b37b-4ddc-91e2-fe8c790dedf9	III	9563832	R	1	3957	132
2a3de2a2-c80d-452e-8581-5699ea62ca0a	III	9563804	R	5	1001	103
2a3de2a2-c80d-452e-8581-5699ea62ca0a	III	9561943	L	5	-17938	5
d9311f74-bf55-42c3-ad3a-028522f49a2c	III	9563783	R	14	4051	132
b9bf57f8-f4e6-47f2-9a31-5a95a44df26a	III	9563804	R	3	4032	135
2c7c7158-d63c-4df4-99f2-23b9334fc283	III	9563783	R	4	12535	121
c79520cf-a0b8-47b6-95f5-c5e83e8f8b89	III	9563804	R	14	4061	136
a9e571df-1c8a-4813-893e-8171c9da4fa5	III	9563832	R	6	4020	56
a9e571df-1c8a-4813-893e-8171c9da4fa5	III	9561943	L	6	-3355	3
59093781-8e2c-4198-b7b5-6af418fd5c39	III	9563755	R	3	4134	139
1aefa7e1-cece-4003-86e6-9513dbfaa73e	III	9563907	R	3	3895	134
4dcce3bf-40f8-40d1-8271-5f42c581962b	III	9563783	R	3	2991	136
deaac4bb-87d2-4c26-b01b-35c13245a107	III	9563804	R	2	4030	158
59802092-75a6-482a-b327-167b2e085075	III	9563832	R	2	3990	136
fa3978b4-d0f2-436c-9102-df7af95030fa	III	9563804	R	3	5276	139
fa3978b4-d0f2-436c-9102-df7af95030fa	III	9561943	L	3	-18019	2
c0ca0565-83f3-4e41-af93-e4bf7040a9a7	III	9563804	R	1	4036	111
1f390b4b-12fb-46f4-b352-bb1b8c493aa5	III	9563907	R	1	3890	108
2385397f-fc79-449f-a373-928580282bda	III	9563907	R	10	12356	30
360f5d82-6674-45b8-a0d6-5e085a1d44be	III	9563804	R	4	4040	92
682aa0c1-a3d4-4ff7-940e-0801c69f0136	III	9563804	R	3	6083	57
df189d5d-22b4-4ff7-b9fc-c56496d8c7f0	III	9563907	R	14	3915	125
66407004-87a2-4422-a043-9739c0e0fe34	III	9563783	R	4	4074	93
66407004-87a2-4422-a043-9739c0e0fe34	III	9561943	L	4	-13455	3
ca106723-0a66-4cb6-a09a-77246419beec	III	9563804	R	1	4034	114
ca106723-0a66-4cb6-a09a-77246419beec	III	9561943	L	1	-10172	2
dc02ab9a-d7da-47a2-b821-7cc21d73e0b7	III	9563907	R	13	3906	106
7104f4f8-f1be-4883-a5ba-32aa64fc4b8b	III	9563636	R	8	12718	126
0740b144-a1f1-49d3-8660-cf9f9a4c429c	III	9563804	R	9	4049	41
f89d5821-efab-4b08-b622-1b3a06f5c104	III	9563832	R	6	3970	118
198106a5-4f9c-4c2b-981e-b8ec19f951c0	III	9563907	R	28	3873	85
09c272cf-e81d-413a-9c51-ddc8b1e48119	III	9563291	R	5	4500	77
b3c4fb1c-6e90-43a1-924b-bbca58ba1b9c	III	9563907	R	5	3905	94
88597038-41c4-4561-89aa-ae2e30bad66c	III	9563907	R	12	3896	95
4f037580-04b1-4c7d-a931-ed4aae2d824d	III	9563832	R	3	12466	117
7fb21457-7cfb-4eea-956c-3fb46872f0ee	III	9563657	R	7	4242	76
7fb21457-7cfb-4eea-956c-3fb46872f0ee	III	9561943	L	7	-18015	2
b5b13910-d136-49c9-bff7-aea289f1a229	III	9563804	R	3	4040	112
b5b13910-d136-49c9-bff7-aea289f1a229	III	9561943	L	3	-20538	2
c99a0825-8fba-45ee-92ab-64bd07407602	III	9563804	R	2	4041	153
66761b2b-9127-4663-8ab3-33b6bd2bc94b	III	9563804	R	3	4015	97
66761b2b-9127-4663-8ab3-33b6bd2bc94b	III	9561943	L	3	-18000	4
a648a3bd-9923-4a00-8004-8860fd6306ed	III	9563804	R	1	12319	123
a648a3bd-9923-4a00-8004-8860fd6306ed	III	9561943	L	1	-17865	2
7a3f9ca2-a3e1-4388-86e8-50f079d83260	III	9563804	R	2	4028	123
6cc4d95a-122c-4c1e-9277-36a9c6924834	III	9563832	R	14	4019	80
a9670584-d163-4409-af33-26709f1164ec	III	9564526	R	1	3286	70
24ae9365-9d12-406c-be61-90b50c4424df	III	9563907	R	3	3884	140
10ad7060-32e4-4313-aa2c-1cd39f551ca0	III	9563291	R	4	4537	63
796be1b5-2d1d-4cf2-85a5-1ccafd9c3912	III	9563832	R	10	4003	65
c478843d-1984-4bc4-a0f2-bbfcb454da5d	III	9563291	R	1	12907	73
6fc463c0-bb93-4088-a781-c487cf6b178c	III	9563657	R	2	12573	92
9042ec81-4362-4854-8d7e-60c5267da6ed	III	9563832	R	3	3982	61
938556c2-ea2a-46e5-9875-241180fffd28	III	9563804	R	17	4055	107
938556c2-ea2a-46e5-9875-241180fffd28	III	9561943	L	17	-17877	4
28a67fda-9cb0-46b8-a43b-1655acaa8680	III	9563666	R	3	4186	102
28a67fda-9cb0-46b8-a43b-1655acaa8680	III	9561943	L	3	-17887	3
09bd210e-9005-46ec-a883-b0f2240c9076	III	9563828	R	2	4018	119
09bd210e-9005-46ec-a883-b0f2240c9076	III	9561943	L	2	-17995	3
d49e7819-7029-4974-adb8-78dc57f18e97	III	9563832	R	1	4015	116
d49e7819-7029-4974-adb8-78dc57f18e97	III	9561943	L	1	-17890	2
602d812a-5e6d-41e1-b17c-4eef20a16033	III	9563804	R	6	4048	119
d17215f6-0729-4f4f-b26e-8457dd1e874d	III	9563804	R	6	4033	111
e94cb5f6-37e0-40e5-8451-6ebb9fa78121	III	9563804	R	7	3998	118
e94cb5f6-37e0-40e5-8451-6ebb9fa78121	III	9561943	L	7	-17969	2
9876151e-8bed-4c81-97f2-88f6b90a0559	III	9563290	R	1	4493	118
9876151e-8bed-4c81-97f2-88f6b90a0559	III	9561943	L	1	-17860	2
c974b3c0-cbaa-4a58-8375-67b04e835824	III	9563780	R	2	12282	40
05b39a39-0936-4941-bf18-fe7bb563062f	III	9563907	R	1	3883	119
633dfc97-60b5-408f-9693-667f984134a1	III	9563832	R	7	4004	76
a303449c-1117-4836-b2be-83aed97bfcb5	III	9563804	R	4	12483	68
a303449c-1117-4836-b2be-83aed97bfcb5	III	9561943	L	4	-18073	4
83d9b498-e3ee-4272-8d9d-8b09ab07a003	III	9563782	R	6	4075	103
8dc1cf9b-d682-4e3f-bf6d-750ba04d15ee	III	9563783	R	6	4042	46
0d1b6523-a4d5-4993-99a3-9a13f2815234	III	9563907	R	7	3912	108
970dab61-ad3d-4940-9cbf-4a24f481f590	III	9563907	R	1	12332	94
5167479a-2556-4d13-8f84-eb2e2f094588	III	9563907	R	15	3910	62
0f76b553-0fe6-4715-b7c0-18970ece11e5	III	9563666	R	4	4220	47
5dbf92d8-90c5-4af3-a603-d227b9d51f0c	III	9563291	R	3	12548	87
a4fe12ff-3586-4070-acb0-89ad77a21a3b	III	9563780	R	11	4100	97
39f15ad9-dd6a-434f-bd1c-60981a2c3d36	III	9563804	R	15	12393	22
d6bc24c1-710e-4939-b0c3-ce2152bb260c	III	9563832	R	35	3990	80
d6bc24c1-710e-4939-b0c3-ce2152bb260c	III	9561943	L	35	-5579	2
6de221f8-6f33-4829-8671-b11a895f3698	III	9563907	R	9	3898	41
6de221f8-6f33-4829-8671-b11a895f3698	III	9561943	L	9	-14521	8
aa8d19d5-4364-4923-8914-af3f6bde351a	III	9563832	R	6	3989	78
fdbca7b8-72f4-4ab7-bc14-bf27f3532887	III	9563666	R	10	4193	40
3fa9a907-f4df-414c-a241-1db8a8377d14	III	9563666	R	6	4187	54
af8ed146-dddb-4bb8-87d5-cb1630c5dc8e	III	9563804	R	5	4019	64
cafca014-82a9-4e7d-8fcc-32959e7c31d7	III	9563804	R	1	12446	80
cafca014-82a9-4e7d-8fcc-32959e7c31d7	III	9561944	L	1	-17947	3
6ee12980-4b84-4cf3-96df-8434cccdb600	III	9563832	R	5	4007	71
a9cce420-17ef-43ff-9a6e-1a797d923492	III	9563291	R	21	4520	40
a9cce420-17ef-43ff-9a6e-1a797d923492	III	9561945	L	21	-8842	3
16c2c699-8e4e-4dd3-bdde-3522f3455a9f	III	9563832	R	1	3997	130
16c2c699-8e4e-4dd3-bdde-3522f3455a9f	III	9561945	L	1	-1012	2
089bbadd-d8bd-4a52-972c-6396c6a6db70	III	9563907	R	5	3885	166
089bbadd-d8bd-4a52-972c-6396c6a6db70	III	9561945	L	5	-1408	2
7ea86f59-b670-4eb4-9d84-e38183db5aa2	III	9563657	R	3	4212	138
963802af-89f3-44dc-983f-75dcc68d3864	III	9563666	R	1	4213	131
b6c4aca2-94f2-4b2c-b79d-785c13e857b4	III	9563907	R	2	12381	104
b6c4aca2-94f2-4b2c-b79d-785c13e857b4	III	9561945	L	2	-13623	4
74a79563-19e4-4d95-bc07-e399718e5fdf	III	9563666	R	1	4227	128
74a79563-19e4-4d95-bc07-e399718e5fdf	III	9561945	L	1	-20460	2
39e37dc5-2cd9-4209-89e7-d67e006d98ea	III	9563783	R	1	4047	100
b7ed8b7a-d56b-4dad-88ec-a5591d401b27	III	9563907	R	3	2848	97
a6db7074-d682-4188-8975-ed2663180321	III	9563804	R	2	4045	42
c593e590-1b64-49e2-a55c-c8552412795d	III	9563299	R	6	4508	62
e2fed408-28f8-4d5a-9a72-ef0711c2da14	III	9563783	R	4	4058	46
e2fed408-28f8-4d5a-9a72-ef0711c2da14	III	9561945	L	4	-4271	4
602f2512-0879-46d4-ba89-e21655d574b5	III	9563910	R	3	3868	39
059c5fb7-f075-4508-92c8-d0a85fb67cb9	III	9563783	R	3	4058	110
059c5fb7-f075-4508-92c8-d0a85fb67cb9	III	9561947	L	3	-6531	7
03196e12-90a8-4a11-b866-9bfd47744b15	III	9563828	R	1	3944	75
1ff9abd2-eb45-4fbd-9b20-16842a792a1f	III	9563907	R	3	3895	93
5fa47ef8-115e-459e-8356-e3956544c68a	III	9563907	R	17	3902	57
9ef63009-8233-48ae-a0c3-c54a839df46f	III	9563832	R	3	5617	29
9ef63009-8233-48ae-a0c3-c54a839df46f	III	9561971	L	3	-13796	4
d645f5c1-0d37-4d08-9052-f79f20bc9e61	III	9563832	R	8	12315	40
d10ed53d-af12-40c8-ae7e-160e64e9a7c8	III	9563783	R	4	4037	90
53e35b2b-a619-43ff-9271-7f34a61fb311	III	9563907	R	3	3900	51
57ea12a4-1360-4122-a7d0-e5434f3d755a	III	9563907	R	6	3877	188
57ea12a4-1360-4122-a7d0-e5434f3d755a	III	9561971	L	6	-4298	5
fb371911-8360-4707-8556-bf0fea642226	III	9563783	R	1	4033	195
fb371911-8360-4707-8556-bf0fea642226	III	9561971	L	1	-18029	2
c87a0006-4635-4586-bc6c-f0e6a93aafca	III	9563783	R	2	12528	119
56deec36-cd38-459a-8b2d-dc88f9a8973b	III	9563832	R	7	12440	126
f42bab4f-f460-4c85-a422-1670f902dcf1	III	9563832	R	1	3940	99
f42bab4f-f460-4c85-a422-1670f902dcf1	III	9561971	L	1	-18023	2
e5cdd587-c2f4-42da-8aaf-7459bcf6a67f	III	9563906	R	2	12265	116
7a03891b-64e7-4a7c-b6af-11bffb5a1bbf	III	9563783	R	3	4062	92
3ed81287-8f60-468f-a90a-69aa046900bb	III	9563782	R	11	12409	84
27215435-f963-4c8b-963e-9ce8677ec711	III	9563291	R	1	4539	84
fcb83518-f3cf-43d2-a754-a4fce68a1050	III	9563804	R	6	4048	72
fcb83518-f3cf-43d2-a754-a4fce68a1050	III	9561971	L	6	-14088	6
11380e8c-606c-407e-8f96-728889c438e0	III	9563664	R	26	4166	61
d99c481a-cfe2-43ce-a2e5-51d746b18d22	III	9563804	R	5	3975	131
d99c481a-cfe2-43ce-a2e5-51d746b18d22	III	9561980	L	5	-17889	2
077cce7d-8969-42d8-94fd-108ac662403b	III	9563804	R	1	4051	113
e6ce59c5-d00c-4884-838d-471855c6653b	III	9563657	R	21	4233	143
e6ce59c5-d00c-4884-838d-471855c6653b	III	9561983	L	21	-5339	19
f8a331b0-cb24-45ec-858d-890c5860fe5e	III	9563783	R	7	12519	143
90eec19d-abc0-4b0f-b90c-f55afc517073	III	9563279	R	3	4469	112
c3794417-4891-43e9-96a0-6b98b821012c	III	9563791	R	3	12465	35
e8f7e947-68a5-4fb0-b9bf-3d034dd80417	III	9563797	R	1	4011	10
e8f7e947-68a5-4fb0-b9bf-3d034dd80417	III	9562123	L	1	-15994	5
fab83488-efce-466c-9489-e49bd9725e0f	III	9563907	R	1	12386	85
fab83488-efce-466c-9489-e49bd9725e0f	III	9562123	L	1	-18256	3
2e450f95-fdab-4bf0-8616-ec08da08b650	III	9563666	R	1	4216	113
4ba49959-3596-49ca-a12d-30031e12fec6	III	9563910	R	2	12341	123
db6e0b3f-1c1e-406e-9941-97a06ec16bd1	III	9563804	R	1	4028	121
db6e0b3f-1c1e-406e-9941-97a06ec16bd1	III	9562123	L	1	-11374	4
48333272-6b89-4fbc-bd37-478172f99fc6	III	9563832	R	1	4036	82
5cf55159-3b9d-4a60-94fa-1cbc5aa1c7a6	III	9563907	R	7	3869	36
5cf55159-3b9d-4a60-94fa-1cbc5aa1c7a6	III	9562125	L	7	-17672	5
ec7b9e94-a53e-41da-8eb2-a5a075adbdd0	III	9563832	R	2	3988	95
b4d28e62-f833-4822-9c5a-500568a44e75	III	9563290	R	1	10153	122
742825a8-88ee-433d-b6fd-7bb304118872	III	9563291	R	1	12847	130
fd878adf-5305-43a8-8939-01dc4790d23f	III	9563832	R	3	3995	69
41747dc8-54d4-4b68-8b7e-11561a214033	III	9563291	R	3	4432	48
41747dc8-54d4-4b68-8b7e-11561a214033	III	9562272	L	3	-18985	3
1fd66de6-c980-45eb-9bde-cd84309bf6eb	III	9563804	R	3	4030	133
3883a3e6-6b95-4624-9a88-a52cfd37fe52	III	9563907	R	2	12354	145
a744d1b6-0a22-420d-8921-10b7fd482c27	III	9563804	R	1	3956	120
1296be27-d183-4582-827f-309cf31e0b2c	III	9563804	R	3	4031	90
0369fcaf-292a-4bd3-bf14-7352441ae804	III	9563804	R	1	1187	126
c6d63717-c36a-4474-b7b6-e7d47630c17b	III	9563804	R	3	4006	29
c20f3d72-6fa0-47b0-b113-e365dd1ac71a	III	9563274	R	2	3703	56
eb52dc32-fde8-49e7-b02c-663caf6c75d4	III	9563832	R	1	3957	26
bce5dc16-3bb7-41f2-b3f9-6a32db7ecd46	III	9563833	R	6	10102	23
7036fbec-3b85-4460-aab8-3a902c153315	III	9563783	R	1	1461	128
f2973846-e22b-4e98-ba03-c3a81326f1b8	III	9563291	R	7	12249	35
1fa66d3e-c9d8-463d-9d50-3bcdbf7cd3c7	III	9563804	R	1	4031	99
565226c3-d130-4220-afaf-0eac7fc483cb	III	9563804	R	1	5923	32
565226c3-d130-4220-afaf-0eac7fc483cb	III	9563123	L	1	-12476	3
4235b762-596a-41c5-ad59-c6162c25518b	III	9563666	R	1	4188	96
71a0f3fb-f979-4b71-942f-29555e0d567c	III	9563832	R	1	3969	39
71a0f3fb-f979-4b71-942f-29555e0d567c	III	9563160	L	1	-11397	2
08a7ea04-0c00-404f-ae49-f251768e3a0b	III	9563666	R	1	3998	121
500abe1f-da92-4534-9466-cc26e5463118	III	9586828	R	9	7962	4
500abe1f-da92-4534-9466-cc26e5463118	III	9586390	L	9	-1132	3
00d6f465-f4be-43a4-ba93-968ff035fb91	III	9632056	L	3	-230	2
714679f8-b3c7-4119-acb4-cfe2f9b54e72	III	9632229	L	1	-11991	3
8428d058-6319-44bb-8efb-9a188b33b3b3	III	9632333	L	1	-3456	83
7401d6b1-2101-45e9-9d54-84e0d7cb523d	III	9632709	L	1	-7310	2
52c62b3f-57dd-4c94-b374-2b5d1b9ee868	III	9632961	L	16	-1844	3
e510d5c6-4d6f-406b-a119-6eacb59e0fca	III	9633173	L	1	-230	3
1fe2d123-db69-494f-8029-32b58a17ce51	III	9633401	L	1	-6113	3
0ca7cfeb-c4c8-4281-9139-574225a74382	III	9633449	L	4	-21	6
1f42dec2-2242-490e-b695-7a501787e2a1	III	9633465	L	7	-230	4
f1bb2294-6798-4aa6-9f45-395e9e10d043	III	9633532	L	1	-10634	3
48e3bf17-1b0f-40af-ad1d-f1510408c5f9	III	9633592	L	1	-1908	2
c676d48e-05d4-4599-86c5-ddf818da3df0	IV	1	L	1	5	7
7bc5e3cd-9df9-4ff7-8e24-0b40546f8d0c	IV	1	L	1	5	10
efc76601-709d-4db0-bc11-3b623c573cd0	IV	1613	R	1	3006	5
efc76601-709d-4db0-bc11-3b623c573cd0	IV	1	L	1	5	9
562b423a-65be-4ddc-b135-929c10c97600	IV	1081	R	1	2911	2
562b423a-65be-4ddc-b135-929c10c97600	IV	1	L	1	5	36
0976f93d-f773-4493-a057-c23ca9ea66be	IV	1442	R	1	1838	6
0976f93d-f773-4493-a057-c23ca9ea66be	IV	1	L	1	5	4
f27d1cb9-e4b5-45e2-b1a9-ded67c85a758	IV	1	L	1	5	19
3155a5b0-3b32-4e3c-be65-7b27d789e2e8	IV	1248	R	1	6019	5
3155a5b0-3b32-4e3c-be65-7b27d789e2e8	IV	1	L	1	5	46
3216fd02-3c00-4121-a099-a14635f41a83	IV	5653	R	1	2411	2
3216fd02-3c00-4121-a099-a14635f41a83	IV	1	L	1	5	39
6575cee0-611f-42fd-96e6-99233c61043b	IV	1	L	3	5	101
17b1d43a-380f-4762-ab4e-110480846fb4	IV	1	L	1	5	45
a42e1717-e182-483f-96be-8cc2a6353239	IV	1	L	1	5	49
b22a6e8e-4a81-44d8-9d42-74bcce976aaa	IV	1	L	1	5	49
0311d9b8-737f-4fe9-992e-a8027235d978	IV	1239	R	2	4808	13
0311d9b8-737f-4fe9-992e-a8027235d978	IV	1	L	2	5	46
9e12a1b3-a7ed-40b3-8d32-8df097fd19f6	IV	5660	R	1	35	11
9e12a1b3-a7ed-40b3-8d32-8df097fd19f6	IV	1	L	1	5	76
5585c2d3-3274-4aea-bf43-aa528292b732	IV	1	L	1	-11	11
9584145c-f377-45bb-b716-04137dcf0da7	IV	1081	R	1	18752	7
9584145c-f377-45bb-b716-04137dcf0da7	IV	1	L	1	5	31
fbfdc020-688a-4d45-bb58-36033c71b9e8	IV	1029	R	1	2510	2
fbfdc020-688a-4d45-bb58-36033c71b9e8	IV	1	L	1	5	29
359bc8af-e53c-4d90-88ca-20b66b6e8e1e	IV	1	L	1	5	5
22d6c011-569c-498e-92e1-55205d661b3f	IV	1	L	2	5	4
ad9288cf-7508-4725-839e-ce14aa05643b	IV	1	L	1	5	58
8efea4ac-bf52-4229-b8bf-7f015694fbed	IV	1023	R	1	1595	48
8efea4ac-bf52-4229-b8bf-7f015694fbed	IV	1	L	1	5	13
c0e1539f-2619-4e0b-9c1d-9a1b90da4bea	IV	1119	R	1	3648	3
a3e44357-30a7-48f5-831d-dd331d4e0e73	IV	961	R	2	3111	3
a3e44357-30a7-48f5-831d-dd331d4e0e73	IV	1	L	2	5	13
657c5cd5-7e1b-4ae0-addf-8b8178062107	IV	1	L	1	5	12
6347fe7b-f7ed-4e0e-bf3f-dfe1b77350bc	IV	1	L	1	5	13
c4182681-7243-4679-9334-7a3315b07f79	IV	999	R	1	15448	6
c4182681-7243-4679-9334-7a3315b07f79	IV	1	L	1	5	3
42977e3a-a436-4819-a037-d07e8219e57e	IV	1	L	3	5	5
42eb4dd8-d0fb-419b-93c0-e016abf16eb6	IV	785	R	3	5441	3
42eb4dd8-d0fb-419b-93c0-e016abf16eb6	IV	1	L	3	5	2
a544c20e-bee5-44e3-a103-2bdba4bff7b9	IV	1	L	2	5	3
b1f09ff7-224d-402c-bc36-5f7a6b467b2c	IV	1	L	60	5	54
f42b4a62-611f-4bce-b2c4-0f905f301806	IV	1	L	60	5	8
42d732d1-28f5-4f66-b3f5-31f9106a738b	IV	1	L	60	5	37
9e48ba26-5111-49a1-a029-62acfbda927d	IV	1	L	60	-5	19
1f570edf-75a1-4e8b-9c70-2edfda11dcb4	IV	1	L	60	5	40
7c24678b-1876-4774-8731-cc68f13df641	IV	1	L	1	5	15
43075fdc-116e-4cb9-86bd-e5d785070259	IV	1	L	41	5	8
24c24bec-652f-45a2-a875-72be5d743f1d	IV	5227	R	19	1191	6
24c24bec-652f-45a2-a875-72be5d743f1d	IV	1	L	19	5	172
3df986db-1164-4a28-a727-0d55ff98b3db	IV	5633	R	5	2545	10
3df986db-1164-4a28-a727-0d55ff98b3db	IV	1	L	5	5	3
bc82fce4-fcf0-46a5-82ad-fa8bc24ec162	IV	1264	R	2	141	3
75bbce44-2283-48ad-81db-48599b55d97f	IV	1076	R	1	1839	4
75bbce44-2283-48ad-81db-48599b55d97f	IV	1	L	1	5	20
d16e4e7f-fd29-47ee-81e6-6605c3a3b4d9	IV	1029	R	1	4176	9
eebe63b5-4a4d-4722-9891-d6d40855a7bc	IV	552	R	1	1312	4
eebe63b5-4a4d-4722-9891-d6d40855a7bc	IV	1	L	1	5	22
4624c137-9d02-4fe4-abc8-52ec597f85c5	IV	856	R	1	275	5
4624c137-9d02-4fe4-abc8-52ec597f85c5	IV	1	L	1	5	11
a32be6c5-2673-40dd-9661-0dd1c594e201	IV	1	L	2	5	6
6e324e34-b48f-469d-ad5d-ef5c08d8e231	IV	1	L	1	5	10
81cfe411-1342-484d-8812-955e3b0729bf	IV	634	R	1	2955	3
81cfe411-1342-484d-8812-955e3b0729bf	IV	1	L	1	5	30
60632e24-a9c2-47f5-a72c-a88e084676b4	IV	727	R	1	6029	5
60632e24-a9c2-47f5-a72c-a88e084676b4	IV	1	L	1	5	16
68d9bd14-c264-4448-b4b0-b3f2f3dada35	IV	1	L	1	5	13
f9eefa3c-959c-4a7a-8b8c-2d43f79de5b4	IV	1	L	1	5	34
8807267c-2ab1-4e7a-a7a3-378983fc8b3e	IV	1	L	1	5	43
59f24447-e5e6-4e17-a384-7f49ef830074	IV	773	R	1	4421	5
bac07066-74e1-46ae-bab0-10bf5ec60182	IV	517	R	1	12522	2
bac07066-74e1-46ae-bab0-10bf5ec60182	IV	1	L	1	5	9
357f8053-dd17-480b-a254-4d6a17bad243	IV	635	R	2	185	2
357f8053-dd17-480b-a254-4d6a17bad243	IV	1	L	2	5	12
37dd1c2f-1584-4b55-8df3-41a79f7ddbc0	IV	1	L	1	5	3
846d61cc-f4ac-4ba0-b616-dfd0187389da	IV	1	L	4	5	13
7f4ec04b-1174-42f8-8cfe-a33789c8e7f2	IV	1913	R	1	1869	2
b4e5d864-5feb-4c20-91c1-3af0199859c9	IV	2	L	1	-11	29
d147043f-3d26-4fed-8e05-12f6869aa30b	IV	1244	R	1	2896	3
83f24b3d-1727-4ef7-9427-da4a7a3b1bdc	IV	1118	R	1	1126	3
fc255141-cea9-4313-baaa-9c6df19056ca	IV	1276	R	1	270	3
fc255141-cea9-4313-baaa-9c6df19056ca	IV	2	L	1	-6	3
6ed20f7b-a99b-43ea-b22c-9c7f64734c3c	IV	1258	R	1	265	5
792c8b10-fd90-434e-a835-c0acb5e934cd	IV	508	R	1	16625	3
792c8b10-fd90-434e-a835-c0acb5e934cd	IV	3	L	1	-4	46
bf69fd52-cb0b-4944-9aa9-996e95775236	IV	3	L	1	-41	5
89041c68-aaa4-4569-8c1a-b25a6193c67b	IV	1009	R	1	4839	8
89041c68-aaa4-4569-8c1a-b25a6193c67b	IV	4	L	1	-19	30
ffc5651f-6739-4c4b-b3d0-dcf85f3219f6	IV	4	L	60	-162	67
f59f5f8b-076d-4ccb-9f1a-2604f989defa	IV	4	L	60	-46	46
e9882ea2-e748-4eda-9802-b61a9905c23d	IV	4	L	1	-69	31
37b71a6e-6bac-413c-a7f9-018bff45853f	IV	4	L	5	-16	2
98272cf4-df7d-4843-bd33-316b785036dc	IV	517	R	7	274	7
98272cf4-df7d-4843-bd33-316b785036dc	IV	4	L	7	-81	14
1d8d475d-58b6-43d6-a661-9fb94c251c50	IV	4	L	11	-5	77
8c11b9ce-65b2-438f-a930-fa2d0698dabc	IV	4	L	60	-16	26
8b44019b-5b7a-44f6-9e91-5b985e5f32f5	IV	4	L	1	-17	77
b80dd3cd-0abc-47db-83b2-28cdecbe3e29	IV	1288	R	1	4408	2
b80dd3cd-0abc-47db-83b2-28cdecbe3e29	IV	4	L	1	-55	9
921bfa0c-0a6a-40d9-9cf1-d6a37b4a5df9	IV	4	L	1	-6	18
886be9aa-967e-4be5-8879-d6bddeafa5f4	IV	662	R	4	4427	3
886be9aa-967e-4be5-8879-d6bddeafa5f4	IV	4	L	4	-4	7
2c636b0b-94dc-41ea-b5cb-d821fd8d8fa8	IV	4	L	11	-4	9
6374b0e2-1d0e-4c35-8e17-86a7d838c298	IV	5	L	2	7	23
1ddcb0a2-36c7-4801-8f47-a61858505639	IV	739	R	6	271	9
1ddcb0a2-36c7-4801-8f47-a61858505639	IV	6	L	6	6	11
844b6ff8-3ea9-47e9-b98b-3dfcccbe90b5	IV	1659	R	1	2504	3
3b52862e-7bdb-4fee-bf68-b6b79e692932	IV	1312	R	1	4805	10
c7015247-d367-4fef-826b-423b0aee0ff7	IV	791	R	2	275	5
c7015247-d367-4fef-826b-423b0aee0ff7	IV	7	L	2	-55	19
7b83d804-ece4-4574-9f2c-f50b67bc602c	IV	5636	R	2	1020	4
7b83d804-ece4-4574-9f2c-f50b67bc602c	IV	8	L	2	-11	16
3b9a1b95-4d85-435d-90dd-9d76eda90d18	IV	9	L	1	-40	46
7a10ebab-4a17-48d6-b693-f9951235651f	IV	662	R	1	7115	3
7a10ebab-4a17-48d6-b693-f9951235651f	IV	10	L	1	-40	32
095a5a51-f865-4be7-b416-1209ecf2a0e6	IV	1424	R	10	4333	3
e81ce590-77da-4ee5-bed4-4f069591549d	IV	5465	R	15	3	3
b3a522b2-3adb-4138-ae9c-7d616407b98c	IV	710	R	1	2783	3
d3436d14-d394-41c0-a3f4-cf5e26dcaebf	IV	1081	R	1	7469	4
7574bb44-7370-40ba-a669-8b616948a6bb	IV	1776	R	1	12461	2
a077429e-56f6-4648-a08a-020ad0e6c909	IV	797	R	1	2464	2
a301c94f-85de-4a90-987b-1239e942d737	IV	1163	R	1	2915	2
c8032d00-2427-4440-bb34-09cd8e8f6f0a	IV	1230	R	1	275	7
d4b0c943-2a1d-4cb6-bc73-ee728a58d8af	IV	5661	R	1	1987	14
d4b0c943-2a1d-4cb6-bc73-ee728a58d8af	IV	24	L	1	6	43
f7913a03-61dd-4fa5-a2f4-4273094b5fea	IV	1375	R	1	1219	6
9f3ee224-19ef-4f65-8ea2-58eceeb5a8a8	IV	1081	R	1	3633	7
9d6da4fc-2aa4-4651-80f9-2d881b02e1f7	IV	1175	R	1	4502	3
600a26d0-2b8d-4fe2-bd0f-858575d1ed34	IV	1511	R	1	31667	2
32afa3ca-a31e-42d0-84a8-2b84b9ce278c	IV	1277	R	1	267	3
2701513b-d257-46e5-bbd1-e4006a90c458	IV	1442	R	1	2959	3
d5780c8d-609d-43b6-b07a-c3caf7828099	IV	46	L	1	-70	2
79e1ceee-25db-4ecc-a930-88f96b34e9a0	IV	1524	R	10	4694	4
08e2d812-bb5a-455b-a7e8-fe33fdb4bcf4	IV	1010	R	1	273	5
2d398068-63e8-474e-b57d-05e6a15a7197	IV	1282	R	1	3667	6
a100d9e6-c1b2-4498-ba75-fd454fd1eb64	IV	1081	R	9	4422	3
e475ac94-eea2-4158-9b4d-e5ddb550d13f	IV	1471	R	1	16476	7
094a81a5-cd5e-49e4-bd10-1fa53048ffe7	IV	83	L	17	4	6
6cf55f46-1953-46ba-bfaa-24effd0cc880	IV	1081	R	1	2910	7
19a32099-1625-41b3-b229-447d1e562280	IV	1175	R	3	2880	3
e15a5c10-c184-424e-91a4-9d6288adce65	IV	961	R	1	6010	3
a6504240-0419-4b2a-9297-ad0dd013ad90	IV	900	R	1	5814	5
0288d85b-63ec-4a30-a041-8864df384928	IV	1119	R	1	9485	9
64ff590f-c459-49a2-8f39-8d3fa7140d01	IV	1640	R	1	1130	3
ebe4e279-51c7-41ed-b1b2-7b2f71b0f360	IV	1275	R	1	3091	10
b93aa1ff-11a4-4a84-942d-123664be343e	IV	877	R	3	1910	2
09c7df4e-b74b-4c96-8e52-27935ccbb081	IV	156	L	1	6	3
9b720b09-b2f1-4282-b689-0391d7b5d7ac	IV	957	R	1	2533	3
251b1221-63a4-4595-a834-3b384859792d	IV	983	R	1	25008	3
37ae966f-f448-410e-8ffb-cbf0b13940c9	IV	1076	R	1	2467	2
e9ca5ba6-0664-48fe-8a24-f90943ed2a36	IV	1270	R	1	4193	2
4765e450-eaba-4530-ba2d-27991770b16d	IV	1263	R	1	4236	2
5ae5870b-3689-4fc4-90af-9a8f063bf62a	IV	1592	R	1	174	6
9b6d809c-bd8a-4508-917d-56c125da1124	IV	1389	R	1	7260	3
5b02728c-6e83-4d77-9a72-48e4cddd3663	IV	2604	R	1	5668	3
3ffed084-1d7f-4cc9-ac4f-65cae855aa24	IV	1118	R	2	7660	3
36bc258d-6cc2-4efb-af52-fd95e2e94614	IV	1364	R	1	4783	5
0b473ccc-9913-4baf-b6a0-98a37bfc12a2	IV	207	L	1	-252	20
dbdf88a7-3b70-4fee-a6be-ecf29294b383	IV	1530	R	2	1853	2
40994558-c532-482c-bfe2-0421bbf1477f	IV	1109	R	1	1850	4
13128cdb-4952-4ffa-b28d-294b6acc4dfe	IV	1013	R	1	4761	2
78850984-3bf3-4d73-827b-672055317451	IV	1442	R	3	1909	2
707d5f9a-45a7-4c07-bc8c-523cc7d03d82	IV	1505	R	3	2940	3
22e392e6-db9f-48a4-a8b4-cc78c3545d87	IV	1258	R	7	1859	4
e99a037c-64c7-4150-810d-108948a9ae32	IV	5227	R	1	26447	18
e99a037c-64c7-4150-810d-108948a9ae32	IV	238	L	1	-8	28
863ff589-0bd6-4ae3-9cfe-072a3f8fc38c	IV	1244	R	1	580	3
d94fb311-73d4-4f33-b592-c2c752aa431a	IV	1804	R	1	1823	14
db15a091-288b-4764-9265-c83f96274512	IV	1270	R	1	2404	2
d41c2810-4026-4c6c-b889-ce718e82f8e8	IV	1531	R	1	2511	3
8a265ada-0a05-4e3c-91e5-99ada12f66e3	IV	949	R	1	277	5
101dba85-a2b5-46ba-a0e2-f0c9fa62cc3d	IV	1613	R	6	146	5
865ca45b-4245-4aed-86f9-05aaba642358	IV	1244	R	3	3691	4
423a9b77-7f1d-4615-9477-fec007b28764	IV	1481	R	3	13181	2
40603785-7f3f-4fdd-9291-3e2903d483f3	IV	1023	R	1	3595	4
b6ed8f2d-f1b0-4050-beba-69c0e70897e8	IV	2119	R	1	4234	3
0e700cf5-8788-48da-9464-63b51e6f9c25	IV	1112	R	3	157	5
66de7769-4756-417d-9069-1c6f1a2b67ea	IV	1459	R	1	2409	3
e668897b-ef4f-49dc-91ff-c2b707d67a67	IV	1282	R	1	4821	6
712aa063-58ce-4e15-b5c2-2b72b7f84b26	IV	861	R	1	1857	8
ee98e554-e13e-49fa-9677-044d857fd399	IV	1578	R	1	7458	4
1ae9a351-0d99-4eb4-a8b4-38dd3b0e72fb	IV	1683	R	1	2500	2
4b51f863-c409-448e-b8be-3f50f85c3db5	IV	1293	R	2	2932	3
f9e48da0-7585-4a88-980c-263b0143f80b	IV	1145	R	1	2537	3
f010820a-e212-4891-a325-c3f2e9c62cb4	IV	1282	R	2	3684	4
fcaab5d0-68ad-4b80-a69f-efdcb5b62c3b	IV	1442	R	1	5856	3
fcaab5d0-68ad-4b80-a69f-efdcb5b62c3b	IV	291	L	1	6	2
89423c6c-3bc0-4685-b97b-b322a485005c	IV	1081	R	1	1258	8
89423c6c-3bc0-4685-b97b-b322a485005c	IV	291	L	1	6	2
c2659a1b-bcdc-4c9a-a7e9-b461f03e8e42	IV	4989	R	1	1781	2
c2659a1b-bcdc-4c9a-a7e9-b461f03e8e42	IV	292	L	1	-38	3
0df9edba-6a19-4bfa-bf16-324790c9bff5	IV	1631	R	1	6495	2
ebdf4706-8a1d-433b-ab64-e5db97bd4226	IV	1526	R	1	5844	3
abae4460-48b6-4f3f-8a3e-dc60b03abc03	IV	1779	R	1	735	3
abae4460-48b6-4f3f-8a3e-dc60b03abc03	IV	295	L	1	7	2
bc8483f4-b568-445d-989a-0885e10674bb	IV	1406	R	1	14521	2
bc8483f4-b568-445d-989a-0885e10674bb	IV	295	L	1	7	2
6bf5ee08-615f-4780-8caf-f6a5fe13f0cd	IV	1119	R	2	177	4
c9044f7e-7180-46cb-8025-6f4072f44885	IV	1081	R	2	5845	65
c9044f7e-7180-46cb-8025-6f4072f44885	IV	295	L	2	7	2
5bc17899-7962-4a87-bb47-06873b6f9650	IV	295	L	21	7	2
1f524326-5219-4352-8a33-6561c467e778	IV	1447	R	1	6722	5
1b0d3b03-af5f-4379-9935-ba8ce0360872	IV	1064	R	1	7629	3
cf673859-f6f5-4b2d-82ab-fd26068c9fe1	IV	1412	R	1	6995	7
fb154105-430c-48a0-8209-dbe57c18c82d	IV	961	R	2	10402	2
eee0cbde-909f-432c-9e13-2b1fab348bbb	IV	1264	R	1	12887	2
3339bb2f-2d0c-41ff-beff-661acfc78a2c	IV	1086	R	2	267	3
1b023b15-d84d-4621-8a28-ea4a8bc0ae85	IV	301	L	2	7	2
b144634d-b281-479f-b94d-1eb4a2fecf9e	IV	2007	R	1	10427	3
dff1dc44-dbc0-4ffe-9015-7f987286aadf	IV	1788	R	1	270	5
dbe9b307-2def-4cfc-aa97-46153997d479	IV	1300	R	2	25050	3
3d24daa4-c24a-40cb-9510-ff7b3e5c3c3e	IV	1721	R	1	2511	3
7dac23fb-dcfd-4c17-9203-8c8aff1b41e6	IV	1282	R	1	4856	6
7823a0cd-ec42-422d-aceb-d578cfeb0d93	IV	977	R	17	7173	6
5088b3b0-e2d3-4850-a554-5b5c20e20a8f	IV	1677	R	1	3726	4
d82f3ca0-edf2-4bb0-967f-fb8ce24fb266	IV	2119	R	1	24980	5
f4722748-e2c5-4bdd-8ccf-8793955034d7	IV	1470	R	1	2870	3
4a757a80-57e2-4330-8ef8-4cc3ee8b9013	IV	1580	R	1	1768	3
c41ff290-2492-4cf5-9a53-929cb9a6421b	IV	1513	R	1	1841	4
630bf6b5-ae10-4666-8edb-9ea6a87c8527	IV	1371	R	33	10637	2
12a1bac8-bd1d-4c43-a9de-85865fae1237	IV	1285	R	1	16689	3
fcdd5b0d-2526-4462-8b74-e49d779e18e7	IV	1168	R	5	3084	3
30fe8999-958d-4576-8211-c771f1e06031	IV	5661	R	1	2045	23
49a26b2d-a297-494c-9fe5-31c751a68b6c	IV	1619	R	16	1833	3
143b6c07-560c-4ff5-bdf1-e48aef1ab215	IV	1412	R	1	2534	4
cf59fc71-60a9-4d98-a5c1-2d6bac5f3df7	IV	1625	R	1	1850	5
3b4fe7b1-e42d-4f5e-b2c4-6d11c80eaff0	IV	1264	R	2	26894	2
472aa2ab-db3b-40bb-8de7-55615906ebbb	IV	1727	R	1	144	3
f9108301-e3bb-4f7f-bb33-6573b1b1732d	IV	1340	R	1	1259	5
9945a957-acee-463c-8fdb-af47b7a30d31	IV	4955	R	60	4	2
a98f4454-0524-4c71-9d58-fcabd79bf544	IV	2119	R	4	7284	2
a410cd0d-1ac4-4d74-9a3e-7a83e5c4ca06	IV	1560	R	1	8183	2
12a0f7bb-99e4-4ad4-bc52-2a3abb467bb2	IV	1838	R	1	3410	4
31325033-2dc3-4709-8e87-acd19b90d070	IV	1276	R	1	1357	6
a2c8eb68-c79c-46a7-be7b-deb6d2cf9aa5	IV	1112	R	4	1772	2
585a27bc-123c-4357-9583-7ddf17c67b38	IV	1359	R	1	1847	2
b4d765b5-c12d-461c-ac24-7d424670033e	IV	1764	R	4	144	2
e8ba3e1e-b8ec-4c18-aed6-c201713ac64b	IV	1648	R	1	1823	6
8a973007-cd6e-4db4-8835-af5028f225bc	IV	347	L	2	-2043	2
2a6e105a-d227-4ed8-8e97-6bc9e12ad670	IV	1010	R	1	3099	5
f1ddce23-e33d-4288-b032-e2f83d7d85d0	IV	993	R	1	2534	5
ab232a97-3917-4182-b175-127d590708e1	IV	1401	R	10	1868	3
e06c1100-6475-4d5e-9ad8-36f7b3adc87b	IV	1441	R	2	254	5
1e547472-08db-489d-9992-90cfee139c04	IV	1677	R	5	262	5
b8ae8410-efbb-40d0-8557-dc0e59f0479e	IV	1285	R	1	302	8
710edca2-bb54-4a6f-ada8-3adcbb6fc338	IV	1689	R	1	2528	4
dee59217-f1c2-4b09-a35b-1600459f77aa	IV	1524	R	1	2943	4
a487eba4-7d96-4871-b09e-d1de2c66b577	IV	1351	R	1	1856	3
bcc08636-b745-483d-be3f-e4bbeca54dc6	IV	1991	R	1	11816	4
98f06d99-d27f-4e95-a932-64abc4f1bea1	IV	982	R	1	7296	4
6c4f068f-2d3d-4c36-be1f-f4707001ccc2	IV	1236	R	1	5835	4
8af4607b-1d00-42ea-a59a-2b9b32d03bbc	IV	1346	R	1	4827	6
77e71854-ddfd-40a4-b548-c56113b04ddb	IV	1389	R	1	13039	3
53fccf87-9135-4a8b-9aba-90ed3bef40a3	IV	1689	R	1	14765	22
62df5d4d-f021-4a8d-a4cb-39fd47e0f3be	IV	1464	R	1	1836	2
2af70764-c935-42f0-9d2e-b3e08e8d262f	IV	1566	R	1	565	5
4759053e-c7e1-499d-81f0-6a0b86f9a439	IV	1244	R	1	174	10
5b4326d0-bb49-4857-91d0-d838b40be3e2	IV	1310	R	2	3641	5
c3926bc1-d623-4237-9d15-44f645362c8a	IV	2009	R	4	4339	4
ff013855-8069-43e5-892c-a825c226b7b8	IV	1239	R	1	3034	4
25bf75ce-1530-41c3-ac3e-9a009fc89aa0	IV	1418	R	1	5298	3
af8167bd-9f95-4397-a365-3e97ae3c7575	IV	407	L	1	-112	2
3e1b6244-1169-4508-92a5-e8128993e996	IV	1684	R	1	4207	5
843f6f86-297d-4e84-bb41-8c487c3de5f3	IV	1654	R	1	5258	3
0e641a1e-6add-44b1-8b78-47ccff37467b	IV	1345	R	1	147	5
c912e40d-6f5e-4dbd-a480-612e7564ec55	IV	1421	R	1	6282	2
5d842211-d4cf-49ab-aa04-c3e2d3ac8eff	IV	1319	R	1	194	8
5d842211-d4cf-49ab-aa04-c3e2d3ac8eff	IV	412	L	1	-2284	8
09b44301-50d8-4334-bfe8-858610ef6fe1	IV	1515	R	12	273	7
4d9fad1e-7f17-4fef-a1cc-d09b89c73344	IV	1770	R	1	5877	5
38711483-3edd-4e91-b94f-3e8656778663	IV	1721	R	8	2516	5
f85be7ae-987b-4ef3-9ceb-8af2e773c374	IV	2098	R	3	231	2
a96c0936-9784-4052-9adb-8468895466e9	IV	1272	R	1	10708	3
cdf85534-e32b-49a0-b635-c124a6bd8a7c	IV	1175	R	1	3097	3
2f1f1297-0938-4f63-97fa-f3fcd3ff93fa	IV	1724	R	1	16539	11
553b189e-9df4-4fc5-97f9-b15aba0f3dd9	IV	1595	R	6	279	8
1d474e39-67e6-4a77-a911-a3ba2136b7fd	IV	1300	R	2	2406	4
f7773d39-87c2-4992-83da-58d9bed2d115	IV	1339	R	1	161	2
31835c6d-4dc9-40aa-9f36-175b49e6972d	IV	1589	R	1	18629	6
557471ee-e845-481a-b989-59a3f095400a	IV	1328	R	4	3254	8
eb284d41-312b-42e7-8ff1-13f484eea7e7	IV	1471	R	1	34887	2
ffa5cc5d-a031-45f3-9d53-159760c306d2	IV	1496	R	1	11680	3
961f1950-6fe0-4900-9600-7a25f471a403	IV	1227	R	1	146	2
ff166426-54f3-4b73-a8c9-20f86192b830	IV	2239	R	1	1853	4
04195b71-4b23-47a5-a15f-c783cd34dc33	IV	1603	R	1	231	2
d4c7dc20-60f6-4487-b07d-fe449f941cc3	IV	1607	R	1	2536	4
ad9e1c68-de2f-4f87-9d03-0e8ca615e4ca	IV	1636	R	1	2934	2
d9a3c77c-af31-4428-8631-7d33d05ed5a9	IV	1512	R	1	18929	2
bf4da3d3-8699-4f37-8f4e-813eb0b2bcb8	IV	1070	R	1	3763	3
fb230afe-78eb-4153-9ee3-10097cda5ccd	IV	1677	R	2	7465	2
7c6cbfb8-05a6-4fa6-8bd7-7ef64a0c7d7c	IV	2008	R	1	7358	3
cf37b27d-151d-45e7-9c23-f4d6302de8f5	IV	1487	R	1	7475	2
eaabb43e-4d35-4c1e-9b4a-7d2e436d4066	IV	1726	R	6	13471	2
62d0c230-092b-4e1f-88e4-364ecda8bd6f	IV	1902	R	1	4818	4
fdc5a8fe-6cab-4fe4-bce7-9f569742dd15	IV	1511	R	1	2945	3
12d7f23f-f7aa-436d-b92c-3d774b5f624b	IV	1583	R	1	3048	3
1de1cdfc-1451-4cfb-b1a4-638199872098	IV	2266	R	1	173	4
448c89a8-dece-4f37-8bf8-cb2e31bd4a77	IV	1698	R	1	1828	6
65a2d88c-4c28-4dd9-ac54-b2a746b0c73b	IV	1511	R	1	12746	2
d718675c-2696-4b98-be83-ad84485a5b41	IV	1721	R	1	5389	2
f06df281-a705-4c86-b311-10d4996beeb8	IV	1412	R	1	2471	2
87dab02d-39e5-403e-bfba-09f412f49c4c	IV	1531	R	1	2765	5
4d3dafa9-5e29-4dc7-a7c9-2d0a96055846	IV	1480	R	1	169	3
e258c140-526b-43bc-a7ec-47ab6bb94e55	IV	1288	R	1	2927	3
bbe622dc-e49d-4112-975c-334157c1a015	IV	1377	R	9	146	5
12e899f8-7618-4ea0-9f9f-fc52fd4dd076	IV	1313	R	1	6100	2
02f14b0b-4e3e-4d34-a3c5-cf707113af12	IV	1515	R	3	4168	5
709c680c-27e6-447e-b1de-7319eda40846	IV	1346	R	1	7509	2
192ebf37-fd11-4517-a6f6-d78074bed287	IV	1949	R	1	4181	4
5a4625a2-7ee3-4b97-8adb-4baeaf9795bc	IV	1755	R	1	2048	7
9c65de8d-b769-4d92-a778-75bc74f81ff0	IV	1648	R	1	5703	4
39be8ea4-0ca6-4d61-94d1-944752a2f1d9	IV	1628	R	7	5557	3
8497c6e2-a7b2-47f6-b80f-e820b283bb9e	IV	1606	R	1	3111	11
7c4e8954-605a-452d-a3e1-b358be0f56fd	IV	1532	R	1	2921	8
0aa882a2-090c-40b3-9e9f-4f6b68320fc7	IV	1648	R	1	2413	4
ce9029a3-1928-4ec3-bd76-8fcac6898ae5	IV	1349	R	2	5900	3
3b58a55f-4e0e-48e3-b0bf-13d12226f2ba	IV	1986	R	2	1934	7
f140569a-66b9-45d8-ad93-fcb3efab61cb	IV	1331	R	1	5780	3
2a931f33-db85-47dc-bc3c-14392b01bc43	IV	1412	R	1	14489	5
d582abba-91e2-4ec8-952e-576586781f64	IV	1236	R	2	172	4
51e36788-405c-4285-aefb-a6672f0eea03	IV	1346	R	1	2524	3
45505152-d1b0-486a-a18c-f48e910f87d4	IV	1716	R	1	6994	3
87263768-8d29-4e81-8c67-3c3f169dc053	IV	1417	R	9	3467	3
87263768-8d29-4e81-8c67-3c3f169dc053	IV	512	L	9	-41	3
ee1c9dbe-0a75-4fd0-82d5-9d4f70a952b2	IV	1662	R	1	1909	2
58893225-2cf8-4f38-bc8d-51a018ab5622	IV	1270	R	2	2513	4
3a8e55de-ca98-43d6-8e90-8e5b5f36272a	IV	1789	R	1	22486	15
28f2ce67-93ed-49f3-82f1-ff2468e2d14b	IV	1349	R	1	2897	3
7b22b3cf-708d-4ef7-a386-543e678decee	IV	1627	R	3	7455	2
af7af1a5-a872-4ee2-bb15-07b18da77dc5	IV	1447	R	1	3657	7
a21ee5a9-4c52-456a-9d66-91b418fbcc9c	IV	1442	R	1	1838	9
73a9c22d-f2e6-4dc8-8e68-efcc067b0975	IV	1203	R	1	2497	3
32149208-bc47-4e98-8228-9125d2e4ce8d	IV	1531	R	1	3141	2
ffdb2373-e457-4e3e-8cdd-843f16c260da	IV	1645	R	5	21159	3
15fa8a80-73d9-478c-9646-e64f1d5a5071	IV	1595	R	3	7632	3
ed713c8e-efc3-480c-908a-9d81b8c90df8	IV	1788	R	1	7452	3
3c585269-e68a-476a-bd00-436dbc99a295	IV	1838	R	1	2388	11
d29ebf0e-56d5-45d6-a29e-633f22b16235	IV	1303	R	1	162	4
d29ebf0e-56d5-45d6-a29e-633f22b16235	IV	572	L	1	7	4
02c3731f-9530-4919-8d7f-9c9ae2130412	IV	1838	R	1	3100	6
a05f9d69-0e25-4386-b463-2f1c080295ce	IV	1815	R	2	4845	16
2765df7f-fa5e-4519-9f23-b1c73a8ca890	IV	1776	R	1	4767	4
6611759d-d357-4de9-8e4a-c4f91862a743	IV	1294	R	1	1259	5
aa577d5e-6c09-4173-8430-46f614bebeed	IV	1906	R	1	4831	8
9d4b4a0d-f8fe-4132-855c-828c451f2dde	IV	1340	R	3	8194	3
72fec811-a6dd-4bb0-9dd7-b6351d51280b	IV	1162	R	1	5733	5
6ba942a9-aeaa-4d79-8ee1-ca8e7e87f36e	IV	1755	R	5	18676	6
f904ae59-2245-49ca-8a96-58272e0c2c24	IV	2031	R	2	3680	8
7be855a7-453a-4698-ab81-e6c505e75d36	IV	2052	R	1	7611	10
74230d85-81a7-4a26-bcb4-957e376ef229	IV	2203	R	2	3072	11
ed2435e9-1b2f-4edf-9a4e-a0f922be7415	IV	2111	R	4	7259	2
b3751567-eee9-4fc9-8fb6-baa1a2cf577f	IV	1677	R	1	5404	5
d7282fe5-c9b8-4902-9b07-120274a67f66	IV	1327	R	1	10307	3
a99b5039-2784-4718-b9c5-404bd905475b	IV	1182	R	2	171	6
79494e69-4b12-4a8a-a9cc-e958946aea19	IV	1967	R	2	1836	3
792dda8e-c234-49ce-860b-3bb81acf7b41	IV	1436	R	1	1811	3
2a1ad40f-81dc-408a-9e01-f29ae4f05529	IV	1365	R	1	7515	2
e2ac0132-dca3-4401-a27c-3721f145ebb1	IV	1721	R	1	2527	2
90b58b26-c5bc-4755-951a-11ee9009cad7	IV	2142	R	1	16480	4
2017a4d4-062b-4e16-8ad9-f3fdac328bd6	IV	1197	R	1	11599	8
44258ad1-437e-4953-8ed1-3ff13f354074	IV	1922	R	1	16628	6
c7d69cb9-c85d-443f-b5d5-3e2b53613dbf	IV	1909	R	1	3659	7
66e4db54-1be8-4199-818d-aeacc8260c6c	IV	1221	R	1	32449	5
dbd8de0b-5ba4-48d2-9686-678e344c4e43	IV	1697	R	4	1869	6
9fd6afc4-a4ad-4205-a539-ef1ab48327d8	IV	1401	R	8	10405	2
cfff85bd-3201-495c-8ead-b7c1a11d5d10	IV	2142	R	1	4552	6
12eb08ae-d996-4937-9b35-d46dd4d8afb1	IV	1566	R	17	143	7
2cc38177-cbb0-4c0d-b7a1-f5a5d2f03069	IV	1525	R	1	2207	5
5900c7e4-433a-4414-b92e-21c4e44afe51	IV	1310	R	1	6055	5
08019a63-121b-4e0a-a511-41990aa3a9ce	IV	1689	R	1	25189	4
9835a3e1-7f01-4b0a-8436-6e595bfe782d	IV	2475	R	1	12622	2
2a3fe1d8-c88e-4131-88a6-ab11d6bf559d	IV	1364	R	1	2878	2
46032d2f-fe6e-4b07-b773-ad4f082b02a4	IV	1328	R	3	6941	5
0fe854a1-d372-4216-a656-bd0d13ce7516	IV	1686	R	3	2874	2
afdbcd2c-10b9-4be5-940d-4e783c1b602f	IV	1770	R	1	4785	6
3fa7a704-b0d4-4893-830d-0cdacafb36cc	IV	1206	R	2	2890	12
c531e6ed-441f-418f-b4b2-80141a3c16aa	IV	2049	R	1	5764	2
f4a5ee0d-d767-437a-82e9-f58d20b807d0	IV	1530	R	1	5665	2
856a5d6e-f624-4943-abdb-2eca035d7f7f	IV	1447	R	1	13366	2
01f036b1-dff1-493b-a551-f030f2436d2d	IV	1447	R	3	1100	2
f11e97f6-8952-4bf6-8b87-97ee60e67578	IV	1403	R	1	6119	6
6491da52-40da-48c6-a22e-1415f26dc71c	IV	1580	R	1	16590	3
3a412154-6a11-4667-908b-31947c8bcaa4	IV	1327	R	1	147	2
6f4670c7-9f76-4019-9ae0-f07efa72b0fd	IV	1442	R	2	143	5
fea6196a-2bca-4204-99a2-ba68fb16d034	IV	2096	R	1	1831	3
002f9358-29b7-47f5-b8d8-6280e8c4415e	IV	2076	R	4	278	5
b96824f2-c4be-4e2e-b503-5beebd552ef6	IV	672	L	1	-15	2
5c32845d-dcca-4120-874f-cb244dddaefe	IV	1505	R	1	2502	4
c96d00ed-21e7-4315-8699-917165e8f86e	IV	1785	R	1	167	4
f26c9a46-3284-4424-88d6-af20f46d861d	IV	2210	R	1	25163	5
afe4c41d-48b5-47dc-8884-ee48f407f898	IV	1565	R	1	13351	4
e9fcd1cf-64ef-45e6-88bd-7c3201aa744d	IV	1963	R	2	176	6
d5969eda-86bb-4b27-b286-ef942fdd03ef	IV	1504	R	5	1910	2
2ea768e9-88be-46cf-9333-6120b0e2e3d9	IV	1896	R	1	1829	3
e5554f15-7b6f-4b25-84c8-b636b48ae92d	IV	2402	R	2	16644	7
3be5b37d-ed78-4d1d-a739-a88655094366	IV	1758	R	1	2885	3
c5a20f23-d03c-4d6b-b4f4-e793164382a5	IV	1838	R	1	8055	9
098604e2-37ba-4a1e-be3e-4f2cadaa5e81	IV	1996	R	1	1998	5
cd97b1f4-5637-4c83-817b-fa6243a7c299	IV	1557	R	1	176	3
6c0408f6-7ba9-4d5d-9d9b-712b9c72f62a	IV	1351	R	1	11507	5
2c807388-a3db-41a7-ba98-afc06332675f	IV	1879	R	1	3701	4
709d4715-60e6-42c4-ba38-9fccc66b1932	IV	2142	R	1	7421	4
2c0d3417-bb69-4b5d-b01d-cd3f0086ed55	IV	699	L	1	7	6
926e4068-0007-490d-bcb8-aadec96289e3	IV	1398	R	1	175	5
911449c5-5506-4e70-9422-0e9bb3ee98af	IV	1438	R	2	221	3
bd560cf5-8ed8-46fe-8d53-161ea532cc47	IV	1816	R	1	2594	3
bf6218b7-9adc-4e78-ac92-5fdb0e27cc96	IV	1515	R	1	6659	2
a9d03ab4-4bcc-4c56-9f7d-fe124a510a66	IV	1755	R	1	170	3
5fae829d-48fc-481a-a58a-f0ea0c6f3591	IV	1349	R	1	2926	6
c996fc6c-adac-46c0-a847-f07ebd7dbfb7	IV	1814	R	3	7455	7
270856dc-eca4-43dd-a334-76f8614d8807	IV	2136	R	11	2520	20
2c49be58-18aa-464d-9acd-3c7ca73997b1	IV	1838	R	1	1812	4
c6e7aa8a-9495-433f-bb31-115827659a3e	IV	2324	R	20	2422	6
673338ac-a759-4ac1-9b48-728cfeddff60	IV	1961	R	4	17902	6
36480dcf-2ac8-489b-ac2d-d54d8a630197	IV	1613	R	1	268	21
36dc13be-0025-4195-b250-fa3745623dc9	IV	1986	R	1	4844	7
c6b1da3a-068f-4854-b528-5ab2609e4cb1	IV	1443	R	1	228	2
dbb3bdd9-1896-49f7-8f53-71e3676c1a1e	IV	2046	R	1	19034	7
f8c98f6f-a31a-4291-a171-a96bca4e9043	IV	2077	R	3	828	4
b28b162d-3b06-4937-9ff8-6f4a445af91a	IV	1943	R	1	6316	4
80fe6e20-b775-4100-a308-a5099f5aae68	IV	1689	R	10	1874	7
df65d79f-865e-4836-b0d8-9e114393041f	IV	1607	R	1	13824	5
fc4ea183-a874-4699-85b2-978c36904c81	IV	1300	R	1	144	4
eee18150-c7d5-452b-8a81-91b16649a292	IV	1998	R	1	590	8
eea99dfc-4b08-4637-ab85-e3eabedad21f	IV	1411	R	3	3098	2
4a47426b-c318-4871-b8e2-1fca1b90e538	IV	2192	R	1	1844	3
57f6ff3b-c821-460f-8d25-d6beb316f909	IV	1999	R	1	3175	15
ed80fea7-f145-428b-8da9-4778852945ec	IV	1788	R	1	16493	8
0f79577a-a715-4fe0-adbe-d1c91e4a8671	IV	1673	R	1	281	2
3b1ef6ef-41ad-41a0-a05d-74dce86054e4	IV	1578	R	1	5878	4
6cccec3f-eed3-4c8b-9956-f3141f70607d	IV	1606	R	1	83	2
f277a8ac-8dac-4a0c-a346-a7c6ca5fe280	IV	1727	R	1	1805	4
1c47e15a-1d44-4477-b725-84223564952a	IV	2728	R	1	7360	2
0f0d8e5c-5376-400c-abbe-d8de6c852844	IV	2957	R	1	760	2
62c33c10-5d82-4074-bc26-53f696a360d6	IV	2275	R	1	2902	6
4d76d1ae-5e4a-4e77-ac68-1a8f50b1e875	IV	2125	R	2	7560	4
4f262319-f28b-4680-a30e-d01bc1563cbd	IV	1727	R	1	2950	2
9c955f5e-11a0-40d9-ace5-df11f013b183	IV	2742	R	19	1915	2
07e7c18d-ce12-4710-b111-25349ee03a84	IV	2057	R	2	3097	8
b78360ae-a4e1-4985-9478-6f4a058612b2	IV	1481	R	1	13214	2
04f69069-4fc1-417c-87aa-5519f3cdf98d	IV	2222	R	1	5142	5
ce622e83-a189-408d-8968-53e1b73bcbbd	IV	2511	R	2	23946	33
e2fbbfe6-7272-43e6-a98a-1689d1285de2	IV	1963	R	1	233	2
a448f35a-1297-4cc1-b4b4-660aed98231a	IV	2400	R	1	3164	5
857f6760-974d-4ed1-8707-a38f252d4cec	IV	1979	R	1	7581	4
a0e42d64-8bec-4003-bd55-6002b791118c	IV	878	L	1	-47	11
adec7cb2-0bad-4bba-8902-e053c2c59ffa	IV	2154	R	1	6671	3
6099d357-02da-4a97-a19b-de77b9e68ab3	IV	1779	R	2	2488	4
6099d357-02da-4a97-a19b-de77b9e68ab3	IV	910	L	2	-17	8
62492136-a8d1-43fb-8424-c9a7a9518ea9	IV	1961	R	1	2219	4
c35927d0-e59d-4c1a-9c1d-681964d2b471	IV	1499	R	3	3173	10
7ca45f8c-e1c3-4622-9cf9-d797d1041c17	IV	1689	R	1	4386	2
733c1b23-2b8c-4193-b40d-1b61887dfb15	IV	2007	R	3	6216	3
d125f021-e466-4a51-a2e4-f86e1b398c50	IV	2603	R	2	2914	3
b700af34-e515-42b2-909d-841e7e782f50	IV	2915	R	1	1850	2
72e4b2fc-7742-49ed-a0a6-92c8d2e1311d	IV	1788	R	1	2930	5
759e89f0-a517-4be3-bc6a-cab17df1a7eb	IV	1776	R	1	286	6
9e10ab0e-d4f6-4e3b-a938-039328205a6a	IV	2154	R	1	1238	3
6c66e8a2-ee7d-4a26-95fb-faa115373337	IV	2735	R	2	1817	4
8b63d770-737f-427c-a427-18e55eac09c9	IV	2108	R	1	2967	3
47d96e9a-c778-4aff-abf3-210d3fdb1945	IV	2710	R	1	4826	5
34ef86da-8a72-483e-b523-32b8bf4d0b4a	IV	1813	R	1	2507	5
3f0e35ec-21fa-46f1-a415-ac084b0e27b5	IV	1963	R	1	1255	4
74e8a40d-e808-415e-9368-377f8bdade8f	IV	2263	R	2	3323	3
2a803109-d2cb-428e-90cb-d2bc6433b00c	IV	1961	R	1	1851	2
71798c3a-5591-4417-b47e-68a24ede25c8	IV	1910	R	1	1917	2
3a1b294a-6ae6-4d24-832b-c688ade0542f	IV	2299	R	1	620	5
382d246c-e67c-46b1-9a0e-b5f40c49df2c	IV	2227	R	1	4810	7
53ce304d-90d6-47e8-b375-1aeb280e6467	IV	2475	R	2	2948	2
e141fe76-8ad2-496e-bbbf-4b096c9d5f39	IV	2186	R	1	3687	6
47583229-dccb-47dd-96a7-987b8149c44e	IV	1955	R	1	3674	4
8f5d564c-8141-4631-ba35-64696dca0efd	IV	2031	R	1	7287	4
5f2bdf7b-16d4-4f3f-947c-d12a6ddecb48	IV	1931	R	1	2383	4
de4649e9-5ea1-4324-a04b-e2a6a70aeaeb	IV	2293	R	3	337	4
c2388fae-c7fc-44e4-a131-6756ce0090aa	IV	1755	R	2	235	3
854509a9-44d2-4199-a53f-7a4e5c4f2a77	IV	2241	R	1	2323	3
99abdac1-6215-43fe-8c63-ccf6933e62f6	IV	2233	R	1	1815	4
81b5b01e-503d-47d3-ac39-a6cd3b6235ec	IV	1132	L	1	4	7
b4bb1c9e-1e2a-4306-87c6-3d748e8a5206	IV	2119	R	1	7502	5
93a920be-9d6f-4721-967d-04ebafbac81f	IV	2054	R	1	10804	53
5c26e7ca-914f-4743-a112-1c5e9dfb40a9	IV	2487	R	2	6675	3
ec228d92-5839-4e64-9272-8838b7a19448	IV	1586	R	1	5772	6
5d8acb9b-bf6e-48e6-888a-aa592812215d	IV	2854	R	1	2884	4
5d8acb9b-bf6e-48e6-888a-aa592812215d	IV	1158	L	1	-4477	3
b41ed313-6183-4920-baf9-3f97c3608976	IV	2943	R	1	178	4
09b4cec2-97ca-419b-a935-adf345281ed6	IV	1659	R	3	3108	9
eba45fc5-16d8-44ac-81da-98c1d8ecdf5d	IV	2089	R	1	4679	14
869f02e8-e746-445d-a2f8-4a7ea8f4003b	IV	2148	R	3	2545	3
6b269453-84b6-4143-b8be-e3862a35f16a	IV	2320	R	3	16596	7
c3587904-9cd8-4389-ab0b-b7a1879cbbb3	IV	1867	R	1	5747	7
c3587904-9cd8-4389-ab0b-b7a1879cbbb3	IV	1200	L	1	6	3
2dcfac75-4187-4d04-a628-89b6e1699aa8	IV	2457	R	1	5811	4
31664c37-3f0b-4efb-bd6d-f7e58aebac11	IV	2463	R	2	4834	7
8496d3b1-3dd4-4911-858d-147a37b38cd8	IV	5645	R	35	3095	2
bdd1c6db-3631-46b6-89ce-ad49f37596f7	IV	2573	R	1	144	3
0757e662-1430-4110-91b9-97f6a4c43c1d	IV	2055	R	1	173	4
b111852f-33d3-4165-9df8-6ca482037f23	IV	2511	R	1	4785	9
fe1757cc-46ee-43b0-ac93-19b3000ade37	IV	2031	R	1	16422	2
7600de91-3a14-4eaa-8fa2-1b5371b9ef8a	IV	2225	R	1	8534	3
e2578dba-8f01-4c6a-aecf-fbd950eba126	IV	2538	R	1	7674	3
92caaa23-1e7c-46c5-a749-677c7c2b72d5	IV	2581	R	1	1056	2
4c503377-786d-45f6-9997-1b32b7e2b8c2	IV	2429	R	5	2410	6
d8a734a8-9ef5-45c8-b75d-6ff9815b3d62	IV	3158	R	1	2909	3
0465d068-3b25-42ca-ad87-c29cf997cd9c	IV	2729	R	1	4810	10
fbe96639-9665-44f8-a7b5-e66d9598ed5d	IV	2376	R	4	18857	2
3e66592f-f70d-42d2-98ba-a9880b9157a8	IV	2740	R	1	4734	5
5b1c832c-c295-4edf-85da-b536e879c542	IV	2625	R	1	4412	2
5b1c832c-c295-4edf-85da-b536e879c542	IV	1306	L	1	-5580	3
0647e9bb-977c-488d-8813-5c25c8d8793b	IV	2698	R	1	4801	8
ea8bfd6e-ad50-4ace-9e73-186006b646ad	IV	2306	R	3	16632	6
30551fff-c506-44aa-a9fa-21f2af825960	IV	3072	R	1	3607	7
4d1f23dc-c831-40dd-952a-4843c033c31c	IV	2511	R	1	273	5
13fa5fe8-680a-440f-b30d-714ca403e183	IV	2950	R	1	1862	5
18f074be-1015-44b2-8d2b-0b6f756d236a	IV	3065	R	1	2378	5
702aff35-e159-4bf2-a9c3-a82dfa2d4f31	IV	1910	R	1	4581	3
2edcbc72-3f45-4413-b2fb-00b2751c727a	IV	2637	R	1	2946	3
0684bc14-00a1-4e6f-8d9c-45b618d92cb4	IV	2487	R	4	13078	2
ffaa07da-6f79-4bad-a2fe-99f702d81307	IV	1602	R	1	4703	4
9a166adb-870b-4647-bbb8-03cb65d52087	IV	2512	R	1	3677	4
c2619563-d838-4ce9-ac12-a2ac44574bb1	IV	2501	R	1	19600	9
39af6831-12c7-4e4d-a86f-4dbc3e78b055	IV	2201	R	1	4158	6
965f813b-a6db-4f72-90bd-77afad90b676	IV	2957	R	1	3679	5
c3db6d0b-b3d0-42bb-98cc-bed17ca20dfa	IV	2275	R	1	3751	2
894d4590-b057-47ed-9164-ff35f0dbaafd	IV	2830	R	1	4743	3
5eb20be4-4616-41aa-ab7a-57a59d05e76c	IV	1366	L	1	-46	2
95bbaecb-6c94-4980-b377-99886647d08f	IV	1908	R	1	3084	7
8b428b08-4d81-4fc8-b0c6-7d24059aff52	IV	2481	R	5	141	7
b0eda036-6e64-43c7-88a3-ea52cf0712e6	IV	2488	R	1	3371	2
0fe4da8c-c610-4122-8ac1-d41b01e313a2	IV	3640	R	1	1837	3
fbce8714-ef32-453e-bf08-e291e6e74d46	IV	2561	R	1	2230	3
a615c229-67f5-4b40-902d-e56d1b3d4e47	IV	2785	R	1	7650	2
b030c90a-e7dc-439c-a028-fe79b526b06e	IV	2469	R	1	1757	6
9b1e1133-4c58-4635-9807-e920eaa4c8ca	IV	2514	R	1	1937	2
26a1169e-cc0f-436c-9f3c-ac9311f4b99d	IV	2798	R	6	6557	2
38ee688b-afc9-4abc-a573-ea3ca1761947	IV	2992	R	1	5997	3
02c68bf2-42f6-4d2c-849f-24ed4d710e07	IV	2968	R	1	10598	2
d6e5e801-24a4-4b9b-be7a-0cda15c72e3e	IV	2549	R	1	2926	3
3b09ef9e-d648-4267-8129-a93d75dcd64e	IV	2674	R	1	5823	3
ec399dfe-796a-4368-83df-af8e01c04311	IV	1890	R	4	2881	3
ec399dfe-796a-4368-83df-af8e01c04311	IV	1453	L	4	-366	14
65b2415e-5254-4e7a-b6c8-c9ed303a70c6	IV	2399	R	1	3117	4
65b2415e-5254-4e7a-b6c8-c9ed303a70c6	IV	1460	L	1	7	5
9fcc88f7-7a42-43ef-903d-87b0b3f0b80c	IV	2621	R	1	7455	3
9bd5d97d-4220-4509-b065-083f2fac6d87	IV	3016	R	3	6779	5
88034289-5fa8-4e28-8ec3-b70ff2af2181	IV	3073	R	1	180	4
a7c967fc-7ab4-4c72-a6f6-39732215d152	IV	2963	R	1	1826	3
cea4b03b-d8e5-4fee-90b4-f6de15a36a93	IV	2655	R	1	1835	3
b2edfd38-6fd7-40eb-a95a-f7472cfd4839	IV	2655	R	1	4810	12
63b2f14e-ed83-470f-935f-0ab7aa609851	IV	2604	R	1	1870	2
14c59de0-b675-4858-a5f6-bb102eb1d861	IV	2655	R	1	13235	2
3768808f-3b12-420f-aaea-7804353913f7	IV	2963	R	1	2393	12
a2a04628-c148-4275-900f-a10152a7042d	IV	2441	R	1	3686	5
926d180c-0c0c-4969-b742-20fc6ff4868a	IV	2951	R	1	1843	6
f123195e-aa92-461e-b566-fc18286b9646	IV	3258	R	1	2899	5
281fdce0-7679-44ad-bb07-cf13da73e9eb	IV	2847	R	5	3688	9
281fdce0-7679-44ad-bb07-cf13da73e9eb	IV	1539	L	5	6	2
6a732ed2-4522-49da-b989-7e7a38b77f19	IV	2580	R	1	14606	6
6a732ed2-4522-49da-b989-7e7a38b77f19	IV	1539	L	1	6	5
27cad5da-42bd-4e43-9365-fc6475e687f2	IV	3371	R	1	1826	2
ebcafaac-7b89-4892-8642-d4c47fe6acb2	IV	2674	R	1	16481	6
3afa2633-e6aa-4503-9257-deef48676dc4	IV	2667	R	2	7850	5
3afa2633-e6aa-4503-9257-deef48676dc4	IV	1549	L	2	-189	5
ffab5dda-3136-4780-acdb-085429e015a1	IV	2897	R	1	5895	7
89109664-be57-4f89-b48a-a96a8098b894	IV	2799	R	5	2520	4
4a055e64-52d1-48a0-a4e6-262f90470320	IV	2603	R	5	269	8
9c743a23-eac4-4f22-87b5-943036a2c48c	IV	2402	R	1	33605	2
a4707ae0-5e59-4967-902a-6ed8b2789a9b	IV	2487	R	1	4908	4
b8369995-fbc2-44ba-b437-3eca5a304b15	IV	2704	R	1	2521	4
24353eab-b984-4f4c-96b0-af9b6e940d3e	IV	2814	R	1	15669	150
8bc84435-c8ac-477d-84a6-9707bc8dbe45	IV	2934	R	1	13105	4
f9e25d1e-dba8-4284-ac54-c39084636a14	IV	2807	R	1	6112	3
f9e25d1e-dba8-4284-ac54-c39084636a14	IV	1587	L	1	-6446	5
07957fa8-6e2f-4fcf-8acd-1623c9677d21	IV	2781	R	1	2501	5
ace0ddb1-4c46-4cef-81e3-afef62a65831	IV	2673	R	1	5931	10
f9c6ec82-5995-4b1b-baf9-f9ec4e53fa9d	IV	3144	R	4	1843	2
a1ade122-e778-40c1-a49f-80cfa3004e07	IV	3047	R	3	271	4
08da6aad-4369-4f23-8618-5c335732bed6	IV	2853	R	1	4797	7
edc10b60-597e-4a24-ac25-0cd6c41a1c52	IV	2763	R	1	8236	63
36e8fc82-11c7-4158-8483-5f881ad3cf1b	IV	2488	R	2	13917	2
36e8fc82-11c7-4158-8483-5f881ad3cf1b	IV	1649	L	2	-43	3
91256ae3-a1b0-456e-96af-9e7a311a9ffe	IV	2909	R	1	1857	3
91256ae3-a1b0-456e-96af-9e7a311a9ffe	IV	1657	L	1	-5449	2
d7be0862-2f13-40d9-910d-d31a0c262d88	IV	3143	R	1	6233	7
d7be0862-2f13-40d9-910d-d31a0c262d88	IV	1657	L	1	-6839	7
c2056d80-e1e3-4bc4-9059-02ee6ca8b44b	IV	2325	R	1	6145	2
20c82f31-52bf-4fc2-9414-290216f4340b	IV	3270	R	1	4240	4
3b6ba43a-8654-4140-90cf-3838c6700c45	IV	2792	R	9	4389	4
44fa1a26-4b5f-4929-abe4-22d290bb0447	IV	3265	R	1	2891	5
078280d4-ac9d-4a10-9bfe-4bd562f32565	IV	2853	R	1	2476	6
919bdb7e-2bc6-4b2e-9c31-54c25b68b440	IV	2940	R	1	268	7
919bdb7e-2bc6-4b2e-9c31-54c25b68b440	IV	1702	L	1	-6177	3
8fc01f1e-5cb6-47d9-8ebd-f92a80fdaeb3	IV	3264	R	1	3059	7
3d79c6a5-5003-4675-8b48-fdaea5896f48	IV	3197	R	1	565	5
5aa69905-e9e0-4157-b612-01a0f05a0a5f	IV	2666	R	1	11290	3
7172d424-7fc0-490d-a76f-4c631f15fb93	IV	2769	R	2	4374	2
139e1a56-7bc0-40c3-8ab7-7318e85790c1	IV	2983	R	1	2912	2
8a1429b7-75f6-41cc-942b-93d2c98b4f79	IV	2584	R	1	3614	5
462807a6-4835-458f-8216-6d484e02d0c7	IV	2590	R	1	7605	2
c442cf84-d0a0-4121-b0e5-edcd4f8d7272	IV	2681	R	1	4484	4
9ca69b67-1756-4d60-8bd6-b92dcca37022	IV	1731	L	1	6	3
4c1c6929-0043-41e1-8a5e-0adb94fefce2	IV	2760	R	1	5838	3
46b81852-3346-47a2-9518-2d84a7c5687a	IV	2884	R	1	6029	2
149bc65c-1ada-4e6d-9bf3-dc1b1ccbd8eb	IV	2727	R	6	859	2
cc96417b-8a61-4781-bada-4182c4bccd9e	IV	3054	R	1	6069	4
a94ac8df-f284-4c00-a14b-c085610b0c5a	IV	2785	R	1	14690	2
569a819d-76f9-4154-b6d6-94befd1c6744	IV	3001	R	1	2908	5
2919107a-eb05-415f-9924-312e87002cb7	IV	2947	R	7	1843	4
e824a4a3-21dc-4dde-9c61-0a46b919d0a2	IV	2589	R	1	7379	2
b015c992-5318-4d9f-a7d7-882a91bfa0ef	IV	2948	R	1	5950	5
7ba13c2e-9c74-4804-9d20-249d3075ef68	IV	3332	R	3	2469	6
ec477a79-70cb-43fc-ba57-241ee6ea72fe	IV	2710	R	3	3513	2
e2d247fc-97dd-475d-9d73-c2574aeada74	IV	2741	R	1	2459	3
397c2c6d-41c5-480f-9af2-cb446c335c23	IV	3246	R	2	4477	3
4f3dacae-ba42-4f24-beaf-c2e899d5b108	IV	3356	R	1	4549	3
9e8976cc-76f5-4811-b267-1663adb6509e	IV	5430	R	22	7	3
fde23a65-5429-4fa9-b9c2-ae89a497b918	IV	2968	R	1	1691	4
d04651d4-0982-437d-a61c-4622bce11d13	IV	3044	R	1	780	9
5078b31e-97f1-4608-a3e2-9e186c71ba43	IV	2799	R	1	2879	2
822b97dc-ec51-41e8-9acb-ffed85aefcdf	IV	2751	R	1	7610	2
22b5c7b2-32d2-4ade-b3ac-5250cf2671e5	IV	2644	R	1	6028	3
2dc364a0-924c-48c8-ada2-8d91adbf2abd	IV	2891	R	1	1817	9
385f167a-cb12-46b4-a9e8-352b21e47ed9	IV	3245	R	1	4427	3
385f167a-cb12-46b4-a9e8-352b21e47ed9	IV	1806	L	1	-45	3
a9388425-5f8d-4c63-af41-b7731f2e2cce	IV	3076	R	12	2377	6
54feb9e1-1797-4819-a543-02ae775c624a	IV	2561	R	1	2532	4
e84a1415-c921-41e2-93b2-9ec9e257374c	IV	2847	R	1	2014	2
b828ee44-879b-4167-b5ef-eb87b208f1fd	IV	2824	R	1	270	2
d5eb2ea4-1b57-478a-bc0b-1e600de899b2	IV	3068	R	1	6102	2
747dda2f-edc6-4bfe-a240-45631bef70a4	IV	2532	R	2	12033	2
20c9fd76-0d3d-44b4-8a97-ef27cb72145a	IV	2951	R	1	1853	2
cab44885-4a9b-4241-bd58-cb2417110ced	IV	3045	R	1	5970	3
ef649406-cf68-4627-9e20-bd4392247624	IV	2531	R	1	5921	4
5161d73e-9813-4a80-92bd-4038f5a52c16	IV	3271	R	1	11777	4
0af79c9c-b6e4-4b8e-807e-d68f528f0cfc	IV	2800	R	1	13355	2
4fb793e9-a246-47d6-a8e6-379c0124a1fd	IV	2909	R	1	36	2
4eb4c2b1-05e4-4c4a-8e24-e23315d5dad5	IV	3060	R	1	178	2
4eb4c2b1-05e4-4c4a-8e24-e23315d5dad5	IV	1850	L	1	-1276	3
7ce46831-b16c-4530-95ec-c30d3fdf24ba	IV	3065	R	1	2967	3
7ce46831-b16c-4530-95ec-c30d3fdf24ba	IV	1852	L	1	-4049	2
ae125927-76c0-4d44-a447-a5136eefb580	IV	3299	R	1	5956	5
bf781ac0-42dc-4962-8d66-c0b85dab4e09	IV	3309	R	1	3419	6
a74e5f18-5f27-48cb-a068-9be7df34feb9	IV	3813	R	8	16640	4
df1eadf4-acd3-4789-a6c9-636fd74d9775	IV	3210	R	1	3403	2
1bbd70ad-7b92-4d69-b8bc-eaf6d08e44e8	IV	3052	R	2	3102	6
f6df904e-5fcd-4aa2-beb9-9c16e0a869f3	IV	1859	L	1	-24	2
1168aac8-12d9-4877-9995-154522211ac7	IV	2963	R	1	2388	7
9427077b-e3d1-4a92-938b-e1132751f24f	IV	3027	R	1	6023	6
2d2eab3f-c65a-42fd-b8e6-21a97349e0e7	IV	2650	R	1	3837	5
2d2eab3f-c65a-42fd-b8e6-21a97349e0e7	IV	1870	L	1	-268	4
77c22fec-ad26-4be9-9a78-c83634d496d7	IV	3480	R	1	3634	3
2d3e51f3-873e-4e39-a239-655f0d5014d0	IV	2874	R	1	639	5
02ce7a8c-f77c-49ad-b1a5-357af769879f	IV	2947	R	1	2012	3
08e76868-cf31-4705-8259-a5163e81ba3a	IV	3059	R	2	19562	6
0893f495-5c7b-4a83-9621-6feff165a563	IV	3062	R	2	5277	6
51cb92b6-1920-471f-b552-1916d577744e	IV	3261	R	1	16647	2
a571bcac-2ddb-4dc1-ad3c-5eb3cfc725f2	IV	2757	R	1	10403	3
30d4c404-d49b-4f4e-a307-d797153b091b	IV	3080	R	1	5941	4
3a23c049-4e0d-4cb6-84b3-093c54432058	IV	3011	R	1	3111	7
fd4fe591-258f-44a6-a391-e3e005ca5c66	IV	3680	R	14	761	2
22cc2c9a-abf8-4485-950f-6bee40114672	IV	3512	R	5	4399	3
aeeacd36-7384-449a-8fbb-d5c828b87370	IV	3410	R	1	2938	4
aeeacd36-7384-449a-8fbb-d5c828b87370	IV	1905	L	1	-3847	6
1190490f-875a-490d-a6fc-bd3a69a8d021	IV	3130	R	1	180	6
db64cf4d-40c0-437c-a32e-afa571624002	IV	3161	R	1	142	2
ef8e535e-4ee4-4b53-97b1-1a7d3a18da1b	IV	2890	R	3	2527	4
6934dab4-1417-4fae-a512-8b35c4300b82	IV	2892	R	1	3122	6
78e8a7b8-09dc-470c-8df7-a59f83892fa3	IV	2957	R	1	174	4
da1476b4-3700-4d8c-81a8-c7f09230d876	IV	3029	R	1	1828	3
2f932fa1-6043-48bf-b330-063215e8556c	IV	2740	R	1	5809	3
a9b68871-e3b2-48db-b877-9dd6a35abd7f	IV	2945	R	1	2474	3
8c2a407e-e4aa-4ac7-b48c-2d76ac08e8bc	IV	2922	R	1	177	4
26f3c6ed-00b2-409a-9e70-bee81f11a70f	IV	1923	L	1	-18336	6
20ecf422-01cd-4e4d-a363-8bef5b79f0d2	IV	3369	R	1	181	3
ecc2aea3-8540-44c3-b42e-2f24b9e376fd	IV	3315	R	1	5805	7
9c3610d8-3c91-48ce-9df4-852dee6e98f1	IV	2877	R	1	5968	2
2a228eae-2ef3-49c5-b7be-680aecb89ab9	IV	2590	R	1	22920	3
2a228eae-2ef3-49c5-b7be-680aecb89ab9	IV	1930	L	1	-18	4
612b88c1-ec16-407b-8aa9-007c9a551676	IV	3071	R	11	1857	3
d372ef40-d9e5-43c7-aac6-e39aaf6cc208	IV	3113	R	1	4185	5
3075af65-fc87-42fc-87aa-5342adffbf19	IV	2946	R	1	1847	7
de136ad7-e414-4b0f-8cb0-b65d8f5c3f53	IV	3035	R	1	2505	3
a2e7504a-cc3d-4435-b858-da412ea13a56	IV	3209	R	1	18804	3
422e3519-5474-4594-8b87-99f3e665ac63	IV	3156	R	3	4819	6
19031f9b-d0e6-4ced-a200-4ea2cf94b4ae	IV	2987	R	1	14822	6
3089e251-4fd6-4757-b39a-f74398e58509	IV	3065	R	1	18690	2
14a53e32-fea8-4ec9-8032-ca8fbedeac8e	IV	5654	R	1	4447	2
f7727306-fcab-44aa-89f7-8238c0641a23	IV	3071	R	1	1860	5
20b7dbf9-f72e-4e4c-943e-d1b5476fc3d2	IV	2793	R	1	7309	5
7e1acc92-b51b-4b96-95b0-c1c65a824963	IV	2879	R	1	1565	8
469ee761-2874-4d29-9b9b-284d6ba2e6e5	IV	3480	R	1	5999	2
fdf88c93-d580-48be-83b0-5318d9f350de	IV	3270	R	1	16330	3
fdf88c93-d580-48be-83b0-5318d9f350de	IV	1992	L	1	6	2
014ab80c-905d-49d4-876e-ae66e09b4f58	IV	3161	R	9	1863	2
db0325d7-e0eb-4883-b39d-318f5cab81d8	IV	3212	R	1	166	4
b42d4d25-1b1d-412d-8642-9dc8d339140f	IV	3434	R	1	7478	2
45b92d68-1e6b-4c36-887f-d04a1a1c2746	IV	3153	R	1	14863	2
b154b090-de00-4885-8439-94539975e3c6	IV	3053	R	1	4362	2
b234fd79-6058-40bf-b80c-dcca70b118aa	IV	3311	R	1	16574	2
a9ddfe37-4747-4483-976f-d86b721ee992	IV	3131	R	1	4775	4
ce795431-4260-48fe-8b8f-ab7fbd056186	IV	3059	R	1	1869	4
414dbd53-a331-4da5-a468-01ff85461590	IV	2963	R	1	24762	3
e85c3813-9d8c-4eff-bba6-8640ea3d6364	IV	2910	R	1	2525	4
5dfbf427-40f1-4934-b241-dce3da42cf14	IV	3239	R	1	3370	4
ec03d9c9-2718-4896-8eb9-062cfcdf10b4	IV	3350	R	1	4180	3
abbbd157-3af6-4496-a6f4-3073a1774632	IV	3128	R	1	5838	6
1e0abde1-4fcf-47f4-a447-90bc0face051	IV	2983	R	1	2934	4
dea02bce-143e-4062-baea-35a8cd0fd24f	IV	2897	R	1	1825	6
f25ec001-e1b9-439c-aff9-73b8f78cd3ec	IV	3265	R	1	352	5
db4442d4-ba82-4aad-be99-de440e174329	IV	3245	R	1	1827	3
cceba047-ed3d-4b36-ada4-2d2ad748b23c	IV	3082	R	1	3122	4
330e4680-47d6-4834-8157-e8b6092275b5	IV	2683	R	1	7537	9
b1bcc205-a345-4880-a32e-8f22a3eacf0c	IV	3357	R	1	5856	5
fa828bcb-51ca-4ae5-850c-a04c40291852	IV	3082	R	1	16713	6
73134482-8124-4898-bd81-f879b4d66029	IV	3023	R	5	6965	7
5b7760c1-dd03-490d-8f19-e781e319eefa	IV	2843	R	1	2636	3
4ae65dbd-d6e2-4981-b866-a8c9b3482123	IV	3131	R	1	281	6
56052797-74c8-42cb-a524-20f998e6cd0f	IV	3131	R	2	3687	3
a565e2e1-d82a-4e23-9f4d-c6561acb869a	IV	2768	R	1	4583	4
33508264-312c-4d3f-84fd-c56ac1187213	IV	3158	R	3	2906	2
060041ec-2929-4f55-a605-14dbae135e6e	IV	3053	R	1	2526	3
94605285-f6c5-43f9-aba1-2905644d5e0b	IV	3244	R	6	7437	2
a21ae0fa-7484-4e16-8730-6baf3af3c0e9	IV	3368	R	1	3114	2
7b95f270-29ac-4bbe-92f2-8b9f87d03b0e	IV	3246	R	1	1909	2
9ff9e278-f978-4852-9b02-0f4f9a4d08f4	IV	2983	R	4	5091	4
c4b5c711-ca10-4f82-b46e-a8449adf6cb2	IV	3239	R	1	1846	7
8e7d3def-23cf-40be-ad1a-41d2bb1f12d6	IV	3338	R	1	2517	3
3062ce6d-a839-477e-89f9-a0cbd7b01473	IV	3425	R	1	14717	8
ef0c12c1-82e3-4f3b-a6f3-b180aa955eaf	IV	2781	R	1	2394	5
b8cf057c-40d1-4921-90af-44596e06e728	IV	3221	R	1	7600	6
577a805b-b2c9-47de-a759-9be65f2ef699	IV	3667	R	1	16652	6
1af43305-8c25-49c1-be12-ce71ec1e98e9	IV	3471	R	1	3385	8
2c5afdcd-0964-4d66-9f32-cbfbda40252c	IV	3005	R	2	1846	4
85cc6f80-09fb-4be8-b5e3-37016a2472d6	IV	2814	R	1	5829	5
139510da-529e-4599-a929-b5553492b479	IV	2947	R	6	145	5
7d41faf8-4529-4c32-9081-6c689b79ab71	IV	3594	R	1	4275	2
6dcdd6ac-b621-420e-a03a-70669b8959a5	IV	3326	R	1	2901	6
7e096ddf-699c-4ebb-965e-1964f02750d1	IV	3161	R	1	1828	6
abfe4c38-a35e-47a8-89bc-51446ff4dc6e	IV	3380	R	1	1851	4
8212325c-a149-46c1-a9c2-f7ee9b32f813	IV	3494	R	1	7512	2
c973e8b1-f7c8-4511-8c53-2d5b307f499b	IV	3221	R	1	4778	7
22542cd6-8a93-4493-957a-c888a0b2f6b2	IV	3278	R	1	4792	8
d34bf765-6b46-4ddb-ba12-2ea1e6df45b4	IV	3356	R	1	1811	2
298c6c26-dbd0-4470-b010-a37741714789	IV	3185	R	1	276	5
298c6c26-dbd0-4470-b010-a37741714789	IV	2063	L	1	-4163	4
45dcaef9-47e9-4a59-b747-cd17b084d217	IV	3179	R	1	1821	2
bb6570e4-0d7e-4c93-ad8b-6b351440f38e	IV	3332	R	7	5395	7
714199b6-8551-40ca-84cd-5430effa5ca2	IV	3320	R	6	1842	2
6c227221-1dea-4720-8ece-841401af122e	IV	2068	L	1	6	4
ca127612-9a07-49c7-ae7c-61632b753ccc	IV	3265	R	3	10205	4
71505151-7b5a-43a3-9437-eba76bf965a5	IV	3371	R	16	2417	10
d2f249d7-a0d2-4de4-92d7-c0977f1b1fd9	IV	2775	R	1	1841	6
47d28ac9-b9e5-4518-8811-02529de94442	IV	3838	R	1	179	5
d0e7e1e9-da2c-42a8-877b-8f9c01d7db8a	IV	2836	R	1	5309	103
399361f4-c920-423b-9872-c5ba9a3d5a34	IV	3380	R	1	10427	4
c9dba375-0280-4a21-8897-5e56bddc268f	IV	3271	R	1	4583	4
220d8f3e-fc63-4bee-b8ef-0ecd1dafbdbf	IV	3641	R	22	14706	3
99a8d169-48c7-4441-937c-a4c7ba512126	IV	3769	R	3	5865	6
4b3fd846-f64a-430a-a73c-8ac663a93b86	IV	3350	R	3	5851	4
e41fb943-5e17-4ff0-8610-d4515443465d	IV	3245	R	1	2398	3
e34c5534-8682-4105-a155-2d0696b12086	IV	3370	R	1	2939	5
cc1ef407-7088-4b91-8ec8-ef8d9a82a912	IV	3316	R	1	7465	5
c1dd5012-beda-4fb6-90d6-a887744711fd	IV	3084	R	1	5836	6
7fd8abe7-4658-4b80-ae6d-629db1c62c14	IV	2982	R	7	14622	5
4529d61e-a94b-4a36-b532-3c3b64507fb1	IV	3059	R	1	235	2
2e78531c-4719-4898-aee7-4df766e1cbf6	IV	3271	R	1	4180	2
16d31a35-9ec0-4576-9afa-716e0764c8aa	IV	2940	R	1	2910	3
f7bab7aa-a7fc-4334-8cf8-b80013886786	IV	2745	R	1	1836	5
dac7950e-3182-453c-816a-3d79e9b00056	IV	3383	R	1	5846	5
ae4b7051-7f3c-4612-ade1-39e529a6a649	IV	3452	R	1	1939	2
64433c4a-9de4-458f-a33b-cfc2e02511e1	IV	3271	R	1	6035	3
562c0e55-70d1-4a7e-900a-05c75131a759	IV	2864	R	5	7484	3
b79ab9d4-7a37-43f1-9167-b003ebd4649b	IV	2853	R	1	25174	3
726eb40d-92e4-4279-bb9b-dae8865ecaa4	IV	3314	R	1	10412	3
4517f4c8-5ae4-4fa6-bd89-7fe1765939ba	IV	2963	R	1	566	7
245356ce-8297-4963-a6d0-e2308b21f1a2	IV	3239	R	1	18786	3
2d3ce842-9cb9-45d7-a04e-8c83b23b6b9e	IV	3245	R	1	2196	10
baee3b93-ad4f-4a54-9e65-d02fce6b63d1	IV	2775	R	1	2944	2
9f29406f-c4fe-4697-b806-9c8f94d5c194	IV	2811	R	3	4794	5
2b75e92f-f7ab-4b40-ad9d-c41252283953	IV	3547	R	1	5785	4
bffb6ee7-5be1-47a4-acd6-9da4e1e79b51	IV	3606	R	25	1865	3
44686142-2c60-439f-bcea-b331c026de09	IV	3314	R	11	3115	8
b544977b-fee2-494d-a6bc-08f668c3ae52	IV	3041	R	1	1851	5
be87186c-8801-46bf-865c-6dbf517b52bf	IV	3512	R	1	4419	2
5b5f4daa-42c5-4029-819d-c25bde52488b	IV	3264	R	16	2466	6
981b59d0-0dba-4a44-8130-fa1317e415cc	IV	3949	R	1	2946	2
25844a8b-0181-4a32-ac82-4e7c4b347d81	IV	3432	R	1	10723	3
71121e66-bc25-4049-b5a2-52420f887207	IV	3429	R	3	13362	3
bc3c63d6-f5ae-4fed-a77d-713c0647440b	IV	3524	R	16	2402	7
9fac570d-6c5b-419f-8b2f-65929b2f2276	IV	3360	R	1	173	7
1020b895-f6a1-4f83-bc77-c6a064e4e8df	IV	3460	R	9	174	5
419e9f6e-ee97-455a-8cca-4c23177883c1	IV	3297	R	1	3070	3
c9de2781-8786-41e5-832a-ece2dd65db2d	IV	2841	R	1	2885	2
743c62e9-80f5-4947-b46d-324bfc57029c	IV	3059	R	1	13265	3
d81acf6a-ccb2-4fc2-bc01-5588d3bce011	IV	3161	R	1	4711	2
e0b67125-c4da-4077-b91b-4639c0e51d67	IV	3066	R	1	2968	5
10125f0b-39bd-4e9a-9a1c-d7db81ad356e	IV	3227	R	11	1850	2
b4c53434-c000-4531-94eb-ecd61713c00a	IV	2769	R	1	2504	4
fc7686e1-11a9-4c8b-8773-0bd8dd987435	IV	3032	R	1	5802	4
01253313-8835-4778-a24e-e45151da97ce	IV	3008	R	1	173	6
a2d9b854-6478-40e0-9a41-94b38626b939	IV	3065	R	1	7035	6
6c628bba-21b7-4ed6-b4f7-2032fa1b7d0a	IV	3200	R	1	6072	3
02e4fd9d-e5e1-4da4-8766-c9bf7fea1db0	IV	3215	R	1	1833	5
f1427320-ff95-4d29-bcb4-677754aea400	IV	3269	R	1	209	8
a90ebd5d-9d49-4db2-84b2-c5d128953215	IV	3011	R	2	7007	6
165526f7-81c0-4fd7-8fc2-0b170d4ae95a	IV	2915	R	2	272	3
ddf349ac-6162-493e-b1c3-d8279b4e3052	IV	3239	R	1	2918	2
83286fa3-6536-4848-b5b2-c7216a845951	IV	2799	R	1	5352	4
4c042050-1590-482a-82af-37e921fea380	IV	3082	R	1	2925	2
4c042050-1590-482a-82af-37e921fea380	IV	2132	L	1	7	2
d61f597d-0bbe-4beb-8b5a-d304092ed851	IV	3272	R	2	1823	6
6956d052-ac9e-45ed-8007-49975b6a23af	IV	2693	R	1	7690	2
7330d659-93ca-4a75-af49-5af51aca1cee	IV	3203	R	7	1842	4
c64396b8-09f7-494e-9092-99b62dcf2655	IV	3191	R	1	269	7
bbaf708d-23d9-44ed-8b11-c356ef010352	IV	3792	R	1	4429	3
bbaf708d-23d9-44ed-8b11-c356ef010352	IV	2149	L	1	-4897	2
7d65e4d3-cbae-4ae2-88aa-18c57ab881ca	IV	2752	R	1	3385	4
7d65e4d3-cbae-4ae2-88aa-18c57ab881ca	IV	2157	L	1	-215	10
170c8bb2-ea1d-4d15-937f-2be5b5763120	IV	3046	R	5	3148	5
7a8d96d8-4dc6-4554-9246-465d45d3a3c8	IV	3261	R	1	16631	6
e6e63e7e-b938-4b5e-84a9-0277ada84ace	IV	3125	R	1	3670	4
29d83dfb-07c9-4658-bba0-1b0085a6452a	IV	3356	R	1	2895	3
c75d44c5-f643-4d15-95fa-18f05a322d09	IV	3386	R	1	1856	2
f7746c0e-0308-4571-b55e-4790a23a94b4	IV	3451	R	1	1513	2
a5caef0a-313b-49b7-9736-dfb4bc7e774f	IV	3073	R	1	6025	3
a5caef0a-313b-49b7-9736-dfb4bc7e774f	IV	2164	L	1	7	2
dba314a1-35b6-4570-90d1-72f917b02e43	IV	3071	R	1	7542	3
0e244de5-2dc5-4617-a61f-29243527c20e	IV	2164	L	1	7	2
572578ed-1ffc-48b7-99c1-09612c995f22	IV	3416	R	20	1863	2
4cee13d5-dc3b-40d2-90dd-4e55f949b890	IV	3209	R	1	407	3
92be5ab6-f34f-47d4-a3d8-808c994d199e	IV	3435	R	1	2540	5
3f4d5704-1944-44c0-bd5d-de9abdf0676f	IV	3480	R	1	3109	4
72f3d559-407e-49b2-a3dd-6538b8ced2ba	IV	3491	R	1	6046	5
a11c020f-13c7-4eff-a48e-a5c2d8883707	IV	3158	R	1	19530	2
9095741a-5bc9-44fd-bff2-09b1c86ab797	IV	3339	R	1	4372	2
8b3bfe68-7cd6-4ce6-b95e-b065fc9fa0e9	IV	3360	R	5	18756	3
1536bc7b-16ec-4c73-9ee0-f5e99728b2a0	IV	3251	R	1	7482	2
b07e1ea8-117b-4f9d-83c8-2897921f5291	IV	3278	R	21	19038	4
4529497f-1378-4c47-94ed-78000085662c	IV	3234	R	1	3413	2
f5eb3114-c1a8-49e6-9154-215e93c56b5f	IV	3161	R	9	1821	3
912b38e7-af41-41a3-922c-cf96fc7d1809	IV	3353	R	1	1246	7
9c592934-d695-4fe7-996c-e61fc89fc3ee	IV	2769	R	1	2395	4
4f977ee1-6aaf-41a8-be9e-cde1ff4f5eff	IV	3158	R	2	1834	2
af5f3028-f7a2-4217-a702-306701d95c91	IV	4140	R	1	1863	5
8e5ddcd7-53ac-4d9b-a393-97d53269c574	IV	3360	R	4	18782	3
cb27ba49-0ad3-4f67-8502-6e707b7429cd	IV	3227	R	4	7458	2
36a0086c-2118-44b0-bb53-047363fe5900	IV	3332	R	1	2914	2
6493ce98-2b84-42c4-ae7a-89abc341c362	IV	3618	R	1	5820	2
61f6b618-a8e1-48ec-b824-e86875bfcbe5	IV	3551	R	1	173	3
bf0454eb-6f1e-4b87-9192-0514b20ecc4a	IV	3156	R	1	233	3
f24b2d59-c104-4cfc-91f3-0a9a159c19bc	IV	3313	R	1	4249	2
161326d0-4101-44a9-833d-3f0bc5bc3e36	IV	3278	R	1	4838	7
00db0108-b719-43fa-a401-cca4f6318894	IV	3320	R	3	7253	2
d577df27-dce5-4c26-9bac-123003a98339	IV	3215	R	1	1839	5
5c50771f-77a3-421f-84f0-cfd9fbecf897	IV	3737	R	1	18752	5
cfcfbba2-0f50-4693-8b4f-67f7dbf68c49	IV	3344	R	1	138	3
194026fa-710c-4bae-ae78-dac514a97c66	IV	2992	R	1	1855	4
ec9887be-d238-4b29-a6ec-c326ad1f46e0	IV	3054	R	1	2295	78
f7571430-5aea-4560-8ff4-6a654328642b	IV	3221	R	3	4436	3
dd0b5c89-3c53-4183-812e-f57d45b7759e	IV	3804	R	1	13245	4
0fd9f465-778a-49b7-8e3f-9b8c06bd35b6	IV	3344	R	6	1822	2
7dabe337-d295-47b0-b26d-979a96c7f08c	IV	3387	R	2	1835	4
d5b1575c-a4de-454c-82ae-d777ae858044	IV	3265	R	1	3408	7
7c85b9f3-32e7-4e8d-95e7-89e9a8b22d08	IV	3047	R	1	1827	3
e70ee6a9-f350-40c7-bcf2-01dc1b83dbe7	IV	3997	R	1	274	2
a48ab71c-d5a7-4ae5-9004-45cd761645c1	IV	2655	R	2	2525	7
f002954b-8290-4029-aa92-56b726d61cf5	IV	3314	R	1	4844	10
ba3f4863-d949-4e8f-bba8-0e78a3375d5b	IV	3023	R	1	1840	2
ba3f4863-d949-4e8f-bba8-0e78a3375d5b	IV	2188	L	1	7	2
551f4080-8d59-4c75-aee2-aeea96cfb085	IV	3739	R	1	1261	7
f0b37315-4e87-4e80-92ac-0c5a6281fd80	IV	3131	R	1	2945	2
7799cb5a-f3dd-45bc-b41c-0afa5c09402b	IV	3374	R	3	1811	6
12d94c66-1030-49a3-aa46-6f44193a03bc	IV	3302	R	1	1838	2
f321cced-5cd2-4611-8bdb-f4d2ca44eae5	IV	3247	R	4	3114	6
515519c9-52f4-4cef-858f-b10badba3d23	IV	4004	R	1	16629	6
4f7ecf36-8266-473b-abed-6182b6f7af7c	IV	3480	R	1	4390	2
ecf098a7-5a8c-43c7-be03-4ad505ee7aa5	IV	3350	R	1	2953	6
1301ae12-239b-4d6e-99f4-6ebba9181db7	IV	3271	R	1	1836	2
f65f532d-9e5e-448b-b070-4b227d00d5c0	IV	2195	L	1	6	2
51265d31-509e-43f9-a779-90dbc1cb2ee6	IV	2968	R	2	14813	2
2f73c31b-2889-4901-b87d-cb609902d498	IV	3246	R	1	10428	2
c26edeb3-08b8-4d26-98de-cb0db9aa155c	IV	3245	R	1	10435	5
1f8ca9af-581c-4ce7-ba6b-1d92c13a8189	IV	2830	R	1	7683	4
e7d6621d-d2aa-4aca-abaf-92e3dcf98bbd	IV	2940	R	1	3583	3
61ba1145-ea81-4730-a097-a48b8eec4d90	IV	2988	R	1	729	3
5b9dd227-7280-4fd1-837f-dded72b1491e	IV	3320	R	1	1854	6
58fa9855-2f38-44a2-b619-877624edbb5f	IV	3641	R	1	5968	6
4b6be496-add9-4eb0-92ea-5f21d004c08d	IV	3371	R	1	1374	2
399eb617-f967-48a2-a027-31ad081f1482	IV	3344	R	1	4421	4
dc7cdf2e-ed8b-4cba-b16a-ab58fffc60a8	IV	3230	R	1	16679	8
9dd3b338-5786-4c8d-9c81-3ed654930463	IV	2968	R	1	7527	2
b0a758d6-53bc-4f0a-a67e-2ed9c2e26d73	IV	2975	R	1	4840	7
c65ff081-1ec8-4303-9940-bc412e91159d	IV	3230	R	1	175	4
60a2f41c-f3af-4601-bc88-feef705dc5cc	IV	2948	R	1	1903	4
8a8592bf-3cac-475a-ae0f-f1c59cfcf2b1	IV	3638	R	1	1859	2
fafaad3c-1248-4d9b-922c-c75bc591f5e4	IV	3200	R	1	5860	6
58a0184f-3a88-4362-8ce0-2e05d0884099	IV	3212	R	1	16564	8
7ccdbd88-9551-45c8-83c0-963d92b67794	IV	3386	R	1	147	3
9972153c-ff51-4c0a-ae23-e9e3dd498e94	IV	3131	R	1	5816	2
c5826792-84e4-486e-8747-7851eee75e79	IV	3452	R	10	2529	3
dccfa482-08c9-4132-93be-b8c75ad994f2	IV	3218	R	1	16452	8
db38ece2-2763-48ea-bcb9-6dce65208e16	IV	3539	R	5	16577	2
5b070612-b266-4f36-a335-aca7845f5084	IV	3347	R	1	172	4
8a77ef29-4b8e-4ff6-ab4e-1bde8d6e1a4f	IV	3135	R	1	2496	4
8a77ef29-4b8e-4ff6-ab4e-1bde8d6e1a4f	IV	2218	L	1	-11222	3
bcc2493f-8b19-4062-a717-82fd098b10d5	IV	3052	R	1	3120	3
bcc2493f-8b19-4062-a717-82fd098b10d5	IV	2218	L	1	-3453	4
f2ebd796-3da4-4c6a-a3ca-6e4b172e6288	IV	3222	R	8	10705	2
ccbade1d-d32f-441a-bca6-84879a01d547	IV	3454	R	1	171	4
ccbade1d-d32f-441a-bca6-84879a01d547	IV	2222	L	1	-1288	2
3c0c5e75-0431-4080-a3e8-f23d07fdfa32	IV	3053	R	2	7683	4
3c0c5e75-0431-4080-a3e8-f23d07fdfa32	IV	2222	L	2	-18171	3
78af22dc-7c85-4b43-b97e-8ac13c7cfdc6	IV	2959	R	1	13342	2
b3b791db-41cf-44b5-a408-2586c8809972	IV	3210	R	1	1874	2
e99a964a-c8d0-4a41-8300-f5aa22c77938	IV	3076	R	1	1257	7
a7244dd9-6739-4f44-aa77-a5d5ab552eee	IV	2963	R	5	2373	106
beaae1a6-3f64-4506-b766-21773f478867	IV	4086	R	1	18753	5
80c44be7-3050-4ca0-8ec0-a571e34c1ca2	IV	3641	R	1	1835	8
a1901c51-ac86-4359-a844-3805c8d7233a	IV	3509	R	1	180	3
763ad367-1b1e-44b7-bad1-d9e0088a1f8c	IV	2769	R	1	5800	6
95d34d17-339f-4aa9-b5cd-8563745f9501	IV	3141	R	1	16611	6
fef74a24-1261-4001-9877-4e3246b2ef25	IV	3370	R	2	4771	6
d4861122-782c-49fb-9b32-99516914a281	IV	3059	R	1	3671	7
9b08b84b-cf07-4029-a557-efbd5398016a	IV	3327	R	10	1251	7
45b2555a-6a6f-4c4b-89ac-50463dc3b42c	IV	3542	R	1	25048	9
94390bd4-c12d-4d21-850c-eee981d9bfc6	IV	3231	R	1	1857	5
6131f7df-103c-482d-972f-916360c421c8	IV	3350	R	14	14557	2
4ebf944b-dc7d-4c78-b377-64f4b0369e36	IV	2804	R	1	188	5
89b681ae-c9b4-4871-800d-b6794588cf90	IV	3440	R	2	4851	8
b9d4347c-4457-4c66-b672-a7d98d0a41f1	IV	2946	R	1	6617	2
bac2cd92-e804-4b39-9899-149034ec2029	IV	3339	R	1	12485	3
733e45c5-6a28-4c26-b7aa-f9ec79c77963	IV	3986	R	1	4814	5
7662735a-0c5c-4ac0-839f-26ddb20cf495	IV	3214	R	1	3066	4
8bfeb4d1-9d28-4917-9838-2ff522b4c060	IV	3478	R	6	800	3
327105fc-2b06-4963-a899-0732f7e46a95	IV	3077	R	1	277	5
db59a1cd-0851-4414-9842-e9ba21494961	IV	2992	R	1	1856	5
1af7db74-1105-404b-ace3-5700996149bb	IV	3302	R	1	4385	4
462a48d9-7323-4535-9748-8c0dcf361c0d	IV	3264	R	2	519	8
6aa3eaeb-f589-4683-8040-10f2addcf47f	IV	3053	R	1	276	4
60e577e4-c48c-447b-9e38-c785b376faf2	IV	2940	R	1	7518	6
30764036-5d3d-4446-af74-51b4ea6c086b	IV	3272	R	1	2551	4
b44d3c3a-ed78-40d6-94ff-c37a3d850e54	IV	3458	R	1	366	6
ec552c79-e55f-4841-9a80-1b2a264c2dbd	IV	3480	R	2	3075	4
0cd423f4-7ff4-41d4-8ebd-b91663f762e1	IV	3860	R	1	2237	4
a9cf8096-b1bc-475d-bcd6-fade19917b16	IV	3267	R	6	12355	2
bed8b73f-91ee-456e-990b-ccfec6f77294	IV	3271	R	4	16505	5
f1ca8139-72c5-4ebb-9503-aa52c7f38872	IV	3246	R	1	16698	8
364e46e1-231b-4de9-bd80-e6b5bc28aa80	IV	3344	R	1	1862	5
04494e24-6c99-4788-9fad-142f737f297e	IV	3130	R	5	8695	4
012ccd11-538b-43ea-8532-9c696baa9c19	IV	3355	R	1	6613	3
df345659-1441-4760-846c-dfc16e890feb	IV	3041	R	1	2388	3
6542db9a-f592-45d2-851f-14de9609e26c	IV	3407	R	1	14417	9
12142ec9-7002-431b-9d25-5c5e5e975c94	IV	3350	R	1	14608	3
439e8ba6-822c-494f-b422-0cfc32cff327	IV	3227	R	1	1855	7
9734e95a-7423-4dd3-9898-f90a8b5acdf0	IV	3126	R	1	4132	3
ad89293d-d0d3-4542-ae16-3e63f7044566	IV	3312	R	1	6008	3
0d18397f-0257-44a5-bb62-9a0e16bfe3af	IV	2986	R	3	273	7
6139fe65-026b-4240-9e05-b0a2122daeed	IV	3997	R	1	4847	5
f415c2ff-0422-4b0b-a7ed-04a8580aae08	IV	3302	R	1	577	3
c8217a7b-3ac0-4a31-a25c-b54dc37cee04	IV	3512	R	1	644	7
ded3376c-e153-4d37-bebc-c0d711142e67	IV	3297	R	1	10300	7
8fd986a9-81f8-4174-852f-e4928a1d2edf	IV	3546	R	7	3424	3
c2243d2a-9e5b-4534-9ab5-b7b8f3ae33f6	IV	2259	L	1	7	2
1e45e872-0318-4e99-af41-a3c8df940a24	IV	2989	R	1	5837	2
0581d78c-8c68-45da-9346-00eb0ee4220c	IV	2798	R	1	6000	2
2d6ec26b-c37b-4e6b-a020-e03b5aafaaae	IV	3209	R	5	2517	4
006fa04c-d885-435f-bcf1-74eddc78e7e5	IV	3047	R	1	232	101
06d7d92a-6ee1-434d-b7ce-01c98119c1bc	IV	2265	L	1	7	2
46bfc95d-5ce5-487b-b0c7-33ba4a8c9f5f	IV	3018	R	6	3128	10
764deb08-25d4-4ee1-8d5b-100bac8b2e56	IV	3191	R	1	1268	6
c12b2cdd-8a44-4675-ace4-348c47222db5	IV	2968	R	1	1836	2
b8b5da37-ec2b-457e-820e-a8df53492126	IV	3215	R	1	2927	4
e1ff4f0f-d23f-4a4d-8a86-b66e88d2360e	IV	2284	L	1	-1701	2
9ea48e61-df1d-4a98-a148-319261b8f44e	IV	3643	R	1	7654	6
be44caff-dd85-4cd8-8100-66e825e8290d	IV	3032	R	1	16678	3
63df4084-4e2b-46e4-a1b7-195eb60def79	IV	3353	R	3	5763	7
63df4084-4e2b-46e4-a1b7-195eb60def79	IV	2288	L	3	-52	2
9f665ace-b759-4520-b84c-4aedeffa80a5	IV	3221	R	6	1980	7
2b912bb7-1498-4093-9f0b-c0d847f0e90f	IV	3452	R	2	284	3
746c0fdd-f949-45be-aa6c-15bd2a1036e6	IV	3162	R	4	3695	6
1605ccc7-7c2f-4178-8b5b-a9e3c9e4b9f1	IV	3579	R	1	16580	3
a05b44ba-7dac-408b-8e5c-6af30d52e984	IV	3500	R	1	2882	2
f0a9806c-80dc-4d0f-b089-aa48531bd83b	IV	3612	R	1	2909	3
4f6c0933-c415-4303-87c5-c9cd5e29404e	IV	3844	R	1	6014	2
203bb3c8-d7e2-4390-8f28-29a5f478132d	IV	2954	R	1	16677	7
53f7f65e-ed66-433a-b3de-3a6a599e5530	IV	3480	R	1	1830	2
d0c58eb1-3ef1-430d-a56c-e9169d16b48c	IV	2307	L	1	7	4
20ceacc4-c71f-4317-8aea-3d27bc9861f2	IV	3145	R	1	203	7
07bca387-a3ac-448e-83aa-a756a468de06	IV	3434	R	4	14556	4
556051a7-df36-4a7f-a602-b2b48087b9ba	IV	3407	R	1	16572	5
4fdc186d-30d3-4c9b-beee-06011cce8c80	IV	3245	R	1	2950	2
f8d13591-bf6e-4a8b-96a6-73341cf8e2f5	IV	3227	R	1	4846	6
e2a921f4-c0f0-4eec-9eb1-97cc2ce88023	IV	2957	R	3	1276	9
4dad6a2a-a888-466e-a96f-f960de5b8c32	IV	3338	R	1	1864	2
f1cfa661-b8d5-48c3-b974-e6ef3c74a23e	IV	3428	R	3	7339	4
2179dfd2-10ba-45c3-b822-0afcf942a548	IV	2772	R	2	173	4
9bb0baae-6253-488b-8168-caa730ffda06	IV	3762	R	1	272	5
5241e42f-db30-4f32-85ae-e4c67b52e2b5	IV	2346	L	1	0	3
e1392ef5-4521-41bc-98c2-1e8ede5c81a7	IV	3350	R	2	5872	5
e1392ef5-4521-41bc-98c2-1e8ede5c81a7	IV	2346	L	2	-2	7
2ed93420-f52a-488b-ac99-fac66c8bc04f	IV	3311	R	11	4777	5
2ed93420-f52a-488b-ac99-fac66c8bc04f	IV	2346	L	11	-2	2
8e6bf44a-722a-4792-8061-ca41aad6668f	IV	2946	R	1	3711	5
85ee7bad-8bc8-433d-bedd-7e9c3830c5eb	IV	3843	R	1	2384	9
8c6d6358-cd45-4156-848b-46d823abdda4	IV	3191	R	1	11838	6
d28584e6-9580-484c-8682-3821625e15bc	IV	3768	R	1	4816	9
0184007e-8b66-413a-bcdb-a1773b917566	IV	3356	R	14	4397	2
0e87d86d-0497-4e0f-a527-6c53e1140338	IV	3445	R	1	2912	2
0e87d86d-0497-4e0f-a527-6c53e1140338	IV	2348	L	1	2	3
42d7bafb-351b-431a-91e3-235fb79dd88f	IV	3186	R	1	4769	12
d88777c9-3aca-457d-9ce1-b319e2e11abb	IV	3233	R	1	7630	4
a2f60655-aea0-4916-8e4e-2891f0d7d21e	IV	3227	R	1	2911	3
2810c865-09a6-4330-9fbb-58252179a497	IV	2348	L	1	2	4
882b3893-f498-4f23-b8d7-e2ce55506004	IV	3271	R	1	16594	2
410a0c41-0f6b-4c4f-b6b4-1dd3556c326b	IV	2348	L	3	2	2
9337a24c-db7e-463a-9697-ad61143bd440	IV	2348	L	1	2	2
4a6f876a-3a42-41be-8c00-c220bb038d21	IV	3311	R	4	172	4
a869d92d-b206-4626-acca-bcb53147c3b1	IV	3398	R	1	143	3
896946a1-bc6b-4907-bcbe-0645a101b368	IV	2985	R	4	10356	3
4d3281b1-d70f-495b-aa33-771165be6405	IV	3012	R	2	15326	2
86b2daf9-c17d-4822-a7bb-f2cc0123cf9b	IV	2946	R	1	2422	2
b2c29106-f893-4782-8677-f868a5b9340a	IV	3082	R	1	2946	9
b2c29106-f893-4782-8677-f868a5b9340a	IV	2348	L	1	2	2
d93a17f4-52b5-44ab-aac4-6d730c61414d	IV	3641	R	1	1845	7
5b709f0a-8e27-4b5b-93bf-88c8c19e77e0	IV	3245	R	1	3119	3
5b2060c6-0be0-41a4-a86d-46d1acdc2aa3	IV	4105	R	6	13300	3
e39fb545-6137-45f5-9774-b9d3ee6f2509	IV	3641	R	4	276	7
68ee0877-ef57-4fd1-8185-a3ad355b3740	IV	3646	R	2	4764	6
71be050e-79bb-43a2-ae08-093a0a6b866c	IV	3332	R	8	276	4
05df4d65-e9b4-4e96-a0d2-668b3b480fff	IV	2963	R	1	152	3
05df4d65-e9b4-4e96-a0d2-668b3b480fff	IV	2352	L	1	-15054	4
01d6c159-f810-4e83-bd87-459bb57d4b88	IV	4317	R	1	272	2
97d6423f-7b80-40da-b936-c4439ded4489	IV	3434	R	1	6887	5
2771ed01-c6aa-4354-b1fa-4651fcde71a3	IV	3204	R	1	2370	3
2771ed01-c6aa-4354-b1fa-4651fcde71a3	IV	2357	L	1	4	3
70603593-917a-4a79-9db6-51fbb7f2cc74	IV	3542	R	1	2513	4
d8b64b4c-feb8-4f53-a880-29aa4d4d4c7f	IV	3536	R	1	6649	3
ea4bb1b0-3f19-45e3-8ebf-57cb72d4b270	IV	3379	R	1	10403	8
35ca2f42-673d-4ec7-ba29-bf2d57aa1460	IV	3437	R	2	175	2
35ca2f42-673d-4ec7-ba29-bf2d57aa1460	IV	2357	L	2	4	3
27969f13-12f6-4fd8-b990-6dae488599be	IV	3518	R	7	14688	3
a9e27bad-bef1-43b2-93b6-9ee3c075972c	IV	3624	R	19	268	6
9b5a96cb-55f8-490e-a357-26ada2634561	IV	3320	R	1	2943	3
3f3221ef-fc7e-4e4a-8778-f7173d1dff74	IV	2993	R	1	18701	2
9c5f9035-4b41-4f3b-9d40-7f612d69e6a8	IV	3161	R	2	1811	2
df81e52c-407a-420d-9114-5742574a8018	IV	3480	R	1	18778	2
544beef0-4f59-4140-803f-be838b72d674	IV	3066	R	1	1862	9
f9ce2535-7701-4574-a11e-faef620f2e64	IV	3272	R	1	2711	6
db390bed-6f44-4afb-957d-1dfb95582e39	IV	3197	R	4	4825	6
ff17d398-cec5-40a1-92ab-6258d8a18a24	IV	3844	R	1	9723	2
ff17d398-cec5-40a1-92ab-6258d8a18a24	IV	2361	L	1	6	4
2714617c-23c3-4a3c-ac4d-e9992037a5a0	IV	3071	R	1	3846	4
059686f0-4ecb-44bd-9d5b-0fe49ff72f62	IV	3185	R	1	1815	4
059686f0-4ecb-44bd-9d5b-0fe49ff72f62	IV	2365	L	1	-2283	2
654ca73b-d549-47df-bb33-c88b6c22f85a	IV	3355	R	1	1171	3
a3b8e1a3-97c0-4739-a962-5ec05a39f077	IV	3625	R	4	2307	2
b9f3be10-de52-41b5-8c14-d2b7ed3ac144	IV	3618	R	1	2898	2
f78145da-75eb-499d-a158-6c6aee16efdb	IV	3386	R	4	10424	3
14894867-9860-472a-a74f-5381207d4bab	IV	2995	R	1	1829	5
9097f637-1238-4aa7-b172-b275e10863ba	IV	2824	R	1	1248	4
9097f637-1238-4aa7-b172-b275e10863ba	IV	2369	L	1	-897	15
dc46edd2-813e-4d18-b26a-9844c845e546	IV	3792	R	4	271	6
a75216a7-8404-4170-8192-b9b09dd2c7a5	IV	3308	R	1	2909	3
39a91219-2a6b-44dd-b3ea-0bf7cdab1ec9	IV	3084	R	1	2946	2
7665c72a-a1cc-4973-9779-7d561e3f9e00	IV	3870	R	18	1827	6
351f27ff-5a72-4d63-87eb-f5e02f758587	IV	3594	R	1	4792	10
351f27ff-5a72-4d63-87eb-f5e02f758587	IV	2410	L	1	4	2
c1e71cdd-80c2-43f7-a004-92032dee4021	IV	3302	R	1	7017	4
78eb28f5-9eb4-407a-af96-9525939654ed	IV	3221	R	2	3657	5
c58af36b-7786-4091-b714-348247e14d77	IV	3478	R	2	178	5
43338639-27e6-4bab-bb0f-a46fa1ca9999	IV	3191	R	1	2487	3
a7f06382-d189-4d22-9291-34c99c473c99	IV	3245	R	1	1848	3
0cf9532b-54df-43a9-b659-75ede4238ad7	IV	3433	R	1	10152	4
7dbb7f05-b61c-4981-988e-c2274097bb28	IV	2419	L	10	7	2
94b39dd9-5e19-4986-8c8e-e35f241a6aaf	IV	3136	R	1	2936	2
bd8fa9ed-9709-4db7-9834-e56de0f4c291	IV	3053	R	1	1839	2
35f54b95-5c45-4ba3-b5c9-6fe6fe3953a5	IV	3360	R	1	18655	5
930d8da7-0a54-4085-a61e-65fac6f24473	IV	3792	R	1	6655	6
c4634c89-89df-4c42-991b-bd3cdf5bca45	IV	3540	R	1	11689	5
ac9749eb-0223-4c75-ae2b-0a291fdcf2b3	IV	3803	R	1	3294	3
a3e86853-e894-4df4-8d6d-f528d5f3407c	IV	3454	R	2	177	3
33afd1e0-8e2a-41f8-973d-3678953b102c	IV	3680	R	7	3677	11
e41486e7-55b2-4f48-8367-61f5c4d92a1b	IV	3787	R	1	1865	7
ff208ace-15d4-4e5a-922c-494d79ad71ec	IV	3684	R	1	4829	5
986d9a26-463e-48ce-9f88-a5937e13f61b	IV	4022	R	1	36	5
986d9a26-463e-48ce-9f88-a5937e13f61b	IV	2469	L	1	-22	5
9f98e3bb-5bfb-455f-aa3d-6dd389523a59	IV	3191	R	1	1166	2
00543a79-0085-462e-b765-1806ee51c912	IV	3265	R	1	9838	3
12d63b4c-6861-4555-9b40-c76e8cad42a7	IV	3125	R	1	13317	3
77fe1db6-e797-400f-b602-af6da6ed7756	IV	3792	R	1	1250	7
c0ee71dc-b15d-4323-990b-eeee052d2a93	IV	3317	R	2	7160	4
2ad288d6-6674-419c-881b-8945b164b794	IV	3815	R	1	2506	4
4289a937-aaba-4d4f-ba41-dfa96014ad59	IV	3314	R	8	7496	2
a49175e8-1989-46a2-a1ff-468da7c47576	IV	2522	L	1	7	3
98217666-c06d-4559-8533-62edbb2b4d7d	IV	3434	R	1	4720	2
c045bd49-ee25-42e9-8e04-a8839335a44b	IV	3469	R	1	7301	3
dd0f2a4c-8d4a-4c8f-b9a6-fd821772cb4e	IV	3474	R	1	3399	7
fbb08430-1d2b-478b-8df2-957c887e9657	IV	3984	R	1	7998	5
bc5a046c-5b56-49bb-8fa5-345ef1c8c8cc	IV	3629	R	2	243	5
f0cb2865-b2b6-4247-99ca-753e9b727951	IV	3798	R	3	3041	2
a8a52b81-05e6-46e6-b88c-5c911d7f0017	IV	2558	L	1	6	4
72db5c32-0a92-448c-8f00-f870bcdfeef1	IV	3305	R	2	174	7
7e4dfcfa-1a2f-4920-b451-91f716dd96a7	IV	4040	R	1	14795	5
2fbb0e53-1fd3-48a1-91df-c4b64220860f	IV	3793	R	1	1804	4
bd7f37db-e811-4369-bfde-16e8c2dff546	IV	3255	R	3	1808	4
cac21d03-3a13-4cdb-8d51-eaed7e978253	IV	3327	R	2	14634	6
cac21d03-3a13-4cdb-8d51-eaed7e978253	IV	2594	L	2	6	4
7a37ff9d-c7ff-4979-b327-90401281151a	IV	3736	R	2	5835	4
2ed8d408-d875-421d-9ac3-2e35d5e888d1	IV	3836	R	1	10726	4
404b6afa-96a3-497a-ba61-8feebb2d41b3	IV	3665	R	1	7790	3
404b6afa-96a3-497a-ba61-8feebb2d41b3	IV	2611	L	1	6	2
81f4b8a1-0d78-4563-97aa-6567d70ddd23	IV	3587	R	1	5737	2
bdb7adce-ce5c-4f80-8382-b31da8428736	IV	3694	R	1	1933	3
88796044-98a8-4971-92bc-85b03b93bbb5	IV	3738	R	1	1857	5
88796044-98a8-4971-92bc-85b03b93bbb5	IV	2618	L	1	-23252	2
67988301-5b78-4ee7-bb0e-947d44acdaa5	IV	3973	R	1	3689	10
a0ba3c87-61d7-4aea-bede-5da12ae41943	IV	4097	R	1	6009	2
297d67df-c11f-4a65-b24e-70e5caf659b5	IV	3867	R	1	4797	7
13589e88-8cc6-44f4-acf9-1a018e3ad89e	IV	3494	R	1	4851	8
82c04de1-c452-43ec-a55e-64392d9b1d17	IV	3676	R	6	16647	3
3e3b05a1-c099-4254-b4f1-0b974f6c4d0c	IV	4084	R	1	175	3
1c97d19e-c7ab-4f3b-8130-e5a1bef41aa6	IV	4484	R	1	173	3
0f83436a-c486-4c43-9f34-5dcd528edabf	IV	3967	R	1	265	3
ca3d3b9e-7b09-4a45-9693-41043ac13906	IV	3855	R	1	4841	7
f6c4f893-8341-4772-9054-3437f8ad9126	IV	2674	L	1	-11504	3
1a27b523-87d9-470b-b831-87410388651e	IV	3973	R	4	4053	5
ef8e210f-e881-4469-b047-4194a152d4fc	IV	3991	R	1	1708	5
6b9b0dda-55b2-40f7-bf5a-53f988aae943	IV	3861	R	2	13259	2
9e057e4e-b918-4e44-a6b7-145aef0de796	IV	4074	R	2	1902	2
9e057e4e-b918-4e44-a6b7-145aef0de796	IV	2689	L	2	6	2
b3060564-c795-4b65-94c6-eef7990fa2f1	IV	3767	R	2	4788	10
5b7f5413-b3f7-4435-869f-5948481f668e	IV	4600	R	1	19	36
ec63b288-534a-4c80-8de4-bfd539530d4c	IV	3928	R	1	645	2
ec63b288-534a-4c80-8de4-bfd539530d4c	IV	2692	L	1	-14558	2
ac1eb5dc-6781-4415-a385-64872d89e012	IV	2693	L	1	-14459	3
0b79b3f0-7238-4135-b22a-68ab6c853ace	IV	3925	R	3	148	3
676c5f5c-82a5-427b-80b2-4686a44a1f9e	IV	4556	R	1	2959	97
5b760515-136d-4680-a325-aa12c705d88d	IV	3843	R	1	7023	2
d1c7a019-accf-4398-9f2d-37fdd8d9fe1e	IV	3978	R	1	7293	2
dc7e1ba2-4800-4037-b002-c3c25bf47063	IV	3804	R	6	1890	3
5cbae70e-83ff-4ddf-ae4f-30a1eec837fb	IV	4604	R	1	3700	7
5ede7c8b-8f06-403a-8aab-0166e51a6213	IV	4749	R	14	235	2
7835a4b2-4184-4739-81b9-1d193d5f9e9b	IV	3442	R	1	6007	3
e7f8977e-1435-4e2f-be4d-eb08d92b4d95	IV	4081	R	8	1863	2
e7f8977e-1435-4e2f-be4d-eb08d92b4d95	IV	2718	L	8	-2992	3
71871dfc-3b37-401f-a4d4-8cbdbc1b464e	IV	3842	R	1	396	3
1258bce8-ceb2-47bd-b283-65c54737eae4	IV	3416	R	1	2517	3
20c90b6f-5975-402a-866e-9225e5fd0a17	IV	3877	R	1	16465	2
6de9c263-11c2-48b6-a9ef-37f458c664ab	IV	4119	R	1	173	3
3748e98a-025e-4a68-a12d-d98038680576	IV	4417	R	1	61	3
3748e98a-025e-4a68-a12d-d98038680576	IV	2757	L	1	-19	5
4f5183b1-c509-46cf-9deb-493e2b74a6ca	IV	3877	R	1	13391	2
3f2224ab-d4c4-4e3d-9c1d-27d2ad6df249	IV	4001	R	1	3073	7
e17993e1-f704-4483-b748-fcd7e91fcfcb	IV	3725	R	1	25226	3
dd8449ac-f4b9-44d3-bd89-6f0eeaf46750	IV	4680	R	1	2935	2
ecf9de14-69af-46dd-b016-0073dba847b0	IV	4271	R	1	10310	4
32d706b2-37e1-4e5d-8572-cf5773ed0314	IV	3360	R	1	4361	3
32d706b2-37e1-4e5d-8572-cf5773ed0314	IV	2805	L	1	2	3
bbfed7c3-5423-4e70-b35c-053e62fd01c0	IV	3982	R	1	167	6
47749e3d-5e40-47a8-9e2e-f94dcd88e5fe	IV	3713	R	1	924	2
b6430723-57a3-4a91-a4a8-5a1e5158c9f4	IV	3866	R	1	26937	2
82f36f1c-9945-4d7a-a878-2ef3fee8a59f	IV	5508	R	1	1635	3
409b0d27-aa9f-48ce-ab71-70726c0d3d46	IV	3986	R	1	7504	2
b496444b-8dc1-461c-8e1a-0327f397f467	IV	4069	R	1	4368	3
f4b5c8c9-c3c1-4b4e-97a5-2059c81213ad	IV	4087	R	1	1896	4
f4b5c8c9-c3c1-4b4e-97a5-2059c81213ad	IV	2832	L	1	6	5
e4267fab-4b32-4b47-b31a-3b6d7830a4f4	IV	2833	L	1	-8531	5
f881f2cd-626a-4264-919e-57a37c8913b1	IV	3571	R	1	277	2
9d664ccf-eaf9-4978-b63c-779208ef92ea	IV	4003	R	6	4138	2
51578ae3-2cdf-4794-8b5b-72c34cb42ab2	IV	3986	R	1	16299	5
26c64db6-c1e2-47e7-b02f-aa0caad80bc6	IV	4505	R	1	9667	4
26c64db6-c1e2-47e7-b02f-aa0caad80bc6	IV	2841	L	1	-19	7
b12e5976-c4db-4792-a402-a853ff832107	IV	4295	R	1	5374	5
c7f5901f-dd61-4d93-8e0e-66ed07ab3031	IV	4546	R	1	9725	3
05f5c35a-279d-49b7-b398-6c5b10144ca0	IV	4053	R	1	513	3
05f5c35a-279d-49b7-b398-6c5b10144ca0	IV	2847	L	1	-20	8
7c843286-6e85-4e98-95ec-379fab1ef166	IV	3955	R	1	280	6
700e25d8-12ca-4260-99cd-99eb9a35b955	IV	3684	R	1	2021	21
700e25d8-12ca-4260-99cd-99eb9a35b955	IV	2855	L	1	7	7
7161aa07-f5fb-4023-816b-9397fc922423	IV	3837	R	1	2922	2
5a553ae2-053f-4e8e-be85-f840224f42eb	IV	3967	R	8	14724	5
6e8281c9-f72d-447e-a428-f5001935abc3	IV	4265	R	1	2397	5
6e8281c9-f72d-447e-a428-f5001935abc3	IV	2876	L	1	-2360	2
8ca6a1c1-77dd-4bf1-87e2-44985c3217d4	IV	4628	R	1	16659	4
b65e3c76-af4b-4013-9c6d-c31723a17222	IV	3781	R	1	334	5
2453312c-a6f2-4be6-b671-85852535f773	IV	4204	R	1	3634	2
3d27e9fe-edc7-48f4-a88f-3aed59ab7b12	IV	4140	R	1	16644	5
3d27e9fe-edc7-48f4-a88f-3aed59ab7b12	IV	2896	L	1	-11164	5
d35235b4-56e9-4d81-92fe-f7ff017bbf84	IV	2896	L	1	-126	6
3e6bf33a-06ec-42e2-8eb3-4642787bb45d	IV	3800	R	6	233	2
c1a4bc74-1c6f-45b4-ad71-6c2acb6ca630	IV	3684	R	1	1818	4
76814f04-80e5-420b-a84f-54f045a0e3cb	IV	4140	R	1	1854	4
c5fc463e-2218-4849-890e-471fa93cf474	IV	4464	R	1	173	6
27acccfe-5b40-418a-badd-966da0863cbb	IV	3799	R	1	172	2
65b89c1a-eda2-4daa-a838-8c3383cd6823	IV	4379	R	1	1269	6
eec1432e-b9d5-40f5-9b32-90e4517637d1	IV	4164	R	1	274	5
6eaaeece-5c52-440d-ad8e-150599f9ced4	IV	3347	R	2	25545	3
6eaaeece-5c52-440d-ad8e-150599f9ced4	IV	2920	L	2	-20	51
3791f2e5-9911-40e1-8cae-c0981e7da8fe	IV	2924	L	1	7	2
11768e2b-ca2c-4d53-8222-c26ee6719e43	IV	4480	R	1	14203	5
a9f3c86a-80b4-4cbe-9cdc-d33061e46777	IV	3837	R	1	7477	2
44d30ebd-1b8f-4f2c-801b-c83d4daf06fa	IV	3445	R	16	2478	84
f076c0d3-e377-4e22-b2ae-fc5fcfe982f0	IV	4432	R	1	16647	2
82f6fc79-2d50-484b-8cfa-0690d988400a	IV	3937	R	1	1833	6
d7ff0c66-bfab-4521-b4cd-711d63c5279d	IV	3768	R	4	144	5
86698587-8a67-4c0f-90cc-e271ccab1fbf	IV	5320	R	1	4628	3
656015a4-4852-40fc-aae4-fbabff96d560	IV	4259	R	1	5370	2
e0b6f712-2de7-402f-a6f2-a78d80743fe1	IV	3866	R	1	3644	4
52767bac-37a9-4744-95eb-2fad87cab27b	IV	4150	R	1	2381	4
7eed7e60-d231-40fe-a61e-ed35afcb6f9a	IV	4139	R	1	1860	6
f4829d2f-2420-47eb-aca7-0720a56cb485	IV	4317	R	2	16660	2
b03bfb93-a924-4a1e-b536-5dd440fdcde6	IV	3907	R	1	4825	13
20d21d99-8e4b-464f-83f7-0d4ab8af5eac	IV	3815	R	1	2600	6
c0f37b8a-c239-4b1f-8c5c-dd3ab23a4e90	IV	4183	R	1	2964	2
c0f37b8a-c239-4b1f-8c5c-dd3ab23a4e90	IV	2979	L	1	-40	4
c8a988dd-1146-4b82-8007-daff172fdf6e	IV	3787	R	1	3139	3
9f09c1fc-5612-4a93-bb1c-1bbbd9bcad27	IV	4345	R	1	4825	10
27a5cbcf-2920-464d-b419-f13f1e02dad2	IV	3926	R	1	6926	7
f0a16ceb-583c-496b-ba80-ed4b165b7bdb	IV	4521	R	1	7460	3
9f7f8831-4bc5-4776-bc53-4f3b69ae9513	IV	4105	R	12	4359	5
ac65c8b9-df9e-40a0-88a1-d18e9d0e4092	IV	4188	R	1	3682	10
fbbc13b8-79fe-425d-b3b3-e1c6e0930aa5	IV	4122	R	1	7674	4
f0f01800-c8fa-488e-855d-9683449056f1	IV	4182	R	1	2936	2
6fe86dd3-5dc9-42bf-aac0-9c857fb4aea8	IV	4140	R	4	23424	2
b28118f5-50a0-4f6b-a3df-a6e5606c297e	IV	5164	R	1	26786	2
73730f3c-f272-4122-9b9f-a171d8d7d8f6	IV	3837	R	1	1789	3
084298fa-9d49-488a-8b77-7185f21324e7	IV	4515	R	1	5922	3
084298fa-9d49-488a-8b77-7185f21324e7	IV	3018	L	1	-35018	4
55234bb2-0d77-4303-973f-e13b3089694b	IV	3680	R	1	4832	8
f7c177c0-12e8-42df-8bcd-99b0f39efb54	IV	4128	R	3	1851	3
3039e5f1-25ce-4c34-840e-d41a57041dae	IV	4142	R	1	3669	11
0629b527-43e6-4483-87d3-0703ab6af18b	IV	4301	R	1	1925	6
d45fb90b-d840-400d-85f4-df2d18392590	IV	4677	R	1	274	50
64422771-da81-40f7-a24a-663631e9c959	IV	3877	R	1	274	5
d855af24-88dc-4a58-b925-965323b0ec67	IV	4692	R	1	13593	4
b4ff50c6-f5c8-481d-9aa8-7bcb7a35d239	IV	4544	R	1	18675	2
b4ff50c6-f5c8-481d-9aa8-7bcb7a35d239	IV	3043	L	1	7	2
ffba79fa-bd9e-402a-96e6-4165fce3c487	IV	4027	R	3	3101	2
b2ef70dd-3734-4083-8594-8109fe53a2de	IV	3044	L	1	6	3
3863b2ad-3041-4f2b-8eaf-f12314641f07	IV	3747	R	1	7392	3
b5c12ac7-874b-4560-8523-31df1274cab8	IV	4053	R	1	10448	2
b5c12ac7-874b-4560-8523-31df1274cab8	IV	3059	L	1	-51	5
7262de51-d0bc-4e60-b5ba-b4e34b911945	IV	4860	R	1	9787	2
7262de51-d0bc-4e60-b5ba-b4e34b911945	IV	3059	L	1	-24	2
e44c8534-b376-410b-a38c-b5d4c476c804	IV	3768	R	1	3106	11
e87300ed-232b-4276-b22b-f86e6737b24d	IV	4421	R	4	2515	2
3b5ff318-9852-4c37-a119-0e39125146a3	IV	5211	R	3	1855	30
0b2798f0-238e-45c7-8456-c0cbf7499447	IV	4140	R	1	2958	3
bd36b16e-b420-4ddf-ac9f-7196bba3dd8f	IV	4488	R	1	167	5
a8a86e26-542b-4b86-b9d6-719dd6b6a27c	IV	4276	R	3	3104	8
a8a86e26-542b-4b86-b9d6-719dd6b6a27c	IV	3094	L	3	4	2
2369fa80-707e-415f-b733-10a8226b5c84	IV	3097	L	1	7	9
3dbe1664-e345-43d1-b972-c177b16e8061	IV	4817	R	1	4740	3
db974d9e-1402-4ecf-b077-998038a68e23	IV	3946	R	1	16650	4
db974d9e-1402-4ecf-b077-998038a68e23	IV	3098	L	1	6	2
efb58612-fd4e-4bb0-b36f-c5c52e7427e4	IV	4589	R	1	5945	4
a7effde9-6c92-4ca8-8361-3774d257f2ca	IV	3964	R	2	12247	3
14ec6956-aab1-44f2-8175-37b38d6b55e6	IV	4030	R	1	3085	2
2119bda9-ebe4-4ef1-86cf-e22b07b07dcf	IV	4104	R	1	10289	4
3198355f-5ef5-4018-9643-1c3440d2aee9	IV	5041	R	4	275	7
7eaad4de-1657-4b16-83c2-c16c176ac09f	IV	4530	R	1	280	4
d58a8c56-5be9-498d-be3b-5439facb8e31	IV	4552	R	1	337	3
d58a8c56-5be9-498d-be3b-5439facb8e31	IV	3107	L	1	-19	7
d0eebba6-fd11-49b0-8332-fe05b4462179	IV	3107	L	3	-19	6
1cfa5b84-ef5f-48df-9370-2743e8d030c6	IV	3107	L	1	-19	7
23d2fb8c-1585-4ede-abef-75b2fee5562b	IV	4266	R	1	3662	6
fdbae72e-ed75-4d2c-88be-57f90bd78e98	IV	4382	R	1	174	3
69590a0e-9708-46fb-879d-ee2488e3aee4	IV	4694	R	4	155	2
69590a0e-9708-46fb-879d-ee2488e3aee4	IV	3113	L	4	-46	6
0028895c-8624-4346-9671-1dfda9204d6c	IV	4505	R	2	334	3
0028895c-8624-4346-9671-1dfda9204d6c	IV	3113	L	2	-46	2
2fb37d7e-bd33-43ac-88f1-3825524a9710	IV	4005	R	1	293	2
2fb37d7e-bd33-43ac-88f1-3825524a9710	IV	3115	L	1	7	3
b48214f6-2605-4c17-a988-2cec646e8697	IV	4525	R	1	10293	9
38e7f93a-de4f-453a-a205-f7aea81be593	IV	3867	R	1	7506	3
bfe6a57e-4be3-49ee-8d16-310c2cc01392	IV	4481	R	1	6001	2
765e9bfd-32ab-442c-aa1f-e12a76450b18	IV	4603	R	1	7414	2
99957b97-2de3-4c99-aba0-8b26280d1e09	IV	4301	R	1	1818	2
b4cc08b4-d38f-4e1a-91f6-f5db24cbdf16	IV	4283	R	1	7525	5
8d78b249-4f73-4226-98dd-215492fa87e0	IV	4164	R	2	4994	5
de639957-55de-4ce4-8ba7-65cd7e0805cb	IV	3774	R	1	142	5
ba72a2c6-f2c9-4021-9f1b-37ec962785f4	IV	4919	R	5	2514	3
4e0bb6a4-4e1e-4844-98c1-9e420ba72426	IV	5302	R	1	3597	6
89574322-b694-46a5-bc8f-101abef9ea44	IV	3137	L	1	-1187	2
282dcd05-a70f-422a-a63c-051c617a9c17	IV	3775	R	1	117	6
7e295146-5c1d-4867-8501-f0af5a74720f	IV	3922	R	1	14604	4
71eba713-c5dc-48e0-b8fc-c9d7e149c0cf	IV	3869	R	1	5951	3
662dfc11-0750-445f-8267-523e5506ae63	IV	3144	L	1	-25	8
2208b0a6-9c6c-4392-9848-6302c97b8deb	IV	4505	R	1	331	2
2208b0a6-9c6c-4392-9848-6302c97b8deb	IV	3144	L	1	-25	7
e8ea3361-41b3-43d0-844e-a7a91e5a5b64	IV	4761	R	3	9812	2
e8ea3361-41b3-43d0-844e-a7a91e5a5b64	IV	3144	L	3	-19	4
aebd4381-6ba9-44fb-b7dd-42635ce65988	IV	3144	L	1	-47	6
b10895b3-57c1-46bd-b0d4-55ca91628db9	IV	3144	L	3	-19	4
698c5d77-a0de-4b24-9dff-2532e5912f1d	IV	3763	R	1	5805	5
1cdc1be8-9f77-417d-9882-c3de28188df1	IV	4585	R	1	3668	9
3ed8ebc4-a1df-4057-8ea6-abde91a5cb06	IV	4430	R	3	6034	12
6124b4cf-04d7-49cc-9540-153617fc0486	IV	4478	R	2	24897	5
d9e39cc1-3934-4af4-8c5d-bc6b1ad76802	IV	4645	R	8	16513	2
f6550771-33aa-4b61-8604-653728d09636	IV	4479	R	1	1245	3
49cbb2a6-2a29-42db-8403-ded79ca7054e	IV	3866	R	1	7532	2
5a1a10b0-9326-4884-819a-747e87b3ffcd	IV	4529	R	1	1829	6
a413f29b-286c-44d6-8ed1-eae1b0934033	IV	4302	R	1	3398	3
3597ed1c-076e-4d4c-8f50-5e7ce30ef6bc	IV	4521	R	1	2490	4
66bfe6ed-895d-41ed-9487-a1d465c24e77	IV	4522	R	4	1252	5
b49910e5-640d-4035-9eac-51b90898d7d8	IV	4331	R	1	18814	3
583f8bc5-a79d-4a7d-b012-c73e00ec36d5	IV	4579	R	4	7434	2
037663d7-0f2b-4d90-9436-52888a37c2dc	IV	4336	R	1	1980	3
ba971899-fb0d-4d8c-bbe1-9c42851c34a4	IV	4521	R	1	1838	3
df8e8503-d350-4f8c-892f-4209fbaf5b50	IV	4329	R	1	4348	3
6c80003f-9792-43e0-a498-811155fd61e9	IV	4446	R	1	171	5
3cb9daa0-89e4-4297-aded-8c8d003dd9ef	IV	4680	R	9	4417	3
4b5d5437-1e07-470b-841b-4a25c21f5fd1	IV	4421	R	1	147	4
eee837d2-cdf6-4dcd-b825-090125e38de5	IV	4449	R	1	140	6
f834a36d-479f-4a40-bac4-a597b5d8fcee	IV	3877	R	1	6818	3
5c74cabc-50e9-411b-8d33-ed7be2203237	IV	3997	R	1	2893	3
a440669e-3bca-436d-b6db-eaa357d3f4c6	IV	4434	R	1	2623	2
1a4f2a00-f53f-48cc-922e-af7a7ed8ff4c	IV	4408	R	3	3580	4
955ca845-9cb6-471f-8b8a-7c2f9018289b	IV	3762	R	1	42198	91
7b598de0-30cd-4a9c-8cb4-25a09f92d06d	IV	5159	R	1	265	5
7b598de0-30cd-4a9c-8cb4-25a09f92d06d	IV	3198	L	1	-16	3
9c531568-1ba2-4548-a071-6a4a8871cf50	IV	4348	R	1	3626	5
09a34838-0d4f-43f5-aa97-f15b4824f34f	IV	4420	R	8	3096	6
45924ca6-d5fd-4958-99e0-1e86c6a2ea59	IV	4582	R	1	5327	4
326db678-b1db-48e9-bbc2-c72fd497f55a	IV	4425	R	1	3081	3
9d034001-0dea-4f71-8248-5952e7405dd2	IV	4448	R	1	3100	4
1c30c560-43d8-48ab-941e-8f8c7ec7db4f	IV	4457	R	1	234	2
f63c374f-3042-49cb-8b41-c93a663a9e7d	IV	4783	R	1	18704	3
89a1b988-eb83-4667-a30b-53c129facf0f	IV	4351	R	1	2901	2
9f08f095-7b1a-4605-9597-cd44ceb82f43	IV	4556	R	1	3706	3
9c3eb590-8471-4717-b743-ce6662481992	IV	4500	R	6	266	7
4aea52b1-e94d-4953-b739-1dfec8810123	IV	4370	R	1	6035	5
b8d07c2a-52b4-4abd-9f89-ffcc05dbf1d4	IV	4427	R	1	5774	3
b8d07c2a-52b4-4abd-9f89-ffcc05dbf1d4	IV	3223	L	1	7	4
f9fb79df-e3aa-49a9-a006-781f654e48de	IV	3991	R	7	2516	4
87251607-ba16-4f21-ace9-cf53b93b2bf8	IV	4634	R	1	16669	5
3db8515c-aa22-4304-b1ba-29f21e84154d	IV	4544	R	1	7675	6
6300ef46-6352-4dd8-b352-d7a500a9e34b	IV	4277	R	1	2943	4
6300ef46-6352-4dd8-b352-d7a500a9e34b	IV	3236	L	1	6	4
5c09e004-f051-4e69-9469-adaf871236a7	IV	4323	R	2	1838	6
9da1b984-9ff2-4075-ad9d-e57c1686981e	IV	4805	R	1	4769	14
0afc9632-9888-4a9e-9be6-b54e044e60bb	IV	3937	R	1	14444	3
d1efa28a-6f44-4737-acb7-ecef09338e40	IV	4503	R	3	5831	4
70dab20d-cd40-454b-90fb-51c0ca4e9720	IV	5017	R	1	3681	2
bac6435e-756f-47ef-8c7e-9aca8d7bae5a	IV	5217	R	2	7456	2
f624e0d4-0c70-4f50-8c15-7f14c999a1ce	IV	4597	R	4	235	6
04977eb8-b5a1-4d1d-8377-7066a995ce0e	IV	4604	R	1	2492	4
f474f2ee-3aca-4a31-a873-816f5213097f	IV	4494	R	1	1846	8
d82ad95b-5244-49a6-a904-bafd52477556	IV	4329	R	1	4771	4
dac573ba-a2a1-4eae-96aa-b2150bfaabce	IV	4317	R	1	1952	2
bb686633-40d7-4be8-bac4-3292d53371ab	IV	4559	R	1	1802	3
17eaf8d1-e36c-4de2-a0f3-7cf29b470382	IV	4325	R	1	213	5
c483beb8-8fd0-4603-8ade-d1c057304258	IV	4540	R	1	5877	2
3c716c41-8446-4c81-841e-bb4c76074eb9	IV	4604	R	2	2193	8
21d2728a-8fe9-451b-abeb-8729d927ce4d	IV	4265	R	8	1869	2
b5bd0546-ddc6-4b41-b2c5-c5e05980a348	IV	4337	R	11	236	3
c9ab26bd-a65c-4339-9d93-cfb39e8617f8	IV	4649	R	1	4294	2
81b0e3c9-012f-4f5f-973d-d1dd4c99661b	IV	4608	R	1	1844	2
a4aeec80-a3e4-4172-b989-35b8a4631a67	IV	4573	R	1	2551	10
9ea3e398-615f-4b9a-9026-52a4ea17555a	IV	5281	R	1	6138	4
1c01b6ec-da11-4116-8f6a-c3c0f0df9709	IV	4393	R	1	6005	11
ece10df3-4307-462f-92bb-a820487152d8	IV	4556	R	5	13244	2
bbe70ebf-7dc4-4a22-b30e-ad42b5087d67	IV	4505	R	5	6696	3
bbe70ebf-7dc4-4a22-b30e-ad42b5087d67	IV	3290	L	5	-46	9
15a6b17c-ab29-4126-b626-b728fc2e9436	IV	4412	R	1	5338	6
b3e8fd9f-c14b-4fff-88ca-cad53e34baa9	IV	4276	R	1	9835	3
2cc19422-4469-44b5-aaa8-469243a3534f	IV	4602	R	1	1874	3
6b473586-f12c-41a6-9776-7258994eeab4	IV	4496	R	1	1834	2
068638aa-83b1-41d3-baa2-8846706761d2	IV	4614	R	10	7269	3
7d901a24-3a6d-4d66-a538-99979bf8219e	IV	4839	R	3	278	4
87d9f248-85d5-4b9c-af25-c3f534ae2090	IV	4753	R	1	18605	3
6d72fedf-b580-47c9-86fd-e4431ec3d874	IV	4684	R	1	122	4
776741ee-e1d0-4c29-8e27-da777d3cd1b2	IV	4604	R	1	150	8
ff48f92d-fdbd-4466-b6f5-dc6046225bbf	IV	5164	R	2	2521	3
7f75e77f-0908-4f81-b28e-4c16653495d0	IV	4925	R	3	4864	7
e179effb-5e2c-45f6-815f-768def905ca2	IV	4449	R	1	7211	4
003ac4a1-367f-4e40-92c5-edda6d3ed142	IV	4323	R	1	148	5
44090801-6ce3-4655-8085-0663ae8cd2e1	IV	4434	R	1	6205	2
30904ee6-e69d-4053-bcda-32089f290cf0	IV	4497	R	12	2406	3
debcb9e2-d59b-4268-a0c1-802413984486	IV	5184	R	1	16613	6
d87a1dee-afc6-4898-898f-12eec635f663	IV	4510	R	1	2375	6
e7849a4b-aed9-4a2e-a2cf-7f186b5e41a1	IV	4203	R	1	154	5
8beffbb5-c622-4d81-a5b8-133512c4637c	IV	4518	R	1	269	5
7c7585f2-b31f-45df-9db1-900f0f439993	IV	3320	L	1	-19	9
bdbaef1f-b0cc-4893-8391-23f5202bfd81	IV	3320	L	1	-19	13
fc9ad58c-be9b-47cc-a295-b6f23e341ede	IV	5187	R	2	4218	2
8a0ef4a5-3cfe-4d46-865b-21e8a90ccbb1	IV	5040	R	1	1862	3
cb10fadd-f2ad-4ec9-b352-6b270fe86e07	IV	4462	R	1	4740	5
55ebe05a-ba72-447d-9af7-0b26d84e4831	IV	4634	R	1	7643	5
a4d8ef41-73e2-4c5c-86c0-e851d50c3fb2	IV	4589	R	16	5975	3
1053ad4c-9a6b-428d-a578-a5abfd04d5c7	IV	4340	R	5	2519	3
e8b8dc2d-b3cc-4f9b-969e-8dc0cb5c864b	IV	4329	R	1	1889	4
c6caf7a6-c447-4e64-ac43-068648dfe295	IV	4379	R	5	1843	3
b80c7e48-2cf2-4d6b-98d1-e57fbdb9932f	IV	4337	R	2	5382	2
6e7cbcc8-456c-41c8-b14b-a845763b3437	IV	4707	R	1	6081	30
5c8ad51c-5cbd-4a45-b87d-a39541528d55	IV	4394	R	1	2552	2
2c3ba27f-4293-4dc3-a771-662558bf1cf8	IV	4524	R	1	8316	2
afa74afb-7985-4928-966c-543adcc518f5	IV	4849	R	1	1383	12
7f6ef07e-4c14-4e69-9796-c37b0f95f6ab	IV	4839	R	1	3474	3
fde56d7c-340a-493b-b7d8-66d359148281	IV	4607	R	1	2921	2
49ba3db3-186e-4713-920c-6c184a25388b	IV	4898	R	1	2540	4
0342ade1-a461-40ab-a995-a1e14bca4b72	IV	4432	R	1	1902	2
01967346-a771-4b26-a5f0-43494436af95	IV	4329	R	1	13341	2
db8f5214-ca6a-47cc-9638-728463ec1935	IV	4501	R	5	4367	3
940775bb-0fcb-4e24-882b-b89e6f4307cb	IV	4698	R	1	264	3
2d0cafca-96c5-48de-ac97-d67304dcbad1	IV	4550	R	5	2374	3
d3a3aba7-ae53-44b1-8c11-1ea2efa4a2c1	IV	4631	R	1	2806	2
be94388d-3102-4d5f-958b-8e6cdf57917c	IV	4793	R	6	1826	7
74f40af4-2515-48ae-b5ae-b1efcf5f634f	IV	5236	R	1	6023	7
dbad79fc-e74d-4bce-85bb-a50abdf8afcc	IV	4550	R	4	28460	2
85d2353e-9423-4158-98db-30602fa48b10	IV	4928	R	1	5237	2
93208ff8-738b-4def-9977-fe03285a2e5c	IV	4607	R	1	3088	8
cdff5282-79e0-41b9-b2c1-15583d040649	IV	4443	R	1	6936	4
f35918ab-ab69-4a94-a44f-10bff25a133d	IV	4311	R	1	3400	2
fe4f5daf-5d1b-4e61-8d37-bbe665038896	IV	4385	R	3	3558	4
1d7a668d-f6d0-4e8e-ba7c-9a75277bd1ac	IV	4482	R	1	6204	4
3c406bed-d58b-4480-905e-85afcc489be6	IV	4432	R	12	1106	2
9333eb56-5a3a-4190-8b48-8543bb8740fc	IV	5037	R	1	5988	3
709bdf1a-01cf-4433-be0d-924aaf64c31c	IV	4773	R	1	1834	2
1548733b-037c-4020-9327-980bd1a0fe88	IV	4653	R	2	6012	3
1d071a93-749f-4215-a475-4ed96796c8c5	IV	4866	R	1	212	3
1d071a93-749f-4215-a475-4ed96796c8c5	IV	3369	L	1	-20	6
4112fec4-ea07-4c07-bbee-966c3b2ee6e3	IV	4674	R	1	2913	2
eda31dda-02d1-4739-a97e-922d74be0a3b	IV	4405	R	3	231	2
c0872b40-88e5-4f87-bdca-d3001828b3ea	IV	3369	L	1	-20	4
49e2b489-a32a-4ce8-afcb-acb66f55eb7f	IV	4315	R	1	2947	3
63e7cd25-614b-434a-aa04-efa94438a31d	IV	4807	R	2	5838	5
ee4722ae-69b7-425c-bd8c-7894b85dba2e	IV	4420	R	5	2710	4
3374b5b6-933a-48e1-a138-e6a8566fb1b7	IV	4655	R	1	425	4
ed4fd688-f0ac-45b7-b67a-ddd1047ed4ae	IV	4140	R	1	7495	2
03824400-f3a2-4d29-8925-8e2c266ef2a3	IV	4825	R	1	5857	4
05c02484-112f-433c-8f11-5b707a878493	IV	4339	R	1	1783	7
e70b5cc9-7fbd-412a-aa60-67eca08c9bce	IV	4443	R	1	14682	2
cf7b05ec-11db-4523-a979-2f6052bed217	IV	4834	R	11	1845	2
719310a2-ce25-4c96-9149-dc4c21f96920	IV	4391	R	2	4802	8
ddcfbb9b-beb9-40e9-a584-e70a90b92fea	IV	4455	R	3	7445	3
38688129-a2d3-4fd6-afb7-c1369e2ee758	IV	4467	R	2	21943	4
dbf79ea2-e339-4e63-a6c9-693bc47d6296	IV	4379	R	1	3663	9
97ec5ae5-5a1e-46e5-9eb8-72ad501ac8d1	IV	4621	R	1	13359	2
fbb8cb5e-a12d-4303-afd3-989f927d8be6	IV	4482	R	4	176	3
24d9e692-b45c-4957-a807-d7c01062fba8	IV	4561	R	1	1857	9
f5be33c7-0a7f-483d-8f20-4a435ad0c066	IV	4513	R	1	7437	2
4c9aa5c1-e8c1-4d23-90f6-c7687366c454	IV	4510	R	6	2390	2
d507dd48-a0f1-4d53-899f-b23448a16e94	IV	4510	R	1	3652	3
6ce11aa9-4252-4446-bebb-cc13b4b919d0	IV	4538	R	1	6945	3
9e0db964-07be-4e89-864e-47b1743c46bf	IV	4307	R	1	6139	3
e9a8cd04-614b-4dbf-af69-b99dce481464	IV	4895	R	1	3630	3
d603e041-6a41-432b-bea4-cd4217499cbc	IV	4461	R	1	1836	4
a2d6fd8e-f6a0-4ed6-b6e4-9854283eb857	IV	4391	R	1	28364	9
60faa4da-59e8-4068-9c9c-029cdbf00dc9	IV	4455	R	5	146	2
83fd2f82-af01-473a-865a-7680183708ae	IV	4677	R	1	16756	4
6a416f11-668b-475d-99d4-672ed9bd25c9	IV	4461	R	1	4756	7
6dc41239-37f1-4712-9902-dfcd070ff04a	IV	4620	R	1	238	3
d75964c7-e1b9-4fa0-8b0e-2ea66723ddf3	IV	4585	R	1	1317	3
b7f98cf8-8002-4fde-9bcc-6d034305fc40	IV	4509	R	1	2400	2
716827e7-fc23-45e6-becd-dc5528d55405	IV	4500	R	1	154	7
8631242c-cec4-43c9-b99f-f9e8205cec56	IV	4426	R	1	4767	2
922a2700-b3d1-4c32-b157-d0592165b135	IV	4770	R	1	1829	4
06dc7b16-c715-4d04-9247-3d7ff9f40dd5	IV	4637	R	4	4419	9
a89597fb-b6c4-4d47-853d-9b0be08f0d8f	IV	4661	R	17	2767	2
d7b11d10-f656-4797-a0cb-91022db243a9	IV	4561	R	5	2908	2
3a62c8de-c4ea-41a0-aeba-6ad919e135d9	IV	4421	R	1	6944	10
dcad36b0-9103-4d1c-837d-f6ad4f2a1de7	IV	4323	R	1	2496	3
debc6f58-581e-4d8b-8d68-fdc716c9dec0	IV	4897	R	1	7261	4
fa6d259d-61fe-4966-b30b-07d24f9784e6	IV	4268	R	1	5889	2
94c2377b-6a6e-4bf4-9ddc-eecdbd6a85a5	IV	4541	R	6	273	6
f5774a34-21a3-4b7f-a436-09c759882242	IV	4777	R	1	10955	2
36bc73aa-a77d-4d09-8570-4522fcb07a49	IV	4521	R	1	2374	2
4925d0ef-ee94-4b64-b3d9-37868a2f6794	IV	4449	R	1	148	4
87c24534-9217-4e0a-a9c3-236f7a407bb2	IV	4604	R	3	7483	2
523061e7-ba89-40fa-a9ae-fb86f1291564	IV	4553	R	1	1896	3
523061e7-ba89-40fa-a9ae-fb86f1291564	IV	3408	L	1	-4	6
92221f85-68b9-473c-8ac5-4c81172f940e	IV	4546	R	1	4668	2
280d9369-3867-4573-92a2-e3becebc9c1b	IV	4933	R	9	3567	4
e6fd978a-7324-4376-931e-2e83ccc2f50f	IV	5050	R	1	7539	4
b72aecac-0b84-4e98-90a0-3f9a98980407	IV	4863	R	4	2904	2
312078f8-c821-4511-bd49-ba6ca2eb434f	IV	4661	R	1	1845	2
839dcdfc-23b7-461b-b4af-6c06015f4c58	IV	4643	R	2	1853	3
06fc2513-d4fd-4e01-bee6-cbc799567faf	IV	4334	R	1	6902	4
09c5190d-c27e-4dc2-9e47-67c7927fe669	IV	4467	R	0	2872	2
36a96c3a-2c17-4229-b643-bb38fe53bb0a	IV	4680	R	1	2503	3
45f4b249-0647-4932-914e-dcd2d9bd0de0	IV	5144	R	3	1860	4
47b2f005-5c43-4864-9ec8-db0737fbfc44	IV	4614	R	1	13331	10
04486e73-f5e8-414e-8090-f8752b6e7aa4	IV	4680	R	1	2398	4
26386f5e-a690-4097-95b0-e1e7ac0e17b7	IV	4419	R	1	1258	6
10b9aba0-249e-48d1-a797-c6f2ce218e67	IV	4409	R	2	3661	3
48907dd3-a3bb-4a6f-adc0-92878ecd5310	IV	4783	R	1	3404	3
4ebc0d72-ed76-4b23-a8f8-cfce0983ecfd	IV	4351	R	1	10366	4
dddd9256-ff62-47b9-92b5-b77dcf8a3417	IV	4350	R	1	2936	2
0ef13243-599b-424a-9901-365243f4ae67	IV	4543	R	4	3627	5
37f2ca44-752e-4399-bbdf-bcc79424d1e9	IV	4455	R	12	16430	4
849a2ee8-2909-4add-b28d-c258c6e241db	IV	4479	R	1	4806	6
64de215c-66c6-45ac-a04e-c0c1517a0860	IV	4505	R	6	10096	2
64de215c-66c6-45ac-a04e-c0c1517a0860	IV	3422	L	6	-45	18
f63a2eb1-2389-4630-a56a-6b04f4adf733	IV	4391	R	5	3399	2
691640a7-5a04-4ffd-9ae7-7e16d74d468e	IV	4622	R	6	260	2
124c6e13-2349-421b-b2e8-c6522dfa4c3c	IV	4888	R	1	2854	2
e2927782-c4fc-45b6-94b0-1ab0aa58032e	IV	4431	R	1	18225	2
d65f3932-bd9f-46fc-9fcc-3c47e43e746d	IV	4739	R	1	2936	3
55073226-35ed-4ede-974b-cea32654e940	IV	4421	R	1	3543	3
3fc9c13e-523e-4d79-a85c-d89695ba65d9	IV	4716	R	1	2889	4
5dcf7d98-a1cf-42a0-b3a0-2042b7ea9cd9	IV	4894	R	2	1820	4
7c734f0e-c63b-40d5-9edd-b9d4f27aa343	IV	4933	R	4	16698	7
e517a968-1a6b-4596-856f-a25534622e94	IV	4839	R	1	3423	3
a1ae2715-b7d8-49bb-a7e0-0a0b55ab48f6	IV	4834	R	14	6691	2
5571f753-d497-4eba-8bd2-a4d91936039b	IV	4394	R	1	1818	3
00afcc84-e945-4ee0-85b4-d290648198c6	IV	4463	R	1	231	2
3b2834a4-5edc-4475-89f9-d6dd26bf1980	IV	4350	R	16	1843	2
a1f25c53-bd80-454a-8afc-db3e1368d552	IV	4473	R	8	1835	2
32dedce8-3dae-4267-beb6-a4fc4ddf3e73	IV	4381	R	1	18436	3
b1e8e0bf-b418-4507-b013-ac22be8b0cf4	IV	4690	R	1	6023	2
dc27849e-4f87-4953-87b3-d44c74347431	IV	4556	R	6	7515	2
c575130d-5704-4004-9424-9065c2e55761	IV	4605	R	3	4407	5
bd49f7c6-f449-4a6f-b773-2b914f3c3ec2	IV	4663	R	1	24824	3
ede327d7-e4c6-4ca4-81d4-48ca5345b10a	IV	4194	R	1	1123	5
19ffb249-a19e-411f-be92-fd302d7747cc	IV	4351	R	5	1863	13
7da61ba8-b51d-4128-9532-a350f25df765	IV	4894	R	1	267	3
955755ca-8d79-49aa-b340-c7c91d6fcb5f	IV	4621	R	1	2528	4
1194df5a-6695-4896-8ccb-40b2ce0cac6b	IV	4573	R	1	1828	3
34967f94-d474-4295-9bae-d4040fabfd5f	IV	4501	R	1	7479	2
310cacdc-1303-4469-96f6-51a3e68648d5	IV	4422	R	1	2355	4
e3dfed5a-ff10-4053-b6dd-a67b41afb373	IV	4777	R	24	2518	3
f1df6efd-b6af-4dcb-ab3f-45ed36ff211c	IV	4538	R	1	1853	2
28ce710d-b888-41c0-8926-b0bf2755243b	IV	4247	R	1	21	5
a2e8647b-aa25-441c-a51d-2f7fa0a93e90	IV	4934	R	1	235	5
1885a371-06e8-43ff-8bb6-313b1f7d81e1	IV	4524	R	3	6655	4
e987f4ce-cec1-448d-a0fc-f41bf022832c	IV	4467	R	1	4157	2
130af544-012d-4aef-9892-6e00fe0cc965	IV	4340	R	1	1849	2
ccc10f00-32fc-4e05-8768-8464d90d06c3	IV	4458	R	1	5796	6
fac03974-c5e3-4312-89c4-e870913ad179	IV	4545	R	1	3423	2
4cdd0579-c18b-44e0-bc98-02f7720ba9aa	IV	4686	R	1	2915	7
fec61361-66aa-4f86-9848-cb4d11f2f490	IV	5558	R	1	16642	5
e2a8a5a0-e659-4293-9b9f-4dd5c1202d0b	IV	4871	R	1	3688	6
db85433b-2985-4600-9292-5b397bf05c1c	IV	4735	R	10	272	6
fe0be617-858f-403b-9d62-0364db90551d	IV	4329	R	3	288	4
ca172e13-c38c-4bca-acc3-40125b3389c1	IV	4381	R	3	1002	3
de50bca0-7070-4c91-beaf-f8f666665bcd	IV	4513	R	1	448	7
da3b7846-308a-4ad9-8f67-ef5219e5a4ca	IV	4344	R	1	2401	7
bfec01d4-c27a-470a-b540-be04e9dcb3aa	IV	4505	R	1	10330	2
bfec01d4-c27a-470a-b540-be04e9dcb3aa	IV	3457	L	1	-46	8
6dfdd64d-ce6f-475d-8f64-c02e377214c7	IV	3457	L	1	-225	2
d3ef02ba-875f-449b-b30f-9e7271012727	IV	4796	R	1	6230	3
b1c15fbc-a3bb-4cee-8ff1-9b0c3ce19700	IV	4758	R	4	17873	3
f8080536-436a-43ec-be74-d343f5dc922a	IV	5184	R	1	6926	5
7a765ded-2f89-4ec9-8173-550f1f9a777a	IV	3460	L	1	6	2
dff926ba-57a1-4ae7-af78-b1b82a99f4c9	IV	4538	R	1	148	3
cee3ce07-33a9-4f69-87e7-1ed249fc251a	IV	5058	R	3	270	2
7631cad3-52fe-4048-89c0-aa59502118ae	IV	4449	R	1	6240	2
524cd835-4afe-482a-8749-41ebfdf689b4	IV	4384	R	1	10344	2
3416871c-eea6-4c38-836a-06491d8e3f18	IV	4603	R	4	230	4
624b0009-02b1-4691-a533-d2e8b221534b	IV	4443	R	3	7495	4
9f7ebb42-67ff-4e1c-8d2d-cc4462b38774	IV	4509	R	1	18433	2
2ab91c02-6d7a-4db4-9e46-f229c2a0d135	IV	4479	R	1	8170	2
86f1efb8-9d04-4b4c-a4f8-79b25dfc1753	IV	4952	R	2	3127	4
063dfa52-c78a-4d89-80b4-9434188e48f3	IV	4551	R	1	3670	43
ff84b203-662a-42bc-b5b8-768c38c00039	IV	4609	R	1	4711	7
44fe8cf4-10bc-4610-a2ad-1e2dffb57fa9	IV	4722	R	1	1425	5
74dd5e31-c183-41a6-bcfa-35f4639d1b54	IV	4604	R	4	28736	3
74dd5e31-c183-41a6-bcfa-35f4639d1b54	IV	3478	L	4	-35644	2
660806fb-15a7-4cc0-b832-1f8d24decb34	IV	4608	R	1	777	4
660806fb-15a7-4cc0-b832-1f8d24decb34	IV	3484	L	1	-168	2
c62534aa-e04b-4ce2-b196-82b70f3fb922	IV	4556	R	1	7550	2
571f8b5a-aef2-4a85-aa4a-0a3f36153ec4	IV	4432	R	5	4769	2
242f456d-876a-45b1-b866-6ce405bf0dc9	IV	4661	R	27	4399	3
b99f9955-3261-47e4-bbf5-d8c0e90cb6ba	IV	4409	R	1	3697	5
afc01d43-9bf2-42a0-a9d7-17d3417080bb	IV	4876	R	1	1843	4
3c0a09bc-f314-4fda-b3c7-93e9696f6466	IV	4421	R	1	2905	7
57ab3bed-ae10-4687-accb-fdaef8f38786	IV	4537	R	1	3069	20
4bc40ecf-36fe-48c6-a377-acf581808967	IV	4347	R	1	7379	3
2336d2e0-92ec-4e2d-925c-ce8461985a77	IV	4538	R	1	10389	3
924ea9aa-bb65-430f-9197-c684f1c691d5	IV	4789	R	1	6018	3
bcc0e6ee-a6a9-498e-8757-f07ca05ce460	IV	4323	R	1	1832	2
e8539da2-afa6-44ca-8bab-f87e958e3c98	IV	4692	R	1	23396	2
2cb349c1-cf99-4fd3-a5c4-e060fd9e7503	IV	4674	R	1	1840	2
cdd63ead-fa68-4b93-997b-33807131dab9	IV	4378	R	3	1854	5
bffdfc42-bddb-483c-9d28-26e77856d302	IV	4496	R	3	3114	3
de129b6f-6a4c-40fe-87fa-2c7a1071f502	IV	4347	R	1	4758	8
9c0e45a7-23a3-4e30-8071-e391f0fd98e2	IV	4352	R	1	25025	4
556efcad-e61e-4947-a2cf-0f470428db13	IV	4894	R	3	1837	2
556efcad-e61e-4947-a2cf-0f470428db13	IV	3492	L	3	-5274	2
16938717-72c3-478b-b226-ac43a694aaf4	IV	4749	R	5	231	2
576f5668-149c-4149-932e-d4cbeee86dc8	IV	4581	R	6	233	3
526691ec-1cd7-4ee9-bd51-283f7b6e6f0a	IV	4933	R	1	16416	2
b6bfbec4-1668-4503-83b6-058a2544cc7a	IV	5228	R	2	5200	6
944881e3-2b2b-4c52-bdd1-4fa98179b44f	IV	4531	R	3	1845	3
62612674-cc1f-426c-8482-7e79b89127ff	IV	4561	R	1	31146	49
deb5665e-59d0-4d47-8676-f723e1898ff4	IV	4452	R	3	1907	2
3fd9e88d-471c-46c5-8f14-837d199c3f76	IV	4351	R	4	161	70
7e638cf6-4f06-4bf5-b478-0175465c97e7	IV	4604	R	1	2508	4
d4fb86cc-9bae-4de9-89d5-1c68ea32fd10	IV	4582	R	1	34695	2
b7277063-a9c2-4672-9be5-84fbdedf1bce	IV	4455	R	1	1843	7
0954ae33-9be9-448b-961e-7ac8a6877088	IV	4810	R	1	7563	2
ec6584c0-d26c-4e4d-aa51-f8a985db7983	IV	4895	R	4	174	3
b8dad5e6-7c44-4deb-a10d-81af543beb0a	IV	4501	R	7	1840	4
90d750fa-7fe7-4c90-8e0e-43931da82671	IV	4907	R	1	4813	10
53f66f56-16e7-4381-bcc6-abd9b80ba929	IV	4916	R	3	16605	9
219b0c23-fc12-4794-930e-2b83940e61fc	IV	4725	R	1	175	4
44b393dc-638e-4c45-89ee-dbd5c00f123f	IV	4505	R	2	2921	3
3bab1585-49a6-49a8-b24c-1100815cd8f4	IV	4449	R	1	7449	2
a2ac9747-88ac-4b76-8825-a0a62add2780	IV	5017	R	1	2925	2
b64df68f-b73a-49fa-85d8-b916e5fca014	IV	4473	R	2	19543	3
22303a06-85a3-4a47-bd4e-2e7544e6c7bc	IV	4888	R	1	4791	5
4833ecce-c1db-483d-8450-f3a643a81d38	IV	4354	R	1	143	30
83343602-10fb-41c8-9dde-948778b406c4	IV	4215	R	1	1836	3
09af6c90-077f-4fef-99c0-356719b0cd59	IV	4509	R	1	1840	5
b7a15160-6b99-462b-8d39-cb1d371fe98b	IV	4591	R	4	3676	6
b29895ad-b148-4367-ade4-30427d4b8ec7	IV	4505	R	1	683	3
b29895ad-b148-4367-ade4-30427d4b8ec7	IV	3512	L	1	-19	12
14543450-e714-4c0a-a1b0-488b454ff102	IV	4699	R	1	4678	6
14543450-e714-4c0a-a1b0-488b454ff102	IV	3514	L	1	7	2
44b9fa5f-69f3-4a05-84ec-3ab23d1415de	IV	4655	R	1	1108	8
034d5d25-bd6e-4c75-b6b3-da62e1cd19ec	IV	5121	R	1	7646	5
7a0763ea-fd60-48d0-9462-77de0bd11098	IV	4976	R	1	3138	3
5ccd1fea-e90c-4158-ba3d-307f5f481524	IV	4491	R	5	2379	6
45ded3fe-b079-4347-8b82-03d902239a50	IV	4427	R	1	2283	5
f49c0527-a6d8-4e3d-a951-edd9a55d76ba	IV	4340	R	2	3060	7
3c238b35-2057-45f5-b83c-cdca3e73d295	IV	4604	R	4	5370	4
bf70a28b-fcad-463e-9ef5-37747947378e	IV	4556	R	1	7483	2
359de150-f871-4aea-9a6a-c14d31bceb9e	IV	4509	R	1	14077	8
46211445-91db-4b67-9957-a8e196e28cf3	IV	4925	R	1	4845	9
faf50c8e-09eb-43e1-9533-f5f05f526176	IV	4438	R	1	4257	8
e87b93e9-0524-49dc-9cc0-01fe9c429c4e	IV	4415	R	8	5259	5
4a65be56-7fa5-404d-82e3-de5649b1dc12	IV	4765	R	3	1841	4
6fc07b86-5b17-48c6-aebb-3c1073770165	IV	4418	R	1	5603	2
17ed0f52-e8a8-4911-8459-fc100a2859b5	IV	4686	R	3	16217	4
5b3ac2ae-4d2c-4312-b507-7639dfb072f7	IV	4479	R	4	1820	8
61289685-215d-44e1-928d-726c95b77f64	IV	4544	R	1	1817	2
a5d524e3-b74b-4f13-935c-77b519444347	IV	4603	R	1	16639	10
571f80df-b2a9-4a5b-9c99-022498720634	IV	4465	R	1	5982	3
ab783025-3639-4c30-b6e9-2d457fba90e5	IV	4376	R	2	13289	3
9742a32e-65e3-49eb-9e90-0a5dd0f3aeba	IV	4829	R	1	10457	3
f138d9b0-38b9-4361-9dfe-dcda0f535cb4	IV	4882	R	1	9605	4
36a867b2-01dd-4017-9351-5315d40c3bea	IV	4839	R	1	2393	2
c0611c4b-0c0a-4e1b-9f06-7862dc1c4eb3	IV	4475	R	1	245	2
aff4aea4-5bfd-4378-8170-5c569a167d8a	IV	4933	R	1	16632	4
d63d2e83-84e1-49bf-b6ea-c1cbeaac2149	IV	5212	R	1	6368	4
7876d97b-9682-43a6-bb98-275b2aefa52e	IV	4587	R	1	6031	3
49f35576-0ebd-4dcb-9c6c-c032deec784e	IV	4559	R	2	2039	5
ce5bf0a1-528a-49d2-aaf4-c7ceb420c315	IV	4602	R	2	1861	6
3ee20c64-bc1a-4ca5-8d55-d9af4fe9216f	IV	4646	R	1	790	8
b810255a-2cdf-49d8-a556-890cdda4ab33	IV	4513	R	1	22795	3
8f15f9e9-a801-4919-9bf1-4047307ef760	IV	4716	R	1	268	5
8476c5ae-2004-4def-9b49-2444603fe87f	IV	4747	R	23	14467	5
8731af2e-b51d-43dc-9b75-dde96a2dc9d9	IV	4550	R	5	5952	2
ff636309-c60a-4ec4-b212-aab8f66fc3bd	IV	4582	R	1	16540	4
f19bb482-dae4-4a6e-94a9-cbc3c3486bda	IV	4858	R	5	282	6
8fe12ad0-b738-49c8-bb63-a002fddd08c5	IV	4865	R	7	4647	4
f31d2754-7145-4daa-aeff-d388484db341	IV	4392	R	1	4744	6
3a3cb21c-5073-4243-a7e3-4dad173aa585	IV	5103	R	1	1837	2
65a6398a-f8cd-4615-a5c4-c65b351af658	IV	4566	R	1	4579	4
e1060a71-8f22-4c55-9915-1bc42b24139e	IV	4323	R	6	7630	2
c25b36c6-9cb6-449a-ad1d-3db8663cc3c3	IV	4524	R	1	177	4
6a5ff446-c1e3-4fa2-bf1f-b39c733026a5	IV	4918	R	1	3106	3
7d274b9c-18b0-4adc-8e06-02808e33129a	IV	4604	R	1	1836	2
19909974-7320-474a-8c80-b20ff46de896	IV	5118	R	3	11425	4
a7b8aef1-09d5-49c6-b301-3989a0c62f71	IV	4385	R	1	141	2
079b0e08-2b22-4a51-8730-ed92c20fcdb7	IV	4497	R	2	5857	4
13db5e84-4a68-4fd3-ac43-109f4ff334ef	IV	4535	R	4	252	6
f58dd26c-47f7-4d74-83f1-66678cf8a48b	IV	4777	R	5	3389	2
1d859412-cefa-4b6a-b1d1-fd6926c1ddd4	IV	4734	R	1	10569	2
73f25792-907e-44b8-8ebd-83ab2808bdba	IV	4661	R	2	145	2
6ae4d119-3cf6-4143-bfcb-770f15415eed	IV	4434	R	1	4288	4
bd9c6507-de79-4f18-9bbb-64a7c8f25369	IV	4393	R	1	12323	3
25a5474f-cd86-4448-8a7a-89b6e12a354a	IV	4590	R	4	306	4
57f26fe2-7e53-4f2e-9f0e-05d86e0293bf	IV	5023	R	1	4854	5
b15dd5d0-6662-43c0-a539-44b3aa817039	IV	4674	R	1	493	3
a7bb4778-69f7-4533-968d-dfc13f39bdf6	IV	4588	R	1	177	8
6851d925-557d-48ce-9bd8-097183835a2b	IV	4473	R	1	2947	3
f97f050d-c79d-4a01-b348-a5493d35585f	IV	4605	R	1	4383	4
b8c917be-0dda-4821-a387-60445a4ba141	IV	4898	R	1	2341	2
4372af5e-cd67-4d6c-ba3f-b7cde2df140c	IV	4622	R	13	268	5
77736da0-16f9-44ad-92b1-332985275fa1	IV	4639	R	1	18974	2
1fc86bbd-f047-49e6-bd49-853bd8acbd67	IV	4512	R	1	1710	6
1267d870-7173-43de-81d0-ae57936257fe	IV	4777	R	1	4771	8
418577d1-6eb8-40b9-830f-a7774d67b038	IV	4839	R	1	21351	63
12b0ad63-8e64-4d27-8c4c-35cd2ebef1db	IV	4753	R	1	14401	2
7437a83d-f61d-4a5c-b0b6-07961c0805b8	IV	5109	R	1	6829	5
55cf7ad4-3d9e-43a9-805e-31a82930f806	IV	5193	R	1	1831	5
f09521ff-7e5e-4f49-af38-0b7f5551ba98	IV	4644	R	4	230	3
c4e35059-5eb0-4236-a4a0-5b3082712fad	IV	5004	R	1	7702	8
c0947c19-b568-4adf-8166-f932b0c09069	IV	4728	R	1	1839	3
782ad54c-4493-4dde-b244-38820ff2d828	IV	4710	R	1	1850	5
5679be23-7bf6-4f13-bfb6-c6d2e2c30ac4	IV	5246	R	1	3662	2
7c4a190a-2d3b-416c-9f68-57dd7769e97d	IV	5005	R	2	274	7
37a86a78-5a71-412f-b619-c4f1906aaeff	IV	4784	R	1	2322	2
375f3be9-b738-4941-a09a-a4bbfd0c393d	IV	4624	R	1	10468	2
2d1999d6-231f-45dc-808a-9e11d8e3e626	IV	5346	R	6	229	2
441ef804-42fc-4b9a-aa63-23e79a1aee2d	IV	5023	R	1	3547	4
195bf812-97af-443e-a1d2-55246edea494	IV	5008	R	2	1245	3
03b455d6-8626-417e-af59-a07f1134f709	IV	4597	R	1	1817	36
f57c9981-f06b-4a11-899c-2a5e65c0e04b	IV	4665	R	1	8113	2
06404c9d-94a5-4d75-8c77-4ccbdd6fe60d	IV	4852	R	1	4799	8
1ee496ad-6624-4a30-8d3a-68b18f1167c8	IV	4836	R	1	1518	3
b2b51d56-5d4e-4c30-9294-02fcb971a3b7	IV	4509	R	2	7462	2
465c8a72-12b1-489a-8be7-8e867a5ecf1a	IV	5387	R	1	6985	3
778509ae-4eed-4b20-900a-619f0b6f0f94	IV	4783	R	1	2734	3
42fc4d92-3b9b-4d77-9bd5-e97be475bbb3	IV	4990	R	1	171	4
39b67a4a-d474-40d1-9606-378df92b98a3	IV	4469	R	1	268	6
92e613e6-04dd-4058-9eb7-e7c4ef5ca79b	IV	4605	R	17	4404	3
cabcf79c-b2a1-4f9a-8839-e6ffc6206cd1	IV	4567	R	3	1122	7
85c2683f-8b24-4d0d-a926-7d0ee489a1a8	IV	4553	R	1	1807	5
ecbde151-6399-4296-9f8b-055753140e8d	IV	4950	R	1	4815	4
7ce3669c-f0d7-4798-84e4-be8a86c6d84a	IV	5229	R	11	1233	5
3eeeab20-5f6f-48a2-998d-bfea56077317	IV	4907	R	1	2304	4
b0db4c35-a491-413a-a5da-a535e5e1c625	IV	4759	R	10	140	5
596da6c1-fb47-4d73-9a6e-c4aa2c1899cd	IV	4521	R	1	1820	4
95dea2f7-7fc9-4841-bc98-eee82ef12104	IV	4605	R	1	4195	4
6c4cdae5-81b1-467c-bb3d-49ff15828943	IV	4520	R	5	8678	2
839c6351-e0c4-4e4e-a279-fc683171c150	IV	4731	R	1	164	3
6e5dec5d-d7df-4cda-95ca-78a226e0899e	IV	5111	R	1	5941	4
4d36a4e5-9ac3-4d58-a636-42e3cdac2a4b	IV	5266	R	1	2914	2
a6f16300-745e-4390-a767-f7b79a3098bb	IV	4852	R	1	916	7
822e5832-2995-432f-8f1b-1ff8e0c12e78	IV	4605	R	1	4392	3
a1ff8661-ab30-401e-b0c3-acf934ad5db6	IV	4587	R	1	274	5
dd83f7a1-e171-4618-9a66-ea4d9cf6a153	IV	3691	L	3	-38	6
f7f2756f-1fc9-4e2f-b53d-3d178eb57a37	IV	4579	R	1	4805	11
c9cdada4-6085-4889-9cbf-c2539f108be6	IV	4966	R	1	16560	6
91447090-4d7c-40c9-9503-44778636e093	IV	4759	R	2	1908	2
66d0155a-3162-4938-bcbb-faf67fb3483a	IV	4933	R	1	173	4
bb5b57fc-6df7-49dc-a737-71aab70f6736	IV	4925	R	1	2221	2
4d9472f2-77b9-46c4-9317-e81005f7a49a	IV	4655	R	14	4396	3
608fb4e1-ab73-4158-ab9b-96cbf53b6e6b	IV	3701	L	1	2	2
d6b6c645-789c-40c8-b3ef-bfc1cb29802c	IV	4675	R	1	2393	6
9eb6e66a-30c5-4a55-9342-eccebfd795bb	IV	4833	R	1	3392	4
eefe1801-fd86-4241-963d-396c4702b12a	IV	4477	R	1	10778	3
83564168-a35f-4d2e-8729-21b21fe5325b	IV	4731	R	2	5830	5
5f9b6128-cfec-4732-bc93-ece07ebac877	IV	3702	L	3	7	2
e3251421-e86b-49d2-a62a-93df69d605d7	IV	4813	R	6	10363	4
f6ca1d6b-6871-4e92-bfcd-9eaf2c9311dd	IV	4518	R	11	3572	3
f6ca1d6b-6871-4e92-bfcd-9eaf2c9311dd	IV	3706	L	11	-17	7
5f359f7d-15ac-41c1-9ee6-176a99a5dbfd	IV	4840	R	1	3414	2
b6387cfd-ae58-417a-a017-ca562f6aa17d	IV	4664	R	1	16691	5
daffff0a-5ffe-4512-8b94-73420b9c4755	IV	4464	R	1	5787	5
cbd2b04b-0d75-4833-ba41-38eb94a76ead	IV	4680	R	1	3671	5
6e4f842d-f0e4-4787-a314-ce758640d04e	IV	4535	R	4	173	3
6e4f842d-f0e4-4787-a314-ce758640d04e	IV	3707	L	4	0	3
ff9616d8-8fa4-4a49-ad55-b5dbe46eefce	IV	4738	R	1	6600	2
c0ffb211-553a-4982-800b-03833ca631a7	IV	5285	R	1	3348	7
48b13b82-0db4-4e78-bf06-10bbc2e76ed1	IV	5427	R	1	3108	5
c9572716-b040-4a1d-b168-7041fcf85684	IV	4680	R	1	2502	6
f0709d31-f9cc-4cd1-9861-f114447b9096	IV	5048	R	1	3640	3
8fceff29-bd24-4346-a590-d3e710b79699	IV	4904	R	1	166	3
6d1d8b57-4a53-4fd5-8346-ad4b0e676be0	IV	4663	R	1	182	4
21d7059f-d6d8-433f-9865-d83c822278dd	IV	4724	R	1	4740	6
5c241275-fb68-4cd4-a866-85607292b14e	IV	4561	R	3	2396	11
cd8f01c6-04fe-462f-af72-df5b14a8ec66	IV	4498	R	1	3671	5
33064e0a-2d85-4ee4-a48c-c961d30f5a84	IV	4643	R	1	273	5
e4e5d03c-883e-4022-8923-202d0fae34d5	IV	5121	R	1	146	16
76137679-7dc5-48ee-b3e2-56baec81daf2	IV	5217	R	1	6064	3
62132927-0586-4f60-87dc-85d8319f598c	IV	5262	R	2	18701	3
efc306dd-5438-4c1b-944b-6372337b8d3e	IV	3711	L	1	-39	5
7aa24111-3606-42bf-923f-acdfe1e1be53	IV	4870	R	1	1834	11
2d68109c-3bce-4378-9809-7b76c4af45f9	IV	4863	R	1	1823	4
57cc758a-ea11-4d8c-ac70-2e283517a28d	IV	4478	R	2	4364	4
7b2787f0-185f-414b-b99a-b95a22b4a5cd	IV	4630	R	1	4593	4
269d6f4c-0d85-4a0b-b156-76a8be65f8b4	IV	4524	R	1	5765	6
e15e3b2d-88c6-44c3-b11c-060997731eab	IV	4531	R	1	2138	5
ab071c7a-9459-4070-889c-3914b0fc55c6	IV	4466	R	1	699	2
ab071c7a-9459-4070-889c-3914b0fc55c6	IV	3712	L	1	-47	2
aa0bb15e-6565-45fd-b0b0-dc20f627e0f3	IV	5078	R	1	277	5
0b150d3b-e4cb-44aa-a57b-5e8c14f72902	IV	4799	R	1	2496	5
170c59cb-5b0a-4818-8f12-a856b05f0b70	IV	3714	L	5	7	5
4612b836-2ae0-45f9-88e5-06c26efd0901	IV	4418	R	4	266	4
c2ae6f60-45c5-4fe2-9657-c6028e531d2b	IV	4338	R	1	170	4
94a7e7a2-6eb4-4abe-8f42-9eb761a31b97	IV	4767	R	1	19436	2
f1e58dca-55f8-4fdc-b4ca-23eaa08cf03a	IV	4793	R	5	145	2
7b8af698-8e28-4974-9ca1-57e8c87e207f	IV	4730	R	1	177	4
9675cd7d-0436-4627-a360-39a9c78e9df8	IV	3718	L	1	-73	21
475d172d-7f36-49fd-9680-aff34b2a6d88	IV	4805	R	13	4837	6
0342a8da-ab0f-4e2a-8ef4-e6537a3e6fe0	IV	3720	L	3	7	3
8a631d2a-a5f1-4cb4-9519-a6d6cc28df27	IV	5059	R	1	13391	2
98217c2a-c1dd-4840-97f4-0c2e0877a8bf	IV	4497	R	2	14051	2
6e178fa2-5d9f-406f-8b27-42c1c773a5af	IV	4907	R	1	276	3
7444b95b-b58b-474a-8074-9eb91cdf2eb1	IV	4692	R	1	3522	3
61e85575-5fc3-482d-aa5a-15e443b2272f	IV	4538	R	1	6790	11
a284522b-9560-4b9f-8184-639a841a9f21	IV	4805	R	2	274	2
aca1b1ac-2e40-4fbc-8855-62bc79e7e1c7	IV	4645	R	10	231	2
ec140353-a129-441a-8b46-f16cce2c22ef	IV	4759	R	7	1853	2
4b022fd4-4f13-4705-8a36-b315b44fa88e	IV	4887	R	1	3585	3
4c72c72a-26e8-4c1c-86bb-c5a5c090467c	IV	4891	R	2	16593	9
34ec53ca-07c1-4ffa-8194-9ec8bd02c5dc	IV	4882	R	1	2916	3
8bbc420d-ecda-495c-b86b-9e045f2f4f45	IV	4891	R	1	6269	3
53b961b7-650d-4d02-90d2-6b95aca944c0	IV	4604	R	1	4841	8
1e084774-42bd-4292-bb38-65f7531b99ac	IV	4543	R	11	3596	7
c39b2743-9546-46f4-b8b5-dbb0875c5568	IV	4565	R	11	226	3
7c7c6154-3ced-4077-b154-fb0604190735	IV	4780	R	1	12339	3
5e21dc46-9403-47c5-9240-e7f494aef1a7	IV	5170	R	1	275	3
cdeccd5c-ef95-4d0c-b9eb-c5aeaa7c8600	IV	4908	R	1	1342	2
99af49ed-f0f1-411c-89cc-07155a936df5	IV	5308	R	3	308	51
9a17a25e-3242-43aa-85df-b79b6133df2f	IV	5339	R	1	7860	16
57cd879e-e71e-4eb0-ab80-4e8c85f91008	IV	5059	R	2	4215	2
a7b7a865-30fb-41be-8fc1-079ebac568d0	IV	5005	R	1	1862	2
8105360c-26a8-4a7b-832d-04d930018288	IV	4858	R	1	1861	2
e579c96c-f2d3-4ba3-928f-9ff1c4911199	IV	4665	R	4	7262	3
f9ca41e8-24b1-4e12-b1a2-603c89d22d0a	IV	4602	R	1	5362	3
bafd44a6-2ed8-4d56-84d6-8d2cf62e698d	IV	4497	R	8	1915	2
b3ef9aac-aa0e-433d-9778-3fe842aeccbc	IV	5242	R	1	274	2
77cc8fa2-c7fd-430f-a243-6310f08a1db7	IV	4876	R	9	6652	3
404b21ad-3c0d-41e1-af04-3952b80a01fc	IV	4452	R	1	5842	6
dd89635b-34d1-4bac-b6c9-0d293d8bf43d	IV	4555	R	1	10387	3
239d9301-4e95-4212-919a-6beb87b480e7	IV	5159	R	1	2910	6
847caec1-5b6e-463f-989c-9da47911e01d	IV	5020	R	1	175	3
7a8f162f-158f-41c5-9148-12532ca23d79	IV	4805	R	7	1829	5
afcba9ee-8a4c-4dd5-a0dd-b2645e9929df	IV	5005	R	1	7453	2
7845cf79-0b5a-4177-9296-988417c6162f	IV	4931	R	1	7480	2
5d274845-84a7-4576-931e-6d3ad4a07d0f	IV	4546	R	1	167	3
5d274845-84a7-4576-931e-6d3ad4a07d0f	IV	3768	L	1	-19	15
a8c27106-d11f-4a23-8151-602edd6a6406	IV	4722	R	1	4267	4
67ea00fc-10f8-4297-b74a-de226ac2f4f0	IV	4888	R	1	1845	2
b4d87d20-fe54-47d7-9034-2e1fdad4de12	IV	4952	R	1	4516	7
e7833bc9-5ef6-431d-b546-20231b63a221	IV	4862	R	2	2495	4
a5eefdca-d649-44a5-a67b-8490a7ec3a91	IV	4871	R	8	2413	15
3eb95f5c-f446-4d45-bf06-5cdc09cec9fb	IV	4479	R	1	1149	2
1844ef57-59b3-4cf8-992b-63dc6b306733	IV	4734	R	1	4794	7
a83605ed-10b2-4284-b27b-0c92ca901ce8	IV	4585	R	1	3575	8
90f1dbaf-8ade-40cd-88ce-ffca07dc44b3	IV	4819	R	1	1821	4
d41caab3-8522-49a6-a413-ecf97ebd419f	IV	4955	R	1	3593	3
89fa972e-08b5-4a65-87ed-609c1259e478	IV	4677	R	1	171	4
7f1ba28a-dae6-47c6-bed9-86d50a6d52fa	IV	4432	R	1	2905	3
7376c13f-fd2a-499c-b048-a4102d3b780d	IV	5133	R	8	143	2
f4b506d8-b61c-46f7-a7f2-7eca45eaa23c	IV	4969	R	1	266	6
71d4248a-0765-4fc8-b123-4783381eae91	IV	4864	R	1	7645	2
c9df23ca-f93b-4740-9e35-b3799214f657	IV	4597	R	2	263	6
2b578312-0bab-4638-9b61-db1a6e1305a4	IV	4836	R	1	6065	4
1f9d7905-e63d-4394-aef2-a9454fc9044d	IV	4839	R	1	275	7
eb803790-6a4f-45ae-8e54-465f7ca002df	IV	4929	R	1	6022	2
9ea215cb-0fe9-4950-b68c-84c5617d5a25	IV	4544	R	1	1712	4
7127a25f-7ce6-4cb3-9cf6-4036d6a1a5b4	IV	5479	R	3	18679	20
4f8b1d39-8ae8-4d45-a927-cb0dd495b265	IV	4426	R	1	7665	5
26360c17-f162-44c4-8deb-1360bcbb1f4b	IV	4993	R	1	28500	2
378ab4f7-e83f-4a21-a4a7-7751a3050feb	IV	5132	R	1	2916	6
ec197a6b-1fc7-439c-838d-eb81d5029436	IV	4981	R	1	1846	7
bf707f70-0996-4105-a1a8-6f7f42d22e15	IV	4588	R	1	4476	22
d0e5808f-0b59-4979-a175-cde54ca0ae59	IV	4783	R	2	7643	3
5459e06c-d247-4880-a8a7-4be4e35fdc24	IV	4643	R	8	4396	2
1272d199-d6fa-4897-8220-c0ca1ce8d5e9	IV	5030	R	2	24853	4
372ad4e3-320d-4b27-8eaf-e36dca9d80b5	IV	5011	R	1	7471	3
f415b3fc-189d-4e64-a20d-70b3f17c84ab	IV	4665	R	2	9046	6
f415b3fc-189d-4e64-a20d-70b3f17c84ab	IV	3823	L	2	-20162	4
2198b154-e3e1-4444-a3bf-925633130fa1	IV	5281	R	1	16444	8
8d39835e-6bb0-4ea0-aaf5-5eafc9644dbe	IV	4608	R	1	273	3
33c0e425-6b59-4af0-9eb4-b44cdc311748	IV	4552	R	1	1858	4
ec07a1bb-30b9-4f2e-a5f9-9a3e4d446581	IV	4734	R	1	2840	4
e558d2ce-a755-46fb-af3c-70abd2d4bbff	IV	4779	R	1	2910	4
14510666-cfd9-4f94-9707-dce915a6ed50	IV	4990	R	1	5868	2
d0678ae7-512b-4d3e-a42f-2ec17dc33d99	IV	5638	R	1	7107	2
a9dd2f1b-ac23-4702-8ec9-c946f4e7e3b3	IV	5078	R	1	4823	5
cb89dd0b-31b1-4c56-be64-6eaedf793bfe	IV	4952	R	1	6953	6
d4439f60-1a43-43d6-889c-8182a275542d	IV	4952	R	1	7499	2
6c984520-2ba2-4f09-814e-342eeafe24cb	IV	4661	R	1	10548	4
eaca7718-21cf-4b73-aba4-ec7bfa309153	IV	5302	R	1	6092	4
1aaac168-8531-4c12-abca-4eab4f4d2a78	IV	5660	R	1	12888	8
a2fe3631-c819-4f03-bda0-9dd9b85ad7ac	IV	5426	R	1	1913	2
e61752b4-cfc0-4533-bc5d-1e7362f8ab6e	IV	4585	R	4	274	7
59d0b301-a76a-4355-a7d0-65cb5e9a22ce	IV	5078	R	1	18655	3
f2d4f931-a52d-45fe-ab80-49f2db6ba0f7	IV	4771	R	1	7463	2
90804f81-36c7-4406-a6a2-e2768bd75c61	IV	4894	R	1	7613	2
baa02b40-89ee-4f0a-8f35-ea0f386a5c66	IV	4734	R	1	2384	7
325d7939-0afa-4a29-a923-63a51f9d8a05	IV	4588	R	1	229	5
4cddc9f7-e1fb-4380-8edb-a704a34adf45	IV	5174	R	1	5825	7
5ba0aff6-dd00-4944-b496-c796e59ad8e8	IV	3849	L	1	-165	2
dff65213-13cc-48ff-b58d-ec4b873ea877	IV	5199	R	1	1827	3
9cd2fc2e-d8af-4c30-82bb-7b7b670262f0	IV	5047	R	1	406	2
601ca17a-fd5b-4cc1-b3c4-185149815bce	IV	5014	R	1	16706	9
e982676c-0bb0-4852-a619-fa1a86c4ffd8	IV	5538	R	1	13361	95
3c43298c-3c01-4bb4-a67d-8f981f68e03c	IV	4805	R	2	3669	5
8d501d8d-c02f-4267-9ecc-96f35b86f02b	IV	5611	R	1	288	5
f9599581-dfb0-4b68-8868-7d6294e3e5d4	IV	3854	L	2	-19	8
e06b854a-04b3-414d-83fd-83fe52026ea6	IV	3854	L	8	-19	7
3199ba82-804e-47c7-9e9c-4900ec434754	IV	3854	L	16	-19	5
002834d5-cbb7-4f66-bdaa-99a53049804f	IV	3854	L	5	-19	8
273cfd11-2028-4bad-863c-d0635830b216	IV	3854	L	1	-19	8
d5f75afe-fddd-44cb-9ca0-bf01ddbdf044	IV	3854	L	3	-19	7
9918997b-ae48-4f96-995d-cd0265693127	IV	4645	R	3	527	2
9918997b-ae48-4f96-995d-cd0265693127	IV	3854	L	3	-46	6
f227488d-adba-4782-8e18-8c20e744aa12	IV	4828	R	3	273	6
91430d83-de0f-4146-b06e-4d2cf5ac80e7	IV	5121	R	1	2881	4
7fab9fec-697e-45cd-9d15-60a106bf021d	IV	5124	R	17	13349	2
279c9bdb-a56b-4099-9264-559f11855297	IV	4882	R	1	1312	5
df592f87-0605-4e29-8813-07134e12f881	IV	4631	R	1	23540	2
bcebf595-a173-4e9e-b1c0-32e935a7d6bf	IV	4741	R	1	2252	2
40449c96-7a7a-4f3a-aa84-1371aad20e96	IV	5463	R	1	6022	2
188bb15e-ea2c-4d01-8830-94acd4f31752	IV	5029	R	2	2512	2
fc5ede7b-14c5-434e-9b53-e8d7779af030	IV	4950	R	1	19282	5
4c78bbf8-b7a1-40a7-98a5-32428f65e125	IV	5009	R	1	6016	3
e2d1228c-bc4e-4cd2-9ad1-4f5ead04c755	IV	5072	R	1	2500	3
78671dee-4987-4d60-a8a5-81d01eb74af9	IV	4977	R	1	234	2
025e57a8-f826-4d75-9041-54edba16454b	IV	4492	R	1	2943	33
741233ee-c401-4757-a15b-45a43184e32f	IV	4952	R	1	2623	2
ff11fab6-f773-4652-a3ab-69b7893f669c	IV	4461	R	1	3123	7
f516cdb6-8434-4857-b0f0-4e384c889a88	IV	4677	R	1	16475	2
effadbd8-6a2d-4a5c-b8c2-75613efe1abd	IV	4990	R	1	172	4
f5822add-066d-473a-a5d5-723d6ff40f92	IV	4631	R	1	10452	4
22e37492-561d-4577-ac1e-dedb9f37f30e	IV	4984	R	1	5837	6
0733d716-d1e4-474e-802e-b5ec8dc039a0	IV	4579	R	1	17441	2
0733d716-d1e4-474e-802e-b5ec8dc039a0	IV	3897	L	1	7	2
c1e58c20-85af-49d7-afa7-1f91ddb7d317	IV	4485	R	1	7423	2
e0fc8590-c99a-4514-afd4-cbdcf5c57d53	IV	5028	R	1	10365	3
10469428-9745-4a08-b80f-f17124cc3ae7	IV	4953	R	1	4820	5
951232d6-ad03-4783-ab75-72bba4ba101a	IV	4740	R	4	3107	2
d64ade1b-30bc-4d39-9418-e158a12b01fa	IV	4819	R	1	5682	3
ebe73508-55ce-4f33-8c96-417fc08ccaa1	IV	3899	L	1	-1	2
f3725b58-4cf5-4d40-a43b-23ff780ab978	IV	5374	R	12	2510	6
6b1cd617-d6e8-42de-a5f4-3918dc33537a	IV	5384	R	1	6039	2
63567276-1c8d-4b09-aa0c-9af935b79b12	IV	5133	R	1	227	2
3b53ad16-dc9b-4c15-bf86-4fa9dc672656	IV	5427	R	16	7575	4
474e9982-bdd0-459a-ad7c-77501adec30b	IV	5184	R	1	4800	4
dd97337f-d169-48ef-9d7a-a980fc02cc59	IV	4716	R	1	2922	2
ceda414e-5a93-489a-bb6d-3b73fad91d0b	IV	4415	R	3	18601	3
cb03cbe9-b285-435f-8b77-46614648f325	IV	5008	R	1	1908	4
08e336ee-6d3c-4ce4-8254-379d1ca64f79	IV	4556	R	5	5061	2
2c7f58f7-ade4-4b0e-ab27-88423a0d48dd	IV	4799	R	1	51	2
2d94e62d-2dbc-4329-9729-eebd3710e1f3	IV	5476	R	1	4825	6
fa620d26-deb8-4767-a0da-9ad0c1648750	IV	4883	R	1	3416	2
73fc0b1d-6582-4927-b8e5-320ffd9eef99	IV	5158	R	1	1826	2
830627ef-c11f-481f-b0d4-84c32e751656	IV	5158	R	1	5918	3
bf9f9161-587c-4dc0-9d76-943dcf0f5fea	IV	5133	R	1	16242	6
8c70a0da-7ea7-4bb3-99f9-e27a1e5a903e	IV	4888	R	1	2822	2
b8b27f38-b86f-4a00-9208-1cc0b1b88672	IV	4550	R	1	1795	3
0b927848-9589-4550-aa78-7c3920913e53	IV	5219	R	1	10286	7
6b125fc9-4775-4f7a-a49e-699872432ac4	IV	5056	R	1	9348	2
e7e5acd0-305e-407f-8a39-2750f7869af2	IV	5222	R	1	2515	3
9d34da39-88ec-49b4-822b-477b9efbb840	IV	4697	R	1	3112	4
8ea38707-cf2e-438f-97d4-87bb19ea5979	IV	4582	R	1	15737	8
82ce1e27-2829-4222-9764-1477d49f6ad4	IV	4999	R	1	274	5
da7dabdf-e400-4bf5-9bfa-af086ac38399	IV	4673	R	2	179	2
7814c138-8be4-47b5-9698-212dd2a2c857	IV	5060	R	4	18937	2
07e1e093-d9da-4bad-8ea9-56f6eccee064	IV	5079	R	1	2885	3
a828bdf0-5b38-440e-91d8-ebe0a8d7cd77	IV	4837	R	1	11678	4
9fa0b313-2206-49a8-aae2-93807672b7b9	IV	3913	L	3	-19	4
b8385f5d-b8b1-499b-9965-b04bf0f7e733	IV	3916	L	1	6	6
1176a812-6237-499a-b3c3-27d408484d47	IV	4843	R	1	7251	3
c0009af8-dad5-4430-9816-b87a3a24f486	IV	4707	R	1	4748	3
dfd67c84-6360-447f-a684-501621723399	IV	4649	R	2	1840	5
64b5ba41-e8a8-465b-9744-4b5c4a00a306	IV	5343	R	1	2869	2
21d02cce-601f-42dc-83cb-2b6eeb034cb1	IV	3921	L	1	-4265	2
0b28aa66-9f33-43af-bd8d-b74b1cea7d92	IV	5337	R	1	4773	5
c40e843b-4355-4872-bd87-5f103e68d4f1	IV	5646	R	1	1851	11
7c82f31a-331d-49f3-bc67-52ca64c67f0f	IV	5653	R	1	15478	2
b64eec15-88e7-463a-a329-fd01d93a6517	IV	5053	R	1	7427	3
b64eec15-88e7-463a-a329-fd01d93a6517	IV	3929	L	1	-4588	4
935e7243-d4ca-499d-8c31-80450cb8b769	IV	5550	R	1	1902	15
3a078f44-2888-469a-b383-2ac0121d5b77	IV	3930	L	1	-48	2
bac8c4e7-7cd0-4354-997d-9536fd617d08	IV	5010	R	9	10390	6
40ec7cc6-882a-4fbe-ad26-9e2815017ef0	IV	5219	R	30	1856	2
829299e2-b909-4e5c-a2cc-655094a897a6	IV	5278	R	1	1252	7
505a2eb3-574c-4da0-a297-7c0b419c3989	IV	4950	R	2	4903	7
8c266bfb-cb64-4732-8a85-774a1a5ffa8a	IV	5290	R	4	1870	5
d3a20ef4-5c05-444b-ab37-465f807572cb	IV	5305	R	1	6524	6
32e52d24-e97e-4e3a-8666-e751e3b81da7	IV	4730	R	1	7566	2
8f1f20c9-92ae-4322-bbb0-ef5193b39d7b	IV	4931	R	2	7435	2
cef2535b-fbba-45c2-bbdc-cab7b07fcd4f	IV	4783	R	1	1850	3
8f24a4cb-a7f0-4c01-84b8-8deef4ed0cf7	IV	4765	R	1	4803	5
390944a1-8391-4e6f-95fc-ce3a40fc2f05	IV	4783	R	1	1842	5
29f24dfd-3abc-4618-922e-4f7ed8389541	IV	5041	R	1	3648	4
08ac35a7-8563-40e3-9df8-babc92f03f5e	IV	4937	R	1	4808	9
70e11ebe-73be-45fa-88c4-5da5d8f2cc2c	IV	5357	R	2	1808	3
5dbe1afe-1ce9-4e1a-ad9c-984e52a92957	IV	5503	R	1	276	4
e323aed9-1740-4c09-b3a4-f74e0c12a1e1	IV	5320	R	1	13351	4
85045b16-1bc6-4441-96f3-a0afd553ed43	IV	4622	R	1	20	6
14323176-d53b-4d2e-b685-02b8917629eb	IV	3949	L	1	-625	2
2bc5ad5b-b907-4d8b-a5f5-d32a111383bf	IV	4758	R	6	270	2
5e53684c-ec5b-420c-9371-af5566f27918	IV	5040	R	1	5479	4
45b4b53f-edef-4f09-b13d-af30e9997c10	IV	4935	R	2	10452	8
dfce9b85-0328-48cc-8465-6b26b7e92f3d	IV	5047	R	4	61	2
3090a1de-e964-4501-8efd-2789e6560d05	IV	4654	R	1	330	7
d670985c-2256-441d-94bc-a5f4fbc86974	IV	4952	R	1	25508	2
4f2c64ba-8ed7-4e86-801d-0e0f86a1f0c1	IV	3955	L	2	-19	5
1992cbfe-3f25-4b22-b4e3-615ddc0d0175	IV	5056	R	1	9329	2
1b27940a-869a-4217-8a8e-de2e503b604a	IV	4925	R	14	25315	2
f48a890a-f534-4906-8f72-9ee645f9d89c	IV	4952	R	1	10343	2
8962744c-f972-4570-9b22-067e9756af5c	IV	5341	R	1	3622	5
9703fa75-30c7-4193-b8dd-88fa99481e27	IV	4919	R	2	10761	2
4515df6d-34c6-4f77-8f59-b29d59eced34	IV	5078	R	1	12532	4
d4de1f90-425d-45a0-b1db-e564e04f2269	IV	5514	R	1	7514	2
c0e2ff01-8b8f-4dec-adee-9863ee1b6718	IV	5327	R	4	4532	2
31ad821d-83a7-487d-a8f5-72f90ac5678c	IV	5256	R	12	237	3
66c3b66f-0c7a-456f-aa2d-3a20b2e233d4	IV	4576	R	1	5823	3
5eaaf3e4-44f4-40ab-93a4-7e0ec13a3335	IV	4858	R	1	9589	4
11dcd9c4-57d7-4775-af36-69079f11212d	IV	4888	R	2	1647	6
d603df6b-1f08-450c-a4a3-f765806afa70	IV	5032	R	6	171	3
82475790-e2a5-42ef-a500-2ebed4bc752e	IV	5161	R	1	352	4
ff29489e-1eee-464e-9af7-5ed4ca77464f	IV	5053	R	1	23	5
f530719a-4e7c-471b-8e1a-d7cd34d5eb3a	IV	4524	R	1	854	5
1773483b-7347-4d19-9626-81da57775d97	IV	5060	R	1	6070	3
f9826d83-119f-4e30-a807-8c190c484477	IV	3982	L	1	-58	5
5992cff1-f270-48ce-a1ed-d74e5054740c	IV	4661	R	1	2909	2
0f9403f4-6033-4089-91e9-2fb844dd6d35	IV	5080	R	1	3659	4
ac3766ff-d868-433c-9bb9-8190c2f14c54	IV	5147	R	1	6956	5
9481d7b1-9ab8-4801-bd8e-dd0b7562277d	IV	5078	R	3	6460	2
4f902e30-1b68-433b-b5cf-5cac1acb0a9e	IV	5514	R	5	10675	3
72279049-0b9c-4ec1-adc4-7f22efe541c5	IV	5290	R	1	2966	2
a1c1409c-6c6c-45a9-9696-96eb8d799cf5	IV	5368	R	2	2898	3
3145be0c-20e7-4a26-8326-f277bcd19f94	IV	4873	R	1	170	4
aabca05a-93ae-4217-91cc-c63331563fe9	IV	4722	R	1	21	6
559dbe54-7588-41ad-96a9-451e2a2279b6	IV	5368	R	1	2241	3
e942a415-d2a6-4fc9-aa15-581b74448edd	IV	5133	R	1	2913	2
e221ce19-dc98-4b99-b0dd-3e66113b989a	IV	5470	R	3	9409	2
db2fde8e-ba8b-4ef6-bd72-85c14f71c78e	IV	5377	R	1	11777	2
1a2f823b-bfc8-4814-ac89-ab7d187ec6ee	IV	4674	R	1	268	2
22cd50a1-6388-4e96-820a-fa6cc7c6fce9	IV	4948	R	2	662	2
5bf294e1-c8ae-489a-8655-4c3cff51a5f6	IV	5375	R	1	2295	6
ab0e8772-c649-49c8-b914-3db7d54c17f5	IV	5173	R	1	651	2
3d50c335-9a15-4ce8-8490-28b1df2dcc48	IV	4925	R	1	172	4
b01ce539-c553-4d3c-9ccc-e2f5d4219ffc	IV	4827	R	1	275	3
b00feafd-226e-4479-9fc0-4b83138a337c	IV	5472	R	1	15569	2
1c9af809-64a9-485d-add1-1df89f9f948e	IV	5622	R	6	230	4
bcd71ee6-c4f4-4014-ad16-c60c1c6263f7	IV	5451	R	1	7654	2
95f8c4e4-ffa9-498c-b627-dd94b5382d7e	IV	5332	R	1	2527	4
b5f70322-acf1-4c99-93f8-b530bc7b4b61	IV	4759	R	1	2359	4
fe9a2b90-af5b-4fe8-accc-e8214d268d61	IV	5591	R	1	2138	3
92b7a73f-be3e-43f0-9ef1-d5eaf4ab423c	IV	5400	R	14	26870	7
6903a9a0-cf11-4b0d-8395-c3e31ce8a23d	IV	5359	R	1	1739	2
16590ad8-cf14-47cb-8f67-c6f1afd1ea97	IV	5008	R	1	3108	5
502e3bb6-b902-40c7-8506-5a08510516a1	IV	4864	R	1	7488	2
75fc0635-547a-4f8e-8f62-c0a573ed3da9	IV	5553	R	1	1247	7
11106d5b-2ba0-4173-aac2-4d21773af948	IV	5638	R	2	279	10
98b60456-e09e-42f4-981c-ed3240d6c33a	IV	5121	R	3	2945	2
22bd5240-83be-41d8-a5a1-c9bcf8ee88f0	IV	5090	R	1	3089	6
0db6ffa5-f61d-4a00-ab18-1e4ade24de68	IV	5078	R	1	1835	5
918ea212-0cf4-449c-a7df-7d8597efa4f1	IV	4706	R	8	236	4
96496f93-1ba4-43dc-88a8-b6de521fa482	IV	4037	L	1	-11	2
a85d67b1-8a00-4bf6-aa11-3854cb7f050e	IV	5496	R	0	5884	5
1354ab7c-3090-46f7-ad3e-cf5bfa9efd20	IV	5368	R	1	263	8
299ef4ec-50c4-427a-89f7-798ba9015e75	IV	5538	R	1	3124	2
305b393a-cc41-4bca-af7f-5b383aaad9b7	IV	4888	R	2	3578	4
def48cee-a1c5-4af0-852c-f5817b4086fe	IV	4518	R	1	1299	3
33151635-1a83-423a-8fbf-98afa0c86717	IV	5011	R	1	1840	4
5231c885-09e8-4f00-b400-504e5d73c7aa	IV	4663	R	1	822	5
5021a0ff-282f-4119-b2f2-64c41e79abc1	IV	4604	R	1	2547	2
5021a0ff-282f-4119-b2f2-64c41e79abc1	IV	4040	L	1	-45	7
9d2e58a5-0012-496b-b824-de05b5921eab	IV	4579	R	1	7637	2
a64512fa-9874-4251-b7c4-55bbb66e736c	IV	4938	R	1	2530	5
e1af96d2-3f1d-4b4a-abd8-5c6a97fa5cc0	IV	5380	R	12	2509	4
1d8a4048-7d0e-4b3e-a02e-60767eb4aff3	IV	5162	R	5	5924	8
60f19b81-1b32-4904-9d13-88e6003491a9	IV	5041	R	10	4201	2
17c34608-d486-4cda-b7dd-cb9240014dcf	IV	5199	R	1	10432	9
e41b6569-7084-43b0-a0aa-09c5769c3788	IV	5009	R	1	1532	3
21eb9035-ddf8-41c6-95f2-87273b8de45f	IV	5187	R	1	1865	6
dc98ef11-3e0c-4fc1-997c-50e594ead23b	IV	5232	R	1	653	4
68663d8c-49c8-4c8e-97c8-0918bacbb60c	IV	4566	R	1	1777	2
8beb725f-a3a4-496e-aa35-3c89e11906c2	IV	4854	R	1	5102	3
dec657b4-9b01-4bc0-baa6-7a31cdd814f4	IV	5314	R	1	273	8
895f8483-9709-45c5-9c61-281ba105beab	IV	5048	R	1	2375	2
0cf44ce9-b406-4039-89d9-92dff0e53164	IV	5170	R	1	267	3
4b3113d5-050a-4541-a885-93ed100dbe63	IV	5078	R	9	144	5
9efa7d15-eb27-48ec-a08c-2e87c9ac50eb	IV	5034	R	1	4356	5
3a577582-f271-4960-83a3-02cacd7faad6	IV	4728	R	6	2401	2
a3f42e33-2363-4548-a95f-2fcbab7f913a	IV	5112	R	1	176	5
ce2e6ca6-0863-4863-8d34-29493aabd23f	IV	5427	R	1	7568	4
ce2e6ca6-0863-4863-8d34-29493aabd23f	IV	4056	L	1	-29	7
8fe8d32d-339b-4868-b683-96e74bf7e482	IV	5008	R	1	15755	5
2cf5e402-9fdf-44d6-bfc2-bc842e73c62f	IV	4902	R	1	3335	2
1a7fd6a4-d114-44a3-8913-04c5ada76ca6	IV	5362	R	1	563	5
d89d0dcd-507a-444b-b995-f63bb33b98bc	IV	5424	R	1	174	6
96335ea6-15b5-4cf6-87f2-d18586dd6fa4	IV	4609	R	1	175	6
bf3de13c-470d-4c05-875f-598232d70219	IV	4881	R	2	1868	4
11cdeda3-feff-4f56-9c1a-50262e10eb2f	IV	5161	R	1	3580	7
2aa9bf56-988e-441f-a43f-88a1c036aacf	IV	5460	R	1	5817	5
973a2721-e589-4bc4-b018-0c0a0f61365f	IV	5502	R	1	4406	4
f956cbea-5f24-4c8b-aef4-aab2b18f7a72	IV	4846	R	1	7488	2
98c9a452-efb4-403e-9ef5-8af2acdf640f	IV	5195	R	2	5956	3
be31caae-078c-4557-98a1-f19898498e24	IV	4974	R	1	12900	3
112c406d-3ac5-451e-b992-ec958388b9ba	IV	4764	R	1	1339	2
60a7829f-2cec-4452-9679-0b62f44c919b	IV	5029	R	1	3550	2
7d419eee-90bd-4960-91ed-70fd16c96e6f	IV	5242	R	1	3921	4
d32f8a30-1ecd-4736-96e2-2e8b70a5f170	IV	4864	R	1	7635	2
f07d7f8f-9c62-477a-a05f-5526e94dbd99	IV	5462	R	1	16560	2
532a1b09-6ca2-46c6-beae-01ac1b181294	IV	4936	R	1	1986	4
76cc35a0-a9cb-42e6-99b5-4a671fbbddd0	IV	4491	R	1	2534	3
593aeb36-b03d-469e-b5d3-7e0565fb29b7	IV	4622	R	1	257	2
2560017c-879d-45ba-8345-13c42952a3b0	IV	4876	R	3	8229	2
8832e9ab-bf01-47cf-ad5c-6592661c2a49	IV	4996	R	1	3267	2
ca157c54-3939-4f85-9800-986bdc56f11a	IV	5660	R	4	4617	3
cdaf8bc4-f490-49cb-93c7-504d51edd0cf	IV	5591	R	9	2553	4
8698971c-42c3-44c5-9792-01874bb848fa	IV	5035	R	9	16535	8
67027002-5194-4e39-afc1-e9188051b1a2	IV	5109	R	1	2527	3
ca6f327a-968e-4f4a-8792-d1259ede8d0d	IV	5580	R	1	147	5
13fd58f8-194f-4fcf-9927-b41d34a6a1fd	IV	5649	R	1	1847	4
1df25002-7e43-4a96-9868-76e84abe5e49	IV	5242	R	1	1852	2
36d83704-e2aa-45e8-a8f0-20ef3101c86b	IV	5236	R	4	276	5
270a2e49-c4d7-4957-b80f-83ce983a2c8e	IV	5290	R	2	26920	3
fc1fa071-4972-4e64-9e83-84b3ffaf2554	IV	5261	R	1	5766	3
fc1fa071-4972-4e64-9e83-84b3ffaf2554	IV	4105	L	1	-2966	3
417379cb-b51c-4ea6-81fe-d0b0ab7e7193	IV	5148	R	1	243	2
83728a0d-a044-438c-93d7-68650ebb0ab3	IV	5266	R	1	4196	7
7e2db572-6be3-44e4-9325-915068519a81	IV	4953	R	1	742	2
2a6752c9-2db0-4c89-9b3f-8d2f97bb8a61	IV	5526	R	1	6935	6
5f8a2941-b49c-4e01-982f-76fc9c60319e	IV	4660	R	2	2528	3
256b22dc-dae9-4c8e-b9ab-6da388b7b247	IV	4947	R	2	2936	3
448259dc-2502-4270-a4de-a1bd79b4986c	IV	4940	R	1	3129	5
09776b3f-a0a9-496c-b724-6503dc2cb00d	IV	5646	R	1	3138	6
dbaeddf1-c129-4dfc-b6a7-46f6f458c75b	IV	5239	R	1	16538	17
f6828905-51b3-4e7a-8726-a7018f9a3032	IV	5121	R	1	131	2
5d75062e-2fe6-4bd9-b270-c1d4352e696b	IV	5510	R	1	223	5
a01893ed-bcd7-4396-bc62-8b5b58664024	IV	5359	R	1	2937	2
2ecd237a-dfba-4c62-87c2-8146ba729469	IV	4893	R	5	3649	6
4b8c91a7-8a3c-45da-ad38-030d9b365f7d	IV	5514	R	1	3651	5
bd913540-a27a-4fd9-b242-65403804b0af	IV	5153	R	1	24620	4
30b884a9-d091-46a3-9ecb-98722f338ffd	IV	5127	R	1	652	3
73ff7354-8b1c-4cfe-aff9-95b26d0e5c27	IV	4888	R	1	1780	12
f9a7cacd-32c2-49fe-aa6d-22aa831f7571	IV	5637	R	1	1824	4
233ec16e-0949-4445-bad2-94318fa80d71	IV	5455	R	1	6001	4
0355fb2d-feea-4dd1-9a84-efa18a3d14d8	IV	5338	R	1	14722	8
0ea7268a-d966-4576-9ee7-2199fc1bb608	IV	4151	L	1	4	2
d16300a2-f346-4f5b-ba15-b9e8dfc197e0	IV	5538	R	1	25077	3
3dd75bb2-eb4b-413f-9a15-254bd00ca398	IV	4151	L	1	4	2
41e56cd0-2ea3-41a8-aa04-4932abf33584	IV	5380	R	7	4857	4
639bd051-8c4b-4d6c-9291-c7e6370fb27e	IV	4857	R	1	8350	2
639bd051-8c4b-4d6c-9291-c7e6370fb27e	IV	4151	L	1	4	2
c3c7980b-617a-48ff-af5a-129b01f5e54b	IV	4151	L	1	-1	5
42acb52d-c273-48a9-99d2-9c779d28d04e	IV	4710	R	1	2495	4
5656f547-cd20-4bee-88bc-844ac4a0afdd	IV	4879	R	1	282	4
babea753-655f-459e-b552-6d2c035239d2	IV	4710	R	1	1262	8
94eef0f3-c1a1-42f4-8d4d-fc9406087192	IV	5660	R	1	18820	6
023b3802-2ded-4738-a88d-c59fedad3b67	IV	5066	R	1	7508	2
a202c76f-771e-45c4-89f0-1fab29e72a56	IV	5379	R	1	10374	6
286f6f44-8e94-496a-9e7d-fad6fdff2293	IV	5357	R	1	1804	4
b456c68a-ded4-47c5-b7e9-bf9436dc26aa	IV	4919	R	1	6129	5
b3753dc6-22fd-4730-bd05-d79de9485446	IV	5469	R	1	3617	6
c4a3c696-345f-4738-a5e3-d566df374bd1	IV	5352	R	1	236	2
401eb3ab-6a38-4363-8fed-29aebc3e23ae	IV	4668	R	1	6573	3
37c63613-49ae-4cfe-9391-037dff6d1aca	IV	5626	R	1	2929	2
c4f169a8-0a49-497a-9a4b-5fb475a6ca4a	IV	4852	R	1	7489	2
c4f169a8-0a49-497a-9a4b-5fb475a6ca4a	IV	4159	L	1	-10	4
87c5568b-9d0a-49a1-a770-1b82dc082d7d	IV	5332	R	1	4632	6
45a89eaf-1290-41e7-a800-a624fa2e7bb2	IV	5544	R	1	7476	5
01659780-e7fd-44ed-a230-f258222b70aa	IV	5023	R	1	1831	5
a9d67204-c803-47f9-b006-e689326d4d74	IV	4660	R	1	2846	5
cc2ad427-3e72-4b34-8645-3a9e750cdaac	IV	4463	R	3	18527	3
250992e4-e5cf-44d0-b576-a2c65b46b150	IV	5011	R	1	1843	3
2d0495b7-0e03-49f2-b816-942d721fd64c	IV	5053	R	1	7704	2
dc109c6e-3ab1-40e6-a1b7-d6620fe0ccf1	IV	5439	R	1	1262	6
dc109c6e-3ab1-40e6-a1b7-d6620fe0ccf1	IV	4172	L	1	7	2
55769128-0bbb-4e28-a70f-4aeeec3da9b9	IV	5211	R	1	7644	2
72757c71-efff-49bf-8cba-6788ee0b1e13	IV	5635	R	1	16839	6
72757c71-efff-49bf-8cba-6788ee0b1e13	IV	4172	L	1	7	8
3183eb6b-3905-47bb-b47b-8f53785a5daf	IV	5514	R	1	25156	2
b374355f-4799-42a5-b086-fa6c819cfc89	IV	4698	R	1	706	2
6b0d0a5b-3a8b-4a73-bde3-b6ffa40459c0	IV	4874	R	3	6004	2
c3266c59-3179-4c75-8ad2-e2db39b0d61f	IV	5124	R	2	16521	3
f3f96a05-feb9-409b-a6f6-98c474f7bff8	IV	4799	R	1	16368	16
b6ccfaa6-f524-4ab3-a48c-9bad5eef2170	IV	5611	R	1	174	3
a2364147-9519-453e-a160-aad5be9a5628	IV	5314	R	1	1828	6
69751fe1-b617-48b1-9e62-9cccbb4236c5	IV	4895	R	1	2084	7
bbe3111f-c0a8-44a3-8c0f-859eaf961259	IV	5340	R	1	1258	2
a8a6f853-6716-4996-bb64-cc8f52afdad1	IV	5569	R	1	302	4
32cfe7f4-2703-40cf-8858-be944bc6d7fb	IV	5550	R	1	5966	2
fb94d333-df94-41b5-b9f5-62674238b331	IV	5526	R	1	16196	3
67c2b446-c020-471f-b0ea-4bed55ced41a	IV	5532	R	6	3499	4
e8633dd7-6fab-4eee-a265-372e8e2f5050	IV	5204	R	1	3114	5
48c47c9f-6895-4c94-b24c-384f3fbdab3d	IV	5626	R	1	5846	6
f053e181-0a92-4243-ae33-067da7d543d9	IV	5183	R	1	186	4
acf9cf6f-c073-4d7d-b02f-8185da2b1722	IV	4784	R	1	1830	2
acf9cf6f-c073-4d7d-b02f-8185da2b1722	IV	4186	L	1	-60	3
8c460bec-50af-4ed1-85ed-fa9b86490600	IV	5308	R	3	2490	2
b36e7cd5-f8aa-427a-b6af-09c81ef94a45	IV	5643	R	1	2848	6
e5a4ee41-b584-4b9a-aa07-9d839690ebca	IV	5553	R	1	18770	2
e5a4ee41-b584-4b9a-aa07-9d839690ebca	IV	4188	L	1	-19870	3
769e2bed-ec2b-45af-bd3b-78760e0d79c0	IV	5464	R	1	7657	3
abe35324-e7bb-48c4-b710-9ccd88edbbd9	IV	5350	R	1	235	3
abe35324-e7bb-48c4-b710-9ccd88edbbd9	IV	4193	L	1	-1634	2
cc4c3c42-ffd3-4b96-82ec-eff82e74991f	IV	5064	R	1	26879	2
4b9a5ed7-87ee-40b4-8f7d-18c46becd074	IV	5053	R	1	2316	2
a8388782-c09f-4137-bceb-38c365ec4ace	IV	5158	R	2	2468	3
a8388782-c09f-4137-bceb-38c365ec4ace	IV	4194	L	2	7	5
f25230e8-b0b4-4dd5-a98a-c653743478d4	IV	5077	R	1	5635	5
b75e80f9-b1d5-4ee7-87e4-7aa731a280b7	IV	5377	R	1	16563	6
da942f55-dd00-44e1-ab39-cf44535647fd	IV	5159	R	1	6005	4
56cf24a1-0f4b-4293-9cdc-70bd2c516673	IV	5350	R	1	2512	4
e8ebb411-f4d2-4f01-9cb6-fc71c38d627a	IV	5415	R	0	1836	2
c22d2dd9-b7df-4389-9dac-60fcfb7cba05	IV	5620	R	13	1813	4
e1276785-eff1-4d41-b086-3dfd733228e6	IV	5408	R	1	1884	3
df3f43a8-9d8f-4f57-8380-7cc26de4442f	IV	5103	R	1	1828	4
d8c0b43b-bff5-4588-8f89-1982d1e342e3	IV	5550	R	3	1850	3
203e8235-d511-4927-b16c-4fedf24834ff	IV	5660	R	1	1296	6
1d51a7cd-4cd9-4a43-97f2-cdcda3bbc850	IV	5544	R	1	7395	2
1245e9e0-df93-4fae-b4a7-a64969ecf9fd	IV	5058	R	1	2549	3
5386932b-f8c3-4b16-ac70-a3815c0adfd5	IV	5362	R	1	1929	2
7e0b9c77-b62a-47e9-b5ab-fc9db38632da	IV	4928	R	1	11736	3
2bc53059-e3e5-4efb-a277-32ac8e697248	IV	5544	R	1	1844	4
b31ff101-3cc6-4600-805e-05092443e0fc	IV	5445	R	1	1840	3
ad7291b6-0090-4ce3-bec4-8f9ec5f9f229	IV	5491	R	1	2985	2
e6d08803-b735-4f2a-9ae8-46b540b33eeb	IV	5090	R	1	3096	6
e6d08803-b735-4f2a-9ae8-46b540b33eeb	IV	4230	L	1	-14048	2
8488bcce-a22d-415f-8886-4a37c765505b	IV	5257	R	1	171	4
acd0ccab-86d3-42c4-aebe-fcfabad24389	IV	5293	R	1	4769	4
794f309f-4414-4301-ad33-d9ceea70be16	IV	5421	R	1	12244	8
765cdc6c-4607-45aa-bf96-8d4f69a499b0	IV	4931	R	1	14739	5
3156746b-a07b-4402-855b-cc730fee3e51	IV	5638	R	1	4791	3
01ff3ada-325f-4126-b6f9-e2b9670731bb	IV	4540	R	1	4378	2
4f131447-6af8-4aa8-997d-587c9817e4f0	IV	5227	R	1	4361	2
4d42ac26-37c5-4682-95b2-67318b728488	IV	5308	R	5	4363	2
a321d8ab-ebad-4c12-935d-0e65ecfcc241	IV	5662	R	1	13416	3
1432b495-d4ed-43ef-9ddb-c05e248f2b4a	IV	4981	R	1	24990	5
af8e2030-4e12-4327-a0cf-7294c343dbaa	IV	5421	R	1	277	4
af8e2030-4e12-4327-a0cf-7294c343dbaa	IV	4255	L	1	7	3
9caf5373-8967-4e66-9ff8-409a10730d6d	IV	5415	R	1	4862	8
543fec57-38aa-4aee-8f1b-005e9597604d	IV	5638	R	7	3099	5
993a4fdd-5eb4-4104-9b30-b1ff306c93e8	IV	5591	R	1	207	3
e5a084ea-3fb5-4ddd-b522-59c17772cc32	IV	5663	R	1	2954	4
edbf60e3-efbf-4c63-be7b-627283bce480	IV	5344	R	1	7242	2
7738e3a8-93d2-460a-ac3f-6fa4ebbd6eb5	IV	5502	R	1	2521	4
64e3b9fe-dcca-4f4e-93a9-c42299a7b3d6	IV	5632	R	14	2503	6
5e91546a-9dcf-43bf-aaa6-f8a1942f75ba	IV	5421	R	1	3142	3
08ed5b73-c52f-448b-aafc-44fa3c2f4690	IV	5357	R	1	7124	3
42539dcd-5eea-4cd9-85ca-5bc5fcc45482	IV	5421	R	1	3092	11
761d0e09-f936-4175-b551-1e823748b8b4	IV	5660	R	1	5887	5
32b1e8ac-e07a-46fa-9751-7d9f51bed1b1	IV	5645	R	1	1868	2
32b1e8ac-e07a-46fa-9751-7d9f51bed1b1	IV	4279	L	1	7	3
0aff695d-96c4-4f89-a609-f611ca8d930b	IV	5079	R	1	560	3
9aca15b8-4ebc-4eff-aa33-497444d71fcc	IV	5164	R	11	7649	4
00f60c7c-d249-4c12-9fb8-51e1319226f2	IV	5556	R	1	271	5
dbe6fa4f-03f6-457d-a776-2114b04bd5ca	IV	5148	R	1	1462	2
363c1e58-52b4-4cda-88bd-cade25f944db	IV	5357	R	1	4801	6
1b8e19b1-b329-49a9-84c2-7095d62421e6	IV	5314	R	1	1839	4
930f03f7-7108-4eec-8537-f9614e868ac9	IV	5261	R	1	8028	2
cb9e0028-2169-4111-a1d6-292c1860acde	IV	5520	R	1	9679	2
6197a89f-2ab0-4307-8e59-9470e69cc43c	IV	5544	R	1	16575	8
39420521-8fde-4b9e-8c7e-e465120c339b	IV	5587	R	1	25196	3
f1461a2f-b035-4e37-b0ad-ad5028a13975	IV	5078	R	1	1926	2
c67197d1-8b28-4540-84c9-9226ca6adecf	IV	5321	R	4	1454	7
e5721056-bb4f-4583-af75-73ba4f850930	IV	5578	R	1	173	3
16f85222-46fd-4009-9ad7-25048e82b1db	IV	5521	R	12	349	5
acbbbf36-a8b2-4903-8221-2e11de9b1ea5	IV	5227	R	5	4513	4
5b866ee4-6590-47b3-bdd7-0a61fb25b0eb	IV	5389	R	8	2527	5
e2bb5dc7-0446-478a-9e4c-6ec1205fe9e7	IV	5432	R	2	3105	2
36a78ecd-6d6e-46ff-b2a3-65abcdd98021	IV	5534	R	1	228	2
f7df45cd-c063-448e-a74c-13be6fdb5e23	IV	5556	R	9	287	5
f7df45cd-c063-448e-a74c-13be6fdb5e23	IV	4357	L	9	7	2
edb9c83d-6a8b-4676-8171-9b4fe3ac6a6c	IV	5127	R	1	145	3
931892a4-a949-4286-b948-5f07ec1e2dc7	IV	5526	R	5	3691	4
8799388a-0b7f-4e9c-b36b-6a481bc7d972	IV	5556	R	1	2926	3
b56504b7-d4e5-404e-8075-13281b884b9b	IV	5455	R	1	6032	3
3e4d8f91-945d-4118-bc68-135b453e51bb	IV	5066	R	1	2276	114
294d3461-9fe5-4c7a-a104-b3d5fa9977a5	IV	5457	R	1	2404	3
cfbc8a20-90ba-4d15-9376-03b9bfe95aca	IV	5627	R	1	1878	3
647ed82f-976d-4451-9da8-39183184b4ba	IV	5438	R	1	3571	7
193c45cd-b63f-4654-b669-3126e8200f2e	IV	5475	R	6	2946	3
72ebfd61-8291-47df-96b9-cac96b63dc68	IV	5660	R	1	204	6
ddba6f53-d4e4-43f8-a90e-30dc9df7fe16	IV	5110	R	1	180	4
059cd73b-953a-4832-aa7c-fa5acf662538	IV	5655	R	10	13190	4
b8ba7ebb-865c-448f-85d7-af6faf3d55ea	IV	5457	R	12	144	2
82f48e1e-c284-4520-9ba3-798c59e2b7ac	IV	5409	R	1	175	6
4d13404d-693f-4429-8ef1-8882e9989d28	IV	5194	R	6	146	7
7e547dc6-41b3-44a2-b2ee-ab79a324a3d6	IV	4379	L	1	-19	4
6a66a5db-19fb-421e-9382-777c314a4c3c	IV	4382	L	1	-5176	2
928bfc82-e4cc-49b7-a367-d3db8b4aab7e	IV	5362	R	1	1847	3
a9c205e3-0f30-4b7c-b056-2542a101b467	IV	5097	R	1	2929	3
c1ba6a5f-4687-419d-a781-0f0b4666b918	IV	5660	R	1	2582	4
15329098-ec29-4d25-825e-defa5a54f9a8	IV	5217	R	9	18989	2
518f93b5-3c0c-43f9-8470-e736b3ffe60b	IV	5246	R	1	13349	3
48dec906-416b-4ecc-a1c0-2992be344d2f	IV	5381	R	1	16319	2
f7d6dd51-4c0a-42cc-9c11-cd6f702fc0bc	IV	5663	R	7	14694	2
93ee449d-3a5c-4d51-8c9c-5285650a8568	IV	5639	R	1	271	2
66b32b6b-a25f-4fdd-85ce-8099e153c1e0	IV	5097	R	1	1714	4
17f6f4b1-fb73-445f-ab27-170bb9e17b07	IV	5659	R	1	229	2
e72423ad-b4a5-4eef-b623-27bd83fc0191	IV	5243	R	1	18557	2
5794e9ad-c25c-4eaf-9f72-cdb99af30611	IV	5314	R	1	6981	5
91968047-ac5c-4529-ad2e-01af36abdced	IV	5660	R	19	238	2
4235064a-f005-4854-8fe6-664d70bb6f34	IV	5538	R	1	4838	8
80bd2e85-fd03-4aa4-b022-0075d139275e	IV	5431	R	1	11706	2
61d35462-2a0a-4076-abbd-4659f9895c04	IV	5296	R	1	2934	3
9941990c-f886-4b6b-a62c-2704cf3f29ff	IV	4969	R	1	884	2
8998dd27-acf0-48b6-bc1f-00fc275ad291	IV	5445	R	12	6649	3
291efef4-c1fa-4256-a885-aa088c0394b9	IV	5414	R	9	10331	6
01875231-79f2-4841-813b-5c082f2d1b1e	IV	5660	R	1	5837	7
24d55801-d3b0-4137-9be7-28fe314453eb	IV	5350	R	1	2487	3
e1bc17ea-737b-4678-bf16-81d36d031273	IV	5638	R	1	1843	4
c803df02-2112-4d1f-9c85-a5fcf746eda9	IV	5580	R	1	1831	9
1e1ea088-e9bd-4918-b4a0-ca9f1ffa129c	IV	5645	R	1	3090	2
e805d9e4-2ed1-4ac8-b9f8-c5ec6ba52708	IV	5103	R	8	274	3
ea32ec45-4bba-433b-9302-0139b75bb9ff	IV	5646	R	1	2409	13
45da4774-9e66-48e3-be95-b31840595b1f	IV	5415	R	1	4803	6
45da4774-9e66-48e3-be95-b31840595b1f	IV	4432	L	1	-2434	6
b4f3a186-4aa1-4fc2-9da6-d96454045f8f	IV	5645	R	1	1932	2
b4f3a186-4aa1-4fc2-9da6-d96454045f8f	IV	4433	L	1	7	3
6a6e5674-58cd-450b-80ed-befa3611ff59	IV	5526	R	1	1851	5
4d131bec-ab60-4bd2-8903-b9a4b90a1cb4	IV	5439	R	1	2959	2
eccf5e70-37a2-4181-b1ac-9a90d4090151	IV	5646	R	11	443	4
b019d19c-61ef-4f56-9bb2-7f4784df2731	IV	5386	R	1	3131	2
bac5e19a-58ad-41f8-ae0f-d1f553fe06c8	IV	5147	R	1	1848	6
a8992754-8ef9-465b-9fe0-5e3a417eb28e	IV	5338	R	1	1545	121
935f0c45-d63b-4c8a-83e7-810591f87bf1	IV	5272	R	7	6651	6
bfcca6f6-74f6-4c25-8613-54e6953ebfb4	IV	5505	R	1	11825	4
9d2ec537-5e57-4513-b070-5cfb408b36c0	IV	5637	R	1	2962	6
f6c9fe4f-afa2-4bc6-869b-6d8220a75b28	IV	5469	R	1	1839	3
2c735601-58ed-4761-b2d8-4178b353997c	IV	5645	R	1	11270	4
a1f353f7-d4cc-4373-bedd-e503c740f178	IV	4450	L	1	-10139	2
9c983b5f-7e76-4b76-bee1-0023f4191844	IV	5156	R	1	173	4
36a88b8d-b793-4ffa-95d8-177101d537ab	IV	5652	R	1	3000	2
b7c01aa5-bdf2-490c-8208-f8d2fec96ee0	IV	5556	R	1	138	8
17fc4113-4235-41f1-bf25-06de43b5adf6	IV	5243	R	8	160	5
3c02f5a5-f0e6-4a6d-a4ca-c7656bc9e143	IV	5646	R	22	2758	5
5ecdfaac-35f5-4dbc-9cfb-8bee355e51ff	IV	5567	R	4	4784	6
7290692e-da5b-4e6a-ba3d-4711772e18e4	IV	5294	R	1	3991	148
f670a0c7-e995-4771-8f2a-3f0762f7d681	IV	5350	R	1	3067	6
2cc84848-09b9-4760-b376-d1e36770e482	IV	5538	R	1	567	6
bc55d99f-e265-4beb-9982-1f68c20c2748	IV	5362	R	3	6709	3
5f1bafbf-3177-4eb6-8650-31f1f9b3e472	IV	5558	R	1	1502	5
60a47015-2a36-4151-be15-e57348b7864d	IV	5612	R	3	18613	2
1c26f082-432d-4864-bf09-19747969e24a	IV	5362	R	1	2509	4
41f20494-4f04-4788-b51a-b4212b82f243	IV	5645	R	1	3473	6
e63a4af8-0fce-4f54-a02e-e4ae22ed7401	IV	5532	R	3	7670	2
3c9485ce-0c0b-4fd8-a559-9627f9ca2508	IV	5591	R	1	4397	5
b816e8a2-4bfc-4052-ab29-bd2b7ca5a63f	IV	5659	R	1	3021	2
a7f3c83e-95d6-45b3-b183-bb40d96b3805	IV	5224	R	1	3672	5
aa09fd68-2a86-4ddb-8ebd-c7d6228c81f3	IV	5660	R	1	13231	4
3553cc5d-9674-41cc-af29-6e0a92bc3e71	IV	5362	R	2	2524	4
9bf833bd-b738-46b1-aa89-ec912f3c0432	IV	5660	R	1	721	6
00dff8e0-62c2-44ec-abdb-55fc6a0dbb05	IV	5436	R	1	5854	8
11ae74f3-73ed-4937-974a-bdb03f298813	IV	5421	R	17	2507	4
dafdc798-ccf7-41ed-bf43-f5ac264a236c	IV	5645	R	1	4489	2
33849d6d-3f89-4635-9a44-2c0225460d45	IV	5211	R	1	4205	6
60a1622a-e859-44be-be06-caa0c572b50a	IV	5560	R	1	18752	2
1f0011ff-03d6-4158-a11e-63f1a80f1f4c	IV	5362	R	4	275	5
8a7c228e-605b-45eb-8fe9-013d2d16b98a	IV	5269	R	3	2503	5
61d9e14a-9043-47ea-ab6a-7e57c97fc178	IV	5645	R	5	5836	6
2e83d1cc-c019-40c1-866e-5f4af2a2a42e	IV	5379	R	1	10309	6
239cec98-fa82-41b9-93f1-e14d4bb114ed	IV	5296	R	1	1935	2
1fc83576-97d1-4f0d-b54e-f233df18266c	IV	5248	R	1	25095	7
68353d57-709f-4c2c-b968-901a3b45083d	IV	4514	L	1	4	3
e9905d68-1104-4772-b9db-bde551e1b486	IV	5463	R	1	1856	5
e9905d68-1104-4772-b9db-bde551e1b486	IV	4517	L	1	-1832	2
9eff605c-923f-40e1-8c4f-4f23c4318385	IV	5181	R	8	2520	4
ffe623f6-f394-40a4-99b2-2cdc34f59162	IV	5645	R	2	1898	2
ab79e60e-68d7-4357-91c3-1512a39ec289	IV	5580	R	1	2933	2
5e974559-75dd-40ac-8b66-f72d1bd741b0	IV	5544	R	7	2493	6
cb69291c-4016-4955-aad2-49e452af5a30	IV	4524	L	1	5	2
6b56d89f-fe66-4181-9e10-ee12aebe2997	IV	5548	R	5	11597	4
9843d150-b336-4d12-a4e0-310ddb35e856	IV	4524	L	1	5	3
5b4c0837-126c-4e75-9618-76e3a5a640fe	IV	5211	R	2	2030	4
5b4c0837-126c-4e75-9618-76e3a5a640fe	IV	4524	L	2	5	3
4492d11d-eac7-4cb3-9766-9310822f14d3	IV	5375	R	4	2516	4
66acb52e-65f6-46a1-a4be-570945092c0f	IV	5362	R	2	1846	6
47156f62-7095-4171-88f9-63f82723a42c	IV	5386	R	1	13449	3
4d815991-883b-42f6-baea-20cf7b3a6ec6	IV	5638	R	2	2522	4
4d815991-883b-42f6-baea-20cf7b3a6ec6	IV	4528	L	2	7	5
2b2ce9d2-a2be-4c44-8908-f35de10b5901	IV	5646	R	1	303	5
2b2ce9d2-a2be-4c44-8908-f35de10b5901	IV	4528	L	1	-4534	4
85cd52c3-bdc1-45c2-b8f7-3995f2167d6f	IV	5645	R	1	6168	5
85cd52c3-bdc1-45c2-b8f7-3995f2167d6f	IV	4529	L	1	-3355	3
0f2bcff8-622b-47df-a7c5-e90c493f81ce	IV	5580	R	1	4840	10
0f2bcff8-622b-47df-a7c5-e90c493f81ce	IV	4529	L	1	-7958	4
a95191b6-32c8-4017-b694-7980ed4cd23c	IV	4529	L	1	-864	2
aaec0d6a-80a9-411b-b11e-8bdd7b7de408	IV	5386	R	1	2001	4
adacdc22-3811-42d8-819c-d917a719d454	IV	5638	R	1	1855	5
d8532679-ce60-4d50-95ab-542aa555d3a7	IV	5321	R	1	7266	5
49171e94-5b9c-4f4a-a29a-d6fd05b9f259	IV	5490	R	5	2509	2
3f7e5ba9-ddf9-4724-aa1e-35e987a6da4d	IV	5115	R	1	19027	2
7fc272ca-99c5-41e5-b027-456d10519865	IV	5309	R	0	10111	5
354d2a1f-e43a-4226-afa3-b30c229642ae	IV	5362	R	1	559	5
a8f8a345-4349-4757-9321-6e53b160ebff	IV	5661	R	3	10742	8
fb2c4869-6f15-4ccc-8a43-2b14218c7841	IV	5555	R	6	259	3
2d1b1bb9-9100-453f-9513-b0ef964ebb86	IV	5645	R	1	4407	4
fdcd5571-a581-426b-bd74-f43b3ac6d3a9	IV	5367	R	1	3107	4
343244da-ec5f-48e3-a002-7b6f5fbed5d5	IV	5239	R	1	16494	5
ace5d2a5-3e1c-4177-bf5b-247bd5f017c9	IV	5296	R	3	2514	4
efc2dae7-bdef-42ed-ac2a-677dae425276	IV	5439	R	1	4858	6
56217371-a9b9-4d44-9c36-1fb63c01439b	IV	5476	R	1	7109	7
ddd42f55-8855-41cd-af9e-01a09711160a	IV	5367	R	1	3089	4
8e03699e-66ea-4e61-a3ee-a6be7fb6c0f8	IV	5661	R	13	4196	6
b91315de-dace-4d45-a3e5-d29839e5800c	IV	5515	R	1	3409	8
6d02b02f-4eac-4e07-a8bb-b1b75fd0af29	IV	5320	R	3	2522	2
d55ed8b3-fe17-4faf-99e3-a12d552808fe	IV	5433	R	1	4780	6
9959be8d-0c95-4579-8aa2-90d0ce1c3f1c	IV	5660	R	1	4885	8
9959be8d-0c95-4579-8aa2-90d0ce1c3f1c	IV	4547	L	1	6	3
49b89ca0-6322-402c-9d03-87dfc66137a9	IV	5639	R	1	4824	6
b11fad6b-1f18-4cb3-9f97-181c3f503d0a	IV	5660	R	1	191	4
992bb64c-b305-45db-a461-70ec415d289a	IV	5463	R	1	1275	2
7f67e1c6-fda7-430e-8fcd-bc86ba6dfb05	IV	5580	R	1	13277	4
3b004ed5-2ad5-4df2-b32d-5e526708e9f6	IV	5514	R	14	8274	3
3a76ddba-fc63-40f8-bda5-fc9d91dda2b8	IV	5631	R	1	1901	2
ff7dc3fe-61fc-4b99-bee9-ee821ec5b337	IV	5532	R	37	144	7
e003a9d7-2717-4a67-ae3e-35b927005bf1	IV	5344	R	5	4360	4
e003a9d7-2717-4a67-ae3e-35b927005bf1	IV	4555	L	5	-2299	3
c558f18e-c619-449e-a657-c7ce70349475	IV	5661	R	1	2562	4
d62e255c-b0f5-4071-b43e-cc385d4dee06	IV	5275	R	1	752	7
46a45d4f-09b4-4735-8d96-b72c94bd8e8d	IV	5327	R	1	144	4
33491ad2-5a78-4796-aa81-707a077f1701	IV	5457	R	1	12829	2
c61dcc6d-1d72-48d4-b6a7-b3f96083c65f	IV	5060	R	1	3136	7
472ac5ea-bc6c-4d78-bc63-b8a98a709686	IV	5557	R	1	3670	4
3405b270-6716-4db3-a2ef-423eaa9400bc	IV	5344	R	1	16479	2
c642c802-61b1-4fe0-9f8f-8dc1f8d99bf8	IV	5109	R	1	14479	2
97e62aa4-bc16-42d4-aed6-38a479b07f1c	IV	5652	R	26	13387	3
40e46c7e-0d95-4bc5-8be3-3cb2cee6f303	IV	5660	R	6	1931	6
40e46c7e-0d95-4bc5-8be3-3cb2cee6f303	IV	4565	L	6	-1931	4
4bb351aa-e4a4-411d-97d1-ba13fcf654b8	IV	5658	R	1	6024	3
ec1a1e27-abc1-4b2b-a636-73fc9f0bad05	IV	5452	R	23	13378	3
40e3d0cc-1b4d-40c6-8691-43d24357473f	IV	5508	R	10	273	6
d78be453-1ef6-4c15-8654-44207283dffa	IV	5029	R	5	7660	3
456ad4be-3be8-4cff-a509-e503d1a3f602	IV	5652	R	2	2949	4
a3ccc352-73b8-4987-9921-93757a64e11f	IV	5427	R	1	273	6
a3ccc352-73b8-4987-9921-93757a64e11f	IV	4568	L	1	-1011	5
fff7f82a-d663-4fb3-95ac-d3e72795bcc2	IV	5397	R	1	7709	4
8b94879e-8298-4bd4-ada9-bd58ad6edde4	IV	5359	R	1	4422	2
ec642611-1013-40d2-9459-b7cc4ff68023	IV	5451	R	25	7251	3
056ee7c1-bc3a-4523-ba8f-f364967e5cbc	IV	5332	R	1	7512	3
1b74a6e6-fed4-4bca-9583-dc9b060fddf6	IV	5311	R	1	16623	6
579e3971-4c30-40e2-a766-64362de1a369	IV	5553	R	5	18739	3
1814b00c-7a9d-4df8-b740-a9a9f31d70ea	IV	5367	R	1	3037	3
46c9af8b-ad21-4e7b-a436-31cdd5964e9c	IV	5302	R	15	277	5
399ac303-0447-4254-882a-92edbe6ffd3b	IV	5653	R	1	16455	2
fa9d5ac2-32c4-4629-ac51-6e1a897f90c7	IV	5643	R	1	2933	3
5845b140-3497-4519-8c30-70713a202060	IV	5654	R	14	7474	3
8853cb1c-92b2-4d0a-8751-feb746032b7c	IV	5620	R	1	1842	4
76f3e981-c78c-4864-ba08-27e0c3dee4ed	IV	5654	R	1	10481	3
bf5c04d1-d4ee-4061-b67d-f6e95fdffb54	IV	5649	R	6	1819	4
b53ee3a7-e185-4b8a-830a-3c47922052a4	IV	5660	R	1	3028	5
88a2569f-5f06-4528-a19f-3033bd082a5b	IV	5284	R	1	2479	2
db2c8298-cadf-47c0-8e31-9fcbe3ae7b47	IV	5359	R	2	270	5
19aa3782-71b4-4f52-a623-545dd84da0e8	IV	5646	R	1	16489	5
04530773-745f-4c74-b8ad-cf1c6f56869b	IV	5450	R	1	6379	61
53850dcb-4c38-4254-a595-7748d0a17351	IV	5660	R	1	4946	4
2806529c-7e17-4284-973e-248f9815c2b0	IV	5381	R	4	289	6
b15a141d-cbae-4f9b-b14f-b9cc00bb1926	IV	5639	R	1	178	5
9f95f21d-96b1-4931-bf1c-d85114652786	IV	5386	R	1	9625	4
54e5b0cd-2cce-4893-ae43-72f6f346e506	IV	5187	R	1	3598	3
a32b95c9-a795-4531-b99f-008d6dcbe879	IV	5532	R	1	3603	7
513426f7-ef8b-4c66-826d-6853286d4eb3	IV	5558	R	1	16651	3
29b2752c-965b-4994-810a-c5facf6cf647	IV	5653	R	1	369	6
29b2752c-965b-4994-810a-c5facf6cf647	IV	4600	L	1	-4282	2
19944a61-79d7-460b-a7cf-8ebf89dbd10a	IV	5637	R	1	18694	7
c366432f-fb6b-400b-a39f-bd131a38c495	IV	5660	R	2	7508	6
929d83fa-4382-41b5-b3d4-12d6579a6ce2	IV	5556	R	1	2532	5
a35e6806-7027-4dcb-82ad-b12e40c37ebb	IV	5622	R	1	6077	3
80608a17-78cc-4af1-805b-7ddd8f69da7c	IV	5307	R	3	2507	8
2c25ca61-548a-49c1-80a9-89c87eb33bfc	IV	5457	R	1	2524	3
172cdf08-a25c-429a-9c97-dd0ed7824d8f	IV	5369	R	1	16582	10
5701763f-2817-4aff-a7da-145e83249273	IV	5227	R	2	19559	4
6c920dad-d683-462d-ad75-52009b18ccbf	IV	5658	R	5	309	2
567bc7b6-9b04-4dc2-97b3-a2116d4d638d	IV	5654	R	1	18655	7
a83f9c77-61bf-419c-a75b-40c86868cb46	IV	5661	R	11	2649	4
a1fd0cc3-c5eb-4894-af77-8e5ab89beaca	IV	5333	R	4	4416	8
afeccf92-1742-4dcc-9ca8-94e259da5c4f	IV	5359	R	1	2960	2
e7de2bca-2308-4a7d-94ec-c36ea212de55	IV	5660	R	1	6037	4
20837586-71d7-4988-b04a-c54e0219bcab	IV	5556	R	1	1843	6
0e077dcd-72b0-4548-b7ec-ee57fd0bd258	IV	5374	R	6	144	6
fe7fdca4-10b1-4fc1-b16d-32c16f75165b	IV	5183	R	1	7495	2
d7ad93f0-c620-4a2f-9350-412f59021746	IV	5533	R	1	12655	2
d7ad93f0-c620-4a2f-9350-412f59021746	IV	4611	L	1	6	2
2edcd7cf-9ef4-4f9c-9480-747a3c5faedb	IV	5125	R	3	4619	8
6e17bdf6-f304-457d-a42f-1ba7539aebd5	IV	5496	R	1	10214	2
564c2db4-69e1-4390-88c5-1fbbfab0c574	IV	5660	R	1	1846	2
69f64f9d-eb42-458a-ae29-7d8af781badb	IV	5638	R	1	10767	3
eaa8160c-25f5-4ac2-a8ae-377aeb552c2d	IV	5475	R	13	2708	5
683f462b-39d2-4e68-8aa4-9d954ecef547	IV	5639	R	3	6880	4
346a37df-8504-42f1-8024-8aa4dd9b1702	IV	5438	R	1	1901	4
efdda76f-7007-4900-bdde-f54c695cc2f0	IV	5639	R	1	2854	5
efdda76f-7007-4900-bdde-f54c695cc2f0	IV	4615	L	1	-5638	2
2d0b4a12-d7af-4740-805d-39e9d7f2698e	IV	5470	R	1	193	3
26963074-5f2c-4751-992f-e2ddb3836403	IV	5387	R	1	4852	7
f51c3be3-096e-409e-b55a-10a2db08d422	IV	5632	R	1	4825	7
be6df5ee-8679-4163-974a-9177ad216b49	IV	5457	R	1	1821	2
c77ff54f-bfba-4aac-ade2-fee853f3baba	IV	5356	R	2	4789	6
c77ff54f-bfba-4aac-ade2-fee853f3baba	IV	4619	L	2	-5401	5
be73ab60-09b8-4d0b-9431-84df42920b63	IV	5653	R	4	2690	3
99ecf30f-cad4-4b93-8a9f-8ad57ea9e402	IV	5660	R	38	420	6
e88c5ef7-4d43-4bb7-9542-aa6a7dc0d1f5	IV	5394	R	2	5096	3
38364b88-43d1-426f-bb96-601034870bea	IV	5451	R	21	1846	7
60b3a11b-2b56-45fe-897c-6ad18e93e464	IV	5548	R	9	279	9
eccf5522-8e83-4906-9da6-c6724d9a65a0	IV	5368	R	1	2412	3
a945840b-1c6c-4c4d-9b67-eef31ce5205a	IV	5389	R	1	5858	5
c593f279-d367-4cc4-b18d-a43d43f509b5	IV	5660	R	1	10423	8
8a38732b-781d-4e0a-840a-4ffcfef171e4	IV	5645	R	1	2524	4
ff4b39f6-5612-4f2b-ae83-54cc825db9ac	IV	5147	R	1	5788	4
0568fad4-b78f-480e-87fd-06e584695b8f	IV	5658	R	2	250	3
4caa8908-a949-4d75-9345-9344b4b313ab	IV	5633	R	1	9640	8
e75de96e-5ce5-4f78-bf22-051dab5f4a8e	IV	5625	R	6	269	4
7e10de72-5157-47fa-9f05-5d6626463d7d	IV	5526	R	1	3130	9
4e52e32e-fdb0-4ee7-8913-f5e603a8453b	IV	5351	R	1	9365	8
d601ea1a-9511-4e4a-8c6f-8e4c71197fdc	IV	5475	R	1	2955	3
3027adf8-89f3-4bd5-8a11-9663f7ce7e98	IV	5297	R	1	2535	4
a989693f-9198-487b-8c77-3304b08477ad	IV	5632	R	1	617	2
aa9b7c00-b266-4d94-ac74-b3d04e9dadf5	IV	5386	R	1	2527	4
07eedfac-b7b9-4bd8-82a8-5fc7bcfdf0a7	IV	5356	R	15	147	5
6fab0e0d-bb8d-4404-8e6d-63949608f6b8	IV	5420	R	1	4825	6
8c034424-63a1-44f4-b49a-9efbbd1f2d57	IV	5433	R	1	2394	2
2e4d28fc-e3ef-42f4-97b2-94176cf581e6	IV	5079	R	1	1838	4
28a942c7-c85b-47f3-8094-cfb19570254a	IV	5566	R	8	1824	2
03448ac4-84bf-4025-bdb3-0573990b594a	IV	5103	R	1	1930	2
03448ac4-84bf-4025-bdb3-0573990b594a	IV	4632	L	1	-13937	2
94eeef1f-1975-4357-93e6-0b4f454f9f51	IV	5617	R	27	265	5
4b6b8f64-5049-4b17-8863-e21383dadcb9	IV	5660	R	1	2518	4
2fc2c9d0-6145-49ad-848c-f4b20cfe6c0e	IV	5542	R	7	2931	4
513fad89-6c9a-4280-ae38-e49d60220644	IV	5638	R	16	2380	3
7cede1df-4463-4eab-9426-8cb616e4dd7d	IV	5591	R	1	4797	11
0212904f-c79c-44e0-871f-17c47b04df91	IV	5344	R	4	2492	5
0212904f-c79c-44e0-871f-17c47b04df91	IV	4633	L	4	-2690	2
a1e8a8b3-5b27-47ce-b88b-5d65d19f0b5f	IV	5654	R	1	2818	3
cba2e231-c4e6-4ce2-8489-316e35214819	IV	5520	R	1	7426	2
8a2ce6f9-ea36-4eeb-972f-adb592378e2b	IV	5601	R	34	10389	8
d4fce0ef-70da-4bf1-99bd-cedd1defbe10	IV	5660	R	2	1856	3
0e416584-b8fb-41ab-9096-d695202b321e	IV	5580	R	1	25443	5
369a331f-870e-422f-a482-a2e0d32cc0cf	IV	5368	R	4	3130	8
ce3eed49-a073-4f70-8e28-ee8c372b4c3f	IV	4638	L	1	-68	3
4cccd385-3790-4c8a-a2e9-8e1483d330a2	IV	5638	R	1	13328	2
4d7ec1d2-3d2e-4664-b862-22af5b8ad43c	IV	5660	R	1	1244	9
55dd2391-091e-4fc5-9cf2-a0d6b6bfc8e9	IV	5380	R	1	13453	5
bbaff15d-8dab-4427-879b-dded6f576e61	IV	5389	R	1	6114	2
025ea5db-daad-415e-8716-c3e878ab6f15	IV	5556	R	1	7473	3
a5600ba5-6ca3-4a6b-af81-7930d3e028aa	IV	5337	R	1	7652	3
e9e66ef1-bdb5-442e-a44a-161389deda77	IV	5526	R	3	4434	3
aa4aae42-5c1b-4579-876a-54bcded51b29	IV	5356	R	2	24891	2
57734b31-3609-4785-9246-634979cc99bb	IV	5632	R	1	1838	3
0baa92f4-6582-443c-b4c6-2a0b8e4c6949	IV	5663	R	1	6920	6
e4008803-696c-4084-84ed-e15cca5b0f14	IV	5574	R	4	3416	2
7dcd5adf-1c43-4a7e-a9c3-641ea0dcab4d	IV	5659	R	1	485	7
4c4014f5-9090-4daa-bd73-974dcb7ea39b	IV	5646	R	1	16647	5
9f35d46c-52d5-4fb8-bc42-695dd2fd4e39	IV	5541	R	1	1251	6
9d61a358-fca5-4661-a7cb-28c63082e9e9	IV	5547	R	1	16597	5
822dc85a-c025-441a-ba50-afdbfcda4181	IV	5637	R	1	802	4
92c18776-ed9e-4590-8146-e12d54f39d17	IV	5661	R	3	2189	2
aff0ac36-73af-4069-9c26-a357886d0d92	IV	5660	R	6	1866	3
76ad8604-1026-47e4-a94c-0cffdca2f898	IV	5660	R	1	210	2
fd9765bb-5af2-47d4-a949-cdbaa0a3ab8d	IV	5532	R	5	1864	3
985cb13a-399c-4d40-9d1a-0e0b1cb33fd1	IV	5529	R	6	746	6
122d915c-4d16-436f-99a4-1893804295a0	IV	5079	R	1	2948	2
c718c597-6c64-4f1e-b16b-3237d95ce51d	IV	5530	R	1	6013	3
6b1c7612-decd-439d-8738-c428bc258310	IV	5646	R	1	4374	5
4477a150-b27e-470d-82a0-e2e957d98a91	IV	5385	R	2	10269	4
952c67e4-aff6-4f2c-9f4f-68ad075a2c1b	IV	5652	R	1	2532	11
672003d8-d65b-4231-84a1-bd3ef2c00793	IV	5526	R	1	302	2
1dbb74a8-64b0-49ce-8d30-803de193e6fe	IV	5363	R	1	2498	3
ecb0e7ac-83ee-46f0-a766-a652fa268eb6	IV	5632	R	3	1823	7
61de98f6-68ee-463e-a40c-ce681894315c	IV	5556	R	1	7499	3
6fd114b7-8c66-46e0-a629-c03bb9f9816e	IV	5332	R	1	2913	2
cda3bc5c-fcda-40b1-8428-db4c5e029c1e	IV	5626	R	1	3682	6
28e80dca-ac4a-4b84-9349-ce3bd71fe799	IV	5497	R	1	433	86
976cd68c-8e21-4bdf-998b-065c3522c89d	IV	5652	R	3	152	6
3ecfc45f-b4cb-403a-b74e-372c209950ce	IV	5556	R	1	16594	7
5b4168c3-8baa-480c-9c32-8b688dcb20d3	IV	5591	R	1	25201	2
8a5c0b85-9010-46e3-acfc-d70c3788e394	IV	5383	R	1	5805	2
e3b79e18-8766-42d6-934e-d3b424916589	IV	5433	R	1	7526	3
300f8b1f-ef03-4cd3-be55-bac5ba5ca778	IV	5614	R	1	5923	4
1cd1b5ce-f617-4eee-968f-0e742e306384	IV	5566	R	1	1341	6
d2cd1499-c8b2-42a3-a99c-3b05b797397b	IV	5576	R	1	6560	4
34ce8770-2cdc-407b-9a74-cf449641595d	IV	5379	R	21	3119	3
7abb3375-d9ef-404a-a5d5-51626efb1975	IV	5647	R	4	323	6
a88750cd-3702-4965-a07f-74560b04bd9d	IV	5348	R	2	5987	3
0ea0fc43-c531-491f-9809-e38496669fc1	IV	5544	R	1	9695	5
0ea0fc43-c531-491f-9809-e38496669fc1	IV	4671	L	1	6	7
46fdf570-0c32-49fc-ad1e-b552a45873f3	IV	5526	R	1	2072	5
607e6fa4-f9c6-4ffe-801e-f08552249982	IV	5659	R	4	4200	3
b1862f21-558b-4a5a-9172-a3944dfc48c2	IV	5660	R	5	4435	6
56ab0f1c-ab63-4a2d-8ad9-37e01b9fb1ac	IV	5554	R	1	3664	3
7bfec72f-bc13-4b2c-af4a-552772ad506d	IV	4672	L	1	-3029	3
aa8b921b-3902-4bd6-a0bb-32278f41bf4b	IV	5654	R	11	2012	3
4fd19664-6f5d-4070-99e7-6df5d23c0696	IV	5320	R	4	13426	3
17a71eb1-f153-40e7-9b5c-b8c0267a76c5	IV	5660	R	4	6027	5
b841ed71-4f07-4923-8c6f-517c06b20577	IV	5331	R	3	1168	9
2616821f-bbef-41d3-a53b-e8306db8744d	IV	5660	R	10	1879	6
2616821f-bbef-41d3-a53b-e8306db8744d	IV	4676	L	10	7	2
4abc2855-8506-44cf-8608-9147792bc4ea	IV	5580	R	4	2407	3
ee4062f3-615d-405c-bf6d-48b783b9a76d	IV	5659	R	1	9219	2
1fdf464a-e04f-4269-8bea-61214892c73b	IV	5660	R	1	16426	6
53f32011-ccc3-46c1-a614-292b11abfc4c	IV	5659	R	1	652	9
1cdb2db7-0496-44d1-a921-5ff0915dd937	IV	5646	R	1	1852	6
9d138337-ce19-44aa-8f02-0c709cf1cd2d	IV	5638	R	1	1817	11
2b7ca851-7c69-48e9-9c5c-312701b80561	IV	5646	R	10	29526	3
f758164d-019d-4ff2-a072-2f7ead2b79d2	IV	5626	R	1	1844	7
d3288c21-f469-4ae3-8ccf-69cf50beae32	IV	5439	R	1	2529	2
510c946e-696f-4269-bfaa-dbbe2ecdb274	IV	5474	R	9	1859	2
717523ee-197b-4f39-8608-affe708a799f	IV	5411	R	1	3689	3
6dca46d5-dfcf-4f9e-862d-2b7001cbcb95	IV	5074	R	1	233	37
0f38570c-e787-4752-a65d-6209c08e1b83	IV	5658	R	4	13830	17
ce6f8b41-94b6-404c-b12d-70311fd769e4	IV	5475	R	8	4743	7
af354517-e8a7-41a0-a571-c384a2c8bed3	IV	5360	R	1	1262	6
00bb8ac8-c930-4fa6-aa1c-b40bc259ba52	IV	4680	L	1	-5658	3
19953194-a6e4-4f29-b3df-9ce5ea629c99	IV	5354	R	1	5992	3
440d8e20-ffb7-4845-8090-193f95f5a635	IV	5651	R	6	2443	4
b95f814f-b516-4a6a-a2fb-aadc34ec5793	IV	5660	R	5	2414	6
c8a21907-12ea-4807-94bc-33c0f9ec5f00	IV	5660	R	6	1855	2
a7a9ae5d-1428-4f7d-b90e-9e1698eb365c	IV	5355	R	1	3123	6
b43f07fd-32bc-4697-9137-c57c2bff8142	IV	5659	R	1	23271	3
92104e5d-d931-4de9-8a44-5254d9ac23e1	IV	5641	R	1	2402	8
0a09aa43-eca5-492c-b932-db1b501e0fb0	IV	5626	R	4	1838	4
bbe44911-e1b7-4132-a433-f31ede839a4b	IV	5585	R	1	10422	2
43f1e7db-96eb-4dab-9379-9998cb40503f	IV	5652	R	1	1894	2
b7303f35-eeed-45d9-867a-d4797a0b8c15	IV	5664	R	10	3139	2
642f8c1e-c0dd-4352-9bb9-97d6a98ab007	IV	5619	R	11	3100	4
c6ed7690-0a91-4b65-a8bf-ddaa74d172d4	IV	5591	R	1	2518	4
24fc71e8-b6ab-4a5e-a75f-d5256059c204	IV	5576	R	1	16622	4
1faa4ae1-072a-48c2-b589-7ff8484b036d	IV	5660	R	10	3161	3
4752d7bf-8b00-4d1c-9fd8-d2ca57905159	IV	5496	R	1	3129	11
c6923a0c-2c34-4631-81ee-073d6a6773fc	IV	5591	R	1	3695	7
8d532f75-3654-49e2-9d2c-a64b1f98566c	IV	5520	R	1	1250	4
0e255caa-4b05-4664-80f4-8a900188fd40	IV	5660	R	1	17090	4
ffe8a6ba-cd64-4c37-99b1-60848afa58f1	IV	5660	R	1	2738	5
2dffbfe6-876c-4a19-9353-03fb980ebba4	IV	5445	R	10	138	2
bca26696-6134-4516-8db0-8bae95e5ad4c	IV	5557	R	2	2399	3
0e2db336-ef6e-4577-80af-0ac197224e11	IV	5586	R	2	7698	3
60ca3669-b041-4655-b654-45cc3785be15	IV	4687	L	3	-46	2
cd5805ae-650f-4ad4-a74c-3dd42f47be5e	IV	5558	R	1	1834	2
b7dd9b11-ee11-4638-b60b-528a9a45b11b	IV	5340	R	1	8147	119
26613b6e-20f3-4e0c-b89f-bda00443fb18	IV	5320	R	2	1857	5
1002fbb5-aafc-486f-b417-105b57da492c	IV	5652	R	1	274	5
60089731-fece-42b3-9617-7c4e65fbea53	IV	5581	R	1	5799	6
18419501-1c03-49c9-9167-c69a84f0192f	IV	5660	R	1	3040	3
ea087fd3-ceac-4a27-b5ec-763490acc174	IV	5652	R	4	280	6
2cf1ae23-9ae9-4cf9-a909-82e95f6fad2e	IV	5509	R	1	4418	2
f7536e3e-ffb4-4aec-92ab-800d93626b0c	IV	5432	R	3	10443	2
fb3842c7-9e26-4599-a896-40dc267b775b	IV	5660	R	13	3145	16
9e9d5e7f-59bd-4a1d-8783-266dbc293161	IV	5538	R	9	3646	5
52ef0550-1fc8-4fc9-b5ef-2fd84281a844	IV	5660	R	1	3340	8
80ce93d8-26da-448c-aa9c-c7338736f2e0	IV	5633	R	1	10339	4
dbfabb73-a946-4d95-9bcd-eddcf61d3d06	IV	5321	R	2	5847	3
efb7fe6e-abf4-42b0-beb3-a7a77e5032cd	IV	5305	R	1	19452	2
a7af8fe9-2b71-4d6f-8f80-bd9abe3de3b7	IV	5368	R	3	29261	3
f415aca4-f3d5-4434-b50c-8ea70bc6a72f	IV	5175	R	1	4817	9
f415aca4-f3d5-4434-b50c-8ea70bc6a72f	IV	4694	L	1	7	4
5f270782-d657-4808-9984-03a35ec1647b	IV	5660	R	1	333	4
6dc2b003-e6df-4aea-9e7c-f1b8fcd7f27a	IV	5646	R	1	17115	7
a4fa37e6-d2cb-4613-9dcd-cda5da89c3ee	IV	5660	R	1	298	4
c7dce5e5-711a-4db9-a400-a610ebf1884a	IV	5645	R	1	2522	4
242bedee-57fd-422d-b22e-7f9e4575e417	IV	5414	R	1	3111	3
4e446a6f-d8bf-4300-a7e8-7755305547c7	IV	5186	R	25	3065	12
4dd6ca4f-07c3-46c5-be5a-eceac72cce37	IV	5576	R	1	10422	2
f904a327-4e3a-46f5-9860-bce3f08d76ac	IV	5661	R	1	321	6
f970c02a-d3aa-4b3e-9656-0cc52502db62	IV	5652	R	5	2019	8
0070fa57-6383-484e-a6c9-8bc4b439aeb6	IV	5320	R	1	2521	3
fbb07ac6-21bf-4af6-8417-a210e9307577	IV	5659	R	1	2554	4
1a3512e8-3976-4bd0-9d10-6e8b1b4ab470	IV	5660	R	1	1842	6
4eebba7d-8ccf-4bba-b2e7-3040a7cf0d5f	IV	5637	R	1	1922	3
4eebba7d-8ccf-4bba-b2e7-3040a7cf0d5f	IV	4699	L	1	-12714	2
eccebe3a-3f90-4bf0-992f-236d2c97b289	IV	5461	R	1	4429	2
de4ffe15-1201-4221-94d0-aa915021cffc	IV	5507	R	4	1891	2
883d6fc9-9042-4d56-b58c-51161d1560ac	IV	5660	R	11	4458	3
dd53e60e-d6df-4f56-98d5-ec78b4784640	IV	5452	R	1	1852	5
4c8cf531-8ffc-47a9-ae5c-01018596b5d8	IV	5660	R	1	5980	4
36939ae4-2a70-4826-962f-81eee1a84da1	IV	5661	R	5	297	7
98f03303-b3cb-432c-a3f0-b3de2c40196e	IV	5586	R	1	250	3
5ae0f02c-832b-4290-986e-f57a50ef979f	IV	5635	R	1	171	4
613c8add-7af9-4624-bc6c-55bfcd41df2c	IV	5615	R	2	428	14
668ccd91-1bdf-4131-adaa-d19e6be1054d	IV	5661	R	1	10418	3
e85b65cf-083f-47d1-bf3f-2eeff09dd3dd	IV	5424	R	1	2828	8
8f71f265-9081-4745-803e-3859f3cb23d7	IV	5645	R	10	403	4
d005e66b-a047-4c8d-8ab4-7e618053eee8	IV	5654	R	5	3371	5
3c9162d5-1bd2-4728-b825-d9b542ef08d3	IV	5660	R	9	1642	4
cdd5e2fa-bd33-4a20-a0ca-5f6ff4e0e495	IV	5611	R	1	5802	7
a85b8116-f27b-4a02-950c-6db0d695aeae	IV	5661	R	1	2419	3
e50c5522-4c54-48b1-9876-6763d22ebdab	IV	5652	R	1	1873	6
cda61d3d-d676-4000-9fb3-c415778213c1	IV	5608	R	11	2513	3
c3517e53-2425-468c-bc57-9cdce261f33a	IV	5563	R	1	6471	2
9639afba-54e0-4f8d-a696-2a7a44c11e7d	IV	5660	R	2	5910	5
e39ac75c-832d-4b3d-921f-c59f0c6a9d8a	IV	5356	R	4	7516	4
575433dc-2484-4a12-8890-0184805ea10d	IV	5349	R	4	3114	9
f524e153-cf37-448e-8ce1-44ce0f182912	IV	5660	R	2	3109	2
f317237e-9c2d-47e5-bbd8-bf2dcc5fa512	IV	5646	R	1	16630	2
498e291b-dd21-4014-94d0-de602ea93488	IV	5159	R	1	2926	2
54f45cd1-3e86-4450-9835-0842024ccb32	IV	5299	R	1	5870	5
ee5d6ae4-3a42-4d2e-8fea-7b64953efb1e	IV	5591	R	1	1861	6
80019b50-7074-46c0-a664-fb709ebe399e	IV	5272	R	1	2834	12
0fa6aafc-33b3-42d9-b012-34af99d3262e	IV	5127	R	1	4702	5
b6a17631-eaa4-4918-a2a9-e2516059479c	IV	5638	R	1	5849	6
1a01686a-ab25-4669-b79d-b7a7c8c03dca	IV	5587	R	1	4407	2
0da7c708-f608-4d2a-beff-9bb816972b99	IV	5638	R	1	18700	3
24cd1e5d-770a-4167-9549-f31e269ed5ae	IV	4719	L	1	6	3
8daa0750-012b-439a-953b-c5025ef7bde4	IV	5651	R	1	4141	3
9eeb6d9e-a9b1-464b-94d6-169373555d2c	IV	5445	R	6	1546	2
a012b48b-5416-4b79-b3fa-cb8061f76aab	IV	5558	R	4	6025	4
22cf4b96-a784-4408-9d5a-2b8ff5456c51	IV	5654	R	4	4643	3
813b6288-54c9-4af9-93e8-e1d3b2ac514d	IV	5190	R	1	6064	3
c893860f-9a75-4790-bcd4-028e95290f4c	IV	5660	R	1	4463	3
48e3ca18-19a5-42b7-b177-689327c03208	IV	5514	R	5	4818	9
b42c9200-ac6e-446b-bec4-bb191423b2cf	IV	5440	R	30	14698	2
f81f4f17-a8a2-43e5-9413-3ee9c3351721	IV	5421	R	1	2952	4
aecbce2c-82ae-4678-ac56-c7c948e2626b	IV	5644	R	1	1910	3
2fbc3fc4-7857-4679-9c8c-f62a5c627063	IV	5632	R	1	7438	3
9535f4e3-e199-4068-a5f6-9576e90ef484	IV	5362	R	1	1839	6
cdc41b3c-7a09-4b2a-aab8-db71837a961b	IV	5421	R	1	2946	2
8c08df0f-d60d-45d5-a147-4d8a2123f05c	IV	5661	R	28	2416	9
5d099bd6-07ef-402c-9415-7eac9ce535a4	IV	5205	R	1	13128	4
8b086308-22e0-450e-9453-9531986e2dff	IV	5660	R	4	5137	3
3bb28c35-c2c8-4409-809d-eb6b2de5996b	IV	5639	R	2	4291	2
07433cf3-ecef-42a7-866c-a9af69761b9f	IV	5660	R	1	5887	4
b4e29df2-9104-4ad4-a9e6-c34031e2be0c	IV	5660	R	1	182	2
a91c4d45-8098-4d6d-9d68-6d84b04ffc52	IV	5557	R	3	674	2
f6b08ce8-3bf5-43ee-a13b-1b745bdd5ffc	IV	5645	R	1	2973	2
80623b5c-dcfd-4d75-8600-07d878821fe9	IV	5511	R	1	172	2
d6c55533-f2f6-4221-94e0-c58a43b7e842	IV	5660	R	4	1870	4
d6fc6847-b1aa-4896-9f6f-71c204b3ebb0	IV	5367	R	1	3099	2
e42c8e04-a331-4317-9908-8729ce317790	IV	5644	R	1	2783	7
9f07cb6b-890c-4acf-9cb9-f8999c03b0fc	IV	5660	R	1	18761	3
6aa4cc08-d470-4a71-8fa5-b1acf055e3e5	IV	5663	R	5	2390	4
ac554fc6-e520-47a0-a86f-1a13d7869c66	IV	5660	R	5	443	2
88a2e110-14b8-48b5-ac84-3f1afa2f0752	IV	5661	R	1	596	3
cfac41fe-cb8e-4db8-8948-32e7dd8a37d3	IV	5557	R	4	3666	4
54065801-e601-4912-9d56-3459c78d5ddc	IV	5661	R	1	391	5
ef720ae8-02a5-418c-9d20-dc2882a9caa8	IV	5660	R	1	6217	3
adb46a92-e0db-44d5-8c0f-fe985da8068e	IV	5526	R	1	9200	3
8ca1e34e-aed6-42ea-bd9c-a4a411188aa3	IV	5660	R	8	11661	3
28b6e273-c128-4c8a-8aa0-1f9404d59f75	IV	5660	R	1	3142	10
659d3a9f-58e2-48b8-9750-91caf329470f	IV	5660	R	4	4329	3
42ac5094-1560-484b-aa80-0feebabe37dc	IV	5645	R	1	18444	2
247de181-f57f-41e8-aa75-b528c23e246c	IV	5591	R	5	1858	2
78e63a0d-4a18-4408-9f21-1284f35638c8	IV	5445	R	2	2903	3
c18e6bd7-d91f-41ae-96bf-d76964d79de8	IV	5428	R	3	12774	2
2c965f2e-a76b-40a6-9b0e-759e62e11230	IV	5638	R	1	271	4
1304cd1e-855c-4cfa-841b-4cd803fef8b3	IV	5553	R	1	5827	2
1304cd1e-855c-4cfa-841b-4cd803fef8b3	IV	4736	L	1	2	4
fa22f24a-968c-449b-8c8e-2841fffbe8a5	IV	5475	R	1	1817	4
3515f872-9009-4b53-89a2-b74dc988b7e6	IV	5660	R	8	5860	4
eddcaac3-c9b2-426c-88f5-03682fc09231	IV	4738	L	1	6	3
66f9beb2-914e-4d5d-abff-9ea7a3a939b0	IV	5652	R	1	1806	4
07fb6ffe-a0d0-44e1-ad21-1acb5e6be927	IV	5538	R	1	3698	9
f9a270e9-50c5-443b-9842-fb6ba87b9e9d	IV	5645	R	5	3919	4
73eccb26-9a7f-4ea3-b0ca-eecd374046a1	IV	5645	R	5	552	190
6bfeffb9-90d1-4705-af1c-62270eb3b13e	IV	5386	R	2	5933	5
672e973f-2323-4434-a299-15bada4d9ba6	IV	5360	R	1	1694	3
672e973f-2323-4434-a299-15bada4d9ba6	IV	4741	L	1	-1673	2
8c16497b-0307-48ca-8d60-9ff7d7779e7d	IV	5659	R	1	5838	5
6d8e52da-886c-41e0-9b88-cb7e96d61856	IV	4742	L	1	-38	2
a7e7984b-d915-492c-a629-200333444680	IV	5654	R	1	5477	4
a7e7984b-d915-492c-a629-200333444680	IV	4743	L	1	7	6
19794a8c-b8ce-40c0-9fd2-c8f6a7c5d124	IV	5514	R	19	173	5
e0f34ffc-b37a-46b4-b638-2eca22ec7d3e	IV	4744	L	8	6	2
2df2978e-b309-4b4d-99ff-9e06b09df36f	IV	5660	R	6	15085	5
bc126d2c-8a8a-4782-90fc-18e45c96ed05	IV	5660	R	1	17046	2
d2d289af-0122-40c6-8122-495299616b0d	IV	5477	R	1	247	2
5d30de38-bcfa-4f03-b2bc-0824dc9c857c	IV	5645	R	1	7908	2
6a0baed8-83e6-455f-a43c-dec55e78e83a	IV	5659	R	1	332	4
d054c2b6-bc02-4bb9-9e24-852825f07597	IV	5660	R	1	16356	2
28abe8fa-fd02-4fa4-986c-df95cfff10c4	IV	5639	R	1	5826	6
05a00ae3-39f8-4545-a6db-7306b9281a84	IV	5333	R	1	11610	2
c313928e-83c9-4be6-bc52-b12f05e75141	IV	5661	R	2	7496	3
9808555a-7469-45aa-8703-5acf525167f6	IV	5660	R	1	6168	8
93328c01-b53c-411b-90e0-98eb899edc8a	IV	5660	R	9	11681	4
bb3f8c82-8283-4f62-ace6-018721f71bcd	IV	5386	R	1	3105	5
12acbb5f-a2e7-40cb-af6d-9905f24d4eb3	IV	5639	R	1	4821	6
33f86e5b-7320-4aa1-b8ac-543ffef60203	IV	5558	R	1	5807	5
06683489-806f-46e8-8ad0-16fba0a00a35	IV	5557	R	4	298	5
18de4a23-a0d2-40a0-a3fc-64bc7da8fbb9	IV	5620	R	20	2409	4
4bdbf15c-bd39-4150-8f32-0e7de5a19576	IV	5148	R	1	687	3
4bdbf15c-bd39-4150-8f32-0e7de5a19576	IV	4749	L	1	7	2
a26654da-e791-49ba-8e53-9aed7578a108	IV	5660	R	1	1886	5
4612cbd7-25c1-40cd-9b13-279f7a213600	IV	4750	L	1	6	3
c83297ea-875e-42e1-a1cc-31730a2625c9	IV	5609	R	3	10768	2
c83008c8-1acd-44fb-857b-792c087849a3	IV	5505	R	1	174	2
f2db4889-6cb4-43a2-89c3-b6b19cf4eb3d	IV	5609	R	1	5810	6
b277d2c4-b9d7-4590-a0a4-f1e401f92415	IV	5538	R	3	150	3
f1f3945e-d965-44f3-b7c5-95ae7d604783	IV	5471	R	1	1270	2
fb185a31-827b-4d85-b911-e287c16f5a09	IV	5266	R	1	1831	7
b8f9f1ec-12b3-45df-8cea-6eb950b437ab	IV	5374	R	1	1248	6
91c0ef9e-294e-47b1-8830-34eba063c723	IV	5658	R	5	18288	2
47e47d47-b79b-4b1e-a26d-48e7136505c6	IV	5638	R	7	2659	10
cffdaa33-3dbf-42cf-bf38-0b4dc2075b58	IV	5608	R	4	2914	4
0d2d3891-2077-49ff-b47f-ccc41c5b5069	IV	5655	R	6	3686	4
73264f04-d50e-4861-875f-45857d541aea	IV	5659	R	1	3431	2
6e30cd95-05f5-48f6-a4f7-1c589fb68c43	IV	5663	R	1	3130	8
a2ffde21-4b91-4fa7-ad11-047fdff2f814	IV	5621	R	1	3784	6
663d738a-5d1c-4cf6-8dd1-31e416619f16	IV	5661	R	2	11811	3
756cb50c-7707-4bca-9d40-0bc724d3643e	IV	5660	R	2	16775	3
b9ea1d94-3803-4097-b434-a81a000558b2	IV	5660	R	1	7728	3
2964b356-6e1e-467c-bcc1-3eb9b5f52284	IV	5591	R	2	4204	2
84ac2f4e-2aa0-4b64-82b0-76ab2f9dc089	IV	5660	R	1	4829	8
2a755474-2742-43b2-b64d-4b42668a2a60	IV	5591	R	6	250	2
bd52a62a-01a2-4c06-8cac-3b479bcfecd5	IV	5545	R	2	1922	2
451905e7-04a2-4585-8138-43facd4be7b1	IV	5601	R	3	10357	3
6ab777d9-117e-4bc6-ab4b-8ffe8fe282cf	IV	5503	R	2	13248	2
148326e2-1b7a-425e-8324-53553b613072	IV	5227	R	8	9387	3
def84c9b-de45-4f45-acfe-52b0756e02d2	IV	5591	R	1	4806	10
84604289-bd71-4416-82be-294bbc032614	IV	5661	R	1	1417	5
cbb77f0b-05fd-47fb-af0d-7427ae502f0e	IV	5475	R	3	4401	4
bf1e21ab-d993-4261-be90-80ad9f64d8bb	IV	5660	R	2	4469	7
dffb9234-33a9-4508-967f-437bfbe6a30f	IV	5658	R	2	1915	7
0536580f-b627-4cd8-8b77-d8c508b96e3c	IV	5660	R	1	1874	2
b96d846b-aa50-4b01-bba5-5244ef5385f9	IV	5638	R	1	12684	7
46e9e95b-34da-4db4-8d10-1cbd46a38efe	IV	5660	R	1	6033	2
fbd3ddda-c084-4156-900a-6878d8b18d50	IV	5306	R	2	2962	2
9020085d-e46f-4309-b5cd-fc849ce46949	IV	5556	R	1	5840	3
6c5433b5-1f3d-4cf6-9699-40005049dae2	IV	5439	R	1	13305	4
90d1f0b1-3af1-49f5-be9e-e66648a1caf5	IV	5661	R	1	19063	2
5286fda9-7840-489f-8749-627727dbf3e4	IV	5661	R	15	2023	2
c213f204-7b19-4fa2-8218-8b7b6f9e2000	IV	5556	R	1	344	4
53d1b9f0-e7b5-416c-8873-2392726efa4d	IV	5608	R	6	6640	4
f6514b65-85eb-4e93-9585-37c1bfa0dc36	IV	5659	R	1	2821	3
0e2bb806-6796-48e4-86af-5198ff26af93	IV	5645	R	1	8075	7
0e2bb806-6796-48e4-86af-5198ff26af93	IV	4766	L	1	-8250	3
50d799be-a43c-4a18-9535-12c9c05a86e2	IV	5660	R	1	4897	7
d0524555-c906-4e07-8d5e-f1f865f57064	IV	5556	R	1	7675	3
0b72264e-84d5-4e52-8ec1-5701c93c208a	IV	5272	R	6	6655	4
a400aa3a-d090-4c3e-a14d-559aa158d6c2	IV	5556	R	1	10804	6
3449aaa0-7df7-4c50-8ce7-2fcd62d89c17	IV	5643	R	1	2913	2
3449aaa0-7df7-4c50-8ce7-2fcd62d89c17	IV	4769	L	1	-3404	3
12e9ea55-377c-4cf6-8dc4-8b2e1ee1472e	IV	5544	R	9	4430	2
3ba9d9ac-9967-416a-93f2-27b6023aa2f3	IV	5638	R	1	1902	4
5394dc75-153c-4ed6-93ef-579408bf254a	IV	5529	R	1	16461	7
f47649a6-c067-441c-a657-c0aecfc87f38	IV	5646	R	4	4134	6
df59ecb4-7b65-400f-b721-69dff2085e21	IV	5639	R	4	4617	3
69859710-7a04-47ea-a167-fd656b9a50db	IV	5646	R	6	13346	3
605513e5-87bc-49bc-adcf-94c8823525ea	IV	5559	R	2	229	3
a10c12bd-a04a-48c8-b42c-2bb888770068	IV	5641	R	20	2405	5
a10c12bd-a04a-48c8-b42c-2bb888770068	IV	4773	L	20	7	3
faad0299-bf1d-4876-a5be-2b872c89d426	IV	5660	R	1	2653	7
12bdc8eb-4561-4164-833d-45914ddf0aaa	IV	5660	R	1	334	6
b9770e5e-8838-462e-bebf-4e7a8402c470	IV	5463	R	1	1842	2
7d784b37-9b02-4415-ba2a-0b00f9515385	IV	5576	R	1	2252	6
68bf99e2-3862-4c9f-9657-ab0543713483	IV	5463	R	1	1248	5
e2c038b6-28d9-40c1-9c8f-7b87e3a07a04	IV	5660	R	3	7887	4
a5e0327e-dace-44f2-bace-26bfdbb86761	IV	5494	R	1	6054	2
5df0de7a-e9a6-4bbf-a3d5-a7e2f2f0cb8e	IV	5639	R	1	7337	6
7a08b0c4-2fbd-4945-b8d9-0aa56df0eaf4	IV	5660	R	2	156	7
02ab46fb-d0ea-4b3d-b125-db50e7bc6926	IV	5645	R	24	145	8
eb1aad70-0b8a-443e-bb79-85eb78029b3a	IV	5633	R	1	4365	2
775acf32-b98a-4bc2-bd45-9e65e28143e4	IV	5655	R	1	5754	3
7221926d-690f-43fc-bf7a-5dc2b918e4b6	IV	5660	R	5	7696	2
4940dec2-25d6-4369-b39d-1cb03bdb2921	IV	5645	R	1	353	5
f5aa5f2b-569a-4d64-bdb8-7f8cd62e49bf	IV	5578	R	1	176	3
753b97bb-6df7-4572-92e2-1aef8fd307c9	IV	5537	R	1	279	2
00a49fec-194a-4fb4-99f0-0c3e0f93637a	IV	5476	R	5	1492	6
32f0d649-3ff4-4202-8ee7-cde381038ed4	IV	5470	R	2	3129	2
d46cb8ed-38a0-42a7-ae0b-070ce5a5bdad	IV	5660	R	9	1998	3
b58e6c27-714f-45c6-9dba-f4b44f29d6a7	IV	5646	R	1	5822	5
636ee3a1-1b2d-4ebe-aa04-3a2ce8ea4298	IV	5661	R	17	13436	7
a4bbd964-5098-456e-998c-c565e3a2e758	IV	5655	R	1	3679	4
db084e64-6f8c-4790-ae5d-530996343c11	IV	5645	R	1	2566	3
c89e72d6-748a-4e03-9c40-91731e992c38	IV	5660	R	1	4702	5
94ab9c56-19b1-4070-9303-d7798a9c20c1	IV	5439	R	7	2524	5
0e4afc8e-bb2c-49c2-889d-4687daefcd04	IV	5609	R	7	2531	4
089edfd0-81b3-4e3c-b7f9-f21526dfccc0	IV	5658	R	4	18816	2
a34ee0a9-d83a-44ec-a3bb-0dbb364fd0d0	IV	5652	R	2	1865	2
5fb4570f-85b2-4d69-ae70-40a16afab638	IV	5608	R	9	4409	2
3d1f2bca-8eee-4421-98eb-dd5d6c219e6b	IV	5242	R	10	16208	46
87b2ec5a-4562-4bb7-80aa-a01eb75de9e5	IV	5526	R	2	2520	6
02aebbd4-2bc9-4df3-b45b-16ad14c2b91e	IV	5659	R	11	5858	5
71b0f00a-35d0-421d-8618-94710599343a	IV	5660	R	1	282	4
12233d59-6313-4023-9ff8-19ae0a385900	IV	5660	R	4	3066	2
6974d577-ea2f-4075-867e-93185b11c358	IV	5659	R	1	24300	3
f12d5db3-7c9e-4ab8-bf02-766eb3a5d7db	IV	5660	R	17	4780	150
1ef25522-de51-47b1-bab6-2036b0ea38a5	IV	5576	R	18	284	7
d2bcd5e5-3019-419b-b2ff-f7d11680a5e5	IV	5508	R	1	2899	2
b69e5231-7a0b-478d-a672-24d078637ea7	IV	5614	R	11	6015	2
0b57b126-2a31-4677-adc7-5beed67c9ff1	IV	5658	R	1	2731	2
85ef8588-70dd-499f-b663-287b0c0b777c	IV	5654	R	1	1393	7
be037f78-947f-4db1-a3c8-bf9949b017a0	IV	5660	R	17	294	4
7cea842a-ff86-43ad-a261-0b9a1deb4067	IV	5589	R	1	16579	6
26b2730c-f836-4c54-93ff-1707dd457914	IV	5560	R	1	10442	3
f17a8277-37f3-481d-9186-cb5a3c5e4248	IV	5639	R	4	2838	4
6713127d-fc62-4407-9818-d1230843f122	IV	5557	R	2	4847	3
1dfbb7fa-6324-43b9-b0c3-47255b9c8847	IV	5660	R	1	5101	6
1dfbb7fa-6324-43b9-b0c3-47255b9c8847	IV	4801	L	1	-5277	5
df9da932-db72-4f20-bc71-fdc3161cf138	IV	5660	R	1	16652	9
15c96bdd-e3ea-4588-aff4-8f4ab13e3423	IV	5661	R	3	2835	6
cbd111a4-2c80-418e-9dff-07574d4793d9	IV	5663	R	3	4750	7
cbd111a4-2c80-418e-9dff-07574d4793d9	IV	4806	L	3	7	3
eb023c67-587a-4c06-bed0-f335d9c0bcbe	IV	5580	R	1	2867	4
66aa462d-2895-4064-8760-1e96e4e63cec	IV	5652	R	3	380	7
19f41e18-26f8-4e5f-a53f-7b0ca091e32f	IV	5660	R	1	14775	2
26b0ed29-cb50-4e9c-a4e8-8d2a80545550	IV	5661	R	9	3107	4
cd3798f6-c319-46ee-99b7-526a62a9a706	IV	5638	R	1	1914	2
7a068110-797c-4a67-a09f-589a7f2209a7	IV	5660	R	4	7692	4
7a068110-797c-4a67-a09f-589a7f2209a7	IV	4806	L	4	7	3
7647a22c-ddb9-43cf-a89c-a2de9dcbbd6d	IV	5660	R	2	181	2
6bf8be91-818e-4e90-9708-da7e4ac3de6e	IV	5652	R	8	1882	4
7132a4e0-6323-47e5-9f21-fcad38cec01e	IV	5558	R	1	5846	6
9cfec1b4-7b5f-49c2-89b9-cb090faa06a7	IV	5660	R	4	278	4
3712a5d3-fa35-414d-8177-78b683e20d2b	IV	5387	R	1	2725	3
c48cba64-386a-47ef-a2f7-e0f4b7174d58	IV	5645	R	1	13445	2
e689af6b-7923-4987-97da-20be0d5b15db	IV	5646	R	1	5019	3
487b301d-a229-47fd-88b6-c7d94376fab7	IV	5372	R	1	6000	4
e98c6a16-5149-4e41-8a28-e4f05b71325f	IV	5538	R	1	7447	4
e98c6a16-5149-4e41-8a28-e4f05b71325f	IV	4806	L	1	7	7
48309124-e359-4fb6-8e7b-57ebe2ad7527	IV	5638	R	12	2523	4
6d611d7d-a6d1-420a-a297-32436ab4d74e	IV	5639	R	2	5978	5
c638be79-f2e1-43be-b1ab-a860c58f5bd0	IV	5660	R	1	18945	5
105f34cb-79d6-465f-a32c-0244388b59ed	IV	5660	R	1	5996	6
56d55edb-a5d9-43ea-a54d-47ce41ab3720	IV	5632	R	1	7686	3
9f861e3f-16ae-4f25-9302-ee2d2022c499	IV	5661	R	3	9563	3
b8e613e6-2293-46d5-8d2e-e6210eb01c98	IV	5558	R	2	4424	2
0883997f-8991-481d-95d7-e671818553b6	IV	5645	R	2	2510	8
e2ca3916-e89f-47e0-be33-a47dd765d9b3	IV	5645	R	2	3121	9
f3e2d058-5d48-462d-bffd-964d4c9d1d0f	IV	5652	R	3	3002	3
c252a0ca-e4bf-48d4-8a06-a14287d0b7b3	IV	5581	R	1	6050	2
505f59f0-45e7-4043-a15f-24cef2c72c1e	IV	5655	R	1	3662	6
c7fb05c5-ced9-4786-a529-1e3c72216831	IV	5621	R	4	4838	6
7338525f-e4f9-4aa6-be94-5ca98eb01410	IV	5660	R	11	1951	3
9c493fbe-be80-43de-a1e9-26e325123bc7	IV	5663	R	8	13351	3
0e1c0499-d06c-4206-8792-0f279ca5061a	IV	5660	R	3	1838	6
3651e443-360c-485e-a186-0f32dd1501cc	IV	5660	R	1	200	5
fdfb5380-12b8-4de4-b644-65ad27e6284c	IV	5609	R	1	3309	4
e9fa169d-0f6e-4ab5-ab2e-65aba595cea9	IV	5556	R	3	5061	3
0d03cdfb-03a2-4946-9007-b2a003fa075a	IV	5538	R	1	6258	3
d2e8fa77-72e0-4cc1-867d-a1ea1e37111b	IV	5660	R	1	3117	5
42d40b23-524f-4a24-88df-496ed6b990d2	IV	5645	R	8	144	5
bedbd632-cbcf-4654-adf7-7a50a780940c	IV	5580	R	11	1857	6
c17c70c8-611f-4381-88c8-371eaa58a71d	IV	4814	L	1	-6196	7
37038dd9-ce20-419a-b7a4-e65e885abdde	IV	5626	R	3	2902	2
f3431e62-a1c3-484d-acb3-d341991bb00a	IV	5652	R	1	8800	4
035c5274-8298-4b38-a962-8333759631f1	IV	5603	R	6	10314	5
c6a1aac5-e44a-4d64-8fa1-50803b7f8dcd	IV	5658	R	1	4896	11
be192b9d-33be-417d-9eb4-67669fafeeee	IV	5660	R	2	7815	3
d6875746-6db0-4a79-adb2-73aa7a451b81	IV	5659	R	2	833	5
3a6baa87-1581-4c38-9684-0d7e5be5158d	IV	5631	R	1	1919	2
27ece7c6-ee7d-4dca-9aee-2b72fe80a7bd	IV	5660	R	1	2996	2
529c9849-f6b3-4fda-a427-f485db36d78a	IV	5645	R	2	6226	4
b292d529-e097-4840-87ce-bf7dc289f03b	IV	5646	R	3	268	3
fa071ed3-27c9-418f-9a15-e9c0593b775d	IV	5386	R	1	2550	3
fb2cd8ad-c470-47a6-87a8-211c031f059d	IV	5439	R	1	6986	7
6d3ecf96-d8b9-4ae7-905b-a4615fa24af8	IV	5609	R	1	3159	9
8b7f5839-ce1f-4bf7-92c4-e106a736af31	IV	5389	R	1	1824	9
b782aa45-0c9d-4bdf-b4a7-16ab92436a70	IV	5660	R	3	1837	4
a5a38796-a21f-49da-8625-729999cff19e	IV	5660	R	1	7685	3
64605379-8ecd-4564-9fe8-bbc5d4a827b8	IV	5661	R	1	312	3
efa4345f-4bcc-45d5-a2a6-21fdc6560c71	IV	5596	R	3	18610	2
37fd921b-897c-44fa-9419-058dd6086e42	IV	5660	R	5	2057	4
d1e88732-0328-4fb4-bff8-74a12a361e73	IV	5638	R	1	265	6
0f9dc6b0-8938-44d2-8c6c-a97883248c8f	IV	4825	L	1	-11854	6
8f2e4e81-b325-45bc-8e24-28311e71a8d3	IV	5609	R	1	8106	46
e2531842-2f81-432b-bbcd-b52363c0865a	IV	5661	R	1	4857	4
7912e435-59ed-4b97-aca3-7f7bbb23cd2a	IV	5660	R	9	4913	7
752af2d4-e655-489a-99d5-9310a02d784e	IV	5280	R	1	9558	66
1faa064e-62cc-4221-a522-098a5231a676	IV	5520	R	1	272	6
07f23e76-2a0c-4dac-89fd-b561bb513153	IV	5639	R	1	2812	7
de898fb5-8461-48ec-b252-5b3a32348563	IV	5646	R	1	2804	2
242b6be2-c92d-4621-9ffc-c9f6de7757f8	IV	5639	R	5	21867	2
ae877cf5-ff95-47bf-a831-6a78cddfa74d	IV	5661	R	8	3619	3
c98f7c9c-55d7-4bae-8f08-ae4f46973e5f	IV	5646	R	1	2831	4
55797b72-7a1a-4eec-92fa-964276c997a9	IV	5660	R	1	6001	6
22780c4d-2a45-4918-a552-12e110c10807	IV	5655	R	10	13359	3
02053cb0-1156-4a0a-97a8-32783542bae9	IV	5533	R	1	2949	2
9154fc16-769c-4356-bc4e-fca50dec0ddd	IV	5556	R	1	4411	2
dec5175f-eea3-4cde-992a-1a734fbca3f1	IV	5591	R	1	4266	6
dec5175f-eea3-4cde-992a-1a734fbca3f1	IV	4841	L	1	-3173	8
2565ad1a-42b8-4dd0-8580-bd99a0fbb801	IV	5591	R	1	4832	6
4276a556-5856-4c36-9676-b3cbebd9cd03	IV	4842	L	1	7	3
45f2e260-19a1-47cd-bb92-3a991a27791f	IV	5660	R	1	4365	5
bb6f0dbd-42e4-4325-9a88-3cdd8e442832	IV	5269	R	1	176	5
9990c758-2069-4edf-b745-afb23d97f8bb	IV	5660	R	1	3347	7
f52d9000-7c13-4fdb-8713-d21a92b445ab	IV	5645	R	1	1416	4
be66c671-4c35-474c-9f2f-e57ce31d2d1c	IV	5660	R	1	679	6
9239c727-d55c-49e3-ac5b-e06a3165211a	IV	5660	R	6	16695	7
fcd239fe-3f58-4407-9da4-f5a28b8aa568	IV	5609	R	1	2966	3
e92a19d3-1aeb-4c3f-a517-6a444936b89d	IV	5367	R	3	3071	3
306da4c6-6852-4110-8e45-f70a3b229489	IV	5660	R	1	1921	3
306da4c6-6852-4110-8e45-f70a3b229489	IV	4848	L	1	7	2
529c80ce-8888-4de8-b6fc-40a757d7f149	IV	5661	R	1	2117	5
529c80ce-8888-4de8-b6fc-40a757d7f149	IV	4849	L	1	6	2
8b766ca2-213d-45a3-911e-da794ca1f4b1	IV	5612	R	4	7687	7
f4e7cef7-7740-462d-9db9-beb83a6b83f5	IV	5660	R	1	174	7
80397deb-5d23-457b-8595-5a2a3e58022f	IV	5586	R	18	142	3
1d702fe0-7de1-4b32-9c18-926055fedcb2	IV	5660	R	1	2069	7
eb08666e-82af-4959-ad57-08f2e1e4fa18	IV	5659	R	10	1811	8
671f1095-76e5-43cb-9751-9b6bd716b98e	IV	5660	R	3	2514	4
c347b4ab-8aa7-4ee0-9155-c9b8a64d4dd6	IV	5553	R	4	5803	3
1b7f55f4-8243-4ef2-8a20-ee26d272fb46	IV	5659	R	1	4664	9
2c52cb54-4f2b-4938-a166-7cd9a8448d23	IV	5596	R	2	7680	2
a89755af-52d8-49a1-8076-68da35e2e1d5	IV	5558	R	1	4704	5
d40086cf-7bc6-4453-90b5-2797be90b7ae	IV	5660	R	1	3427	10
9974ac2b-96d3-4113-9498-10917604fcbd	IV	5521	R	1	4789	8
4cf5adc0-69b3-4245-ac0a-18eb4f9b7744	IV	5574	R	1	15615	6
0fa9bf80-63ea-4a2b-a92f-477ff549b615	IV	5374	R	5	6652	4
ba72216d-bab3-42cd-8a0b-a21e921513d5	IV	5561	R	1	297	2
54be2364-104c-4d9c-81d6-a25bc5165227	IV	5427	R	5	2591	4
e011b091-a054-4dcf-9b42-f90910f670d7	IV	5502	R	1	3798	7
865e0b57-2d7a-419b-857c-708f918e8df6	IV	5581	R	3	5845	3
46f05f60-7f74-42a8-8c74-4cc281999967	IV	5661	R	5	13527	3
7dd96cde-379c-45c6-a818-4e5e7d3fa5b7	IV	5632	R	1	1840	6
4404e031-af5b-403b-87a0-e6c8197b8f72	IV	5414	R	2	3089	5
a34d574c-85c0-4aa8-9e7b-f5f4a79db395	IV	5620	R	1	2398	3
5fbb5b1f-d519-41f6-9848-21bb152c7872	IV	4872	L	15	7	2
fa2d01a5-bae6-46de-b284-b0b73d717a84	IV	5646	R	12	220	4
dcde5155-2da0-49a1-b44c-5f4cb97d2c3f	IV	5386	R	5	2936	2
9479597c-d550-42fb-9dcf-037feb5460e5	IV	5626	R	3	4404	2
741a8a6c-d76d-4794-a111-48aee5ac480b	IV	5663	R	1	18525	3
2b406750-ba58-49ac-9ccb-cd8f6107387c	IV	5550	R	6	1827	4
cc49c786-7d17-40ae-8e3e-3503d142f1ff	IV	5652	R	1	355	4
556204f0-1d02-4322-9b3b-ed8cdee2ef33	IV	5660	R	1	2530	3
4fbe85aa-9e83-43a1-9037-4d786a640ac6	IV	5457	R	1	1852	4
4fbe85aa-9e83-43a1-9037-4d786a640ac6	IV	4877	L	1	-23	2
c22979b4-3c35-4dcc-a63e-63abd783580b	IV	5421	R	1	4782	8
e47bc143-5c39-40fe-b95f-8eed366a12f4	IV	5659	R	4	7033	3
c408e429-eb32-4490-8e3e-2b418dfeecd5	IV	5660	R	1	2671	2
0cca2b74-5dec-4d53-b513-47e39ad2da62	IV	5654	R	8	3272	6
37c12660-d407-4881-844d-c6bd30549374	IV	5639	R	1	4324	5
ee9c6169-9507-4530-9aca-bbe29af0664d	IV	5660	R	2	1890	4
eaf43ab2-2603-4cde-9190-2092c04e1638	IV	5660	R	8	565	7
da70d653-9bc5-4923-bf5d-8774cda11585	IV	5638	R	1	4423	5
c92464fb-a96a-4054-bd1f-9c17d0f4cd4e	IV	5642	R	2	2519	5
9b0e0678-c944-4c00-ab4f-3b8f4f7cf15a	IV	5458	R	1	1847	3
0cc32229-f609-4f9f-9433-f76ee4a6435f	IV	5620	R	1	4792	9
1e9ce45c-94bc-4864-8f13-d75723f79ef2	IV	5660	R	1	2177	6
26931232-37c8-40ed-bf86-cd467596c006	IV	5658	R	1	1353	8
3c325546-6fe7-4587-8ae7-47557e535e18	IV	5659	R	8	4465	2
3954fab4-0145-481b-a910-949802aad1cf	IV	5644	R	1	146	4
28ffe437-5aa0-4254-acd6-310649661dc2	IV	5661	R	3	2221	2
c5607477-3e26-41e6-9eb6-0bb26ab788ce	IV	5639	R	1	2523	5
32a06272-394e-4e4a-bb1b-4ea28c591ed4	IV	5659	R	4	2928	3
993ab502-8f3d-4d94-a2c6-e6a884367651	IV	5570	R	1	6016	3
62d9c259-7e60-4d5c-ac93-9f49dc5f041f	IV	5587	R	7	2824	4
fef379bc-cc50-4a32-8d24-05f5460fb137	IV	5609	R	1	13402	3
69ee88fb-dae6-46a6-9fd8-11005c55b544	IV	5651	R	1	3741	4
cf02045b-5605-4bcd-b5e0-bf0c3c1e5229	IV	5607	R	1	1813	5
f2e077b9-5a39-44d5-a6da-0ecf1fc8231a	IV	5661	R	1	6406	5
0609efb3-a064-4a58-bbca-1515675cb16b	IV	5660	R	1	15751	5
bd5458a8-2812-4732-b6e8-66a6ada26984	IV	5646	R	1	11062	2
eebed2c9-d9bc-42bc-935f-23b27c61bbce	IV	5660	R	5	4903	6
389ba3ef-faa6-45c8-92db-1bab1f021458	IV	5389	R	2	279	3
07488622-74f4-491c-8add-47e8946dbbc4	IV	4923	L	1	-234	9
be4aaf47-7551-4cfe-a0cf-a56e2ebf03a6	IV	5660	R	2	11509	4
9d20a057-4559-4b72-80b5-1cc3f99ef768	IV	5641	R	1	2376	5
bbd6390b-285d-45f7-aed7-c72f34c7d253	IV	5550	R	5	9791	3
0a795f03-bf1f-4c62-b7e1-ffde3aa85dc7	IV	5659	R	1	16491	5
894b80d4-2608-4640-a0db-e72b480be56a	IV	5478	R	4	234	3
7f2519f5-5d32-47bd-b216-13f3ae1cb5e7	IV	5660	R	24	213	6
70908c38-e394-462a-8de0-d086ff0d5119	IV	5659	R	1	11641	3
b57f0de1-0133-4ed9-b2af-6398bf8bb521	IV	5645	R	1	3278	2
0ce26385-7556-4572-93c6-ba41ce70442f	IV	5575	R	1	262	7
22bd2d38-cd5c-40bc-ba0e-890c35efc426	IV	5645	R	1	16739	4
3091146b-048d-4b5a-b74e-1900bcf6800c	IV	5556	R	1	7502	6
efae72ee-8ae0-41fd-ae18-b09e9be3f844	IV	5645	R	1	3801	5
efae72ee-8ae0-41fd-ae18-b09e9be3f844	IV	4938	L	1	6	4
19be319f-d7ba-4bfb-a2fb-2959810342fd	IV	5654	R	4	2477	5
1992fe24-eac9-432e-87f5-b0bebb1e4656	IV	5645	R	4	10834	4
7d0d8e22-dd61-4656-9434-5e3d2d0a27b6	IV	5652	R	1	3278	2
7d0d8e22-dd61-4656-9434-5e3d2d0a27b6	IV	4943	L	1	7	4
bdf6c7ef-8130-43f5-b856-4acd61368d24	IV	5645	R	1	447	3
5a638506-ff2e-4247-9315-a3e56d7f8551	IV	5661	R	1	2113	6
b5c9be01-bb7d-47fa-a396-a2cc7f7a368d	IV	5660	R	1	1874	4
1c608279-b85a-43c6-94d7-2003455b2aa5	IV	5646	R	1	5190	2
acdadae0-9303-46ec-9db1-99d13b0b7daa	IV	5645	R	18	13380	2
9efff998-5917-4b24-be34-ed7e6b82f70c	IV	5654	R	21	224	6
2c531454-1bdc-4abe-a514-24d0f45854b5	IV	5661	R	3	9872	3
6c598a12-9e0c-45fd-b2b7-b09e53dfbdf3	IV	5649	R	1	783	9
c04914ce-75ce-4ad3-9f13-b93027f5eeec	IV	5654	R	2	3474	7
35cee6e4-460d-4abb-9094-edbb41b8bf27	IV	5654	R	1	6201	5
6d03d77b-b880-4e7d-adeb-08c39bd9fba9	IV	5654	R	1	5790	6
755c7ded-c6e2-4f2d-9ac4-e3377608ba25	IV	5639	R	1	16727	6
d0138cbd-0790-4a15-989e-7c363a44372e	IV	5660	R	1	1971	4
7f090b60-2310-4e1f-97fa-017ea07dfa43	IV	4987	L	1	-42	2
f1120e45-d0a8-42b7-98c5-dbc670b39abe	IV	5646	R	1	10540	4
0c0bd0df-a83e-46d6-bced-72d371550a7f	IV	5645	R	1	369	8
bc4b64d0-1447-425c-a5e8-1ccdbd426748	IV	5652	R	1	6551	3
d6bdb466-c68a-42a5-9ea2-0c42e2e6bc2a	IV	5646	R	5	153	3
97fb4524-2939-4030-9b5c-9b72fbe09de6	IV	5661	R	1	2218	2
49d794ba-a501-4a37-a585-3b29dae78760	IV	5575	R	1	9767	5
edaa9222-1897-413f-aa1c-75abc192d8f3	IV	5645	R	1	316	4
c0362336-8443-4975-bbaa-5b216d355aba	IV	5652	R	1	3372	4
43089b09-ba5a-49e8-83c6-f5894e6c9b4f	IV	5654	R	1	3375	3
04df470a-154e-45ae-81d1-48406e8529df	IV	5639	R	31	1777	3
05372417-273b-4080-81dd-0f3aad2bca7b	IV	5640	R	3	16685	2
2acf5492-130a-41d4-9893-6a62f8d56528	IV	5663	R	1	3679	7
a12ad677-8264-46fb-a867-cae0f12cd997	IV	5659	R	3	1850	7
b4da7dd0-6f71-46e9-9de8-5b26466f5c77	IV	5661	R	1	25167	2
70704195-303b-4901-a06d-54a36de1e664	IV	5652	R	2	13523	6
5702ce83-697c-4af3-b4e2-f01369bdace5	IV	5663	R	3	4794	7
b345eb1e-3000-4aae-9dbf-7f4e219d33ff	IV	5645	R	1	16781	7
374db294-d1c2-4343-8361-da40bbe82537	IV	5659	R	1	3724	10
8c078c35-ab02-4714-83f9-3bbcdab4a3a7	IV	5646	R	1	2622	5
926276a6-bedd-4a49-820f-463d7b6ae397	IV	5645	R	2	2245	5
4408cfa4-8e8b-48e9-aec6-7458e7279262	IV	5660	R	2	4543	3
c74f1d71-ed85-440e-bd43-9cbac47bf056	IV	5660	R	1	2261	2
e6297177-00ad-4fa6-a4cf-10f933814ce7	IV	5591	R	1	2922	4
e6297177-00ad-4fa6-a4cf-10f933814ce7	IV	5056	L	1	-34	2
c52e9160-44b7-49b8-9a42-4b89d7ca360f	IV	5659	R	1	2078	2
978b574b-50a0-4eec-a4f3-5419110bb469	IV	5660	R	1	7147	7
336a5921-7358-4f7a-be4b-1d525c6fe25b	IV	5638	R	1	16688	9
16913d22-644e-4af9-b329-fba0ea5637b0	IV	5660	R	1	2207	3
cfbe0d92-fc39-4817-9a35-793ba5e102c0	IV	5661	R	3	574	2
7bb03e15-eeca-43db-8f00-88a7a58397ec	IV	5580	R	1	2150	7
fb6b37c2-c1bc-44af-9942-9f9f57d83941	IV	5646	R	2	5449	10
230af60b-2f14-457d-859d-5ae9ae585169	IV	5660	R	1	3178	8
b3ea297e-1c46-48fd-8932-52d18ca3870f	IV	5660	R	1	7740	3
b9ad661a-5063-47dc-9222-5ff83b3c066a	IV	5633	R	1	599	3
6bddbd12-aacf-4b7c-8b3f-bad0d436a169	IV	5646	R	1	19344	3
fd7997e9-da81-46d7-b8b6-1ff27a5aa013	IV	5659	R	1	588	5
e163e65a-1984-4e66-a3cd-84bfc8b9b674	IV	5659	R	1	5943	6
428248cf-3ccb-4a5d-b80b-5007f559b975	IV	5660	R	1	2652	2
7c1dc486-604e-4601-961e-dc5a21f63ced	IV	5660	R	1	3025	2
7c1dc486-604e-4601-961e-dc5a21f63ced	IV	5280	L	1	-844	75
9f151c8f-9b6b-46ef-89f7-a832d0c236ca	IV	5653	R	1	18776	3
23473cf5-f1e3-44f4-92ab-3bf527560f3e	IV	2149207	R	5	1130	166
2ae9a7a8-d294-4f33-a600-7f43ced5a211	IV	3290308	R	4	2420	124
f96b990e-0044-480a-b25d-80f62bc80946	IV	4474388	R	1	1520	229
a1c77ef3-9e21-49b8-82d6-8d29fb36441f	IV	4474388	R	1	1513	125
3d7d9162-fd15-4bc0-9d26-a1e98f12bb00	IV	4799586	L	1	-9637	178
526ad7e5-d88b-4c32-80ff-27d139237394	IV	4799586	L	7	-1061	147
c324a6dc-404b-4820-8436-11cb58e05406	IV	4799586	L	1	-1058	60
7e2cebc9-f03f-46dc-9ede-5000020853c8	IV	4799653	R	1	9784	5
7e2cebc9-f03f-46dc-9ede-5000020853c8	IV	4799586	L	1	-1061	111
1873ec65-fbbb-4982-a73a-a32dcb8443c2	IV	4799586	L	1	-10937	105
630ecf5f-8423-4cec-872a-d277e7bf2b19	IV	4799662	R	1	9728	4
630ecf5f-8423-4cec-872a-d277e7bf2b19	IV	4799586	L	1	-1048	43
6e00a096-b9c7-4994-bdcc-042b7d7c4852	IV	4799652	R	1	9599	2
6e00a096-b9c7-4994-bdcc-042b7d7c4852	IV	4799586	L	1	-3185	54
5543b5ae-5a91-4e33-956f-c01b5ba0a5eb	IV	4799586	L	1	-1067	101
4b2eb978-8bd4-4dbd-8ed5-8d8e04ab0c9a	IV	4799586	L	1	-1050	106
2ca0444d-0de2-4215-9c18-2be10189de6a	IV	4799586	L	1	-1053	89
cf6f0423-38ba-441b-9392-07e901608e19	IV	4799586	L	1	-1049	40
50737a9b-ebc3-4c52-b78f-c72c3453109a	IV	4799586	L	1	-1059	158
81b3144f-d69e-4d4f-86ca-e0efa48985d4	IV	4799586	L	1	-9770	40
f9f86833-49c3-472f-95e3-7f55cb92c42c	IV	4800989	R	1	8487	2
f9f86833-49c3-472f-95e3-7f55cb92c42c	IV	4799586	L	1	-1047	23
ff5db6ce-8222-4452-a36f-455f109f7673	IV	4799662	R	1	9718	5
ff5db6ce-8222-4452-a36f-455f109f7673	IV	4799586	L	1	-1052	59
fd8e14ee-56a7-4b83-b1c4-03ad923d33f5	IV	4799601	L	1	-1083	109
be6de911-99ca-4f67-9226-245fe674688a	IV	4799601	L	1	-1074	67
9e3a1753-9c82-4743-96bf-b403d567394d	IV	4799746	L	2	-1261	164
9ce52a39-b84f-41c3-989e-fd1e98cdf205	IV	4799749	L	3	-1266	42
96d54a34-65ca-44a2-acb7-030a1f338d4e	IV	4799760	L	2	-1256	208
1a801328-f3e9-4056-bbfd-c5004ca78b5e	IV	4800989	R	1	8617	5
1a801328-f3e9-4056-bbfd-c5004ca78b5e	IV	4799760	L	1	-1269	204
a96b9879-8dcb-4e5c-877a-643f32f9588a	IV	4799760	L	2	-1260	224
fa0fbb13-048e-4fbe-94be-54deef641602	IV	4800989	R	1	8627	2
fa0fbb13-048e-4fbe-94be-54deef641602	IV	4799760	L	1	-1260	203
267d6fa3-245b-4b98-8fd8-1f398800239c	IV	4799760	L	3	-10021	208
e01262de-ee73-4add-b7fd-4100accd1cc1	IV	4800977	R	1	8633	2
e01262de-ee73-4add-b7fd-4100accd1cc1	IV	4799760	L	1	-9926	159
12d38dff-8583-4806-83b5-b141fbd8a0f4	IV	4800989	R	3	8600	4
12d38dff-8583-4806-83b5-b141fbd8a0f4	IV	4799760	L	3	-1266	115
2a15b075-7ebd-4189-a77b-3ba5ca53b13e	IV	4800989	R	3	8648	5
2a15b075-7ebd-4189-a77b-3ba5ca53b13e	IV	4799760	L	3	-1268	94
84abb995-3d44-4e98-9c63-8d5912e457b0	IV	4800989	R	1	8644	4
84abb995-3d44-4e98-9c63-8d5912e457b0	IV	4799760	L	1	-9961	122
e374ac45-f10e-41aa-b78e-072b85234022	IV	4800989	R	1	8628	5
e374ac45-f10e-41aa-b78e-072b85234022	IV	4799760	L	1	-9964	129
dc87f6fa-c116-4d2d-8016-4fd5a3d9e1ee	IV	4799760	L	1	-1258	163
c826e058-52e5-4fde-9b30-3ad3ee52418f	IV	4799760	L	6	-1266	73
702ff358-4b9d-47d6-b15a-92c0ce29f241	IV	4799760	L	4	-1261	183
0ca5e2b1-064a-435c-aae0-effa9e453c48	IV	4800986	R	6	8612	5
0ca5e2b1-064a-435c-aae0-effa9e453c48	IV	4799760	L	6	-1265	107
b785b421-4689-4a46-b48c-c52a4b0169c4	IV	4800989	R	1	8627	3
b785b421-4689-4a46-b48c-c52a4b0169c4	IV	4799760	L	1	-1251	120
f01c0055-a5f1-4c57-98ff-77ee69596997	IV	4800989	R	3	8613	2
f01c0055-a5f1-4c57-98ff-77ee69596997	IV	4799760	L	3	-9989	82
dc463b40-7e31-4965-981b-3368b6dc7796	IV	4800977	R	1	8642	4
dc463b40-7e31-4965-981b-3368b6dc7796	IV	4799760	L	1	-1275	102
5d4a5a16-01f4-4d2e-84c0-f7af6775f7ff	IV	4799760	L	1	-1270	116
33eb87f5-e958-4044-8943-e8d74e3055f7	IV	4800985	R	1	8598	6
33eb87f5-e958-4044-8943-e8d74e3055f7	IV	4799760	L	1	-1258	41
f6117cae-19a1-42ba-8032-2ace61861a1f	IV	4799760	L	2	-1269	101
173dc9f3-a719-4fd1-bd0b-57f83907c605	IV	4800989	R	4	8644	3
173dc9f3-a719-4fd1-bd0b-57f83907c605	IV	4799760	L	4	-1265	121
923084f1-8ef8-4e9e-862f-0cfb8031515a	IV	4800989	R	1	8664	4
923084f1-8ef8-4e9e-862f-0cfb8031515a	IV	4799760	L	1	-1264	94
096eebd9-5c16-4a70-96ec-17afcf0706f5	IV	4800989	R	5	8662	4
096eebd9-5c16-4a70-96ec-17afcf0706f5	IV	4799760	L	5	-1271	129
ec875af5-0f13-4c57-8386-879247ab04cf	IV	4800989	R	1	8553	3
ec875af5-0f13-4c57-8386-879247ab04cf	IV	4799760	L	1	-1265	23
c5afdaae-5d04-4b26-9199-765ef8c823dc	IV	4799760	L	5	-1266	77
a1ec8c61-d110-408a-91e0-83bc6e2854ef	IV	4800989	R	1	8609	12
a1ec8c61-d110-408a-91e0-83bc6e2854ef	IV	4799760	L	1	-1275	78
61fcacba-ce0c-402f-ae0d-67bdcef86b84	IV	4800989	R	1	8576	3
61fcacba-ce0c-402f-ae0d-67bdcef86b84	IV	4799760	L	1	-1251	78
54a94b03-16fa-4e20-bc35-01ddfcdb5743	IV	4799760	L	14	-1252	66
dcf4e343-9f09-46a4-816d-7d19f953752a	IV	4800989	R	1	8593	4
dcf4e343-9f09-46a4-816d-7d19f953752a	IV	4799760	L	1	-1252	60
54e1364a-b820-4b64-86df-6f119f2e47f7	IV	4800989	R	3	8544	4
54e1364a-b820-4b64-86df-6f119f2e47f7	IV	4799760	L	3	-9885	90
9bceca5c-082f-44c8-9aee-371258fe8807	IV	4799760	L	6	-1257	89
3d101f5e-c2d6-43f7-9461-ecd96e1b8be6	IV	4799760	L	4	-1263	73
04e122be-1623-49d8-a880-eab49f0e09c8	IV	4799760	L	2	-1242	65
b1659e3d-bd78-42f1-9fc3-09e7cdcea359	IV	4799760	L	1	-9971	55
b8d2a454-eb55-4974-a87a-bc9d11a66955	IV	4800988	R	1	8577	5
b8d2a454-eb55-4974-a87a-bc9d11a66955	IV	4799765	L	1	-1258	64
02bdf48d-6d7e-4514-b31b-313dbed93209	IV	4800989	R	1	8538	12
02bdf48d-6d7e-4514-b31b-313dbed93209	IV	4799765	L	1	-1258	54
eb2a583e-a627-4352-867c-9854dac735cf	IV	4799766	L	2	-1261	94
659e2f3a-297b-4b0f-9b96-17f65a7d591d	IV	4799783	L	2	-1273	59
c3f86be0-967d-4655-a6f3-47a6a6dbc0ae	IV	4800671	L	1	-307	119
c904d3da-e89f-4e92-9b44-85272ad4e5e7	IV	4800674	L	1	-306	258
4aa9b1cd-3bed-464e-b60f-b5f7b4e43840	IV	4800674	L	1	-300	152
16de20b1-50a9-49f4-b5bb-639705528694	IV	4800989	R	5	4197	6
16de20b1-50a9-49f4-b5bb-639705528694	IV	4800674	L	5	-311	105
f6f99282-a0ab-4327-b667-7ff7ed685eec	IV	4800674	L	3	-306	145
20d13c74-881f-4fd9-9234-8a8ad0cb0793	IV	4800674	L	1	-1995	180
0e483fa5-3816-4d28-a780-ef5d241bb703	IV	4800674	L	1	-309	170
f1ede3c7-cbef-4e62-b11f-c18062c616f5	IV	4800674	L	1	-305	87
c8941e27-d970-448d-b1ed-f33e4827a16c	IV	4800674	L	1	-57	123
a43cd144-5ae5-4ffd-b1ca-fcca0dc69103	IV	4800988	R	1	4216	5
a43cd144-5ae5-4ffd-b1ca-fcca0dc69103	IV	4800674	L	1	-306	141
5c3ad8d1-d6c4-406d-91e7-af3a500416b2	IV	4800674	L	1	-54	144
cc82ad8e-ec36-48ed-b4ae-865e4a506eed	IV	4800674	L	1	-308	154
c394f8fc-7b32-4b1a-9fd2-e90f42d3fe68	IV	4800989	R	1	11266	9
c394f8fc-7b32-4b1a-9fd2-e90f42d3fe68	IV	4800674	L	1	-298	167
871e449c-a42a-45b3-8e10-eca4f64d3507	IV	4800989	R	1	11129	4
871e449c-a42a-45b3-8e10-eca4f64d3507	IV	4800674	L	1	-305	106
da10a163-228e-4f02-b4b7-baeb0c7793db	IV	4800989	R	2	8617	4
da10a163-228e-4f02-b4b7-baeb0c7793db	IV	4800674	L	2	-1987	131
488b1c8e-be4a-429c-86b8-94678e2c6218	IV	4800989	R	1	8599	2
488b1c8e-be4a-429c-86b8-94678e2c6218	IV	4800674	L	1	-306	98
3f94318c-71e1-4184-b6bb-45eb0c9519f3	IV	4800674	L	1	-58	55
02fae9ca-80c3-408a-a954-194746f172ec	IV	4800674	L	1	-305	113
01f42a95-65a2-415c-9bf2-5a8ac817fd75	IV	4800989	R	1	3095	2
01f42a95-65a2-415c-9bf2-5a8ac817fd75	IV	4800674	L	1	-307	82
dd736907-dd44-41d2-8729-1c682ad8cd08	IV	4800674	L	1	-303	135
6837c64d-f75e-49fa-864b-5364e06e5e1e	IV	4800989	R	1	8648	5
6837c64d-f75e-49fa-864b-5364e06e5e1e	IV	4800674	L	1	-304	79
04b16743-8f59-4d7a-9e61-c2dec5f37f48	IV	4800674	L	5	-310	66
7c2b9621-36f8-497e-8ce8-0d193f3b35ba	IV	4800674	L	1	-57	85
88ba1bed-e836-4106-9794-6c8891a91d51	IV	4800674	L	1	-304	77
c1956da4-5e40-440e-bc2d-e181958de727	IV	4800989	R	1	8554	4
c1956da4-5e40-440e-bc2d-e181958de727	IV	4800674	L	1	-57	47
1e2e0dc9-e0fd-4347-a956-38256baabe4d	IV	4800989	R	1	8618	5
1e2e0dc9-e0fd-4347-a956-38256baabe4d	IV	4800674	L	1	-304	79
1527cbdb-f7a4-4e11-93dc-c10add72ccf6	IV	4800981	R	1	8633	4
1527cbdb-f7a4-4e11-93dc-c10add72ccf6	IV	4800674	L	1	-310	96
6abafde2-8df6-4f98-be28-957ba80c48f9	IV	4800674	L	1	-305	55
ab9f119e-63e2-4aaf-9066-dcfbf424a3cd	IV	4800989	R	1	8641	4
ab9f119e-63e2-4aaf-9066-dcfbf424a3cd	IV	4800674	L	1	-308	51
5eeb62e6-3e73-4a7d-9015-81bb43f46f5d	IV	4800989	R	1	8632	5
5eeb62e6-3e73-4a7d-9015-81bb43f46f5d	IV	4800674	L	1	-306	39
3191b431-3a21-43b0-b2d0-9cb1082cbfee	IV	4800989	R	3	8650	4
3191b431-3a21-43b0-b2d0-9cb1082cbfee	IV	4800674	L	3	-302	85
b8ba1fbb-6896-4fd7-b645-aa27daf85e54	IV	4800674	L	1	-305	51
46229f37-c903-43bc-a963-e1201c8a671b	IV	4800987	R	1	14518	92
46229f37-c903-43bc-a963-e1201c8a671b	IV	4800674	L	1	-301	63
7328c18e-38b0-4705-be18-9402797e6a1f	IV	4800989	R	1	8584	6
7328c18e-38b0-4705-be18-9402797e6a1f	IV	4800674	L	1	-307	58
ef6efc7b-ebdb-400e-9e65-451209ad5fa8	IV	4800674	L	1	-316	35
08991840-d6dc-4c84-8447-c9cd669133d2	IV	4800674	L	2	-294	60
e6f4e55a-2146-4623-9aac-bb3e099b43eb	IV	4800674	L	5	-307	84
c58c1675-c0b8-4138-8add-27635337651b	IV	4800989	R	1	9004	4
c58c1675-c0b8-4138-8add-27635337651b	IV	4800674	L	1	-310	73
63a79e0e-f9e0-42cd-bae3-2ed27fa17a69	IV	4800674	L	8	-311	48
d0fab962-c257-4676-aa21-9687d6176007	IV	4800674	L	7	-311	58
5d7d7846-dc07-4445-974c-e45f6cf5b3ee	IV	4800989	R	2	8549	5
5d7d7846-dc07-4445-974c-e45f6cf5b3ee	IV	4800674	L	2	-275	35
b4a5bc2b-d44f-4449-8db6-d4ea26ffe218	IV	4800674	L	1	-304	39
49fbd7cb-606b-4b0b-a1f4-9220feddec2e	IV	4800989	R	1	8592	6
49fbd7cb-606b-4b0b-a1f4-9220feddec2e	IV	4800674	L	1	-307	54
eab7a5b8-d19c-456e-bad3-f94cc989ba4b	IV	4800674	L	11	-315	39
eadd38ee-9d91-4740-9c6b-c96bf753f4f3	IV	4800674	L	6	-300	49
e6b903bb-d35f-4862-b8e6-a33902568833	IV	4800674	L	1	-304	58
ba6c4ba3-7f45-47bf-9a1b-de9508f3ea32	IV	4800674	L	3	-313	55
c3fee285-0d55-43e9-8996-ba27d52c1f02	IV	4800674	L	2	-309	37
28a7525e-5e39-43e4-adec-d1ce060a92ff	IV	4800989	R	2	2323	5
28a7525e-5e39-43e4-adec-d1ce060a92ff	IV	4800674	L	2	-306	59
d99c5e23-e6ac-412a-973e-89e45c91fb86	IV	4800989	R	1	8537	4
d99c5e23-e6ac-412a-973e-89e45c91fb86	IV	4800674	L	1	-299	25
a65633bb-309e-4905-8f41-8258815afa95	IV	4800989	R	5	8629	4
a65633bb-309e-4905-8f41-8258815afa95	IV	4800677	L	5	-306	117
16dd2618-1d83-4578-890f-ea68c4af4855	IV	4800977	R	1	8471	2
16dd2618-1d83-4578-890f-ea68c4af4855	IV	4800679	L	1	-309	88
25275582-dd9f-4f49-8e3c-40ce142950e2	IV	4800679	L	1	-314	60
74b6adb4-455e-4221-8a38-15e441fdeebd	IV	4800766	L	1	-377	202
afa4faff-dbd8-4b4a-a652-cbf041a60d80	IV	4800989	R	1	8630	5
afa4faff-dbd8-4b4a-a652-cbf041a60d80	IV	4800770	L	1	-133	171
3f0cb500-c343-4b0e-a7e5-8f385d095097	IV	4800770	L	1	-387	221
6aae067f-6104-4f72-9ba2-11fecd15171e	IV	4800770	L	1	-135	171
4dccde8c-415b-431f-b145-4d96562dbcc4	IV	4800989	R	1	8596	5
4dccde8c-415b-431f-b145-4d96562dbcc4	IV	4800770	L	1	-382	165
42b7a25a-9ec2-47b4-80e5-462f524b6375	IV	4800989	R	1	8610	2
42b7a25a-9ec2-47b4-80e5-462f524b6375	IV	4800770	L	1	-383	105
2397ad14-77a3-44a9-91ee-07a3ae077c94	IV	4800770	L	1	-384	116
b3bece09-9c66-4183-b1b0-7c3deaf17f82	IV	4800770	L	1	-388	58
7dab73f2-cef0-431e-be09-a1212199324c	IV	4800770	L	1	-388	108
61598976-b8a0-47e7-960d-ecbc286930e7	IV	4800770	L	1	-373	55
c05e5291-724b-404d-961a-c40eedfc8746	IV	4800770	L	1	-387	68
41ff2ad4-c85e-4423-87d2-97f3793efecf	IV	4800770	L	2	-2046	37
6c35aefa-8346-468f-8cf4-2f3b636599ae	IV	4800989	R	1	357	3
6c35aefa-8346-468f-8cf4-2f3b636599ae	IV	4800772	L	1	-382	55
d92ac042-05de-4ffd-875f-15a12ace23b2	IV	4800796	L	1	-403	190
8eef9d31-3cb1-4cf4-b6b4-1740c0f7cac5	IV	4800796	L	1	-162	134
88e621d3-32b8-4340-ac92-1289b01d3f26	IV	4800796	L	1	-399	112
b22e4845-aac3-4406-a823-849aa92d68a8	IV	4800798	L	1	-400	141
e8f929d3-20c6-448f-ae30-bba329eed638	IV	4800989	R	1	344	3
e8f929d3-20c6-448f-ae30-bba329eed638	IV	4800798	L	1	-402	77
9dbb1843-7221-448b-a525-8257269ff331	IV	4800989	R	1	8610	3
9dbb1843-7221-448b-a525-8257269ff331	IV	4800798	L	1	-410	91
82ca995d-c3ea-4ea8-b879-217222c8cecf	IV	4800798	L	1	-412	42
9eb1a197-c548-48c2-b57f-d27d4291fba5	IV	4803722	L	1	-3085	104
ac5f8451-8d77-41de-8c64-10a0138cfcde	IV	4804201	L	3	-3791	90
b0114afc-6548-4689-b675-04da8ab7dbdb	IV	4858572	L	14	-13889	151
55cbeb29-e472-40b8-bfbb-27ce004274a1	IV	4858650	L	42	-13982	202
69973b05-418e-49af-9164-50155f4d5e6f	IV	4858650	L	2	-17767	126
cf46d956-520b-4491-b913-4903878965ff	IV	4858650	L	28	-9022	94
b6043101-ab0f-484f-af13-94806d9e1754	IV	4858650	L	31	-13964	80
f70f9473-ccd0-422b-b10c-c6d063cd5ea8	IV	5535311	R	2	9295	7
f70f9473-ccd0-422b-b10c-c6d063cd5ea8	IV	5534708	L	2	-333	242
cccdbea6-cdaf-4a6b-a894-0eee622ef25a	IV	5534708	L	1	-329	208
de31a53f-39e7-4870-beee-9e1e3a137e89	IV	5534708	L	1	-321	223
d573ba68-c85e-472a-853b-c66abdd33a04	IV	5534708	L	1	-337	85
df304145-a46a-46b1-a1ef-0ce2da2e8c97	IV	5534708	L	1	-337	216
aeeef9af-bcef-43be-801a-99589388153f	IV	5535311	R	1	9288	8
aeeef9af-bcef-43be-801a-99589388153f	IV	5534708	L	1	-328	172
89738ced-db8e-4eb0-a01f-68126e075771	IV	5535311	R	1	9267	8
89738ced-db8e-4eb0-a01f-68126e075771	IV	5534708	L	1	-3042	175
6f94cf88-fd2f-47cd-9809-dbc5c2d3f1b1	IV	5535479	R	1	9120	2
6f94cf88-fd2f-47cd-9809-dbc5c2d3f1b1	IV	5534708	L	1	-330	145
9551940c-6409-4173-b1ab-aa781686b062	IV	5534708	L	1	-338	185
dabe7fdf-0783-439b-a00b-75fe1ee1ecf9	IV	5535483	R	1	9092	2
dabe7fdf-0783-439b-a00b-75fe1ee1ecf9	IV	5534708	L	1	-336	143
34e46a62-00e0-4667-aba7-375afbf86817	IV	5534708	L	1	-3058	85
08b067f3-4fa4-483d-9087-4e18933582d3	IV	5535309	R	1	2148	10
08b067f3-4fa4-483d-9087-4e18933582d3	IV	5534708	L	1	-336	185
138601be-6dca-4afc-8efa-ffa78e6cdff7	IV	5535311	R	3	9304	10
138601be-6dca-4afc-8efa-ffa78e6cdff7	IV	5534708	L	3	-339	187
7f291885-5271-4fe1-9869-fa57ae7dc949	IV	5535479	R	1	9117	5
7f291885-5271-4fe1-9869-fa57ae7dc949	IV	5534708	L	1	-343	124
e012e676-fa72-4a13-85a6-1f674fe2324b	IV	5534708	L	1	-334	123
b965aea9-19c2-4075-a721-7b6d4a28bd42	IV	5534708	L	1	-335	173
b27f6b03-19dc-42a3-8d32-68e8cbebe4cd	IV	5535311	R	2	9309	2
b27f6b03-19dc-42a3-8d32-68e8cbebe4cd	IV	5534708	L	2	-338	99
8753d4b1-3dc0-48d6-841c-bbfc19e24459	IV	5535311	R	3	7832	9
8753d4b1-3dc0-48d6-841c-bbfc19e24459	IV	5534708	L	3	-330	179
33ebf346-bb7c-4db8-b78c-e87b3b46b512	IV	5534708	L	1	-329	68
ef644a5f-0416-4f09-9a44-6e69bf30161e	IV	5535479	R	1	9069	5
ef644a5f-0416-4f09-9a44-6e69bf30161e	IV	5534708	L	1	-334	157
01bd2c89-12d7-4b80-831c-88218342e85c	IV	5535311	R	2	14067	7
01bd2c89-12d7-4b80-831c-88218342e85c	IV	5534708	L	2	-336	177
93a7df01-2abc-4425-a718-15967f59e1cd	IV	5535479	R	1	9027	5
93a7df01-2abc-4425-a718-15967f59e1cd	IV	5534708	L	1	-336	126
2a966193-6b03-44ad-aad9-42edbd4b1f0f	IV	5534708	L	1	-325	127
c5b037a5-2819-4d79-9ced-7d1076bc7196	IV	5535309	R	1	9239	7
c5b037a5-2819-4d79-9ced-7d1076bc7196	IV	5534708	L	1	-332	62
1edff2fc-ea3d-43a6-98ea-59264f324876	IV	5534708	L	1	-339	103
ac2280cf-9e4b-42ab-9729-32c92389e3b6	IV	5534708	L	1	-336	90
689fcb1a-f440-47b0-b4f6-248f88c36a41	IV	5535311	R	2	9300	3
689fcb1a-f440-47b0-b4f6-248f88c36a41	IV	5534708	L	2	-3085	171
5b13e6cc-536f-4b5c-88b9-c2fd00735e07	IV	5534708	L	1	-333	165
c451a5dc-2c4a-4015-a49e-577c475c8f02	IV	5535479	R	1	9084	5
c451a5dc-2c4a-4015-a49e-577c475c8f02	IV	5534708	L	1	-334	156
dbd19bea-7650-4f4f-972c-858c9e802ffa	IV	5535478	R	1	9111	3
dbd19bea-7650-4f4f-972c-858c9e802ffa	IV	5534708	L	1	-337	89
2a973e4b-d51b-42e1-b146-e7cd2000a948	IV	5535311	R	1	9306	3
2a973e4b-d51b-42e1-b146-e7cd2000a948	IV	5534708	L	1	-3047	73
0009cf7f-f919-4bcc-a403-960e9422d209	IV	5534708	L	1	-3061	107
81d505d4-6eda-499b-967a-2e443d5eec32	IV	5535479	R	1	9123	8
81d505d4-6eda-499b-967a-2e443d5eec32	IV	5534708	L	1	-338	170
4bad57af-b818-4c11-80bb-f340d49258d9	IV	5535478	R	1	9073	3
4bad57af-b818-4c11-80bb-f340d49258d9	IV	5534708	L	1	-330	110
98dfeba9-351d-4762-a8a7-c71b9820a6e5	IV	5535311	R	1	13695	3
98dfeba9-351d-4762-a8a7-c71b9820a6e5	IV	5534708	L	1	-3038	110
6a7d4bc0-57f5-4706-8c4e-9b79233043c5	IV	5535479	R	1	9129	10
6a7d4bc0-57f5-4706-8c4e-9b79233043c5	IV	5534708	L	1	-329	155
a1bc4bd2-ef2b-40e4-9580-51091c94c883	IV	5534708	L	1	-331	103
05577f31-32c6-4ed4-acdf-7f4f204359c3	IV	5534708	L	4	-329	136
500f714c-f311-484e-9d7a-10ddd3d246ff	IV	5535311	R	2	8416	4
500f714c-f311-484e-9d7a-10ddd3d246ff	IV	5534708	L	2	-334	147
f0f53d0b-916b-4ab8-a1c7-d7238aa24dfd	IV	5534708	L	1	-339	121
c177fa5f-b181-468b-84f0-39294ced3c8e	IV	5535312	R	1	9316	4
c177fa5f-b181-468b-84f0-39294ced3c8e	IV	5534708	L	1	-340	104
3bd5a91b-c711-488a-9617-d7ad759b431e	IV	5535479	R	1	9074	16
3bd5a91b-c711-488a-9617-d7ad759b431e	IV	5534708	L	1	-344	161
9aaa3f3d-f107-4ab1-9ced-c1272e1c43cc	IV	5535311	R	2	9337	7
9aaa3f3d-f107-4ab1-9ced-c1272e1c43cc	IV	5534708	L	2	-341	172
ac1ee275-5add-466c-a067-14fed0ca01dd	IV	5535311	R	1	9350	6
ac1ee275-5add-466c-a067-14fed0ca01dd	IV	5534708	L	1	-324	83
0e92e76b-b38e-4c0c-b75b-41f195973929	IV	5535479	R	1	9131	6
0e92e76b-b38e-4c0c-b75b-41f195973929	IV	5534708	L	1	-333	71
37532ec0-6d45-463c-9853-89b7f366072f	IV	5535479	R	1	9125	2
37532ec0-6d45-463c-9853-89b7f366072f	IV	5534708	L	1	-339	158
38fc6422-59bc-474a-8f36-0ab96312c0f6	IV	5535479	R	1	9098	6
38fc6422-59bc-474a-8f36-0ab96312c0f6	IV	5534708	L	1	-335	128
b692cb54-b169-4d4c-8131-4f9a5542f9e0	IV	5535311	R	1	14687	3
b692cb54-b169-4d4c-8131-4f9a5542f9e0	IV	5534708	L	1	-3057	71
754c7e09-8d03-4505-8a64-a7dbec4e4588	IV	5535311	R	1	7371	4
754c7e09-8d03-4505-8a64-a7dbec4e4588	IV	5534708	L	1	-340	134
04839220-9f9b-4239-9a5e-f9ae18c401da	IV	5534708	L	2	-333	130
00532446-997e-4eaf-9250-b3908366e9f1	IV	5535311	R	1	9344	5
00532446-997e-4eaf-9250-b3908366e9f1	IV	5534708	L	1	-337	106
921ffa18-5ede-4cc2-a5aa-776111ba5935	IV	5534708	L	1	-328	97
9e0fe1fc-d261-4c98-acd1-e6c4b8ef4010	IV	5535306	R	1	9294	10
9e0fe1fc-d261-4c98-acd1-e6c4b8ef4010	IV	5534708	L	1	-337	144
fb042737-34a1-409f-af44-e521219d3e58	IV	5534708	L	2	-332	154
414bd507-e4e4-4ca5-8f90-c1d7a16b7cca	IV	5535311	R	2	9368	7
414bd507-e4e4-4ca5-8f90-c1d7a16b7cca	IV	5534708	L	2	-344	116
65d076f8-0353-41bf-be4c-51ee6b5e9d00	IV	5534708	L	2	-339	134
04b520f9-f10b-4aaa-ad68-f48c757d6caf	IV	5534708	L	1	-334	99
cf4fc485-f66e-4c76-abf7-da7e77cdce1e	IV	5535311	R	2	9257	7
cf4fc485-f66e-4c76-abf7-da7e77cdce1e	IV	5534708	L	2	-333	52
5723a08f-26a2-4a24-9b3b-2e9be1bec72f	IV	5534708	L	1	-332	113
ca8fc09a-97f3-4fdd-aa0c-c015a1db3109	IV	5534708	L	2	-3068	77
28e707ea-ffbd-4637-9fb4-ee0804dcfc05	IV	5535479	R	1	9141	5
28e707ea-ffbd-4637-9fb4-ee0804dcfc05	IV	5534708	L	1	-334	122
3eafe27b-b781-4eb1-8fa2-b69b6a13bd8a	IV	5534708	L	1	-337	72
157bde0a-08c0-4882-aac2-42b9da6b44cc	IV	5535296	R	1	9341	7
157bde0a-08c0-4882-aac2-42b9da6b44cc	IV	5534708	L	1	-337	110
bf60343f-206c-4d38-8878-216ad225fba3	IV	5535479	R	1	9054	2
bf60343f-206c-4d38-8878-216ad225fba3	IV	5534708	L	1	-3405	58
d69d0538-960f-4a2d-91e5-98978b2153cb	IV	5535479	R	1	9078	6
d69d0538-960f-4a2d-91e5-98978b2153cb	IV	5534708	L	1	-336	57
3931e45d-a487-4ecb-b03c-5c6664ae9b32	IV	5534708	L	1	-328	67
2eb8f480-2a33-4b92-a76a-5bd28295854a	IV	5534708	L	3	-342	103
5caa4932-137a-4a87-8f0f-b20fa62fced9	IV	5534708	L	1	-335	75
7977a760-70d0-4666-8ea5-094969b2236e	IV	5535479	R	1	9093	8
7977a760-70d0-4666-8ea5-094969b2236e	IV	5534708	L	1	-333	25
ce6947ae-5305-4454-ba6d-4fb8f22c3a39	IV	5535311	R	1	9279	3
ce6947ae-5305-4454-ba6d-4fb8f22c3a39	IV	5534708	L	1	-341	81
b4c201f6-0733-4dae-af4b-30f3d3fa5f05	IV	5535479	R	1	9131	6
b4c201f6-0733-4dae-af4b-30f3d3fa5f05	IV	5534708	L	1	-340	86
e10af7f6-5433-4c2c-acb6-0edb6516985f	IV	5535311	R	1	9254	5
e10af7f6-5433-4c2c-acb6-0edb6516985f	IV	5534708	L	1	-332	50
6b05179a-21e6-4288-91a3-08ec66cf08ce	IV	5535311	R	2	9171	9
6b05179a-21e6-4288-91a3-08ec66cf08ce	IV	5534708	L	2	-129	69
8660e962-1a1d-449d-8a2b-791b673dfea3	IV	5535479	R	1	7239	150
8660e962-1a1d-449d-8a2b-791b673dfea3	IV	5534708	L	1	-338	40
6869dbe4-cac8-473b-b462-9c9f5a50e955	IV	5535479	R	1	9041	9
6869dbe4-cac8-473b-b462-9c9f5a50e955	IV	5534708	L	1	-336	68
36c767dc-d1c4-4177-bfb5-da490b7fc0c5	IV	5535311	R	1	9288	5
36c767dc-d1c4-4177-bfb5-da490b7fc0c5	IV	5534708	L	1	-334	29
95e49de7-be2c-4e8d-aa62-2d41d2facef4	IV	5535479	R	1	9023	8
95e49de7-be2c-4e8d-aa62-2d41d2facef4	IV	5534708	L	1	-330	60
5a1d2a0f-4dac-4904-a022-7c142c6ff27a	IV	5535311	R	2	9433	4
5a1d2a0f-4dac-4904-a022-7c142c6ff27a	IV	5534708	L	2	-3065	90
da361dec-7384-43fe-8468-c28a15d18d42	IV	5534708	L	1	-325	58
0acebb2c-d51c-4dcf-b911-75d9d3a43f58	IV	5534709	L	1	-324	36
b0654293-f47e-4866-9368-d4637276af38	IV	5535308	R	1	7730	7
b0654293-f47e-4866-9368-d4637276af38	IV	5534712	L	1	-331	62
23ff8840-6a36-4d49-9e44-ddc690924f58	IV	5535479	R	1	9065	5
23ff8840-6a36-4d49-9e44-ddc690924f58	IV	5534713	L	1	-338	35
b90d5ed6-8897-4014-a69c-c4b56f5d7631	IV	5535479	R	1	9055	2
b90d5ed6-8897-4014-a69c-c4b56f5d7631	IV	5534713	L	1	-336	49
8a57a546-cac0-49d9-8ce0-e70f22402553	IV	5535478	R	1	9094	6
8a57a546-cac0-49d9-8ce0-e70f22402553	IV	5534715	L	1	-332	176
deaa8e5c-8c99-4061-8df0-217a68bcb0c2	IV	5534715	L	1	-339	81
9b31277e-e7b0-4105-95e6-96e6ede06a28	IV	5535479	R	1	9064	6
9b31277e-e7b0-4105-95e6-96e6ede06a28	IV	5534715	L	1	-331	97
95453771-3bba-4899-aa86-436f1bf6faa6	IV	5534715	L	1	-2991	80
5fe6d1f3-744e-41b8-a5c0-b23a0fdf2c50	IV	5534726	L	1	-341	34
d9fb6f8d-144a-4933-a4fe-f1d59eea0676	IV	5535479	R	1	1881	6
d9fb6f8d-144a-4933-a4fe-f1d59eea0676	IV	5534726	L	1	-350	163
3b6f4e65-3147-4e36-9c0d-0c6c7f2ab24e	IV	5535311	R	1	9290	5
3b6f4e65-3147-4e36-9c0d-0c6c7f2ab24e	IV	5534726	L	1	-345	59
71d29487-11e5-4d36-9b3a-f334d988e32c	IV	5535483	R	1	8667	6
71d29487-11e5-4d36-9b3a-f334d988e32c	IV	5534727	L	1	-354	132
5328acc3-b7b5-49fd-b00f-0fb4fb06987a	IV	5535308	R	1	9311	4
5328acc3-b7b5-49fd-b00f-0fb4fb06987a	IV	5534728	L	1	-3095	111
2ab69da7-b368-4a9c-8903-909fc41b9daa	IV	5534741	L	1	-3060	225
8203d7eb-e33c-4778-b8d1-f784da393a2f	IV	5534742	L	1	-364	75
f75a29e9-8c56-4dd5-a35a-ed3f6d411935	IV	8003835	L	1	-17344	153
13aaf729-2c2f-4b77-b86b-8c61322350a6	IV	8222065	R	1	389	65
13aaf729-2c2f-4b77-b86b-8c61322350a6	IV	8221383	L	1	-7923	3
c28c1824-808c-4d52-a081-327a9ef7d958	IV	8557868	R	1	7902	17
d31d5261-3138-4cfa-942d-df5a66b75183	IV	8580883	R	1	5170	2
d31d5261-3138-4cfa-942d-df5a66b75183	IV	8580796	L	1	-1452	50
ce318649-76f9-4347-b5ab-377f3d77ffb3	IV	9145599	R	1	1509	53
ce318649-76f9-4347-b5ab-377f3d77ffb3	IV	9145510	L	1	-3905	2
9788b9de-da99-4178-a48e-87eb2ea88b49	IV	9462436	L	1	-11564	52
9bb8374c-4b7a-40ab-be43-1b49673ef28a	IV	10180375	R	0	923	39
7f49dea1-2d6e-4d32-997f-3eefaf089e8f	IV	10180388	R	1	13637	147
5c9da6e0-cbd6-4750-8a52-380c42fd4ba7	IV	10180388	R	1	2461	112
1e10190a-4448-4ffe-b4bf-c1756fafa44a	IV	10180388	R	1	2484	141
64196608-1dd3-40f7-aa6f-efdabdaf0d9d	IV	10180388	R	1	2485	89
c38885cc-a8d2-4240-afde-abf9bfa0a300	IV	10180388	R	1	792	2
c38885cc-a8d2-4240-afde-abf9bfa0a300	IV	10180187	L	1	-11648	137
f108c8ac-df4e-4bf0-9538-02f7b4bb7359	IV	10180187	L	1	-2379	143
3cc939aa-1404-4d6c-8648-a13704bde6ca	IV	10180187	L	1	-11604	136
caddbf0a-eb6c-4150-a5d8-49f2a0fa8b6b	IV	10180187	L	1	-7353	153
c13c68eb-4325-4a40-84ac-c0ac06d1f762	IV	10180187	L	1	-11536	144
14174f32-3332-43bc-9688-95db07995bad	IV	10180187	L	1	-11365	51
6a82787e-b6eb-4001-aaa0-abaa76bf8a26	IV	10180301	R	1	875	2
6a82787e-b6eb-4001-aaa0-abaa76bf8a26	IV	10180187	L	1	-11406	78
d3e0ce49-0878-4797-b586-bb839025bdb8	IV	10180187	L	1	-11414	43
b6e67369-663c-46ae-addc-fe280613763e	IV	10180388	R	1	777	2
b6e67369-663c-46ae-addc-fe280613763e	IV	10180187	L	1	-11579	84
f0c7ba72-5f91-4adf-871b-da7797441360	IV	10180388	R	1	5969	39
f0c7ba72-5f91-4adf-871b-da7797441360	IV	10180187	L	1	-2543	2
107a088b-d010-42ac-b45e-6c9f1dabf5bb	IV	10180187	L	1	-11557	36
0cb708f5-188e-4205-9c00-f26c44bcddf6	IV	10180388	R	1	780	2
0cb708f5-188e-4205-9c00-f26c44bcddf6	IV	10180187	L	1	-11566	39
d483b6fc-fd6a-4144-956e-d46da5ac051d	IV	10180388	R	1	787	2
d483b6fc-fd6a-4144-956e-d46da5ac051d	IV	10180187	L	1	-11170	35
b070840d-f1cd-4467-a597-42728ee86029	IV	10180388	R	1	783	3
b070840d-f1cd-4467-a597-42728ee86029	IV	10180187	L	1	-11600	44
7519ecf7-a70f-4844-99ea-a7b122da3e6f	IV	10180187	L	1	-11548	64
f3783a3f-cafc-4d3a-8648-1baae78a1fea	IV	10180388	R	1	766	33
685bd6e8-30a4-4eef-8315-306095dcf6cc	IV	10180301	R	1	503	2
685bd6e8-30a4-4eef-8315-306095dcf6cc	IV	10180190	L	1	-11625	78
4f2e4627-8c40-47a2-b5cf-962fffca9285	IV	10180301	R	1	13606	78
787056f8-e937-452e-b07b-4b7c9dad7525	IV	10180388	R	1	762	2
787056f8-e937-452e-b07b-4b7c9dad7525	IV	10180191	L	1	-765	76
8e437530-553b-4bdf-9cb8-2ecd2b9026e5	IV	10180388	R	1	780	2
8e437530-553b-4bdf-9cb8-2ecd2b9026e5	IV	10180194	L	1	-11462	146
35756588-fde7-4962-9009-3a3a5cc3d750	IV	10180197	L	1	-2485	71
ad75d32b-13fd-46db-8e64-73d2cff566ff	IV	10180198	L	1	-11595	168
76c26d63-cba6-41c3-8aa4-ab762477d9fe	IV	10180318	R	1	845	2
76c26d63-cba6-41c3-8aa4-ab762477d9fe	IV	10180204	L	1	-11636	78
977953fd-c760-4a9d-abea-e05990142c27	IV	10403691	R	7	4850	109
3964894e-ca6d-466a-92cd-9483f7ba5f1f	IV	10420539	R	8	1622	7
3964894e-ca6d-466a-92cd-9483f7ba5f1f	IV	10420010	L	8	-2998	92
37be18ef-d270-415e-85b1-c1eb89d36772	IV	10420454	R	1	159	2
37be18ef-d270-415e-85b1-c1eb89d36772	IV	10420014	L	1	-2996	199
e1f0a72f-c889-4981-b8c0-77988bca46f8	IV	10420539	R	1	62	2
e1f0a72f-c889-4981-b8c0-77988bca46f8	IV	10420014	L	1	-2993	208
e7f0965a-c31e-4e70-8626-c3f84b8665e8	IV	10420539	R	10	61	4
e7f0965a-c31e-4e70-8626-c3f84b8665e8	IV	10420014	L	10	-2998	176
cc66149e-9beb-4f59-91c2-456c50834ded	IV	10420165	R	3	360	4
cc66149e-9beb-4f59-91c2-456c50834ded	IV	10420014	L	3	-2972	199
8ef61fa4-1a32-4ddf-83a8-d718e039b007	IV	10420423	R	5	188	2
8ef61fa4-1a32-4ddf-83a8-d718e039b007	IV	10420014	L	5	-2962	155
4daff80a-2277-49ef-ad40-f8fba93e41b5	IV	10420014	L	1	-2961	69
4636e472-2eb3-4b5b-8116-e17fe8ce5c83	IV	10420423	R	1	188	3
4636e472-2eb3-4b5b-8116-e17fe8ce5c83	IV	10420014	L	1	-2939	143
287792b8-6f00-4bf2-8363-a97535b6408a	IV	10420423	R	7	197	6
287792b8-6f00-4bf2-8363-a97535b6408a	IV	10420014	L	7	-2970	118
dfe789aa-daf4-40b1-abc5-4bba5effe1db	IV	10420539	R	9	63	4
dfe789aa-daf4-40b1-abc5-4bba5effe1db	IV	10420014	L	9	-3009	122
e1949ee6-2eb6-445a-b885-3f7adb4bc2fe	IV	10420539	R	1	60	2
e1949ee6-2eb6-445a-b885-3f7adb4bc2fe	IV	10420014	L	1	-2972	170
9764a4c2-f985-42dc-a3b0-2479bfa19044	IV	10420014	L	3	-2978	176
400b73fe-5bbc-4092-969a-695e500cc6d9	IV	10420539	R	6	1600	3
400b73fe-5bbc-4092-969a-695e500cc6d9	IV	10420014	L	6	-2972	177
3bd5ffc4-ff02-4ec7-8747-2c52d9260185	IV	10420014	L	4	-2981	154
a0638792-1c32-436c-9829-cacd35ea8f66	IV	10420539	R	7	61	4
a0638792-1c32-436c-9829-cacd35ea8f66	IV	10420014	L	7	-2969	181
6c2356e9-0019-4151-ae39-9cda40c9b477	IV	10420165	R	1	451	3
6c2356e9-0019-4151-ae39-9cda40c9b477	IV	10420014	L	1	-3007	35
ce3347ab-a14a-438d-b96d-d52d523781e6	IV	10420539	R	5	60	2
ce3347ab-a14a-438d-b96d-d52d523781e6	IV	10420014	L	5	-2953	101
17508e74-dfd9-410e-8695-c375d0c5c9da	IV	10420423	R	3	187	3
17508e74-dfd9-410e-8695-c375d0c5c9da	IV	10420014	L	3	-2970	96
15c21b73-2f0d-4304-9880-e85f1e781a58	IV	10420014	L	1	-2957	79
a8ed29f0-12ea-44f4-b5f0-9ed3f76b0f6d	IV	10420454	R	1	159	4
a8ed29f0-12ea-44f4-b5f0-9ed3f76b0f6d	IV	10420014	L	1	-2985	167
afe29c3b-6e5a-4a6c-b2fe-d20f257eb8d8	IV	10420539	R	10	67	3
afe29c3b-6e5a-4a6c-b2fe-d20f257eb8d8	IV	10420014	L	10	-2985	138
59059a6a-a6ba-4101-b616-8db4667bc132	IV	10420014	L	10	-2985	175
9980f249-3db4-4145-b1de-acf53409f903	IV	10420423	R	2	186	3
9980f249-3db4-4145-b1de-acf53409f903	IV	10420014	L	2	-2997	152
22757080-0ce3-45b9-8c66-297f06af3de6	IV	10420539	R	11	62	3
22757080-0ce3-45b9-8c66-297f06af3de6	IV	10420014	L	11	-2989	131
d617358b-1b3e-4431-9320-ac6b1d5151a0	IV	10420420	R	6	186	5
d617358b-1b3e-4431-9320-ac6b1d5151a0	IV	10420014	L	6	-1389	74
2aa2487f-7a48-4162-bd2b-7fc9d8f90cbf	IV	10420423	R	1	90	4
2aa2487f-7a48-4162-bd2b-7fc9d8f90cbf	IV	10420014	L	1	-2969	152
7e5f846c-442b-4667-be63-20024aa80283	IV	10420014	L	5	-2966	171
baa30f77-43ae-48f8-a7c6-a7d286796bf4	IV	10420415	R	1	1710	3
baa30f77-43ae-48f8-a7c6-a7d286796bf4	IV	10420014	L	1	-2930	68
631eafbb-a8b1-40fe-8397-9d464a25b1ac	IV	10420531	R	4	75	3
631eafbb-a8b1-40fe-8397-9d464a25b1ac	IV	10420014	L	4	-2951	169
2c65adb7-f7f0-461a-9ef3-17dfa18cb554	IV	10420423	R	1	187	3
2c65adb7-f7f0-461a-9ef3-17dfa18cb554	IV	10420014	L	1	-2908	75
8d567bcf-0e2c-4dd9-8fbf-dfa2eedc72f9	IV	10420420	R	16	1732	3
8d567bcf-0e2c-4dd9-8fbf-dfa2eedc72f9	IV	10420014	L	16	-2975	82
a1ac1711-0cee-4998-81f2-1b14eaed690d	IV	10420454	R	5	160	6
a1ac1711-0cee-4998-81f2-1b14eaed690d	IV	10420014	L	5	-2980	163
5f0430b9-dd84-490c-bd77-e23d68949acf	IV	10420423	R	1	184	4
5f0430b9-dd84-490c-bd77-e23d68949acf	IV	10420014	L	1	-2966	106
df074fa9-951e-4336-8026-ebdc9fa3ea4a	IV	10420539	R	6	58	4
df074fa9-951e-4336-8026-ebdc9fa3ea4a	IV	10420014	L	6	-2977	82
89ed8cb5-b4ed-4ea3-8b6d-4f39549e6d4d	IV	10420539	R	7	63	4
89ed8cb5-b4ed-4ea3-8b6d-4f39549e6d4d	IV	10420014	L	7	-2971	113
090cb2f7-87c5-47af-a029-98fb09b95640	IV	10420454	R	1	162	3
090cb2f7-87c5-47af-a029-98fb09b95640	IV	10420014	L	1	-2965	125
9b86888c-b1ae-4378-90e0-c9692e6b6e69	IV	10420454	R	13	1719	6
9b86888c-b1ae-4378-90e0-c9692e6b6e69	IV	10420014	L	13	-2994	113
9b924a6a-9d18-4c3b-b76d-4b721dc88443	IV	10420014	L	1	-2989	117
bbaf1dfd-2856-45c1-a23e-87fdf5a07aa6	IV	10420423	R	2	188	2
bbaf1dfd-2856-45c1-a23e-87fdf5a07aa6	IV	10420014	L	2	-2995	163
a5948788-19c4-40ff-8f8c-c100f7bc18eb	IV	10420539	R	9	59	2
a5948788-19c4-40ff-8f8c-c100f7bc18eb	IV	10420014	L	9	-2989	171
8f5572e9-7f1e-4b97-a15b-310568e1c7ab	IV	10420454	R	1	168	9
8f5572e9-7f1e-4b97-a15b-310568e1c7ab	IV	10420014	L	1	-2982	122
2e02919f-f14c-4f66-94a8-9294ccaf81d3	IV	10420423	R	1	189	3
2e02919f-f14c-4f66-94a8-9294ccaf81d3	IV	10420014	L	1	-3023	147
5fa18a6c-2c44-42af-b536-9bea908df596	IV	10420423	R	2	190	5
5fa18a6c-2c44-42af-b536-9bea908df596	IV	10420014	L	2	-3000	121
1efef34c-4d23-4b0c-9f08-4e024aa82bb6	IV	10420165	R	1	451	6
1efef34c-4d23-4b0c-9f08-4e024aa82bb6	IV	10420014	L	1	-2958	76
28ec01c3-378f-4a78-a545-96c2d51bff77	IV	10420539	R	6	58	4
28ec01c3-378f-4a78-a545-96c2d51bff77	IV	10420014	L	6	-2972	159
14f801d5-f455-4688-8b83-8a01e8fcb8b4	IV	10420539	R	1	4157	2
14f801d5-f455-4688-8b83-8a01e8fcb8b4	IV	10420014	L	1	-2992	139
c5891991-12eb-4814-aca0-87ad28866fee	IV	10420423	R	1	187	4
c5891991-12eb-4814-aca0-87ad28866fee	IV	10420014	L	1	-2979	87
f2f2214b-b63e-4303-a84c-c071aef82439	IV	10420420	R	1	191	3
f2f2214b-b63e-4303-a84c-c071aef82439	IV	10420014	L	1	-3005	118
8dad7196-7989-4d0e-ab24-166aa422e521	IV	10420423	R	2	192	6
8dad7196-7989-4d0e-ab24-166aa422e521	IV	10420014	L	2	-2967	143
27ef34f3-ce33-4142-bcf2-438f3921b2f2	IV	10420423	R	24	1739	6
27ef34f3-ce33-4142-bcf2-438f3921b2f2	IV	10420014	L	24	-3007	75
2b00c61d-c972-4833-8595-846bb496edbc	IV	10420423	R	1	1754	3
2b00c61d-c972-4833-8595-846bb496edbc	IV	10420014	L	1	-2912	72
9b9d3481-c3f0-4bdc-8412-8c4b0f0972e0	IV	10420420	R	1	190	2
9b9d3481-c3f0-4bdc-8412-8c4b0f0972e0	IV	10420014	L	1	-2977	133
03a2447f-684e-42ce-9d0a-7ed6d6609807	IV	10420539	R	16	62	5
03a2447f-684e-42ce-9d0a-7ed6d6609807	IV	10420014	L	16	-2999	80
c4a71c91-1ee6-4850-818f-008d0312b2df	IV	10420539	R	10	61	3
c4a71c91-1ee6-4850-818f-008d0312b2df	IV	10420014	L	10	-2987	135
aa6de212-1f29-4001-8e59-f315978872e2	IV	10420423	R	10	191	4
aa6de212-1f29-4001-8e59-f315978872e2	IV	10420014	L	10	-2990	143
89bcd5b3-9606-4158-bc41-42d5d2185d68	IV	10420014	L	17	-2989	145
49df5484-fb49-4542-bff4-c5d9c709f4f8	IV	10420539	R	13	66	4
49df5484-fb49-4542-bff4-c5d9c709f4f8	IV	10420014	L	13	-3011	103
24d7ed0a-b6f9-4def-8106-2dfc78de9238	IV	10420454	R	7	156	12
24d7ed0a-b6f9-4def-8106-2dfc78de9238	IV	10420014	L	7	-2951	121
e439f3c4-d166-4d28-bd69-bd3dca9e4d31	IV	10420423	R	1	190	3
e439f3c4-d166-4d28-bd69-bd3dca9e4d31	IV	10420014	L	1	-2977	124
41e7e478-5088-4f85-8ad0-93fda02cba22	IV	10420291	R	3	335	3
41e7e478-5088-4f85-8ad0-93fda02cba22	IV	10420014	L	3	-2979	42
197c20cd-db67-4d63-8e5b-2e550ef7397c	IV	10420423	R	1	188	3
197c20cd-db67-4d63-8e5b-2e550ef7397c	IV	10420014	L	1	-2970	35
032f468d-5489-4dd2-a8d3-8cf41291913f	IV	10420454	R	2	156	7
032f468d-5489-4dd2-a8d3-8cf41291913f	IV	10420014	L	2	-2961	130
1db9e316-9ba5-46da-9212-29de1a752ae0	IV	10420539	R	4	1942	6
1db9e316-9ba5-46da-9212-29de1a752ae0	IV	10420014	L	4	-3012	101
e1c7558a-8504-461f-b9f2-e272f663bca8	IV	10420014	L	1	-3004	121
40c1046a-4248-4c80-92de-32a4ebd6dde0	IV	10420539	R	3	3737	2
40c1046a-4248-4c80-92de-32a4ebd6dde0	IV	10420014	L	3	-2961	83
039b84d6-b803-4292-be7b-65bf35c171a3	IV	10420454	R	1	158	2
039b84d6-b803-4292-be7b-65bf35c171a3	IV	10420014	L	1	-2978	90
b34dda8e-396d-4493-8f08-fc8fa184e7df	IV	10420539	R	15	62	3
b34dda8e-396d-4493-8f08-fc8fa184e7df	IV	10420014	L	15	-2968	114
6f19a0e6-0864-4215-9768-7d0844df6d53	IV	10420454	R	12	164	2
6f19a0e6-0864-4215-9768-7d0844df6d53	IV	10420014	L	12	-3000	128
db528e14-9ba2-435d-8738-ba7a2fb28f63	IV	10420454	R	1	158	3
db528e14-9ba2-435d-8738-ba7a2fb28f63	IV	10420014	L	1	-2948	121
bfe4b51b-d2cf-407a-b7df-e8d0743135b0	IV	10420421	R	2	1709	3
bfe4b51b-d2cf-407a-b7df-e8d0743135b0	IV	10420014	L	2	-2960	124
063cfcc4-e5e2-4756-97f9-c94ff0350174	IV	10420014	L	1	-2967	103
28efb498-62d2-47c3-bc29-3dba45f4f69d	IV	10420423	R	9	189	4
28efb498-62d2-47c3-bc29-3dba45f4f69d	IV	10420014	L	9	-2989	127
8ac96f38-0eac-4b08-b66c-2b379cd59e37	IV	10420014	L	8	-2970	102
9547d958-3b64-4511-858a-a6cf0d94df7e	IV	10420539	R	16	61	2
9547d958-3b64-4511-858a-a6cf0d94df7e	IV	10420014	L	16	-3002	74
7aef297a-4b61-47e0-b539-53d5ff636b7d	IV	10420539	R	13	61	4
7aef297a-4b61-47e0-b539-53d5ff636b7d	IV	10420014	L	13	-2971	99
ea9bee13-a5f8-4420-af20-abff57b5cdea	IV	10420524	R	12	1631	3
ea9bee13-a5f8-4420-af20-abff57b5cdea	IV	10420014	L	12	-2993	119
0b0e98fa-fc86-430e-af81-f2ba82703d15	IV	10420423	R	2	185	7
0b0e98fa-fc86-430e-af81-f2ba82703d15	IV	10420014	L	2	-3001	64
9fa200d1-5720-4f12-8a07-6679ab39682c	IV	10420539	R	14	59	4
9fa200d1-5720-4f12-8a07-6679ab39682c	IV	10420014	L	14	-1419	116
4b76eea4-45da-4cb9-ba1e-7dc7e03d9f14	IV	10420423	R	2	186	3
4b76eea4-45da-4cb9-ba1e-7dc7e03d9f14	IV	10420014	L	2	-2971	65
579027f4-a126-4558-b331-677d66a89f47	IV	10420539	R	20	63	5
579027f4-a126-4558-b331-677d66a89f47	IV	10420014	L	20	-2977	102
20c9e53c-6377-4d9b-96e8-74695a7b7e16	IV	10420281	R	1	4017	2
20c9e53c-6377-4d9b-96e8-74695a7b7e16	IV	10420014	L	1	-2955	105
fe6a8d6e-1635-4b20-a6c3-da518d9d8c6f	IV	10420014	L	7	-3004	99
546f15e4-0b0f-40a9-a8eb-af295efaabce	IV	10420539	R	24	68	4
546f15e4-0b0f-40a9-a8eb-af295efaabce	IV	10420014	L	24	-2984	76
9088c254-bda7-4883-94ac-9124ac3b1622	IV	10420014	L	3	-2999	82
39666245-86d9-43aa-95ed-5bef8ae58183	IV	10420539	R	5	60	3
39666245-86d9-43aa-95ed-5bef8ae58183	IV	10420014	L	5	-2960	88
e3884246-073b-451c-bd89-7c52ae5f5a33	IV	10420539	R	18	1592	2
e3884246-073b-451c-bd89-7c52ae5f5a33	IV	10420014	L	18	-2934	45
74c9e907-f14e-455a-a82b-f448d522e3e8	IV	10420539	R	14	63	4
74c9e907-f14e-455a-a82b-f448d522e3e8	IV	10420014	L	14	-2989	107
10fe4983-4ee9-4590-b530-b25ddc0abf5a	IV	10420454	R	1	164	4
10fe4983-4ee9-4590-b530-b25ddc0abf5a	IV	10420014	L	1	-2973	75
daa0b907-6413-44e3-b563-e929f667e774	IV	10420539	R	10	60	4
daa0b907-6413-44e3-b563-e929f667e774	IV	10420014	L	10	-2990	94
3a5aa871-699f-4407-a0f0-ba95b0513856	IV	10420423	R	1	185	4
3a5aa871-699f-4407-a0f0-ba95b0513856	IV	10420014	L	1	-2920	74
624dfb23-b8e0-4f18-a98f-676ab0c24f89	IV	10420397	R	8	213	5
624dfb23-b8e0-4f18-a98f-676ab0c24f89	IV	10420014	L	8	-3005	46
89db2cc8-e5d3-468d-87ca-ff92fcb9fdd0	IV	10420423	R	7	187	4
89db2cc8-e5d3-468d-87ca-ff92fcb9fdd0	IV	10420014	L	7	-2982	74
cce4408d-aa58-4167-86cc-9838e2dfee79	IV	10420454	R	26	164	4
cce4408d-aa58-4167-86cc-9838e2dfee79	IV	10420014	L	26	-2991	50
a1882943-afca-4bb6-baf6-b8e2b3a6b786	IV	10420539	R	22	60	4
a1882943-afca-4bb6-baf6-b8e2b3a6b786	IV	10420014	L	22	-2962	84
74b4be0d-9bea-4ddb-a3a9-5f61a8ea0dd2	IV	10420014	L	1	-2969	55
363685d0-b160-41a4-b0ff-8b82eb12fdee	IV	10420425	R	1	1727	3
363685d0-b160-41a4-b0ff-8b82eb12fdee	IV	10420014	L	1	-2950	74
b907063d-c2e1-4364-9ba1-31a330bc5eed	IV	10420423	R	4	5092	191
b907063d-c2e1-4364-9ba1-31a330bc5eed	IV	10420014	L	4	-2926	38
44a4058c-399e-4213-8085-2fd5bda0a066	IV	10420454	R	5	163	4
44a4058c-399e-4213-8085-2fd5bda0a066	IV	10420014	L	5	-2977	95
94c5dfeb-eba0-4e4e-8582-3de30b1758c3	IV	10420539	R	24	62	2
94c5dfeb-eba0-4e4e-8582-3de30b1758c3	IV	10420014	L	24	-2985	27
c3e924e4-47ab-48da-8d07-64019767327a	IV	10420423	R	8	189	4
c3e924e4-47ab-48da-8d07-64019767327a	IV	10420014	L	8	-2984	73
ae571129-f40a-4aff-a414-76f937478553	IV	10420014	L	4	-2945	36
9d605188-f040-450c-a558-3973f5b64efb	IV	10420720	R	8	1377	3
9d605188-f040-450c-a558-3973f5b64efb	IV	10420014	L	8	-2962	43
38ffed15-c105-4e4d-ab68-e518f68a1bbc	IV	10420384	R	3	223	4
38ffed15-c105-4e4d-ab68-e518f68a1bbc	IV	10420014	L	3	-2908	19
ad3d83ac-702f-4247-9f51-9842548c75f4	IV	10420014	L	5	-2976	81
88dff104-6277-4e21-a02b-f037959c7aaa	IV	10420531	R	15	71	3
88dff104-6277-4e21-a02b-f037959c7aaa	IV	10420014	L	15	-2975	34
e8221ef3-7eb9-4134-910a-88006e3cde01	IV	10420539	R	16	64	4
e8221ef3-7eb9-4134-910a-88006e3cde01	IV	10420014	L	16	-2967	34
a78723eb-89c3-4cff-8d40-fbd1e861068f	IV	10420539	R	14	64	2
a78723eb-89c3-4cff-8d40-fbd1e861068f	IV	10420014	L	14	-2980	55
dd9a76c0-c608-4142-bd98-27741bbd47b7	IV	10420539	R	14	68	4
dd9a76c0-c608-4142-bd98-27741bbd47b7	IV	10420014	L	14	-2999	28
3044bd99-59ad-4c78-bdda-5b6f583d52d0	IV	10420539	R	20	63	2
3044bd99-59ad-4c78-bdda-5b6f583d52d0	IV	10420014	L	20	-2980	83
00dd4ebd-4b95-43e1-8d62-86f861a183b6	IV	10420539	R	3	62	3
00dd4ebd-4b95-43e1-8d62-86f861a183b6	IV	10420014	L	3	-2963	42
53ff74e2-6e0a-44ae-b759-88869400fd1d	IV	10420454	R	1	166	4
53ff74e2-6e0a-44ae-b759-88869400fd1d	IV	10420014	L	1	-2977	39
866397bb-2cd9-40c0-9b10-18509400fa61	IV	10420534	R	4	71	4
866397bb-2cd9-40c0-9b10-18509400fa61	IV	10420014	L	4	-2973	58
8925bd8a-f0ef-47fa-8545-a47734c390ad	IV	10420539	R	15	1611	2
8925bd8a-f0ef-47fa-8545-a47734c390ad	IV	10420014	L	15	-2957	65
ec4c8d31-76e1-4e32-bb98-30726cc6df62	IV	10420014	L	1	-2960	57
97acff44-2522-4db0-b279-f458ed123b9b	IV	10420539	R	10	62	4
97acff44-2522-4db0-b279-f458ed123b9b	IV	10420014	L	10	-2978	38
dcbd6286-7288-4eb2-9c28-5f495ce10cef	IV	10420524	R	18	76	7
dcbd6286-7288-4eb2-9c28-5f495ce10cef	IV	10420014	L	18	-2933	34
ba6bd863-dcb9-4011-8edd-c5b9288ad7b4	IV	10420539	R	13	61	3
ba6bd863-dcb9-4011-8edd-c5b9288ad7b4	IV	10420014	L	13	-2998	58
c72655a5-db7b-4649-be77-7e591285014e	IV	10420423	R	4	182	3
c72655a5-db7b-4649-be77-7e591285014e	IV	10420014	L	4	-2968	39
efd5976b-a214-4172-994c-fa0ec7d46c92	IV	10420420	R	6	192	6
efd5976b-a214-4172-994c-fa0ec7d46c92	IV	10420014	L	6	-2947	36
6f6a6e85-aa17-4ddb-8939-26cd4efa586c	IV	10420423	R	1	192	3
6f6a6e85-aa17-4ddb-8939-26cd4efa586c	IV	10420014	L	1	-2976	72
8774d90d-80a3-4d0b-9a5f-d19be03a330c	IV	10420423	R	1	184	5
8774d90d-80a3-4d0b-9a5f-d19be03a330c	IV	10420014	L	1	-2952	36
2ad71557-71d1-4dc5-a282-5463347209f0	IV	10420454	R	19	163	7
2ad71557-71d1-4dc5-a282-5463347209f0	IV	10420014	L	19	-2988	46
9ec56ab6-e227-4f97-8115-8df9a14dc52f	IV	10420539	R	7	61	4
9ec56ab6-e227-4f97-8115-8df9a14dc52f	IV	10420014	L	7	-2955	55
85f33152-0a2d-42b4-99c1-9484e4242b42	IV	10420420	R	5	194	5
85f33152-0a2d-42b4-99c1-9484e4242b42	IV	10420014	L	5	-2996	26
209a74b3-72f9-4f20-bde8-e4d223e47975	IV	10420539	R	10	3752	2
209a74b3-72f9-4f20-bde8-e4d223e47975	IV	10420014	L	10	-3002	66
53154171-8f6b-4438-afed-6f48d73a4cab	IV	10420540	R	19	62	4
53154171-8f6b-4438-afed-6f48d73a4cab	IV	10420014	L	19	-2952	46
c8ab1420-5ea2-4842-a426-161a7d1aef5d	IV	10420539	R	15	62	2
c8ab1420-5ea2-4842-a426-161a7d1aef5d	IV	10420014	L	15	-2913	34
b45c089c-a0dd-41fb-94df-67e819e0ece5	IV	10420539	R	9	62	3
b45c089c-a0dd-41fb-94df-67e819e0ece5	IV	10420014	L	9	-2976	46
6d12764b-54b6-4e62-bcac-a8816d27c836	IV	10420539	R	16	62	4
6d12764b-54b6-4e62-bcac-a8816d27c836	IV	10420014	L	16	-2999	49
c38c93d8-dc9a-453b-9304-c6cbfd4e5210	IV	10420454	R	1	158	3
c38c93d8-dc9a-453b-9304-c6cbfd4e5210	IV	10420015	L	1	-2969	269
8e417af2-1cab-4aee-8344-6a5dad53840c	IV	10420015	L	1	-2928	164
36802347-49d7-4345-867d-3f84f82fd3d7	IV	10420539	R	11	59	4
36802347-49d7-4345-867d-3f84f82fd3d7	IV	10420015	L	11	-2997	146
7c636412-f3e9-48c4-8914-f5ca855606b7	IV	10420423	R	1	179	4
7c636412-f3e9-48c4-8914-f5ca855606b7	IV	10420015	L	1	-2955	104
cf19ae45-04e7-4866-914e-c0e0792ab70a	IV	10420539	R	3	60	4
cf19ae45-04e7-4866-914e-c0e0792ab70a	IV	10420015	L	3	-2978	120
ee191cc7-a20a-4700-9289-8296549f52d0	IV	10420539	R	5	61	4
ee191cc7-a20a-4700-9289-8296549f52d0	IV	10420015	L	5	-2944	29
e7b6c22a-d687-46da-b965-060f9a9a138e	IV	10420419	R	1	188	4
e7b6c22a-d687-46da-b965-060f9a9a138e	IV	10420019	L	1	-2969	218
48c99636-4c54-4b1e-9f69-b8cfd7ae5a18	IV	10420019	L	2	-2965	126
c2d1e8e6-70e2-4f21-9847-2cc8d97c7f39	IV	10420423	R	6	191	4
c2d1e8e6-70e2-4f21-9847-2cc8d97c7f39	IV	10420019	L	6	-2925	103
51f7fe6d-3d0d-47ad-a608-b2a4359fd06f	IV	10420409	R	4	199	4
51f7fe6d-3d0d-47ad-a608-b2a4359fd06f	IV	10420019	L	4	-2965	85
3ae03c9a-bc07-4f2c-9e5d-a4e288ce3b74	IV	10420423	R	3	1713	4
3ae03c9a-bc07-4f2c-9e5d-a4e288ce3b74	IV	10420019	L	3	-2946	129
024ba4df-bee6-44fb-b378-0a7d2b72d72c	IV	10420421	R	1	190	3
024ba4df-bee6-44fb-b378-0a7d2b72d72c	IV	10420019	L	1	-2963	100
f2634ddf-f9dc-4846-b216-094b3e44ae59	IV	10420539	R	13	62	4
f2634ddf-f9dc-4846-b216-094b3e44ae59	IV	10420019	L	13	-2998	190
44922c42-773e-4a65-b181-bedba7af3a87	IV	10420539	R	11	59	4
44922c42-773e-4a65-b181-bedba7af3a87	IV	10420019	L	11	-2931	138
fc846ffd-ba95-425f-910c-9b668aa8cf3e	IV	10420423	R	1	186	4
fc846ffd-ba95-425f-910c-9b668aa8cf3e	IV	10420019	L	1	-2984	70
605361ee-4672-44d7-9d6c-86eccb372f39	IV	10420454	R	4	162	2
605361ee-4672-44d7-9d6c-86eccb372f39	IV	10420019	L	4	-3017	75
a54b7c08-43fb-436a-a945-d0fea83ed763	IV	10420539	R	2	61	3
a54b7c08-43fb-436a-a945-d0fea83ed763	IV	10420019	L	2	-2987	148
0869e82c-6693-4809-a518-471c343894d8	IV	10420539	R	3	62	4
0869e82c-6693-4809-a518-471c343894d8	IV	10420019	L	3	-2994	68
45324dc9-c906-44a9-9739-44eae36e7b91	IV	10420454	R	2	835	4
45324dc9-c906-44a9-9739-44eae36e7b91	IV	10420019	L	2	-2971	117
c93e65cc-c14b-43c5-ab60-4ef03ecef2f0	IV	10420420	R	11	190	4
c93e65cc-c14b-43c5-ab60-4ef03ecef2f0	IV	10420019	L	11	-2981	150
21d429a5-57eb-4a90-a854-3c54422190a3	IV	10420423	R	2	185	4
21d429a5-57eb-4a90-a854-3c54422190a3	IV	10420019	L	2	-2944	132
d22a9734-e336-4382-8c9f-8642355a286f	IV	10420019	L	4	-2949	102
8f62b959-9b92-41d3-8133-bea3129aca22	IV	10420454	R	1	156	3
8f62b959-9b92-41d3-8133-bea3129aca22	IV	10420019	L	1	-2980	103
6119d95e-fef3-4d32-9ad9-49dd42743001	IV	10420537	R	1	59	3
6119d95e-fef3-4d32-9ad9-49dd42743001	IV	10420019	L	1	-2925	61
e4b2bef9-3d62-48cf-9a2e-1f2b1b80c213	IV	10420019	L	1	-2980	126
8b561308-608b-4699-8032-8af46e220c93	IV	10420019	L	1	-2924	54
c9c09db4-b5da-484e-b1d8-bf24bdf5eef6	IV	10420019	L	1	-3017	47
cbf07672-071a-421c-a1a7-9fc061cfee28	IV	10420454	R	1	159	3
cbf07672-071a-421c-a1a7-9fc061cfee28	IV	10420021	L	1	-2951	54
a0838e31-f108-4538-89b2-f596fc14046f	IV	10420420	R	1	197	3
a0838e31-f108-4538-89b2-f596fc14046f	IV	10420022	L	1	-2963	104
9bbaaaf4-15b7-4de4-93b9-4c393e503c3a	IV	10420539	R	11	60	4
9bbaaaf4-15b7-4de4-93b9-4c393e503c3a	IV	10420030	L	11	-2957	108
27d50f3b-b107-42ed-8376-06edb5c7bbe7	IV	10420539	R	16	62	4
27d50f3b-b107-42ed-8376-06edb5c7bbe7	IV	10420030	L	16	-2995	71
6042e457-012e-4e4c-b0a9-5905da8989eb	IV	10420539	R	2	1602	2
6042e457-012e-4e4c-b0a9-5905da8989eb	IV	10420038	L	2	-2985	67
a43d6aee-3bfa-4311-8d41-787f06cb95d4	IV	10420040	L	6	-3011	64
4b47f94b-b22d-4f77-8873-ee0ea255c1c0	IV	10420539	R	1	62	2
4b47f94b-b22d-4f77-8873-ee0ea255c1c0	IV	10420040	L	1	-2960	36
9342cffa-6eec-44e1-b92f-88371bd172c5	IV	10420539	R	8	62	2
9342cffa-6eec-44e1-b92f-88371bd172c5	IV	10420040	L	8	-3013	10
87f068d9-651e-4080-94d2-133e030db429	IV	10420453	R	3	162	5
87f068d9-651e-4080-94d2-133e030db429	IV	10420042	L	3	-2998	40
245569d2-e7e9-47ae-9816-86fe23d43761	IV	10420454	R	2	164	4
245569d2-e7e9-47ae-9816-86fe23d43761	IV	10420062	L	2	-3013	117
aae87940-8f5e-42d6-bd33-f32d47266cf8	IV	11185018	R	4	-5	40
04f0de49-4b22-4fc2-a75a-9deccad1c1c4	IV	11185018	R	1	-5	115
04f0de49-4b22-4fc2-a75a-9deccad1c1c4	IV	11184558	L	1	-7620	2
ed3f08c7-52bb-40cb-9633-3dc8d5c3f313	IV	11185018	R	1	-5	73
d99a54ec-8f05-4a87-8a97-8f05a1404327	IV	11185018	R	2	-5	40
d99a54ec-8f05-4a87-8a97-8f05a1404327	IV	11184558	L	2	-6468	5
a09d8caf-932a-46be-8bd6-622450b0837f	IV	11185018	R	1	-5	87
653b91fe-08d7-420a-bd3e-2c16f10bdba8	IV	11185018	R	1	-5	86
653b91fe-08d7-420a-bd3e-2c16f10bdba8	IV	11184558	L	1	-2118	2
36cb3c41-f9be-43df-94ef-d9546a840bb3	IV	11185018	R	1	-5	20
964c846d-ddf9-486e-a81e-30f24baeb241	IV	11185018	R	1	-5	44
5d525c61-82ad-47b1-aa8f-a1e4b397f66c	IV	11185018	R	1	-5	23
b10187fa-37e3-4d63-b0f5-c0de2b2902c0	IV	11185018	R	1	-5	41
b10187fa-37e3-4d63-b0f5-c0de2b2902c0	IV	11184558	L	1	-421	4
d41a540f-c569-4de3-91e3-9929f3f874f0	IV	11185018	R	1	-5	93
843f467b-7660-46c9-a9cc-56e481d95cf6	IV	11185018	R	1	-5	28
843f467b-7660-46c9-a9cc-56e481d95cf6	IV	11184558	L	1	-5185	6
9b59fbea-6227-40af-8fb9-324a3e93c270	IV	11185017	R	1	14	31
9b59fbea-6227-40af-8fb9-324a3e93c270	IV	11184558	L	1	-4860	4
854b641a-c35a-48ff-b4dd-062af6ab1f24	IV	11185017	R	1	1	22
d45a6557-a888-4771-9453-cfbd3c059caa	IV	11185018	R	1	-5	80
d45a6557-a888-4771-9453-cfbd3c059caa	IV	11184558	L	1	-25186	4
19e4ef12-4272-49fd-b6b0-e6dfe1d6dce9	IV	11185018	R	1	-5	60
760cda96-3cc3-4c0a-9eb9-89fd921a1bc2	IV	11185018	R	1	-5	63
62bb732d-bc5f-417b-a859-15f2d208b61c	IV	11185017	R	1	6	73
5cb45503-a076-4fd3-b906-e7ecf77dbf5d	IV	11185018	R	1	-5	33
5cb45503-a076-4fd3-b906-e7ecf77dbf5d	IV	11184558	L	1	-7200	2
803a2a04-4585-419b-837d-036d2443a560	IV	11185017	R	1	26	20
803a2a04-4585-419b-837d-036d2443a560	IV	11184558	L	1	-4658	5
c7d49350-3c52-41bf-9f79-8965162baf92	IV	11184558	L	1	-4035	3
edd70ef3-7926-4e99-a2ec-4f713eb39823	IV	11185014	R	1	20	17
edd70ef3-7926-4e99-a2ec-4f713eb39823	IV	11184558	L	1	-19904	2
dbbced87-ec5a-4971-981e-318e5616b73d	IV	11184558	L	1	-2758	2
db1fe7a6-149c-454c-8fe2-cb41c4ee418b	IV	11185018	R	1	-5	70
d55ede34-7188-4010-a5ec-6bf77cfc4e66	IV	11185017	R	1	1	92
d55ede34-7188-4010-a5ec-6bf77cfc4e66	IV	11184558	L	1	-18633	4
6dc43d49-9da7-42b5-bf61-063bf37921c3	IV	11184558	L	1	-3534	3
5456a0a6-07c6-4172-bf01-38e24e7c362b	IV	11185018	R	1	-5	15
5456a0a6-07c6-4172-bf01-38e24e7c362b	IV	11184558	L	1	-1805	5
4ab70c5f-c7a8-4e61-9785-8aaa311abad8	IV	11185018	R	1	2	72
4ab70c5f-c7a8-4e61-9785-8aaa311abad8	IV	11184558	L	1	-306	2
ff0008ae-1e8d-4f8e-ae0b-77d79fab100e	IV	11185018	R	1	-5	31
ff0008ae-1e8d-4f8e-ae0b-77d79fab100e	IV	11184558	L	1	-5438	8
59d93c65-416a-4833-8616-e08fd75dfef3	IV	11184558	L	4	-606	3
2c461b1e-a6fa-4609-8b23-2dec1a84a03b	IV	11184558	L	1	-4158	9
1c02e95c-c416-47dd-b827-8573cf9d6113	IV	11185018	R	1	-5	24
1c02e95c-c416-47dd-b827-8573cf9d6113	IV	11184558	L	1	-2688	7
89d6fdd0-96ed-4f4d-8675-f6337270a0ab	IV	11184558	L	1	-1570	2
fd334ba7-5f07-496f-9865-022b8cfb7776	IV	11185018	R	1	-5	28
f1982a9d-1850-4d7b-bc43-060b2f48b74b	IV	11185018	R	1	-5	44
f1982a9d-1850-4d7b-bc43-060b2f48b74b	IV	11184558	L	1	-1609	2
c1c8be42-b4d6-4222-892b-925a2cd6dfef	IV	11185018	R	1	-5	11
c1c8be42-b4d6-4222-892b-925a2cd6dfef	IV	11184558	L	1	-1931	4
701cb233-8fec-48d8-9f6b-63d926ce1fd4	IV	11185017	R	2	30	28
701cb233-8fec-48d8-9f6b-63d926ce1fd4	IV	11184558	L	2	-3627	12
2b14ffe3-a245-42ad-95fe-673e95593513	IV	11185018	R	1	-5	2
5bc53f87-89fb-4463-97d0-c883bc4cf723	IV	11184558	L	1	-10687	5
2fd10513-de59-49cf-9d9b-381ded260fbb	IV	11185018	R	1	-5	24
13840726-7127-47e2-820c-68ebb5c6b785	IV	11184998	R	1	24	47
1a53788c-8ab7-4950-a717-945dc70dd730	IV	11185018	R	2	-5	4
1a53788c-8ab7-4950-a717-945dc70dd730	IV	11184558	L	2	-19419	2
f8573c76-adce-4eee-bbb2-c7800017573c	IV	11184558	L	1	-6132	5
0341388e-cbe6-422f-9e1f-5a0114a6bc26	IV	11184558	L	1	-881	7
1fef836f-8741-4f5d-9110-215463fcf7f8	IV	11185018	R	1	-5	23
1fef836f-8741-4f5d-9110-215463fcf7f8	IV	11184558	L	1	-6486	3
27f33099-3f5e-4178-b8c9-a04fdd7917c4	IV	11184558	L	1	-8115	2
c6f4e12d-7946-4be5-8f5c-547aeceed672	IV	11185018	R	1	-5	5
ecb5c9a2-b4f3-4bfc-b965-a3fc8defb693	IV	11185018	R	3	1	79
abf9c76a-e55d-45bd-b741-be22f795b032	IV	11185018	R	1	-5	16
0f3c4756-eedc-4914-a4ec-66e9e9452eb0	IV	11185015	R	1	2	25
127cfac6-14a0-4f62-8ac4-7a17cec6c8e7	IV	11184558	L	1	-7885	2
d5f58b4d-f349-4145-9b04-7d131ae5a241	IV	11185018	R	1	-5	26
d5f58b4d-f349-4145-9b04-7d131ae5a241	IV	11184558	L	1	-676	6
2839f264-beff-4176-bf11-5635ff53d8cc	IV	11185018	R	1	-5	67
2839f264-beff-4176-bf11-5635ff53d8cc	IV	11184558	L	1	-3040	12
16aaa6c0-7e71-4e48-8ae6-bd3dc96f9ce8	IV	11185018	R	1	-5	13
a8f2d787-e41d-49b2-bcc9-edbe79c29f75	IV	11185018	R	4	-5	21
a8f2d787-e41d-49b2-bcc9-edbe79c29f75	IV	11184558	L	4	-399	4
322b9c63-73aa-4b6c-b99a-958515f37fa4	IV	11184558	L	1	-8118	2
edc4060b-301a-455e-bde8-398b204049ad	IV	11185018	R	1	-5	23
edc4060b-301a-455e-bde8-398b204049ad	IV	11184558	L	1	-21289	2
9d70c7e8-8e89-4662-9bd1-d24fc97c876d	IV	11184558	L	1	-412	9
92e4d941-b565-4089-81fc-4b3d30cc0f00	IV	11184558	L	1	-3566	2
257e5b0a-a9a2-4a7c-aeae-67b85841c225	IV	11185018	R	1	-5	27
c74923c7-b4e6-4c83-8b8e-9de9e80fa07b	IV	11185015	R	1	4	61
5206c790-77ff-44e5-9250-3560e5866276	IV	11185016	R	1	18	29
5206c790-77ff-44e5-9250-3560e5866276	IV	11184558	L	1	-225	2
531cd5d6-d803-4b71-9b77-f5fc30567acd	IV	11185018	R	1	-5	6
c4465124-2a88-49b3-98f5-f8715daf1897	IV	11185018	R	1	-5	56
aab15258-5517-4b81-b81b-9ccfd0ee544f	IV	11185018	R	1	-5	17
232ea388-73a0-43ab-aaaf-04bcdf2a9d3e	IV	11185018	R	1	-5	41
266e765e-54ae-469a-b9e1-5390d4ee2b01	IV	11184558	L	1	-2106	5
059398bd-71aa-40d5-aaea-6da516e11821	IV	11184558	L	1	-3315	3
fce58169-70c7-48b5-8fb5-f8917a034e25	IV	11185017	R	1	7	31
9c91502b-37bc-4005-91c0-aefd27314b01	IV	11185018	R	1	-5	5
8849758d-9669-43cf-b7f6-ea4fad66d4a1	IV	11184558	L	1	-16743	2
0d691989-2df7-4429-9d83-17045332168f	IV	11184558	L	1	-4370	4
ac8281ac-d530-4da2-b63f-e54abcba7065	IV	11184558	L	1	-25441	4
a3ad2bf7-8af2-47f8-b828-26622a1b8fd7	IV	11185018	R	1	1	47
26ac0fcf-bd80-4ed4-be08-ac008875cc79	IV	11184559	L	1	-561	5
1831f088-4f7c-4faf-be4f-282ade9f32a1	IV	11185018	R	1	-5	31
1831f088-4f7c-4faf-be4f-282ade9f32a1	IV	11184559	L	1	-2299	2
8019297a-8dd9-4692-89e9-644096af8bc1	IV	11185018	R	2	-5	19
8019297a-8dd9-4692-89e9-644096af8bc1	IV	11184559	L	2	-749	5
1e8fe0d7-57ec-440c-8a6a-ea6a27f32eb5	IV	11185018	R	1	1	87
122c0c18-4590-4702-99bb-ee4bb610a605	IV	11185018	R	1	-5	47
39c83109-9c9e-4c17-9071-83bd98b0f795	IV	11185017	R	1	18	50
336f6a50-7f29-497b-b9c3-a93f8e577501	IV	11185018	R	1	-5	47
ba4db015-4c12-4f72-b56b-905c02e12447	IV	11184559	L	1	-5505	4
5a79ff98-3bc1-4930-b415-1f481efa17df	IV	11185018	R	1	-5	36
5a79ff98-3bc1-4930-b415-1f481efa17df	IV	11184559	L	1	-1947	2
26253c8e-3985-4e58-8e45-b637c5564f7c	IV	11185014	R	1	3	9
26253c8e-3985-4e58-8e45-b637c5564f7c	IV	11184559	L	1	-2192	3
067914d9-1c8d-4e1d-8609-795130afb9cd	IV	11184559	L	1	-2491	5
45564c08-82f4-4bc0-8c8c-bca0643bf0aa	IV	11185018	R	1	-5	15
45564c08-82f4-4bc0-8c8c-bca0643bf0aa	IV	11184559	L	1	-7384	2
c8874996-f952-4908-bc7a-4784c5ed11b7	IV	11184559	L	1	-1854	3
72f1cfb6-56aa-4e9d-bf7c-ab1ff38e78d3	IV	11185018	R	1	-5	45
72f1cfb6-56aa-4e9d-bf7c-ab1ff38e78d3	IV	11184561	L	1	-2055	6
54796707-5090-4b96-bd02-06f09331ed38	IV	11185011	R	1	22	3
beef9d72-9690-48f7-9032-5fec7fc37aa4	IV	11184561	L	3	-1323	2
e85b2a25-6aa9-44ce-86a4-725a361ca1aa	IV	11185018	R	1	-5	106
7b5cb2eb-9a56-430e-81e7-a45bc98061c4	IV	11185018	R	1	18	36
7b5cb2eb-9a56-430e-81e7-a45bc98061c4	IV	11184562	L	1	-6774	2
e5f9f54a-812a-4b68-8f5f-b06882f6b42d	IV	11185018	R	1	-5	2
53dfcddb-872a-486a-ac6a-1c2e67eb3379	IV	11185014	R	1	10	9
53dfcddb-872a-486a-ac6a-1c2e67eb3379	IV	11184562	L	1	-6776	3
a0642f6d-5693-4b81-9172-2d6528dfe3c7	IV	11184562	L	1	-3473	3
b77ff39b-6d8a-4184-84a4-53a4b5d3ca51	IV	11185018	R	1	-5	13
b77ff39b-6d8a-4184-84a4-53a4b5d3ca51	IV	11184562	L	1	-7676	2
7fd2b849-f3af-459a-8127-ea798200edd7	IV	11185018	R	1	35	17
7fd2b849-f3af-459a-8127-ea798200edd7	IV	11184562	L	1	-22559	6
9c25bff2-d1b0-49e4-b98e-9645689a0d0f	IV	11185018	R	1	-5	40
9c25bff2-d1b0-49e4-b98e-9645689a0d0f	IV	11184564	L	1	-6645	4
9bafcb40-9e3c-42d9-abd1-c15f2d3c40d1	IV	11185014	R	1	35	40
820d9e49-ff6e-49dd-b767-da0f9f74ae97	IV	11185018	R	1	-5	60
820d9e49-ff6e-49dd-b767-da0f9f74ae97	IV	11184564	L	1	-4429	2
6f8a67aa-06c2-4be5-85d5-1b5b4e6211f2	IV	11185014	R	1	4	84
6f8a67aa-06c2-4be5-85d5-1b5b4e6211f2	IV	11184564	L	1	-1858	2
7b4dbde6-301f-4a2d-8c38-135e04332b7c	IV	11185018	R	1	37	21
f33cf752-3f7b-4c33-abc9-b624f7bd51d3	IV	11184995	R	1	33	8
f33cf752-3f7b-4c33-abc9-b624f7bd51d3	IV	11184571	L	1	-372	2
88fede0e-e48b-4291-a685-84cb58e75c5d	IV	11185018	R	2	-5	30
88fede0e-e48b-4291-a685-84cb58e75c5d	IV	11184582	L	2	-5548	3
5b101bc6-b067-4f02-85e2-0a946becdc5b	IV	11185015	R	1	4	12
89b1a48e-488d-400f-b323-13fe9c23729e	IV	11185018	R	1	-5	28
d8162173-7865-483a-8d07-290cdc089e4e	IV	11185018	R	1	-5	83
28b14bd0-6e36-49e0-b349-101d49dd5bb8	IV	11185018	R	1	-5	58
28b14bd0-6e36-49e0-b349-101d49dd5bb8	IV	11184597	L	1	-2049	2
cfcf1cc3-3d1b-4ee7-ae43-dd33003ab7e2	IV	11185017	R	1	1	20
cfcf1cc3-3d1b-4ee7-ae43-dd33003ab7e2	IV	11184604	L	1	-3945	5
38739d9d-af4b-4a10-b89e-82f648cbce0f	IV	11185018	R	2	-5	12
38739d9d-af4b-4a10-b89e-82f648cbce0f	IV	11184611	L	2	-3978	3
423b484d-a39d-40a7-b275-d62d50962e21	IV	11185017	R	1	5	80
423b484d-a39d-40a7-b275-d62d50962e21	IV	11184613	L	1	-6034	3
5cf24f15-6f3a-49c5-95c9-dd451a10ddd8	IV	11185018	R	1	-5	51
5cf24f15-6f3a-49c5-95c9-dd451a10ddd8	IV	11184633	L	1	-12969	2
35884780-6f20-471a-a554-f5b5a1fb07d3	IV	11185018	R	1	-5	51
35884780-6f20-471a-a554-f5b5a1fb07d3	IV	11184643	L	1	-4791	5
667610c2-39b5-498d-a4e1-32bf3716144b	IV	11185017	R	2	1	14
9a8429d9-5de2-4247-999f-d4569d47a3a5	IV	11185017	R	1	28	24
9a8429d9-5de2-4247-999f-d4569d47a3a5	IV	11184657	L	1	-7660	2
55df871a-1d35-41e2-91bc-b38f4d903430	IV	11185014	R	1	14	10
55df871a-1d35-41e2-91bc-b38f4d903430	IV	11184664	L	1	-2274	3
835d4c30-2a92-438b-b1a0-2fa17b7ad174	V	1762	R	1	25097	5
ecc85382-e773-460d-b929-6b12c98b78b1	V	1846	R	1	169	4
0f5a683d-98ac-4400-8591-e9bee4356fa6	V	1783	R	1	1848	5
0f5a683d-98ac-4400-8591-e9bee4356fa6	V	1	L	1	3	6
1dbda8b5-88c2-458d-a364-d97c0722e4b8	V	1	L	1	-23	37
ebb9cb78-7d3c-4805-b9d4-67d40583de47	V	1	L	1	3	2
20c7c6ed-07f1-4317-a334-75910a68872a	V	1	L	1	3	16
eceb5da9-a6ed-4ea7-92ad-d104257bf055	V	1443	R	27	244	3
eceb5da9-a6ed-4ea7-92ad-d104257bf055	V	1	L	27	-2	2
6460024d-3593-4d15-8d02-5abedae9e6da	V	1146	R	1	3452	4
6460024d-3593-4d15-8d02-5abedae9e6da	V	1	L	1	3	54
0f0fc545-be07-4760-9013-0fa1ea3a8441	V	1091	R	1	7694	3
daa6204c-f6a9-4d06-b8d6-484d1a2f626a	V	1694	R	4	1849	4
daa6204c-f6a9-4d06-b8d6-484d1a2f626a	V	3	L	4	7	5
b6b8f66a-f287-48eb-b88e-22886af24d20	V	1648	R	1	1852	5
835d2a65-8e79-4776-9609-e75cda1292ff	V	1748	R	1	3670	4
8beab194-7bea-4860-87cd-0ce81cb44dc8	V	1807	R	1	5617	10
216224c1-5211-442d-936f-0b7ffd44c936	V	704	R	1	5941	3
a1f5adee-f19d-44a2-816a-c4e5ecc2e085	V	1735	R	1	244	3
726125fd-af8e-4469-9fc3-c644c5978bfd	V	1916	R	1	5305	7
e1fe6e02-74ce-42d1-b834-5df4293ac0c3	V	1640	R	1	1865	3
62b818fe-9497-45de-8c62-5edf3f06d72b	V	1913	R	1	3681	7
ce9325cb-0ca8-4890-bafc-55c61ce680ae	V	1441	R	1	4400	3
78e57cd0-865d-473a-b712-52f211dd6585	V	1694	R	1	1846	3
4717eb62-f787-4ec4-8e3b-1cc1aa0725df	V	1807	R	1	1846	3
0e9846a3-d600-4e62-9af3-e353b9872ea7	V	1857	R	1	227	2
73c3a2bd-927c-4cd9-bb43-0b0fdd48e8e8	V	2194	R	1	269	6
8c9448ab-8252-4a71-8f55-385df213e4e1	V	1777	R	1	2523	75
de9519d8-4ae8-4235-a842-1d04879f69b4	V	1876	R	1	272	3
9bd5c354-b81e-4e6a-b84c-3cfd06f2472d	V	1874	R	1	7253	4
95e47244-cabf-410f-bd71-43bc1abb9056	V	1453	R	1	147	2
49d63b44-6220-42ed-a7d6-150cc628114b	V	1892	R	1	1825	5
3837cdb9-9b11-4ec1-9bd3-00dde8793aec	V	1718	R	1	7276	4
3486a5ed-caee-499f-a8d3-b77523a930af	V	1862	R	1	1848	6
8f20abdc-5d31-4403-b3ae-44b90b03d706	V	1682	R	1	14219	2
e4af7615-a610-4c32-b6b1-2351357c676f	V	1643	R	1	25104	4
7c0c2f2c-4925-410d-b905-5acfb2aecb05	V	1700	R	1	13210	4
b5b54bea-270e-49a0-962f-222b06d22c17	V	2091	R	1	64	2
2d06b4c5-cc7a-4dc1-8d3a-6b381e818b5e	V	1712	R	1	280	5
2f7ff450-4637-4d72-af2b-20b8690d07af	V	1965	R	1	13282	5
5d129f41-0daf-484d-b003-9929e04f4237	V	1339	R	1	4845	6
1df4319d-a038-4005-89dd-2d477e34789d	V	1681	R	1	410	2
47b0b0fe-6e5c-4760-ac95-c3f2816b6208	V	1996	R	3	8556	7
1e60aa25-28a7-404b-87ac-610fb3952f61	V	1849	R	1	167	4
1e76bc69-5a79-4145-a52e-def939635777	V	1679	R	1	170	5
fbf0797d-e1fc-4e68-a900-54e2f9740646	V	1843	R	1	3359	2
e4f26c72-199e-453d-a521-fd05b814264b	V	992	R	1	16554	14
bdd6d6af-9034-46ff-a222-ebf3b505108b	V	1759	R	1	9110	2
cefef380-c591-40f6-9c2d-20c292d717c2	V	1773	R	1	232	4
5ee689f9-8768-41e1-8a10-46c0b8498d1f	V	1646	R	1	1860	3
bf484937-9170-4461-8dff-7b499587e9ca	V	1878	R	1	5985	2
9d5d6140-e4a4-49c9-afd4-e2135d9d8896	V	1789	R	1	7395	2
321fa79c-3a80-4a28-9a8e-8e7257ba19da	V	1712	R	1	10712	5
4a197037-2a9c-494e-9068-67c89e842c77	V	1783	R	1	911	5
e6946909-617f-499b-a1b3-28d00714d505	V	2251	R	1	3937	5
5752ad9d-1ffa-4547-9518-151a2d423dd4	V	2030	R	2	2461	2
76311c63-1008-4cdf-b8b5-87c77aa0cd4a	V	1861	R	1	1839	3
ef3fedb6-1c36-4f82-9dab-06ff15e3ea09	V	1718	R	1	1903	2
9699c849-2e00-4c1e-b230-12d0bd9a0199	V	1333	R	1	2919	2
68074c2b-8192-43ad-8df1-dfc4f6f14cb7	V	1758	R	1	3445	2
8048b56f-4f76-44f0-98cc-a1b08b662b8e	V	2410	R	1	3637	6
f1af9cdf-931e-4280-8fc0-9cba3f70e4e6	V	1600	R	2	5125	3
b2db92cf-ff45-40cd-8770-64d7dc75b9d1	V	2402	R	1	3668	3
22f44e37-a924-4d59-abc2-7aeafeddffb8	V	2287	R	1	13346	3
416587c2-ec55-465c-b316-5de1936794fe	V	1840	R	1	16607	3
9a24842c-7c8b-41b1-bc15-a9067425edf5	V	2402	R	1	1838	2
dd5df3c6-27ea-4190-9cf8-dea3c3a72482	V	1944	R	1	4438	20
e6af1421-910c-439f-9ad6-597ae203278d	V	1175	R	1	13713	3
a24cfd39-f623-43ec-a6fc-b8cede50032f	V	2257	R	2	1842	8
04c62cc6-5842-4dec-9660-c0f9054ea562	V	2023	R	1	3088	4
14baf3e6-e15d-4e11-b491-ecc9fb03a163	V	1694	R	1	146	4
24fa3761-0a14-47e2-a26d-aecd418ca176	V	1796	R	1	7272	3
32868760-8eb2-40f4-827e-51fb9e2dba00	V	2037	R	1	2525	4
b4ca2e02-6c9e-41f0-ab3e-0bfdaaed143e	V	1631	R	1	262	4
c6838933-d9fc-490e-9180-b77fcc85cbd1	V	1453	R	1	1258	4
68294e1b-8cd4-4b70-8d7d-63cb47f5b847	V	1855	R	1	1849	3
1b5a8396-aa7b-493f-8352-e7f8d927f0e7	V	1892	R	1	3692	8
f4985c80-ace7-43b9-aa15-2f7be6bd02d6	V	1950	R	16	5401	5
076592d9-dd8e-46f1-9a3f-4802f555a766	V	2064	R	1	6129	3
f77ec92a-3780-4e48-9544-fc66a1b8fb03	V	1739	R	1	2489	2
46c27247-8135-433b-810c-95e235d6e519	V	1926	R	1	10307	2
8a51b0ae-068b-4ba2-b5b5-a773694c65de	V	2287	R	1	4826	21
29f3b81d-43da-4264-9797-ac87cc7cfa1d	V	1873	R	1	3136	2
0cb1ba64-9840-4b95-8d9f-bd952cb3af11	V	1777	R	1	5998	2
d273d44a-2e35-4b3c-a5b4-d08c1e96d598	V	1905	R	2	4911	4
1c3d781c-1c52-474c-a963-347d377839f9	V	1837	R	1	3582	5
3de827e9-94ed-4108-ab01-933f0ba51952	V	1790	R	1	3424	2
4848eb51-1f16-407e-bdad-6dcf991c51d0	V	2145	R	1	1859	2
6655a2b3-b8c6-4700-bad5-5b9bc5dfc2e1	V	1740	R	1	6030	2
64ec4ef5-cc02-4437-9c1d-be396777aab1	V	1896	R	15	265	8
6de47cae-5779-4843-bb0f-82156b76a13b	V	1783	R	1	271	3
57360195-a475-4d40-b3df-76c103347834	V	1783	R	1	15556	4
4b8a02b9-0b21-4023-89bc-d3d4dd710255	V	1996	R	1	4853	4
895ab07e-c04e-4258-8e63-b98d8d5fad1d	V	1828	R	1	17527	2
9cd98bc5-88d1-4c85-a877-726068f90052	V	1800	R	2	5827	8
b9d9acdc-30b0-4cdc-8e6f-5da8243cfbd0	V	2097	R	1	4804	2
b4f7a228-8e4f-4cd2-80a8-d50b8bc602b8	V	1932	R	1	144	4
e9e45494-b024-43ab-ab04-28dcd7eab48e	V	2085	R	1	14571	4
295bd1eb-3004-4a85-82ec-33c4dba4b5ca	V	2410	R	1	1249	5
ef878208-bd11-49f3-bb9b-9a1e0e0c5a17	V	2236	R	3	9507	4
e0f8ae57-df77-46d4-b0a7-7ce7cbec13d5	V	1996	R	1	271	5
09e6c670-5d9f-4045-9cb5-948924727b62	V	2006	R	1	1927	4
0c59104a-6ea0-4138-8f9a-30ba6bc9f61b	V	2091	R	1	2919	80
614a5eec-7aec-4dd1-ad4e-c7c1f48a5648	V	1894	R	2	1264	7
73de83a5-74d6-47b5-9185-99836e572909	V	1736	R	1	275	5
74e0c35a-b3ef-4896-b671-4ef882e83fc5	V	2472	R	1	16658	8
0960a474-4b0d-4981-9cf6-a38620f9dae7	V	2063	R	1	3653	2
9a9b05fa-8d7a-42ac-a215-ec04662a8610	V	1724	R	2	5428	2
114f9088-8298-4c80-9d89-a02bc847eb74	V	2511	R	12	273	5
05d8e8a5-aa78-48f5-9aa7-0840952760a4	V	2073	R	1	4403	3
84ef2256-4053-4041-939e-905cd4358ba7	V	2378	R	1	4808	4
6488ed48-99c9-4aa0-a3c9-89e427bc3cc6	V	3176	R	1	5821	4
b5d730ba-1106-4763-93d4-af9922e04652	V	2042	R	1	6017	11
61673296-9b04-4750-b929-c125feb2b38a	V	2390	R	1	7193	3
87eb7dd5-46f4-44c4-bb3c-bcb2cf5010e2	V	2175	R	1	172	3
ac13cb62-54fc-4fb4-8aca-ae6c4414c8e9	V	2011	R	4	10245	11
f668d02d-6fbb-496a-9ca6-ce18bafb9252	V	2688	R	7	218	2
30828039-290b-40ff-9bcc-cae05557774f	V	2203	R	1	1858	5
cfbfc884-70fd-4f6c-92da-257c7a5d60e4	V	1761	R	1	4825	7
5883447c-02cf-4836-8904-ab930d166de2	V	1980	R	1	1860	3
a1475715-430c-4534-97a4-0da3a3fdcaa3	V	2245	R	1	18741	6
74a59356-0b8a-425c-95dd-484e980d0b62	V	2194	R	1	19570	3
77e0a35d-66a4-4424-98f4-f7ef248a3798	V	1974	R	1	3096	5
eb037823-5bc0-4164-bfeb-d86353dddc16	V	2366	R	1	18613	3
65b5998b-ca4c-45fa-9e1b-5db0549def5e	V	2344	R	1	8793	4
73759395-cae2-4b28-98fc-8352c7c278f0	V	2190	R	0	7664	2
46f8a914-c745-4743-9fee-8f6e94030c24	V	1920	R	1	2518	4
6eaf12ba-b771-4981-9838-b690b7d736a8	V	2018	R	2	1859	4
5bf46957-7cf1-4fea-a7b6-92a64923a527	V	2223	R	1	3598	5
6eef538a-9bb2-4af8-a174-24cb37184ce1	V	2139	R	2	1931	2
60997970-16e6-452a-88bd-262ba1069891	V	2463	R	1	8220	2
85cd50d3-3e81-4d2d-910a-485c2edae6a1	V	2145	R	1	2934	2
86e2adbb-7fbd-4f26-98a3-eac71b99298b	V	1812	R	1	3508	4
86e2adbb-7fbd-4f26-98a3-eac71b99298b	V	1150	L	1	-4425	9
65b496a4-b545-4045-9059-65b9b75f6e4c	V	3363	R	1	1854	3
ec73a0a2-0360-4a94-8a8c-a47cec72eb31	V	2292	R	1	5189	5
1899008e-c5c9-4e0f-b48d-06dd96fa8cbd	V	1789	R	1	4403	3
efb20a3c-6e99-4f1a-821b-9343aac81152	V	2215	R	7	1857	6
3dec7686-0c34-4a61-a545-ec2a7be13d9b	V	2205	R	3	235	3
5f5a50fa-cd62-4b6d-aa8e-fbef57b1d851	V	1855	R	1	6020	4
2f72213b-34f5-4c81-b60c-62b60fecf94f	V	2260	R	1	3909	6
58e44f58-602f-4c58-8794-cfb625896c5a	V	2493	R	1	2388	2
903b7b72-b693-42bc-b847-b368c0d77813	V	2350	R	1	230	4
ebc0fbf1-55f6-4196-8cfd-6840f88bc2a1	V	2348	R	3	6676	3
77257a38-8b5b-430a-bcaf-0d01a4e9208f	V	2239	R	2	3661	4
c3f5e975-cbc5-4305-972e-f342fa86d69e	V	2372	R	1	2515	2
324ed567-030a-47cc-a975-5a421e4e6296	V	1974	R	1	1858	9
a409893a-3f1b-4797-ba80-2be902451c48	V	3047	R	1	16633	7
8e0bfc19-c990-462c-b9f6-9f8ff6af7496	V	2258	R	9	1831	5
b9a0504f-7d4a-4d86-ae8d-65d55fb9abef	V	2085	R	6	152	4
70b4f121-7276-4322-a7a9-e8a7416db2e9	V	2257	R	1	6975	5
0862cc22-1def-43a9-8b0b-e9dcb5b87713	V	2115	R	0	2389	3
e34b73df-954a-409a-b97a-45a104cd5c51	V	2366	R	1	2379	6
583bb7bf-ddbb-4084-8456-14ea0dcef35b	V	2690	R	1	272	5
b7e4011f-0e8c-4cfe-9b5e-49e59c124aa8	V	2017	R	1	3114	4
a2c1843d-18a0-457e-9400-e922eaae0862	V	2411	R	1	16660	3
1694d5db-03c6-46df-be4d-15d043cc0b88	V	1974	R	2	2932	2
af79be1b-b58a-4e2e-852e-43ad3a183448	V	2055	R	1	7974	2
bc3b6693-592a-4e33-8ec5-b8218c86394b	V	2714	R	1	16646	7
95184870-f724-4f7e-9d58-d270cf13d4e2	V	2091	R	1	14993	4
9d443d3f-1783-4b15-9918-4aca09ca6c2b	V	2194	R	3	4394	3
b260621c-120e-488c-ba7a-b27335ea3e5d	V	2030	R	1	7641	3
d6affaed-5caf-4e8f-a92f-09d373f6e722	V	2492	R	2	5447	32
dbf8660c-d7b6-413a-99b5-ff9b3034f44a	V	2985	R	1	4811	5
8db483c0-5425-4e9e-8e1a-07cee098903b	V	2765	R	1	4822	7
e8c58a96-819a-4edb-9933-838ca0a12832	V	3100	R	1	7467	3
daefe2b4-395b-40a0-917f-514f1eacdce0	V	2765	R	1	1902	2
128c9e23-d2a3-4feb-bb27-864af78fd09e	V	2346	R	1	4854	7
0416bf57-23f7-40cd-b639-c1d16892f0e2	V	3068	R	1	2940	2
5176d30f-32da-44c3-afbe-7a7b7b5d6dc0	V	2553	R	1	1847	26
9a0de370-fcd9-482a-bffe-e9f1881d74ba	V	2345	R	1	6217	2
6fc0576e-6dfd-4d39-b3c0-1b30d173f886	V	2310	R	1	2950	3
ccae8b72-0584-445f-97a0-811b0814699e	V	1471	L	1	-16046	2
e85596e4-3947-4fc9-b688-b8adc0bd30fc	V	2281	R	1	2759	6
26aa1551-8485-4642-a6cb-2b609f1c0bc7	V	2631	R	1	4746	6
6e40301f-3e70-4f6a-8ea1-4e55adb8a656	V	3320	R	1	271	4
8c69f027-1641-4454-aba6-3e063013f9da	V	2268	R	1	3128	8
79e22ef5-98c0-4892-a771-bb0a0e4524ad	V	3142	R	1	1900	5
5a3f31f1-d898-4f2b-97b5-b8e7559f7515	V	3094	R	2	1915	5
155c5859-c4ee-49ad-9430-9ff4e679d073	V	3151	R	1	818	3
398b6b0a-32a4-4719-b982-d7ed0f3c77ba	V	2677	R	1	173	3
1ea95aac-2f8e-4dc4-b2f8-cbe6315a89bd	V	2655	R	3	3676	5
81190e25-7cbe-42ab-ad8a-0ece05a08c56	V	2311	R	1	1915	2
9d203c96-1bfe-4df2-95d4-920f709ddd4c	V	2747	R	3	151	3
47cfdc51-4959-409b-b448-c8bb48d387db	V	2565	R	1	3665	4
6b4c8b47-306c-4386-9242-51cb2dda134c	V	2194	R	2	175	4
5b3ec18b-8050-4313-94ba-db45dc687950	V	2677	R	1	10374	2
200d4960-5e13-45ff-afee-f3cf1fc098ab	V	3095	R	1	8583	4
df9a68fa-96c2-451a-9a22-734b7207d481	V	3788	R	1	179	4
185054c5-fdc0-4b5f-b449-5084a9198da9	V	3737	R	1	4837	8
20006fc3-3511-4e1b-b87c-cd09faf714a2	V	3670	R	1	7473	2
34c8cd49-bb1e-4f18-8102-1b90c73320c2	V	3769	R	1	231	2
88e812ab-de78-4434-91bf-46e7d7ec7fc8	V	3725	R	1	297	6
21256b0f-cbbe-441d-94ce-653ee5c9baa9	V	4302	R	1	253	6
5981dd97-70e1-4561-b6ba-d4299b44e0fb	V	3837	R	1	18740	6
8b9e7e1d-c650-416a-a721-2fffe1b777fd	V	3995	R	1	2954	2
f0b3c52e-a6a7-4e5b-89c5-1275272c6784	V	3663	R	1	7676	2
2c67ae9d-0b82-4d7b-809f-c5425c445203	V	4336	R	1	2324	5
b7898f6a-bc02-476f-9ce8-136da1f77fb2	V	4954	R	4	1834	2
1388a43b-8135-4cdd-bad2-bd63e728737f	V	4900	R	1	6891	6
6e55bd80-fd64-47af-82fb-2c8dcb225d1f	V	3438	L	1	7	2
063254bc-2a9e-45a8-9f6a-12687ef6034e	V	4879	R	1	16639	3
151bf669-2862-4a67-ad84-42cbd86d0405	V	3473	L	1	-11	32
92721dfc-ac5d-4d28-a98e-729e6ab6cb1c	V	5151	R	1	230	2
3fd41ae6-26ec-402c-9ff4-d83a91f62cc6	V	5758	R	1	3112	3
95dfa567-716e-4d18-8481-babc6111ae18	V	5218	R	1	1835	4
55e9f8cb-a3a9-47c3-b1c2-24eaf0a5a4c7	V	5615	R	1	279	5
df613d72-b6fb-406c-8d0c-ba367cdf071f	V	5669	R	1	2824	2
df613d72-b6fb-406c-8d0c-ba367cdf071f	V	4421	L	1	-1431	3
c45c2feb-7d78-4d32-b78c-c497508594b9	V	6219	R	1	3631	5
ed32d73a-13dc-4244-a8e1-7aeae6206f1e	V	6427	R	1	1848	3
7ab85d1e-51bd-4435-a839-a28d47c97b6a	V	5825	R	1	21	3
2d100632-debf-4e7e-9b12-37a7e4d112ce	V	5428	R	1	1856	3
3b931cf7-01ba-44a2-b96f-f38bcbebd88b	V	6176	R	1	1854	3
3a264a6d-7d67-4354-988a-e0241ee1b8fb	V	5911	R	20	235	5
38bc9613-126b-46dd-afb3-6e419ce4d4f8	V	6036	R	1	1817	2
eb15995d-e1df-468b-b813-cc336fb4d721	V	6186	R	1	16591	7
be58450f-f697-4244-ba4c-21e7ba60c805	V	5765	R	10	1838	3
47ed9d18-7673-4067-b2dd-29b7ce9dc1f8	V	5813	R	1	1088	5
2f810db3-f465-4371-8fc3-3ba720091cbb	V	5756	R	1	16828	6
ffc151b3-f2aa-4fb4-8a2f-7f142d8a3563	V	5461	R	1	3657	8
017dbb5b-d8a0-456f-9868-fcd8842f942b	V	6341	R	1	4400	3
cfcd9140-2208-4a0b-9942-ac6ed3d7c62c	V	9540	R	1	3635	4
78b602b5-8999-4c63-a83f-f90770fa51b1	V	8998	R	1	5149	6
11813f0b-62af-45f1-9412-bdc072d9212a	V	9191	R	1	2813	4
6819a826-59c9-4045-b3c3-c87ee37ff27f	V	9218	R	1	171	5
61ca3023-e2a7-40c9-a246-e22c5a3b3ec8	V	9191	R	1	1260	6
35769e63-687d-4c4f-8fb9-797e91ea456f	V	9208	R	1	3116	2
91cef82a-8a96-42b0-8293-862f41bb6ec9	V	9025	R	1	6295	2
9c4c2ba9-4ad0-4aee-9f2e-ec97f4f2ecb0	V	9516	R	1	237	3
6e5eb5b4-7153-4490-9eed-0627cd2a8f5f	V	9288	R	1	144	9
b0902279-589e-44ff-adb3-a30451b45f12	V	9134	R	1	20776	4
64e8c5b1-0dd7-4a8d-b1e4-f4842c816b73	V	8885	R	1	2557	4
3d1cbd60-9c52-480c-915b-9e3fdc5fac81	V	9105	R	1	2325	7
a3f52432-5803-4a4b-a2ad-6c9244153dc2	V	8967	R	5	271	5
01577270-b6e8-4820-b0cb-92cfc6c0fcbf	V	9215	R	1	4815	8
d133de37-c419-4bff-845e-19f683035502	V	9031	R	1	2923	2
219934dc-d04c-4e29-9a51-d5d10af55507	V	10083	R	1	1241	6
4d9448f0-d46a-451e-8c62-2e511ad2a7ef	V	9047	R	1	2958	4
540dcd8a-7530-44f7-9c66-4afccd773f69	V	9515	R	2	4831	4
5332901f-6881-4c31-a468-298552bcc5b3	V	9047	R	1	1828	5
2eca09dd-5c5b-4365-8545-5f00a7a19d47	V	9273	R	1	269	3
e3574009-e304-4767-8399-245d13bd66bd	V	9374	R	1	271	4
088935ce-3fcf-4f3a-9524-4869a332d283	V	9239	R	1	2528	3
d73c7551-6d2a-44d9-8c7b-b10349d78d23	V	10137	R	1	10459	2
2e3fed89-8d48-480a-a261-ac396c8d6298	V	9887	R	1	5917	5
5198268a-0039-45f2-8d03-85323977db2b	V	9355	R	1	18884	2
a4a71e57-b1c2-4706-a28b-1d4c635203c0	V	9371	R	1	5863	5
dad32a4b-fde2-48cc-b8d0-0ebd73e5d238	V	9179	R	5	272	6
15f21a5f-5529-4dbb-bab3-ae7f8f090a35	V	9119	R	1	7247	4
dbe04095-ac83-41df-b12d-d0c24bbd77c3	V	9398	R	5	16168	3
26de69c6-e5f4-4454-8a5b-0342b3476082	V	9462	R	1	25215	2
73af4ab3-65be-4e43-bc69-1edbc889e318	V	9032	R	2	4416	2
01b12255-eec4-4bf5-92af-a50bfda6f37a	V	9455	R	1	268	6
b3060f94-8484-47a2-a05e-9581f74c3699	V	9534	R	1	10152	2
4ecc8e5a-14f4-452b-ae32-92f8da67e241	V	9239	R	1	2249	3
acdbe201-81f6-4096-9e8c-dfb35aa753cb	V	9751	R	29	3571	3
ca736ba5-8b53-45b3-9f5a-b5c8321cb346	V	9795	R	1	16644	6
fbeaf78b-79e9-4c79-8201-b00095b6eb40	V	14708	R	1	6717	3
dcf7252b-e151-4e5d-ba29-2f7307488d21	V	9933	R	1	1847	3
a88e6653-5f90-4578-a5f3-3bb1d37bd6eb	V	9330	R	1	172	5
213bbb35-e732-4da3-97fb-d7520c7465b3	V	10136	R	1	4269	4
d649ee43-288d-487b-9b83-40d92d7604c0	V	9785	R	1	3097	4
31397aa1-c0ea-4516-9117-6330a6608b9b	V	9911	R	1	172	3
a277da47-7b81-4302-b228-33df2c5f03ae	V	9809	R	1	2888	3
2e21e2ec-dd75-4172-a4a9-2abca802a582	V	9251	R	1	1843	4
8c6ebfce-26dc-4f42-8612-db3ff8bce6b9	V	9942	R	3	174	4
4f627fa6-f81d-4b66-806d-03b3c1f0ced0	V	9387	R	1	1829	3
682e72cc-efd5-492e-86b2-b8cb4bd7ea77	V	9834	R	7	2880	2
544fbff0-223b-45ce-b89c-321b27bcd188	V	9273	R	2	95	4
59fb40de-393a-4714-9860-f9fc433d7a38	V	9179	R	1	1302	2
7fb4741a-c493-4e1a-b6ef-b61718ece882	V	16827	R	1	1686	9
7fb4741a-c493-4e1a-b6ef-b61718ece882	V	8284	L	1	-12088	12
1f0ba26d-5e6c-4c7c-91a1-7b874f91d04a	V	10029	R	1	4842	5
972863da-b728-4901-8502-0bb0656331bb	V	9866	R	1	4795	11
15268c9c-e294-42e3-a142-5d449c52df8b	V	9477	R	1	2431	3
58040425-bc83-45e0-9a02-a3344653337c	V	9167	R	5	13385	2
4f246cd7-ab40-44ad-88e0-b55cd49ae9af	V	9545	R	1	10751	2
ce28edaa-11fe-4410-ac29-a42aab080e26	V	10195	R	1	4520	2
e870650f-11bf-4a84-be9c-3ca00cae2f03	V	9672	R	1	2932	13
2fc3f701-2598-4240-9bf3-e0db12148b2a	V	9815	R	4	4814	3
bdbbb9a1-c70a-4048-9973-8a7d59a43f54	V	8950	R	2	7366	5
45635768-24b6-4b20-8a87-2cdf4601b679	V	9797	R	1	3433	3
6088b52b-e304-4885-bf51-4decba711a30	V	9609	R	1	16698	4
bd49fbe3-1bcd-468e-bc64-bc94ed9d1ad8	V	9514	R	1	1829	4
2b75e81c-df6e-4487-9ffc-e2c27bee226a	V	9413	R	1	16298	4
8b956105-b488-4053-bd64-44b6b4d62f17	V	9245	R	1	4811	6
e9351196-afe9-4cc6-9f1f-fd051f2d50b7	V	9428	R	1	4333	2
f9225e1c-b903-4159-be9d-5635e9e7e397	V	9899	R	2	4984	32
44f7df72-2f42-462b-a190-3f3b2911f900	V	9901	R	0	182	5
59d2bf5b-998b-4264-be4a-021c5fbdbda8	V	9666	R	1	4397	3
65d3a7c7-9fa4-4d37-bf29-b437940b6164	V	9506	R	1	162	5
edaa0ae1-a16f-447e-ab22-9a356a4f6935	V	10252	R	1	2916	2
57188a10-f9ed-4c2f-b5dc-56ec3be1b5d4	V	9535	R	1	145	5
f67fa751-12da-490c-a8d4-7904354b8cef	V	9416	R	3	4428	3
ce3ac8e4-5959-47bf-a488-bfd3fc43952b	V	9606	R	6	739	4
a292435a-79bd-4291-aa2b-a4a6d96783ed	V	9291	R	1	1794	4
c3054810-cf91-48eb-a520-6cd207d1824e	V	9895	R	1	656	2
7bb91991-5a6a-4bae-a443-56f01a507c29	V	9053	R	1	3405	5
2392e75a-b0b5-4b30-ba0c-22f76ad3ef88	V	9544	R	1	2840	2
5710b87f-7ce6-412c-83e6-5edb3832b05d	V	9580	R	1	15133	10
a4f27877-3c9b-44ef-8caa-e215f950828e	V	9263	R	1	270	7
69eed315-7a97-4dcd-9497-c369c155762c	V	9846	R	1	1890	2
576e15b6-5670-412f-b221-30579330e6a5	V	9473	R	1	10355	10
1372f01b-4d8e-4679-829e-c00d7a882ec0	V	8387	L	1	-164	3
d13f2a6b-924c-44d7-b61b-c3e945e35253	V	10147	R	1	269	5
8553ba0f-819b-49ee-81c2-56a2d5350375	V	9648	R	1	1829	3
afb6bfef-f5b5-4b94-a614-1e98c74f7677	V	9537	R	2	1845	7
e513bdf7-a199-4047-9908-3381d28fb6da	V	9827	R	1	1841	2
ccf7f4e3-35d4-45ed-92b0-38bf12875bae	V	9422	R	1	260	3
ca20035b-8e18-40e8-8c7a-d2762b3277eb	V	9923	R	1	3596	4
06053d26-69a5-4acd-a32a-0cac6f1ef81e	V	9648	R	3	274	7
a60f03f9-f2ea-413d-8b08-0e51c5a5fc4e	V	9678	R	1	13010	11
7888c70a-5781-4359-926e-65d87f3d5b16	V	10041	R	1	7419	3
eec1213b-cc67-4e9b-907d-bebdf25cb0d1	V	9565	R	2	265	5
53fcea6b-afd2-4400-81b7-ff6a6bb2cf52	V	9618	R	2	6908	4
a1440a80-57eb-4b4e-8665-b987bab2d7ed	V	9257	R	1	5954	4
bcc31540-6a6d-41a6-91e9-fbdd458bc2e5	V	9307	R	1	1270	6
9f74986f-1d49-44e4-b582-3760199387fd	V	9775	R	1	1898	3
b69fe9dc-d4e9-4066-add4-eeaf507ce12d	V	9545	R	1	2546	2
e6a00cba-31b6-4b9e-98dd-807574fbe05e	V	9908	R	1	13151	3
9f94ae78-373c-4ef9-b4c5-eee288be00f3	V	9763	R	1	2903	4
e864c5b9-2452-408f-8972-f7a6ff05f19a	V	9089	R	3	2925	5
165a4e28-069f-43cb-9277-54ab34092c4b	V	10187	R	1	16249	15
98f92a50-da66-474d-a658-65b1f6efe7c9	V	9447	R	1	7224	3
7cd8b398-e999-4a47-a71f-298b0dad1af5	V	9848	R	1	6871	2
f3b05fb2-a855-4e6d-947b-8c425058acf4	V	9738	R	1	276	3
39f5c2bc-5bb6-4426-9e8d-2b266664d47c	V	10019	R	26	225	3
73f1353d-ca70-4b43-a2c9-4fdb48ec6b5d	V	9678	R	1	2918	2
d1e17460-d0df-4495-9855-7dd6f59eae52	V	9642	R	4	144	2
e6e1cbcd-6e1b-44ef-ab2b-5fde4b158424	V	10181	R	1	26809	2
562ad024-c20b-413a-8058-c9fdcab008ec	V	9883	R	1	11759	2
2acb75d4-c131-40d5-9963-2a0ce791bd74	V	9873	R	1	6595	2
673a9fca-10cd-4a7c-b05d-f0725c0d9a3a	V	9681	R	1	177	3
e9a32063-d881-4da5-bc20-b795044a3a6b	V	10002	R	2	5841	2
37673760-9fda-4736-9e3f-1245e3f34624	V	9993	R	1	1840	2
431b9d59-c3b0-492f-8b87-067c0dc18c42	V	9782	R	1	1773	6
9b14e11b-b508-4e5a-88c6-83ab3d2b8080	V	9828	R	1	4852	4
6cdfb3ab-a767-44ed-9be0-6d99552a6ecf	V	9883	R	1	4355	3
25aba53b-dfce-4c0e-b4da-f10295aa2b60	V	9914	R	1	3665	4
01adb0df-0a11-4e47-8c21-a9f7baaaf05a	V	9751	R	1	7421	2
4ecec89c-5506-4b0a-8750-f0cabc2d5510	V	9810	R	1	2488	3
da76acae-665c-4cfa-913d-2bdafe236a05	V	9735	R	1	7497	2
76969d23-34f1-4cfc-9c69-86d27bf54afd	V	9753	R	1	1841	8
e79551ea-0650-46c3-9f10-7c436ad310a5	V	9898	R	1	226	3
b02b5328-0f8e-47e2-9d2e-c7aad771b503	V	9636	R	4	14680	2
6c1961d4-81c7-4be9-b887-50576bb3278a	V	9735	R	1	1840	2
74d517c9-8cf3-4b05-90b1-1f816d92563f	V	9682	R	1	5987	3
140b3547-0521-4437-8756-029ab4a6f858	V	10071	R	1	3113	4
0a47ca6e-81a2-4200-9dbd-8697e2a38f14	V	9807	R	1	6108	3
ca4f21ab-afa4-47fb-bf58-6a0c9c81869c	V	9887	R	3	21137	5
a8c52d04-274c-44ce-91dd-b0501d7969e7	V	9991	R	1	6088	3
3a678efc-8597-4d77-913d-bb7550fe770a	V	10002	R	1	170	2
e973f004-cbf4-4a99-915b-116cd16a53c2	V	10100	R	1	170	3
84a27386-f185-4fc7-9702-18e2c9b23f67	V	10007	R	1	2947	3
03b8e716-bb68-468f-b277-a8bd9336492f	V	9839	R	1	10432	3
6c2e28fe-3caa-4b8f-a7cb-b380c4d7ec26	V	9780	R	5	2518	3
9aae3b08-ab38-42dd-abc6-657f4b13b234	V	10116	R	1	6004	4
d012f0b6-b6f1-4f00-9576-aef701031187	V	10447	R	1	1904	2
1175fb8d-df89-453b-aede-f9aaa0b0611a	V	9969	R	1	4151	11
f99f7892-96b9-4865-83fe-9476e7b9b9af	V	9840	R	1	1844	2
30a93c41-dc85-4738-a965-31ae86e44018	V	10017	R	1	3653	4
cf68b765-8860-45cb-8439-c34a057109b8	V	9798	R	1	1274	5
d7f6d566-70d3-4997-bab5-9aa1689128d4	V	9732	R	1	16561	3
10257143-90d5-44a8-af55-676aa08c2f9a	V	10115	R	1	1831	3
efccb455-b5cc-42de-95de-9464088f7ba7	V	10143	R	1	6989	3
7a4157df-f391-46b7-a2f7-cc9a149a056c	V	10295	R	1	1839	5
fe320393-16df-4b73-82ad-ba3b25510de1	V	9957	R	1	2487	3
3852eefc-aa8c-4dbd-9be5-b94d316d3d7e	V	9800	R	2	275	5
8112dc8d-c960-446c-ab2d-273157b0e77d	V	9857	R	1	3728	5
b8d142fc-0275-4968-89ec-e5c6f9feb3f5	V	9716	R	1	284	10
d8b7f701-47e3-4854-9252-342ad22cef2a	V	10088	R	1	241	5
026c725f-04fc-40aa-8749-d72eb008316d	V	9982	R	1	2168	2
c1397d93-d257-49b3-a853-b653fc60006c	V	10638	R	1	6805	5
dcbaa34f-25ed-41d1-aa2f-1600f30b01bd	V	9902	R	1	3154	2
65f97ea2-fe23-42b6-aeae-7cd7e4ddcc05	V	9877	R	4	24570	3
597988d1-3aac-4731-a400-a81b1a370278	V	9723	R	1	25226	3
678ee955-a9a8-4476-aa2f-79b0e604e68d	V	9863	R	1	16522	3
e6c2f788-7fa6-4a1c-9a7e-beb93ba63be4	V	9828	R	5	10699	2
bf73a09a-24f2-4e42-8753-c0330d4b5ae3	V	9584	R	1	3366	2
b30d1016-c406-4253-95b3-9a66e8c58d07	V	10053	R	3	1839	7
f4cab005-d4d2-4c14-995a-1e09a65e5a60	V	9835	R	4	3410	7
571ecd33-6850-45bc-ae95-624f6549caa5	V	9822	R	1	26741	3
6a5deffd-1b52-4245-be22-af8201145156	V	10099	R	1	26835	11
0c0f79d0-5a71-4663-8a9b-1a035a7d310f	V	9946	R	1	2478	2
bab267fb-0d24-4ea6-9090-835d32adc651	V	9461	R	1	3679	5
4f526f9e-79c8-4f72-989c-6a55269c5ae6	V	9473	R	1	3122	5
fb2ec8f1-137c-4597-9680-256fe4070522	V	10137	R	1	1227	5
ec914ba6-0545-41d3-a102-117643b8be0e	V	9767	R	1	6001	3
80f2c920-b4ec-46a8-9ea7-767839681254	V	10018	R	1	4777	3
8d305821-2eb4-4f81-af4a-a336f1867021	V	9535	R	1	7673	3
f22e1bf8-bea2-4d47-b8b1-63ebccbba6ea	V	10059	R	1	5393	2
3565f183-591e-4d22-8ddb-dab627e186da	V	9621	R	1	174	5
283e31b1-c32e-4a2f-843c-d31a08806339	V	9866	R	1	8136	2
0239c95b-26ee-4cb0-8b30-8dbb54e66b14	V	9574	R	1	6377	8
be8cafd3-e009-4a6e-9871-376b02d53e00	V	9878	R	5	273	8
240d658f-6ffa-4208-a720-4bebd38c4fe9	V	9947	R	1	176	3
a8097f6c-b3ca-49c1-b5e7-dc4a17eedc35	V	9485	R	1	16752	6
e16849ac-1b55-474c-bd2f-fb741c608bd4	V	9729	R	1	5974	2
20396db5-ea21-47ee-b649-c262d977858f	V	9837	R	1	17451	3
f8af4c5a-3ee0-4daf-87b3-cacaf6040e47	V	9872	R	1	273	8
a7c88914-d1cc-43c8-a25d-ac8c31458b2d	V	9780	R	1	13419	3
fd304e8f-6b0d-4167-8fc3-21f340e1bff2	V	9479	R	1	5935	2
f0ec5df5-d091-4fa4-8a88-7d19cad99dd0	V	10023	R	1	6674	5
7398ae50-f9bf-49e9-9e16-2272a2b88493	V	9624	R	1	3648	6
30ee28e9-8060-408b-aeaa-f9ee470fbb1a	V	9939	R	1	2510	3
28bb42bd-179a-4244-a199-89ef89c87340	V	9905	R	1	837	4
1cb68e6e-bdb4-43f8-8f1a-a5479da757bd	V	9484	R	1	4841	5
08569713-6177-4b79-a643-4ac66d076b39	V	10338	R	1	4829	5
8c5a457c-9f7a-4b66-b5f6-fa4aa2c448c1	V	9775	R	1	6263	2
977cc2ec-5fd6-40ba-86c3-9adb88f6d137	V	9743	R	1	229	3
c1120bd1-fa50-4024-9325-76a05964d0de	V	10396	R	1	4599	4
d6bad47c-4a3c-4e86-9c3c-4d95475eaf34	V	9945	R	1	1874	4
c3729c1f-f168-4a3a-9369-ec66a6823111	V	9914	R	1	3659	8
4eedcae2-8acf-4d20-a055-d4ce6d65b18b	V	10850	R	1	1861	2
e6452ce9-5421-480f-bc16-bf6b2944ac72	V	9945	R	1	3975	5
ccfab4d1-5e52-4961-bb4c-ea930a72489f	V	9580	R	1	5826	3
b82eed8d-7705-46e6-931e-b79a3dd9f2ee	V	10112	R	1	6077	3
ffeb77c9-7890-436f-82f6-b38ee4504184	V	9896	R	1	1843	2
2c0687f9-b01f-4318-82cd-1da8e9314792	V	9571	R	1	7489	3
200b0345-d868-4ed8-9e99-ad1745de7fe7	V	10043	R	16	666	3
a160df34-9ebd-47ea-a7b7-f9bc923ae89a	V	9545	R	1	3364	4
1f821053-c37f-40b9-95f8-f9ab8569380f	V	9705	R	1	3789	16
fd970a54-0053-4903-916a-cd5b6b02a79d	V	9828	R	1	1260	7
19426219-1ad9-424b-ab4d-e3571c83534e	V	9837	R	1	176	4
53a04a10-10bc-4fd4-9e76-78b802ae7ee0	V	9769	R	1	3588	7
1fc39da9-788f-409e-b0c0-7db0bbb5b005	V	9816	R	1	1674	14
24324904-54ef-4319-87a5-404488101d31	V	10023	R	2	1928	3
79cadf35-0486-4213-ad1c-f75007f14b25	V	9945	R	4	146	3
19bcf758-3b2e-4edd-b4a8-d6400a1bd7d6	V	9723	R	1	2089	2
fa3eccf3-78aa-45b2-bfa7-b52431a9e2ce	V	9600	R	1	3840	5
0a6233aa-30ce-42ad-a996-de248b332dae	V	9879	R	2	5650	3
4d4362b5-2990-413d-afe9-6e9802ec4672	V	9723	R	1	8206	4
abb1472a-85a6-4428-a476-a079816fc87f	V	10063	R	4	2450	11
7a84b4bf-e304-4ad4-be6f-7b6b036248bd	V	9815	R	1	157	2
9007adb7-d58c-4651-88ee-40c381a512e3	V	9992	R	5	7520	2
3298e07e-bf9c-4f25-8348-beccbca70c9c	V	10072	R	1	2906	2
2a2c5e65-2fe9-460d-80e2-f2fbaa7f26c5	V	10109	R	1	1847	6
81ef077c-c537-4259-b52a-6e5de22bf666	V	9541	R	1	2387	4
d15bc12b-d0c0-4e4e-b39a-a82efd097527	V	9748	R	2	1875	2
139df617-b9de-446b-b645-28e238582e52	V	10982	R	5	21	6
e29d8a29-a7dc-4bda-b97e-49b50faf8e04	V	10063	R	5	2913	2
a0a02eee-96c6-4d6e-90e7-283f88a346b5	V	9936	R	9	2885	2
e819c002-664f-4a55-a333-c24eac604f93	V	9769	R	1	275	5
1d230f47-c74e-4d0d-8327-1b2fc5c7443b	V	9993	R	2	1826	4
9936059c-3ed1-45fa-82c0-75a2183adbe7	V	9969	R	1	2973	2
e7c633e3-d92e-45b8-bdfe-6e88771efaa8	V	9999	R	1	1877	6
795e79bf-1d9e-4797-a04c-c0f549cc72b1	V	10008	R	6	2479	6
b57a6553-461e-40b4-9840-cf11aaca6ff6	V	10011	R	1	4829	6
5c08e6e9-2585-4205-ac8b-46f9d55448da	V	10159	R	1	2510	3
811535be-dad2-4b56-915e-08575ae62d37	V	9737	R	3	234	2
022e0c5e-93b8-4677-8db2-9ca0e410418a	V	10041	R	1	2918	2
f7fb23d5-ba51-4e97-992d-ef5862e2b7fa	V	9933	R	0	7518	2
d8c85504-5a02-48f6-a81d-93df17ce83fd	V	10752	R	1	13342	2
c900a35a-6588-43f5-8810-20e25afbf712	V	9654	R	1	7707	3
be3c6f0e-689e-48b4-b66c-8a54a13d07a4	V	9604	R	1	5996	2
4ca94a5f-ca98-40b3-9693-5ca54d981127	V	10300	R	1	6905	3
94607e9b-5ce6-4295-81f1-0910251fc3b6	V	9834	R	5	6659	3
4f10a249-b989-48d2-bd85-603b23b8e8df	V	9895	R	1	4103	5
0e92411c-e5d5-4935-a1b5-af592eda2519	V	10165	R	3	273	5
d5f702f6-d5bf-4cbc-88e4-f251a696b6b0	V	9694	R	14	7881	2
b2c21180-b8af-44c9-b1bd-513206eff327	V	9778	R	1	5846	6
8121273b-e0c4-4772-a4c8-959517d7a83f	V	10296	R	1	3645	5
3ce22c6a-1fa3-41ed-a86f-5064e9d218a0	V	9945	R	1	3056	9
e21d73ca-663a-4816-9352-5c16b9e77be4	V	9745	R	1	588	3
a1ef34d5-b32a-42a3-a7cf-d54c92ab3f0e	V	10217	R	1	274	7
94b34fdc-595f-455f-bd02-d50ed96e2ad0	V	10029	R	1	1839	3
977e6c2a-3250-48f8-be77-0a5179d587d6	V	10499	R	6	2853	5
a8e2ae71-8409-45e3-ae45-9a394a9be621	V	10029	R	1	1837	4
76d58695-519b-4b3d-b4ec-47d09bd1a3b5	V	10020	R	2	1926	3
c9b37f4b-32bf-4ed7-ac68-b75cec151b66	V	9828	R	1	2965	2
c851cc41-0aff-4dec-9990-d371e430042e	V	10005	R	2	16236	3
f15597de-a484-45c3-af4d-d0dd76ca45b9	V	10298	R	1	274	6
889f803f-03ac-4bff-a4de-6ebcb7926e35	V	10037	R	1	5099	3
274cf75b-7e0a-4cfe-a4cb-3e661d1b1b24	V	10115	R	1	1813	3
5f3441fe-3d70-409c-8ac3-43181f057ce7	V	10235	R	1	2910	3
151c335e-68e1-4ed6-9757-476fdaeffea7	V	9792	R	1	1829	2
1a47a35a-9acd-41ab-b44e-f06074b3466d	V	9737	R	8	227	2
9197e555-cf92-4231-8689-b796cd79d6f3	V	10187	R	6	1241	4
b5d5a3af-8f8e-4ceb-affd-7c954f8c630d	V	10037	R	1	179	3
f333236e-16a4-427f-b301-523477189842	V	9486	R	1	25137	3
8e75fe48-d463-4128-afde-22df6a27c011	V	9703	R	1	1823	5
f04864d5-be76-4a79-aaf8-ed8d768ee55d	V	9810	R	1	19498	2
d7e8fdbd-befb-4a68-8384-10bac441b15e	V	10105	R	1	4343	2
1c555de8-283a-4667-937e-70887c029c9d	V	11057	R	1	184	3
cd063dbd-a3b5-4c36-911c-1e714ed790e4	V	10017	R	1	1086	11
6f2bb0ee-1930-4ded-aeda-c978e283cb73	V	9930	R	1	16678	6
c67f1757-6307-4115-9df4-b617be00999a	V	9837	R	1	175	2
379efe9d-90ee-42f8-b5dd-4690e4d3f8b8	V	10115	R	1	6660	3
c2cda659-7c64-4f0c-8f6c-b93a2cf79e5f	V	10187	R	1	4847	16
6a3d121e-4d5e-4590-b94d-daddf4e24b0e	V	10229	R	1	828	4
8da74aae-66d5-4500-ac25-48b71bb90560	V	10017	R	1	7417	3
88e6c326-76e4-46f2-9fb0-3d6bb02df745	V	9565	R	1	4831	7
dda26431-5b47-4a1a-a123-b0a8b266ca3c	V	10314	R	1	16451	13
be8a1249-e724-45a0-93c1-2dbf9e56df9b	V	9798	R	1	1843	3
6b3f521f-3c2e-4241-99d1-5b79a55166ec	V	9774	R	1	3675	5
7b51c124-d572-4058-9587-a2d364314225	V	10217	R	2	12015	2
173560c2-97e8-4c8c-b77a-70d0f0a01e6b	V	10518	R	3	5819	2
fad966fd-6441-4da6-bc3d-bf803f63312f	V	9966	R	1	1848	6
331b568c-e300-4f4a-b858-c0f4d046a6c2	V	10029	R	1	2960	2
2939cdca-0446-48f8-b263-feb299f60413	V	9714	R	1	6121	5
a80c2a69-24dc-4a5a-bd24-5eec68477b19	V	9828	R	1	146	6
c0aab61e-e4ed-4af8-9b90-3a782b2fdd19	V	9780	R	1	270	7
45daf9b2-fbed-4c4b-ba17-fba5bcbc5f34	V	10072	R	1	1845	3
1cb6a10a-534f-4b43-a5f8-fa7dfbef0d0e	V	9795	R	1	5818	5
9b90515c-cdfd-4b43-947d-8ad7dba2f55d	V	9750	R	3	3566	6
0eee7b37-a1b0-4204-89d4-929607644d0d	V	10211	R	1	7458	2
691ac93f-9820-466f-af3a-96c347e6919d	V	9872	R	2	273	5
4d16804d-cafd-4e6b-b28f-96fb62559854	V	10320	R	1	3638	6
b3172e4c-3894-4320-83be-7f76a7274ce9	V	10103	R	1	144	7
39e06f2c-a064-4f47-a4c9-3072bc544a31	V	9636	R	1	2509	4
59935060-4c40-4c05-8b2b-7bcb787c1a6d	V	10019	R	1	7638	5
925ff4e4-e11c-41d1-bb68-a5295998c536	V	10251	R	1	7181	2
86485f30-8752-4375-8892-fb346991aad4	V	9969	R	1	1800	3
65f5d6b6-46ea-44c3-a061-9d3e59f6d4fb	V	9760	R	1	240	5
66a3296d-ba45-4fe9-8686-3fff53123b5f	V	9780	R	1	280	4
b3016934-2ee5-489c-8ed2-fcf9dd14e09c	V	11670	R	1	685	3
843ded34-b126-4b2e-acf4-997772c82ac5	V	9987	R	2	21061	3
0a50b604-4536-464d-a2a5-a8251d71edd6	V	9847	R	6	1739	6
1aaf8bbf-f2da-4d09-b702-b68364e7c142	V	10174	R	2	3410	4
fa039bd7-ac5e-4796-83cf-00902d31ccdc	V	9736	R	1	3098	8
e9d62a63-1f05-4a9a-bca4-7639afcbe74b	V	10356	R	1	8082	3
e9d62a63-1f05-4a9a-bca4-7639afcbe74b	V	8905	L	1	-6165	3
0ac26caf-88b0-468a-a0b3-d4ea033bb935	V	10902	R	7	1854	2
d7d0fbde-2424-4cda-abee-0f103bfb5d65	V	10082	R	1	2402	3
ef30db19-727e-42b6-b2bf-08e77402b7f8	V	10166	R	1	171	4
8e70d6db-8bc6-4ce5-b360-1b96dbe1bb91	V	10021	R	1	5986	4
fa65abd8-7a9c-4d3a-a210-c3edd2ec0e0a	V	9739	R	4	16524	8
ec4374ec-6817-45d8-9361-74ac153f2059	V	9969	R	15	275	5
aeb0c464-5cf4-4cdb-9012-a0438c4d7395	V	10115	R	1	3127	5
1fd9aa2b-144d-4e04-aab7-c19fa53f5c91	V	10082	R	1	2935	4
1bad967d-b8cd-44de-973e-daebfa70025a	V	9905	R	1	17185	8
7c5f36fb-f6bb-4815-885e-8e6a3caaed4d	V	9987	R	2	6634	68
f826993d-08f4-4854-9e76-d3a242401be6	V	9954	R	1	5842	4
59c28b12-7a27-411d-bc8b-2ee2991d6c55	V	10193	R	1	273	2
1c73d29d-d586-4c07-9839-98e69e1b40a2	V	9945	R	1	2917	5
af80219c-d2ba-42e7-bd42-dede06877824	V	10271	R	1	23545	3
57f12dcb-eb94-4383-9f14-57f5a826a2a8	V	10614	R	1	5979	4
7e99b3ad-fbb7-446c-9a3e-19fd82f91411	V	9975	R	1	1925	2
89c101f9-f44c-4e72-9196-ee83f599315b	V	10109	R	1	2912	2
05fd9833-69d5-4271-8538-c5ef79e77530	V	9945	R	7	8093	5
fd432320-102b-4717-a115-544d306841d3	V	9699	R	1	172	5
5be794d3-3592-4f5d-8540-4c5c61afde87	V	10217	R	1	1924	6
9ee4d4b2-4aab-4b0c-b244-6f133cb99953	V	10322	R	1	224	2
998bf250-fc68-4be2-b08c-f83c4972ff58	V	9792	R	7	7479	3
665fbccb-a80d-494b-a080-6d2514f5512d	V	9722	R	1	6996	2
fa6cb886-352f-429e-bd1d-fc72614d0c0c	V	10270	R	1	10382	3
880d19c2-b670-4759-9de2-c2eeace07d8c	V	10013	R	1	16487	2
64e31618-0be9-44c7-b65f-274f1fc8d560	V	10265	R	9	1835	18
64e31618-0be9-44c7-b65f-274f1fc8d560	V	8946	L	9	-14	3
1dcba6c0-ed18-4599-a755-640f3569f911	V	10111	R	1	651	2
76a4740e-4072-4e38-929b-59f457071edb	V	10108	R	1	14686	4
704622ee-dfe0-4e65-b6af-c82aa024a0c5	V	9836	R	1	1923	4
8b9c2cad-07c7-423c-b4db-158bb4124511	V	9860	R	3	14225	3
b364d90a-00b3-453d-9c04-a4079c0d0011	V	10564	R	1	1826	2
c7fce437-1f03-470d-9ed3-63473d0a2165	V	9834	R	1	5372	5
c742e1e6-480b-44d3-a0ff-7abbde459868	V	9757	R	1	8210	3
91cbdde5-1c36-4714-918c-d4fd3b2bd9d4	V	10175	R	1	1871	3
f50f9c39-c63e-4375-a0d6-01ec4f0de599	V	10896	R	1	1096	5
ab877788-ec2d-431b-a944-6d7585fadcc3	V	9908	R	0	7666	3
4d77fd09-b760-4b31-ae12-86ee03e44318	V	10031	R	1	10691	2
9de4180b-e60a-49ab-97ef-e96b580adf03	V	9630	R	1	557	6
fc50da8f-98a0-46fb-ad54-bc64b5755b7f	V	11073	R	1	271	5
2d05a985-39b8-498c-bb79-8f8a9c6506f8	V	9762	R	2	14642	43
74fe8e98-63d2-42fd-9bf5-cf61923cbf03	V	9850	R	1	2790	2
343dc7f0-6d3b-4fb2-b5a3-1658bdf6490f	V	9829	R	3	10567	3
da1a8487-eeab-4ced-8cf4-48688f4b521e	V	10115	R	1	8571	5
14e1eae8-1af8-4e22-a62b-67e564f84338	V	9846	R	1	6019	3
b2a194b3-05e4-461d-af40-e59b2babbbc1	V	10115	R	1	4460	2
1539e7d5-dc2e-43c8-b9c8-772f601aa80b	V	10704	R	1	2910	6
5238f885-1651-4dea-aefb-dff4612ab855	V	11521	R	1	3671	6
c833e275-1b0d-47b6-b322-b2370e438b73	V	10487	R	1	2965	2
501f59e5-4e43-4966-a57e-dfe854e83aa5	V	10220	R	1	5757	5
67376e7b-11f4-40c0-b328-fa63e1b65603	V	10204	R	4	1905	2
310c6d1e-f624-4e28-985f-6d12b1cdea8a	V	10806	R	2	144	45
c49e85ca-d0e9-4bd7-93a1-6c913883f25f	V	10417	R	1	8211	2
075dcdd7-86ba-4493-9eb5-73ee01e2cd61	V	9798	R	1	3067	4
3e2aa358-bb37-4eb4-afe6-e072610dc6b7	V	10090	R	1	3093	6
d905faef-2a2a-4e25-8da0-6f9d5129d0a1	V	10283	R	2	1835	6
3a83c0bd-62cc-4d67-a747-cbdc98f44d21	V	9919	R	2	3082	2
e23afcd0-31b4-454a-8b04-35eecbdd1d6d	V	10529	R	1	6087	3
342f3491-af92-4085-b8ae-9d7cecb7fd78	V	9993	R	1	8012	3
c02b73cd-39d6-4b72-9e70-b03bcbf88c84	V	9890	R	1	1786	4
bb801fd6-763a-4518-9422-52b60c09aa8b	V	10116	R	1	1274	6
e506148a-1ffa-4c5a-b805-4b544e53d029	V	9773	R	1	10647	2
34802e2f-4cce-4fb5-b51a-1c7504877767	V	9792	R	1	274	5
de9c73ec-9006-4ea1-ba70-150ec9b3efb0	V	11035	R	1	2315	2
ac324fca-bc48-47d9-aa20-6fddc3c1a6b5	V	9902	R	1	17676	2
7aa42d54-107c-4ceb-8b7a-52c7163d1e9c	V	10347	R	1	3522	3
b6298fa8-d763-4fc6-98c3-2624f79d366c	V	10008	R	1	5852	2
406bf952-efd7-4733-a4e7-0c1c82998460	V	10329	R	1	12556	4
dc62b0ec-bfd1-4f11-b335-2de7a3b1211e	V	10044	R	1	6059	2
948f939a-3cfe-43dd-806e-26fe43ce7426	V	10728	R	1	2899	2
3e28a835-0e1e-40f0-8339-9e4c29e65ebd	V	10143	R	1	4385	4
4a9bb403-b854-44c9-8b2c-47f85db19dd4	V	10350	R	1	2910	2
8ffffb5f-1957-4a01-aa7f-bc15f6c3b73f	V	10229	R	1	28389	7
c5ce30d6-6ae9-428d-b2d8-d0643126ceb7	V	10261	R	10	229	2
0563391c-7d26-4445-b017-8d44d62cd500	V	10208	R	1	11855	6
4a797177-1d2c-44e7-a5f7-97293c2dfb7a	V	10606	R	1	1804	3
d1f48e09-bd6e-41e3-90c2-2e1c0e689a2e	V	9783	R	1	163	3
ccaaf1aa-7dd9-4115-a6db-8cf4c136eef1	V	10860	R	1	7393	2
ecd601d3-7566-4bc8-a666-15ada7803449	V	10115	R	1	3090	4
6b1a296d-cba2-460e-9475-64dd202e66ad	V	11096	R	1	181	5
f3dd6f14-69aa-498d-b7b5-fd7ce2e74c52	V	9944	R	1	269	7
222cd5c6-e73c-48d3-a6c7-4420c644cbdf	V	10952	R	1	2316	4
4355bf85-1826-44ec-aca5-e1e71a355169	V	10265	R	1	2938	2
a0d0752c-b921-4f97-8030-a3ba61d25e49	V	9780	R	1	10922	2
06994c82-c7dc-4f59-aa1d-0be21ac889d0	V	9872	R	1	2500	3
688965f7-748c-49dc-976f-df65a38502cc	V	11097	R	1	16310	4
4124c159-8f2b-46aa-bd34-cfa289927298	V	9957	R	1	18760	3
345bf3ae-34be-4444-ae28-66ed7ab6733f	V	11131	R	1	1420	4
6a3d7835-997e-4435-8224-15f71d7c9f94	V	10692	R	1	2360	6
c6130869-d3c0-463a-b5d3-9d8768eb69ab	V	10147	R	1	164	2
c7a32e71-8c35-4b8a-bbf5-3f818bed7c5f	V	10097	R	1	270	5
fdefa04e-46a8-48fa-af90-32811472be32	V	10023	R	1	2909	2
e60792fe-904f-47fa-a9c7-0b69f428ac08	V	10332	R	1	278	5
7c7c90fa-32e9-4765-8cdb-2db1d6bbc1c8	V	10114	R	1	5610	2
3af91098-cfef-4b92-95ce-c9530ae9e51a	V	11039	R	1	2430	4
3af91098-cfef-4b92-95ce-c9530ae9e51a	V	9303	L	1	7	7
5cef6fc5-5b9d-40d9-a890-0f93e74be1f5	V	10680	R	1	137	4
8b7c573f-8efd-4613-90af-b97b9f9ebcb4	V	10262	R	1	14549	3
92c38dce-e0cb-4bf3-906d-0da47b003b84	V	10190	R	1	10082	5
16f01c4a-7a98-411c-83ae-229005c4dab8	V	10374	R	1	3672	5
d6a6af3e-82a7-4a5d-866a-f22043065811	V	10602	R	1	3014	4
d1b7706e-fea5-4844-be9e-7ddf141272de	V	10041	R	1	4834	5
c2bf68b0-1266-4c4d-bde3-d191d96f6d50	V	10092	R	1	3416	3
c8345921-8588-4c76-b307-572c2e1fb4e4	V	11126	R	10	277	4
bc8494a4-4649-4116-b838-c961fb8542ce	V	10954	R	1	1865	5
53ee8910-36e7-4b77-aa59-ef9d0e046712	V	9995	R	2	3222	2
ae44f972-926b-49c1-9b4a-b85f99d5b5db	V	10874	R	1	7943	2
54cc71f5-0d69-41c3-b125-336cb5f8d1bc	V	10952	R	1	169	4
7afe9fb4-90b9-4d95-bcc3-8a88153fad52	V	9842	R	1	53	3
cd24d68b-e99b-4c23-8584-d158e32e00e2	V	10902	R	1	4660	5
890aae8f-79d7-40cf-8e92-2c7f2b830da3	V	10970	R	1	5979	4
72c39309-4c5f-433e-8eaf-22cb598de76c	V	9939	R	1	7514	2
f2ddd109-47a6-4260-ae9b-64ec43a4f1c5	V	10368	R	1	18313	63
d45cb06a-d19f-4fbb-8f52-2008d77954c1	V	11138	R	1	273	5
fbbc0fb1-7883-4764-8424-fe968532c06f	V	10178	R	1	6023	2
c4b0fd2a-ab84-4205-ac48-90b9bc3da009	V	10167	R	2	3637	6
d3b36890-3cfb-4fbb-b862-b3c5c67ab448	V	9961	R	1	5903	2
1423f084-a5da-4ed0-98d6-d2a904c8991f	V	10326	R	1	4418	3
036d7d8b-01cd-4452-ab22-46d5364de458	V	10299	R	1	166	4
0fb55f57-f197-4706-ac7e-d1006fd3b2df	V	10417	R	1	1829	4
296aebb6-c747-42f1-81d6-78fb9ddc8c39	V	11120	R	1	6661	3
5b05e931-4559-41d8-8b99-f02cd7af849d	V	11250	R	2	10753	2
58015d42-6e70-4e2e-ae82-5e924b3ef6bf	V	10997	R	1	1820	2
732e1311-0024-49d1-af56-1c77e6d4150d	V	10908	R	1	2326	4
fd241186-6fa8-4d8b-a863-438b6b395d00	V	11108	R	1	4360	3
34023c93-98c5-4267-8d4f-bc0e21488fc2	V	10490	R	1	2486	2
3a125b93-6576-4d0d-b35c-c54e8acc7d3f	V	10823	R	1	5854	5
eab08dc8-e055-403c-8d10-a17a345f5642	V	11098	R	1	1819	3
a56a1705-ac16-4bc2-8bae-8fccb863cbf7	V	10856	R	1	1861	3
955a5671-89fb-45b0-a290-bb382f9a5a6b	V	10736	R	1	233	3
3ca0daa0-13e7-4cfb-8029-c318cefa5355	V	11168	R	1	1824	3
b8b25d2e-6ba1-4db4-bad2-ed9dd402f906	V	11132	R	1	13271	2
a4d005d0-e27e-4188-b324-233e3b785ede	V	11218	R	1	3680	8
4ab4fdfa-7328-44fc-9840-e18a05c26e45	V	11455	R	1	5992	3
f3c34198-b991-4840-843d-6dda0663157d	V	10612	R	1	7597	2
fc274307-0cfa-4d25-887b-30e5a62095c5	V	11085	R	1	1260	2
d3a3df26-5dc9-46f6-af8d-d83f0acf8e77	V	10223	R	1	13386	2
f72d6e8c-7976-4dca-9cc4-72c77e9d3aee	V	11117	R	1	173	3
bae004dc-d098-438d-81a5-fe41acac270d	V	10854	R	1	272	4
650b94c6-0332-4a5c-bea4-3c81a150c280	V	11245	R	1	1259	7
f81bdf62-fd38-480b-9e90-c593df21dd4e	V	11103	R	1	16372	4
702bc5f5-76ff-4a29-814a-37f1ceed48af	V	11197	R	2	7505	2
6299aafa-4233-4762-88d1-6b3be6a2ab03	V	10854	R	6	1920	2
48fe02bb-3c05-40e0-bb37-f3f12d5e97f6	V	11882	R	1	1841	8
c679dbc5-10a2-4dcf-84f9-6e3fe92872ec	V	11371	R	4	4399	4
43d51b1f-769a-4c78-b5ec-6f092425e272	V	11212	R	3	14744	2
513e999d-1797-4c98-94e1-8b1ef2239308	V	11326	R	2	4825	6
d9105a8c-f8e9-4b1d-97ee-2dccd0974a8a	V	11185	R	1	7662	3
ec03e120-52a8-493e-81c7-79e6958fb0cf	V	11129	R	1	16585	6
13170e3f-46e4-4eff-876e-16df3b3e47a9	V	11091	R	1	6001	3
664686ab-5b39-49ae-bd72-45cfca617c1b	V	11335	R	3	1809	2
9cc5b9fb-0b7e-45f0-9c7f-73a5a7598ebb	V	11003	R	1	5395	2
59669fed-2dd4-497a-ae3f-c51708567bba	V	11426	R	1	171	2
c98cbff8-8c37-45a2-90f3-58a4ee97a23d	V	11126	R	2	13593	2
2959a2eb-9020-4769-a45c-2359529b5574	V	11197	R	2	4415	2
83282f5f-b478-4bb9-8bfd-02f015f1ff62	V	11033	R	1	1842	3
ad2fa21a-f4a8-46cf-a7eb-bd98b5d17127	V	11138	R	1	144	2
12983f82-b9f1-46f3-b9fe-73d2df2d4232	V	11258	R	1	31050	2
e4bfb43b-12fe-4ac4-bc1f-a677bbab929c	V	10994	R	9	170	6
fce2a2f4-c8c3-44d3-8b31-250047a50468	V	11128	R	1	229	2
5381e644-4b9f-480b-a111-7e59bd2d25f4	V	11027	R	7	7222	3
162bde04-8c93-4725-8dd9-f2761bd23647	V	11197	R	1	2771	3
162bde04-8c93-4725-8dd9-f2761bd23647	V	9786	L	1	-4461	2
de9d82fb-6b0a-4eba-acd1-05de93a08ed3	V	11120	R	1	4838	8
f6d83c53-14b8-4213-b268-54622199a3bc	V	11429	R	1	4836	3
2eb5c328-83a2-4939-a0ed-c652c7b4d601	V	11323	R	1	1861	3
60a6e436-f657-4e64-9e09-deca33fd1682	V	11064	R	1	172	8
3f499e25-5278-4cc4-96ab-cb746dff4288	V	11444	R	1	175	2
879a23ed-5497-4a75-860c-a91926c4146a	V	11357	R	1	3017	12
e6f1da14-63bc-412b-b909-4044ac3dfd37	V	11411	R	1	11028	12
63c435a2-0f84-4d20-89dd-fd89b8bc4d9f	V	11825	R	1	1855	2
cec40363-e942-490b-a14b-be9bfc24c9b4	V	11305	R	1	6003	3
5762474d-0758-42c7-82cc-7ef0c89c827a	V	11255	R	1	1913	4
c34771fb-b951-48d7-b00c-a7c928f32c3f	V	11173	R	3	3078	5
f09e4719-cff2-4671-9ebc-91d1cd1e271c	V	11485	R	1	4843	6
d4f4e7ae-ee36-416a-a536-104a8fb86665	V	11179	R	1	268	3
a46c22ff-aea7-4ca9-b639-94c10a3d6aee	V	12087	R	1	175	3
ef375bfa-85bb-4a70-8b4a-aebf34bdfa3c	V	11171	R	1	6117	3
eeccc4a2-727e-4d80-ab61-3b3b46ab0799	V	11285	R	4	4847	6
2e57fda4-fd55-452f-bfe6-c634ccd0a9bf	V	11584	R	1	5101	4
6527177e-0c92-4003-a370-0c1e2e46296c	V	11786	R	1	259	7
2260bfe0-8656-42ce-9473-ee90098ef6d3	V	11150	R	2	1930	8
5c4f0a8a-ce10-4088-8706-b9d0fb249a95	V	11182	R	1	1302	10
d80864bc-d0b2-41c7-98fd-499bdfd52180	V	11072	R	1	1840	2
663862d9-df51-4604-8f8c-5b51d2c0c4db	V	11257	R	1	16647	7
d0a9b85a-77e9-427c-b8a8-45113c5ef09f	V	11624	R	1	4232	3
d596ec3f-dd18-4de3-bf91-cf8e7a3cacc1	V	11132	R	1	141	4
7ab164ac-4899-44e6-983e-832e9dac7e47	V	11273	R	1	18540	4
2cd535ee-af05-40a9-ace0-7508cbac8ae9	V	11281	R	1	233	3
27e5dc86-5700-49f9-b5d2-8626d63e423c	V	11009	R	1	25231	3
b871a3b5-915c-4c20-99b4-a57080a9d936	V	11143	R	1	6293	2
e2093cd3-4e4b-432e-a767-c0d45dc28be3	V	11248	R	13	2953	4
366ff50c-8b9a-4984-8943-53ec9e4b5de6	V	11306	R	1	16605	2
2c7c6f66-85a4-40d9-8aee-8621ff208f2e	V	11236	R	1	7502	3
4b82ca50-e9ac-49e3-8b23-7d20ec24005f	V	11921	R	2	1822	2
49f73b60-e4fe-4792-b7ae-1423c0880f1d	V	11440	R	1	11655	2
e2f0a933-552c-41fc-9220-8f4a26e509ff	V	11137	R	3	3080	4
e201e5e5-a641-43f7-a48c-d6e9187f9a83	V	11174	R	1	3685	8
dabe47d4-2537-41b0-90e6-875aee682a31	V	11162	R	1	13310	4
e1bf4bde-fbee-4d93-b6c0-8f8b74e839c2	V	11323	R	1	7656	2
1cd664e7-f188-41b9-9e0e-47089faa6604	V	11354	R	1	1802	3
e279ac8f-d385-4219-8b91-805a13deebfa	V	11193	R	1	224	5
21372909-da5c-4c8d-a58a-d8567112b0b5	V	11251	R	1	16581	7
9526cd23-f08f-4259-81c3-cda7fa0162ef	V	11108	R	1	13360	41
7736d511-b58b-4a22-a12f-e7dc29333535	V	11138	R	1	2517	2
31019d90-6b73-4e1f-ba82-a181de93e671	V	11384	R	1	7500	2
427f6e99-1e95-4f5e-8b93-6e60acde4f68	V	11648	R	1	7483	2
cad94737-f390-4b4c-86cc-c26e80b438e4	V	11162	R	2	1830	2
f8b0afa7-e579-4782-bfa3-5cf2fb4b0a62	V	10979	R	4	3637	4
c5c45f44-fc57-4a11-8d95-d60db03e93a0	V	11488	R	1	173	4
a1d52e8a-0a38-45df-908d-b4b051d138b3	V	11423	R	1	7625	3
5cc84c7e-4f71-49bd-afef-50257b1aa06c	V	11197	R	1	175	5
d355c278-0068-4970-ac1c-8bf8316634f4	V	11307	R	1	5840	5
b1b0a675-4db8-4f2b-ba4b-3f41fd481fa2	V	11584	R	1	16670	2
d7b4d238-1aec-47bf-9105-033b79746891	V	11776	R	1	3110	2
a9169c30-ec86-48bc-b7db-c6dcc4b96805	V	11597	R	1	6311	4
9996f898-1454-4641-a84a-499acc4685df	V	11591	R	1	4929	4
27ab9128-507f-4207-843f-fd27a2313d92	V	11429	R	2	1843	8
5e4f1717-15c0-40a5-84a7-8d2fcf82731a	V	11470	R	1	173	5
ce74953c-95a3-4d79-a6e1-671dd4403d1e	V	11174	R	1	13283	3
c59fa691-4ed0-4c78-93d1-72745d75b316	V	11108	R	1	3683	7
c3c5f653-5535-438e-9b17-ae2c8a169624	V	11435	R	1	4850	8
7996bd99-fe36-452c-aee5-290a707c26ce	V	11239	R	1	16812	3
6c205c7e-a782-4c5b-a89b-c0f8e1e3d841	V	11786	R	2	1844	4
f28d00b2-26ea-460d-a8b4-d060cc31983d	V	11081	R	1	1864	2
cc4e5673-852a-49fe-ba93-667af89061c7	V	11261	R	1	1917	2
1dd60083-4625-4b30-966c-5a498b107eff	V	11254	R	4	1829	4
125fccba-72af-432a-b2d9-45a3f40f2aed	V	11855	R	1	4753	9
5d072d38-40fb-46c2-ae94-c53f5c1a1d75	V	11424	R	1	22455	4
984b8200-7033-4584-b529-3e58de1a178b	V	11079	R	1	16677	7
af92ef37-b385-42d9-990d-50ad9e7dbea2	V	11581	R	1	1811	4
eb4b5f22-280e-4b16-aec8-39d166a06c60	V	11254	R	12	149	7
9dfec192-b9a9-4663-90c1-e61f44d9b624	V	11581	R	1	13379	5
6761e76d-8bc2-46bf-b704-e3a5e78e5ce5	V	11335	R	1	1864	4
0aef4827-68e4-401f-9127-1135fe80db2f	V	11506	R	1	5820	3
8992e3e4-24ec-4ea4-8c94-ce5cd948b379	V	11067	R	2	2371	5
51e6f864-a228-4634-babb-82f16243d483	V	11405	R	2	7444	2
a246cecc-5819-4590-8f64-ea958287d086	V	11236	R	6	1783	2
93a88e71-acae-43e4-b67a-f978102c6d83	V	11224	R	4	266	4
2f1ad919-0ca1-443c-bcde-c4c26a82e108	V	13419	R	1	1011	5
883310e4-5b52-42c0-8e41-2dd3102b829e	V	11447	R	1	4837	25
4dc49f8e-f9b6-45d0-ad61-4fdec193fb65	V	11267	R	1	278	12
dc81f632-6cfb-40ba-a298-e8f20a965da8	V	11254	R	2	16439	3
be3e0bc3-f5d8-4648-a82b-c1cc5e175ba9	V	11215	R	1	6044	7
d2375d59-94e7-4689-bc08-b94231873ee9	V	12231	R	2	4850	5
a1778258-e1b9-4019-b8bc-52d5efb1476b	V	11258	R	1	7302	2
ff1014ff-3f77-4d51-bc4d-94f117491c16	V	11197	R	1	250	3
9f6da0ce-5e3e-4282-a355-b1c62f767390	V	11150	R	2	31688	2
62bf0d72-490e-437f-a5a6-937c3fa3c1d9	V	11279	R	1	2939	4
fb3e58ae-3ae7-4c9e-b11d-4716df9dbb63	V	11258	R	1	3540	2
4a09dde2-4e87-431c-83fb-c7e82695990e	V	11279	R	1	2936	3
83f1b781-0524-44c8-97dd-7a63a50f487d	V	11105	R	3	1268	5
f372c87f-4d8d-46c1-8b0e-3dc8f1ca3da0	V	11957	R	1	1846	6
597489a8-d085-4f17-816d-2231914295a2	V	11291	R	1	146	6
27debecc-5e53-4090-8685-ce7af0474577	V	11150	R	1	25200	4
bd3b4591-3bb0-47bc-b856-a21825268c71	V	11326	R	1	1862	2
4236a36e-1ce4-4dbb-83e7-588229b3f5eb	V	11497	R	3	273	5
81033233-b4d4-4694-86b5-6dd49b387129	V	11326	R	1	1849	4
561a97e8-566c-4d0c-8132-2a9e0495d5d6	V	11697	R	1	2326	4
5da8091f-92ce-4e88-b09b-18eebf0ec493	V	11273	R	1	5435	2
1fdfacf3-5974-44c4-b6fb-a11269052fb7	V	11428	R	1	7463	2
052e6c94-2856-4783-8b74-352c580751fc	V	11696	R	1	170	5
19805d30-dfab-4a23-abbb-259e7a4c9ed4	V	11246	R	1	1253	4
2620e08f-026a-476a-8d71-25bf18b2c79b	V	11091	R	1	18713	5
9eb17f69-744e-415b-8703-8902a074cc4c	V	11378	R	1	4812	5
acae9e80-5f04-4bd6-bb01-95c5518d4d39	V	11563	R	1	1869	5
d26107a7-7453-4273-925b-9c4586245982	V	11457	R	1	18772	2
343cdb71-cfc6-4ed7-9b70-87176bfebb55	V	11335	R	1	1924	5
343cdb71-cfc6-4ed7-9b70-87176bfebb55	V	10233	L	1	-10740	4
b04c040a-cb14-4a5d-a620-119a17b49226	V	11389	R	1	6970	75
f65d70b1-b79c-4f20-9d61-319782225905	V	11521	R	1	270	4
859bd48d-a0a2-443a-93b6-12716610a3ba	V	11344	R	1	1881	2
323e984f-07a2-4a43-816a-01c0937da2fc	V	11070	R	1	173	5
3352a7fd-6c46-4316-9aaf-68d2e33e129d	V	11279	R	2	9474	2
35ce0434-9469-4b60-88b1-30514d8d5054	V	11777	R	1	283	4
028c3a6b-801c-4d87-86b1-4b2fdac2b051	V	11308	R	1	4318	2
cbf3c2a9-a208-4432-928c-b0c689b10fee	V	11392	R	1	7155	2
3f2ec632-7a42-4ad3-b37f-bf11147d6a58	V	11921	R	1	3666	8
25cd3b43-69e2-45c5-a2cc-7e89a0fdac2c	V	11341	R	1	13234	3
96e3ade5-2fce-431d-9122-7fffaa1f5c12	V	11267	R	1	1843	3
71952c11-5a5c-4c08-99e5-620659a0a7e8	V	11091	R	1	1897	2
8c7472bf-9c83-45f8-a778-a942b0161094	V	11460	R	1	2487	2
85b53eb6-d2dc-46bb-9109-3b06ea920546	V	12078	R	1	2948	2
e8a1188c-1794-4c62-8457-a681281342a0	V	11789	R	1	22571	4
fbf9a5eb-0bba-44d9-8c03-665363143f2a	V	11609	R	1	173	4
8d968eb3-89e3-43d2-a68b-a7ba6b92096f	V	11296	R	4	3069	2
6cca3990-ea72-4b17-aec7-f86062109a7a	V	11180	R	1	2520	2
0edb118b-da5b-43f8-8331-f864266e5437	V	11156	R	1	3629	5
0edb118b-da5b-43f8-8331-f864266e5437	V	10267	L	1	7	2
e521e7c3-1599-4eed-b810-a025a1e14e3f	V	11267	R	1	9867	4
2ff99993-985f-4f15-babc-e8cc61db0083	V	11648	R	1	7641	2
8dadd4cd-dc42-4317-8f0a-d98429fc344a	V	11097	R	1	14754	50
22ddfa4c-9a50-4535-891e-84563cabc422	V	11108	R	3	150	5
9a347583-50a5-4339-86ff-89df2fb521fb	V	11085	R	2	4223	3
61a57f68-8eeb-4602-a59a-99f49840971b	V	11509	R	1	1841	7
cdca592d-6a47-49dc-aef1-61c3c8671a93	V	11497	R	1	23221	2
291afe19-df6c-4cd9-93ba-6735a81b82bc	V	11497	R	4	1845	2
8d9d5d13-9b45-49b7-a2cc-be66f87d0a87	V	11099	R	1	1830	3
de48b9a6-bb12-4041-ac17-8a5357b5c073	V	11521	R	2	7265	2
e3f2907b-c63f-45bf-b9ee-f54ee356cd21	V	11539	R	1	2391	2
766244f4-e443-4b50-894b-4a3ffc64fcc9	V	11979	R	1	12206	3
e0c8b509-59b3-4726-b794-a03877135e77	V	11303	R	1	3639	5
71d899d4-ad88-4d6d-8865-37e6151470d3	V	11708	R	4	173	5
807ea4d6-564e-4f41-a067-3905d5891efd	V	11435	R	1	7229	2
68c3a6ae-0fd3-4704-b58e-04c55a0e6d2f	V	11197	R	1	2929	2
04c7d0b3-8f36-49b0-a519-055dcb336c87	V	11365	R	1	13452	2
97c3ef6e-a9f8-4e59-987f-7a5e43f4989d	V	11256	R	1	2921	3
f0903591-73c2-40f8-afd3-5269dc32b449	V	11195	R	2	16672	4
536c1837-ceb7-4524-9194-e0214549a323	V	11978	R	1	3586	4
21b03d32-e340-4c5a-8250-31fd1dcdab18	V	11441	R	8	4414	2
16ae1a64-2a8e-40b6-812e-7d7c76070d55	V	11254	R	1	12969	3
5961f4f3-da8a-4113-ab92-22a89ec7f13c	V	11258	R	3	24897	2
98decc07-4d7d-4784-b716-af0bb4138844	V	11291	R	1	1857	2
0664a491-2f29-457f-9db5-5b1a321364a1	V	11221	R	1	165	2
7f741a8b-43ad-4b8d-8a9e-e77ed3708964	V	11156	R	1	3740	3
7f741a8b-43ad-4b8d-8a9e-e77ed3708964	V	10302	L	1	-49	2
ea13e893-b791-4293-82ca-b97ca797c75e	V	11197	R	1	273	4
8d58451b-8662-4b59-8867-7265275a6bf3	V	12096	R	4	2945	2
fda84070-5b26-4375-8a60-1362e8556c82	V	11126	R	1	1849	8
f2506c15-29ec-44c1-9f2e-f7d093d83e05	V	11951	R	2	7644	3
04c7db08-24b9-4da9-92e6-ddf2f9846366	V	11656	R	1	6028	2
ad7ab9d7-9988-401f-90a0-87a068b6039b	V	11135	R	3	5838	5
9cf6a190-e008-437c-98df-e88e5f6b257d	V	10308	L	1	-27	2
ca03aada-a138-479d-9593-66a1301e09d0	V	11326	R	1	11783	2
cd310e27-8a2a-4edb-a16d-333e02dfa50e	V	11292	R	1	3424	7
186949cc-712b-46fd-9497-2409653a970f	V	11323	R	3	2778	2
9de3c45b-aefd-4057-9224-921b73c036d9	V	12036	R	1	1850	2
deb6e85a-2404-459e-a10b-3081f570f1ec	V	11244	R	3	16431	2
deb6e85a-2404-459e-a10b-3081f570f1ec	V	10317	L	3	-468	13
f87ad4ee-74f6-4d34-8ba4-a7a0e78b251a	V	11705	R	1	1846	14
62aee19a-c515-4183-8b91-8bb83ec61d61	V	11162	R	2	1245	3
422c843f-4da4-4415-b94f-27fd42af6000	V	11587	R	6	3649	2
29906571-67fa-4301-8b6b-570d44e8e7e2	V	11230	R	2	1836	2
18770a78-eeb5-4301-bae2-f00b9e565652	V	11485	R	1	5272	4
eb560537-ffcb-4ffc-a223-aa606f385758	V	11171	R	1	5768	6
2f9ed78d-e21f-4e80-896e-f55081c9a43e	V	11957	R	1	4791	7
a5ce59d4-aabc-4dbc-8d0e-75e93ad09618	V	11267	R	1	18949	2
f82bb07b-6048-4193-a4d2-e526f35738f5	V	11378	R	1	273	3
e1f7c602-68e0-4361-8789-a458991454d1	V	11273	R	1	278	5
c35726db-bda5-4985-b121-7366004b4eb5	V	11243	R	1	3436	7
1ec8953c-1af2-4029-b37c-fa348cce7cd8	V	11491	R	1	2401	6
3977520c-b088-4739-a85f-c2faa4153d50	V	11551	R	1	14653	2
3455bfdc-11f3-4a9e-ae26-f501eb89256d	V	11258	R	1	5816	2
379e3cea-b873-4f73-9815-1dafe6d97e82	V	11192	R	1	3558	4
52eb27da-317d-479a-8d17-3c9649149d56	V	11825	R	1	2396	4
623b8907-88bb-4135-9175-f11fa4efb85d	V	11387	R	1	5780	5
350e28f0-d7bd-455d-b3c5-418b44ef54d6	V	11273	R	1	7492	3
69dbf0fe-c044-4a32-b245-d1cf40d26369	V	11765	R	1	2415	3
e5de220c-7d5e-4bfc-bc03-da396cc6f162	V	11810	R	1	16550	9
4efe3735-992a-4039-8ce2-1c95118a1c14	V	11579	R	1	4772	2
21096bc8-5a92-4cb6-b602-db499b5c8492	V	11429	R	2	1844	2
fd25d871-7f91-4837-aa92-328004618089	V	11635	R	1	2907	2
2d85b88b-eed7-497b-bf69-74db2ab4ad93	V	11366	R	1	2938	2
ceb19805-071f-44ae-aea1-9a4b075e9785	V	11355	R	1	236	2
50fd7476-5de7-4100-b533-13187f72fb5f	V	11132	R	1	1878	3
35ab8564-5519-46c5-9b6c-a15ce2cabfa5	V	11551	R	1	1271	7
d98cf763-8d10-467c-8688-9c6a39a27f12	V	11787	R	1	2316	16
8c793901-e1f5-47c8-8b97-01b6cdb37681	V	11303	R	1	2502	2
b26d6aba-4de1-4b13-9871-891259f4e5bd	V	11636	R	1	2901	2
ca61c91c-a5de-467e-bb59-bee91f1b2cbd	V	12042	R	1	19366	3
2e9e442f-074c-42dd-b583-a65022cd94f4	V	11084	R	3	3103	3
af60d1c8-26e9-41aa-808a-03321459f9f0	V	11595	R	3	234	3
45f20120-c060-4ec6-9100-2b9a4f0cafda	V	11347	R	1	3649	6
f5a5bb66-34b7-4837-bde2-73ce4675ba4d	V	11271	R	1	4821	8
30aa8cd0-d8a1-49d1-952a-3b366b9ea426	V	11307	R	1	5849	4
ca0db4cc-0b84-4113-b06c-5221191e54e0	V	11273	R	2	1251	4
a2e1411e-3c41-4fe9-97ea-71c8d00af5d0	V	11303	R	1	2786	2
4eb92f56-53e3-4208-bd83-b50412061072	V	11642	R	1	3625	4
2f193f63-4d1b-4a53-99f6-63842cacba21	V	11671	R	1	1858	6
de844a17-fe54-4e25-ba93-36c8baa5fc2d	V	11347	R	4	1845	2
601517b4-3284-4896-95b2-5bf9f7cd442d	V	11224	R	1	4797	3
0de0b89a-b790-47cb-8bf9-4f06d6618c52	V	11503	R	8	19545	2
518d9bb6-a761-4333-8f7f-df2cc9b68f09	V	11891	R	1	7507	2
4a333b55-8311-4946-b005-f0535e4b029d	V	11804	R	1	5853	4
d5d5fd89-670f-4efc-a205-b497e9ad2f04	V	11667	R	1	4411	4
0f3543d4-93a1-4121-bff6-1efb765441a5	V	11273	R	1	2933	3
f4655147-b47f-45ec-a4f6-32db5264fd51	V	12255	R	1	955	2
6ad5211e-ac05-4231-9102-98eb91021818	V	11102	R	1	16659	8
84a25941-3437-4c9a-9dd1-d0e4442ec9a0	V	12024	R	8	3653	13
c232d51b-7921-4756-b02c-b32b33804c4f	V	11533	R	1	1860	4
9cae7eea-bb5f-4add-bdc6-a1936495e385	V	11423	R	1	1842	3
f5841b84-31e6-407c-b5dd-74cc51f94bc4	V	12336	R	1	1795	8
3d11867c-2c55-4b30-8256-b98694995f92	V	10404	L	2	-12456	2
cb53bba0-4e84-4a61-b023-74faf86747c0	V	11960	R	1	169	4
651f92d6-bbaf-4a11-9c37-b2fd4ccff493	V	11144	R	2	3695	5
a84a3709-ff5a-44f4-82cd-67a70163828d	V	11294	R	1	2442	2
520b954b-38f9-4506-884b-7ff6f64a129b	V	11341	R	1	13345	2
041cc2c9-2bee-4531-80f9-db61f2a6150a	V	12084	R	1	2946	2
d1229b52-5154-4cc4-b08f-f37dfb761f98	V	11572	R	1	6332	4
ee12a6fc-8ad5-4046-93e5-ff28cd315fae	V	11372	R	1	7520	2
2864cd88-dd85-4197-ac2b-6d55f0313ad4	V	11597	R	10	271	5
fc6c9fe9-fa3e-484b-82c4-56c108b13e46	V	11527	R	1	5331	5
f2c1bd0a-60a1-49ed-b937-314db40662ff	V	11108	R	1	231	2
e2a592cb-65d1-4046-9a5a-cfc83f263cdb	V	12041	R	1	3419	9
b54c0a14-6bb6-41ca-a87d-dc5a423e786e	V	11596	R	1	1843	2
d0ed529b-e0fb-483e-ad6e-3d2dfafa65de	V	11415	R	1	4774	3
9a83ee6c-b512-4c46-971f-06bc818fd8eb	V	11569	R	1	2925	11
d3254149-89c7-451b-af8e-0da68316c8e2	V	11254	R	1	5252	4
2d4d151d-029e-4f48-ac95-163251af541f	V	11267	R	1	2940	2
a43261c2-006e-4242-aa63-571d3526d90b	V	11971	R	1	1251	5
b3e41b49-217c-4f73-be92-a6ca5e34bcd3	V	11235	R	1	5174	3
605ccbe3-a691-4ef3-bbeb-c61bfb6d5a09	V	11186	R	1	13246	3
316b71bc-32b0-4ea4-a980-e151f15162b3	V	11671	R	1	18715	4
487acab9-86bc-4d39-a3a6-35db686afc80	V	11094	R	1	169	3
ed175beb-8ba3-4b46-99a2-77c702c1cc10	V	11957	R	3	268	6
d5c29d94-4f9b-4ed4-89f0-f84327a6385b	V	11391	R	3	6022	3
cba9d0c3-5431-4264-bb52-ae2b3bcb2cb9	V	11983	R	1	2038	5
472d1dfc-21e5-4398-99d1-d96dd77d10c7	V	11587	R	1	7424	2
6ed774e0-64d7-497d-9688-632c3d1afe06	V	11174	R	1	21086	3
cf1587ca-5c4d-4e42-8d5c-b19d733bd567	V	11770	R	3	13340	2
eaa8655f-0fb5-42f7-a028-0c0a872bd3a7	V	11597	R	4	171	7
efdde962-e63f-4b0a-be46-f7914877f85f	V	11466	R	1	401	3
565a3423-d537-457f-982e-41a47625482b	V	11840	R	1	6096	5
e07527ae-e902-4160-8f25-cbdc637471d4	V	11654	R	1	2934	2
7d160b7c-35b9-4e00-92df-58071a0a2856	V	11921	R	1	3665	5
3aa72935-864d-4871-ade3-6e96054c55d1	V	12096	R	1	4764	4
22c3c21f-09b4-4eac-adb5-3efcf41738bb	V	11424	R	12	2392	2
719b4b50-44b9-4afa-9575-e30516a7b9a6	V	12114	R	1	271	4
a00fc4ba-0228-423c-9b88-1777bff1e802	V	11840	R	1	4588	4
24bdb93b-3b05-4eaf-9e2d-6a972185b90f	V	11584	R	1	6318	2
39b35f4d-c93e-4611-827e-e2900fc6d3c9	V	11254	R	1	1676	3
6e196486-f49a-48d7-9fb3-344045ef52af	V	11085	R	1	7581	5
964431eb-de17-43ea-98b9-42e4694bbc18	V	11575	R	1	144	5
d544cf19-a808-4958-ab01-82b57ebdeb74	V	11079	R	1	272	3
c5f1986c-26ba-4c71-be9c-22beeea2b64b	V	11429	R	1	4821	12
ad3ed5a6-9806-4bf4-8645-d9e6b689c7a4	V	10470	L	1	-3948	3
1ac49ab0-e879-4b86-ac1c-ae74a820f312	V	12378	R	1	268	8
de88e707-bd5f-4d76-bbf7-6d7e46a2e9c3	V	11444	R	1	3230	9
9360b402-ba11-4a0a-979b-b16c6ceb77c6	V	11623	R	2	3085	6
6ad00ec2-328d-4166-b9dd-8e03cc1bad70	V	12012	R	1	237	3
735a0a86-cdd9-4b5e-b5ff-32cd78ed05af	V	11636	R	11	1831	5
1064c537-9dc0-4701-a576-37bc215ea9cc	V	11467	R	1	1801	5
47dadd26-65cb-4fa1-b19d-f1890bfbc3ac	V	11236	R	1	7277	4
08145ec9-bf38-44e5-8bec-d60d39d30ace	V	11777	R	1	7606	2
01471480-e48e-4d90-aba5-63b7d5c8384f	V	11267	R	1	11454	9
385f1578-eff0-49fe-a1d2-ded56619923b	V	11927	R	1	1909	4
ea421c23-8ad1-47a8-8451-be2b4ecc6d12	V	11429	R	14	1861	7
60bb7474-944c-42ab-8006-4c5634410724	V	11597	R	8	268	5
24ab70d5-6156-48d0-aea4-318c45f6355f	V	11323	R	1	2934	2
568d9d00-8beb-40f1-b63c-26d32c11bfc9	V	11551	R	19	271	9
10b23499-f87e-448a-b286-77860453105f	V	11485	R	2	271	9
131c286e-7a8d-43cb-8f36-e241cd49ba65	V	11386	R	1	6014	4
5e1bb041-026f-459b-9a40-87002d675ffc	V	11341	R	4	273	3
5f2ae9d6-be42-4d7b-bc93-11d26aad74b5	V	11357	R	1	167	5
2d06980b-2f40-4d3a-8885-d3e80922f6f4	V	11347	R	3	4410	4
2d06980b-2f40-4d3a-8885-d3e80922f6f4	V	10494	L	3	-5348	3
c6b9c83f-377f-4833-93c6-2aea97950951	V	11667	R	3	15389	2
061a0c7d-af93-4675-ae02-bc6f61dc328a	V	11258	R	1	267	4
4207feed-16fd-4edc-9ac9-d2bfb42b91ce	V	12438	R	1	5806	5
453d0322-e8be-43fd-b7ed-d462b74dea1f	V	11877	R	1	2316	2
d77c0d69-4b7a-4ef0-9c96-455c343724d8	V	11236	R	1	1819	3
920b333d-6f46-48ae-99dc-4143458b0793	V	12138	R	1	1892	6
24239b6c-6abf-4ab1-80c4-05f1a987369d	V	11597	R	3	170	5
4543ada3-b30a-494b-bf2e-dcb798f4fa0b	V	11786	R	7	2551	4
dd253108-0829-4bfe-9a7c-629780817613	V	11729	R	1	14954	2
1da08e1e-4994-4371-8acc-9ce48d34720f	V	11235	R	1	3066	2
2a2e0b2d-8eb8-4a0b-af57-b5e70341ebaf	V	11267	R	9	1852	4
e91c3f94-2988-4b30-b208-83dfef082e9d	V	11347	R	1	4021	3
0312608c-ffb8-4f35-ab6b-f63be5f12e14	V	11491	R	2	5384	5
3227c6b1-24f9-4f42-b0b0-1ec9c1473593	V	11527	R	2	2965	2
1f5c7f1d-f476-4d40-9a4f-94738788ec3b	V	11511	R	12	679	2
5bbb0aba-4717-4c5a-ba72-e02c02873264	V	11876	R	1	254	5
41121be8-3941-4ca5-93d5-e64b09304639	V	11837	R	2	2533	2
ce7f939b-0635-4be0-8fa7-2d9fdbb21565	V	11058	R	1	840	3
311a6586-3b9e-4c50-b846-ef29b0c6f08f	V	11841	R	1	4774	4
a00a9fb4-660b-48a1-a547-94ed36d6797b	V	12571	R	1	173	4
b5aeca8a-11bd-48b8-ae0e-e643b5ea0b8f	V	11267	R	1	142	7
e4f2310a-9cfa-47b0-baf5-1e8f068bf245	V	11994	R	1	4801	4
93b74076-2c5e-48c1-9387-df4c44381e0a	V	11039	R	1	6026	63
1e4d22ae-1e2b-4736-9c86-d9475aad66f5	V	11659	R	1	1254	5
e0f19dff-6c44-448a-a9c1-66d241bcd3c0	V	11708	R	2	174	8
c7f3d926-5343-4e4a-aa78-15286a1ac31c	V	12059	R	1	3140	3
baad9012-9c80-4f96-b055-10c33a859a79	V	11308	R	2	2386	2
a5c34d1e-9247-4f52-ad18-0532ac2f2c1d	V	11175	R	1	2378	6
998b37a9-4183-424e-8f7e-df460f07b230	V	11539	R	1	4829	6
6a46a182-bec6-4afa-97c9-ed458a41bf98	V	11384	R	3	1818	5
f028953e-050a-4730-9cdb-a5c5b9088ade	V	11357	R	2	2390	2
4326271d-689d-4fa7-a47b-151764df7cb1	V	11227	R	1	5693	3
4b2f07d8-c236-4c59-8432-3d53051423f2	V	11436	R	1	3634	6
e840abd3-d751-44b4-b206-06674ea36e98	V	11521	R	1	293	6
0ecc32d5-d092-4e0d-8681-35f2500c4f31	V	12249	R	1	2918	3
cbd11e61-9925-4c2c-ad52-b6c1ffd4db6a	V	11317	R	1	1859	3
f0698f32-fddb-49ea-aae4-60835df61bed	V	11941	R	1	9049	5
d9708e35-5598-4e68-9683-1a1faf6df883	V	11308	R	1	3757	3
438b7fcb-2176-4c89-adcf-d49be4673711	V	12177	R	1	2507	2
d97b6985-5c19-4298-a61f-af7d3ac3f516	V	12165	R	1	2519	4
3273a6ec-c323-4a34-a292-27357bbdcd7c	V	11789	R	10	2489	3
f4f45f22-57ac-4ee8-949a-996f5e0d4d65	V	11789	R	1	16113	3
4c4e378a-3098-4a4d-b8a9-5fc29871273d	V	11465	R	1	2508	2
ca04115c-28cc-4899-aa26-74222aac674e	V	11478	R	10	3070	5
8d6b1127-35dd-4c8b-b4d0-f7ede58aa996	V	12102	R	4	1845	2
9b9421a3-90c0-443b-84af-37b6bd916ee7	V	12175	R	1	6004	5
c67d2434-a482-4d1b-80f3-eefc8ee85367	V	12501	R	1	147	3
b5eef0bf-4800-4ec7-98db-7fed1fdeaf33	V	11197	R	1	6541	2
3fade692-4a85-4400-adcd-96d3d61ac2e1	V	11759	R	1	6873	6
72db04c6-0a04-47e4-aa89-67fe553effb3	V	11168	R	1	1837	21
998e2d5d-db88-41b0-b862-7fc08a57e6b8	V	11441	R	1	4807	10
c6be2ffb-e250-4132-918b-a7e02a1dc552	V	11915	R	1	1833	2
30d5881f-fdf8-4f2f-b90a-e74583d898fb	V	11701	R	0	235	2
d0d377da-b5c9-478f-a8e3-80bd73d6c105	V	11488	R	1	5832	7
096c1109-d7b8-4896-9682-335db3848444	V	11306	R	1	163	3
7747fcc1-9cef-4724-9555-e41639092b96	V	11248	R	1	1849	2
8dc8acf7-f9e0-4b53-901a-d70d7f3821f7	V	11927	R	1	2953	2
8dc8acf7-f9e0-4b53-901a-d70d7f3821f7	V	10553	L	1	-10793	3
2b14fcd3-74a3-443d-ba9d-fc03a5a38840	V	11655	R	14	2408	7
924f91d5-857a-4756-af41-615937edd98d	V	11329	R	2	3626	6
978af20a-7506-4d26-b75b-fc886c36744a	V	11267	R	1	3693	8
d86f82a8-8fca-49e6-8900-48d8476d9e0e	V	12321	R	1	3663	2
be7dae35-faa9-42c2-8a34-5900de4111e3	V	12459	R	2	1825	2
2f705ef9-8a31-4b84-9a7c-9caf62094763	V	12042	R	4	7469	3
90f61075-6f77-42d3-bdff-c8877983992e	V	11191	R	1	10182	2
fea5f22f-928a-449b-a47b-f1e808fda05e	V	11642	R	4	2907	7
e0591793-f64d-45ed-b6bd-3547a835e460	V	11346	R	1	25187	3
986e0460-a5bb-4666-b8a5-1131de22a455	V	12384	R	1	173	5
f75e172a-bd1f-4deb-b14c-d6101a07273b	V	11171	R	1	4764	3
2a393613-a0d8-4590-8f87-5aa46af5de74	V	12042	R	1	4625	8
a80a35be-9d9b-4e37-b410-efb9afa22e7a	V	11193	R	1	7144	6
722a4309-9406-43d1-83d0-500819df15d0	V	11526	R	1	10390	2
cad93465-1d9d-4ff3-9f14-3b765654383a	V	11097	R	1	7497	6
d8703790-0d4a-48e7-bf27-85c82bc9db9b	V	11565	R	1	2379	4
f2b9f9e5-0404-460a-926a-28acdd27ee85	V	11977	R	1	233	5
8f6b1a1d-6fb2-4c33-9547-3c22f00c70a1	V	11976	R	1	663	5
abd156d6-a01e-4024-99e6-d2177a108dff	V	11180	R	1	4814	5
b948378c-6817-453b-bbff-4a067e077cb6	V	11266	R	1	3117	2
e5e778d7-f38e-411e-842c-dbc5434669e1	V	11582	R	1	1857	6
52d0bf4f-4bf7-4baa-b877-21cb992ff702	V	11575	R	1	1909	3
52d0bf4f-4bf7-4baa-b877-21cb992ff702	V	10569	L	1	-2924	3
7ae293ee-8ca3-41e1-8cea-667945197717	V	11341	R	1	2508	3
3166a57c-3f9b-4276-820f-250040e1e8b8	V	11291	R	4	17925	2
cec5294c-568d-416b-9b47-4914a0dcfede	V	11602	R	1	5998	3
0535306e-4059-4b70-a88d-8a042544ce07	V	11290	R	1	1852	8
4b3d55d5-a467-4dfa-af7d-8abd329f93de	V	11879	R	1	2957	5
2cc53be6-0a56-4808-b4fe-c89babc1fa0e	V	11347	R	1	4782	5
c9535939-08f8-46ae-b009-4ce68bd13058	V	12100	R	7	2318	5
86d36c50-9586-443e-bac8-0c65b0b454b8	V	11166	R	1	5992	4
2a1fadd0-a76e-4419-82e9-81ca7d51768b	V	11427	R	1	2303	3
c3461656-97e3-40c9-b05e-bdb6a4e25a48	V	11830	R	1	3529	3
45875931-b115-4897-b7fe-2a305eef6f93	V	12277	R	2	5981	2
2cdc2cfa-bb4f-4cc2-869f-6db8b33d1e2d	V	11777	R	1	1261	6
1a2edf96-2c40-4160-97ed-0284a0ddcac7	V	11947	R	1	234	3
6c7384fc-6912-4a97-830e-178b4427c0b4	V	11419	R	4	234	2
b62999ef-04ea-4dcb-94d9-136643e9f3f1	V	12387	R	1	4128	3
671e5c1e-762d-4c3d-b187-350dddbe6106	V	12273	R	27	5027	6
d14df0c5-7def-4429-b743-3c47ec56e0c1	V	11711	R	1	2211	3
acb1f1e3-6223-426f-aeec-27bf512858c6	V	11221	R	1	176	4
c5a2d81f-cd7d-4555-99ab-a1bc45db967b	V	12035	R	1	15374	5
8d157a31-dfc9-4059-92bc-29e3e87d74ae	V	11598	R	1	4781	8
db948eb1-9749-484e-9aef-c59ebf218ae5	V	11156	R	1	6614	2
33925c73-ff61-4afc-9c77-0a484043ffde	V	11267	R	1	130	2
0809698b-075a-4b21-84e3-3808560adf24	V	11778	R	6	6687	72
76bb184b-4cb0-4bed-90cc-3f9ddcbdd344	V	11174	R	1	6157	3
80402825-d3cd-4290-9eb8-5df52788ff07	V	11380	R	1	2525	2
5fb8d1f1-7e43-4c77-b176-2090b6a7f37f	V	11447	R	1	1838	2
2ececd74-3dd6-4995-acdf-b7c1b351dcd0	V	11243	R	1	2376	6
4a823b9b-e3ce-4b94-a19a-154699d6b57f	V	12456	R	2	166	2
6bd74aba-3ef3-4643-9049-3c3be8163729	V	11735	R	15	4425	6
acc9ac3a-c257-4990-be7a-91771b7a9dcd	V	11344	R	1	13	5
8fd54384-8880-476f-9943-0e7e02c5eb77	V	12384	R	1	176	4
b0efa583-84e7-43b4-939f-312dbcce40ca	V	11729	R	1	2926	5
41879966-e12d-4bb3-bc05-a0dc5db5ebfb	V	11606	R	1	275	4
809d4820-08b7-413a-ae3a-ce0dd5d762df	V	12166	R	1	3424	2
cf7c40cb-f024-4a9d-a5bc-ef04d7ee99aa	V	11744	R	1	172	4
feb13e08-951a-48af-b2e8-e0586ca1a5bf	V	11258	R	3	18694	4
17a37b45-6663-48a6-b979-5d60d52fc624	V	12216	R	7	5849	4
a44c17c9-b6a7-4fc6-9b59-08a2b9bac4c9	V	11717	R	1	4151	3
a16ea1c3-55cb-48fd-84f2-92980f9b125f	V	12213	R	1	3685	2
5425b198-e961-4789-9322-d8305813eaad	V	12173	R	1	230	2
ced0ca63-151f-4bba-adc7-60001525babe	V	11569	R	1	2409	2
fcfaf655-28cd-4317-9472-9e31808407dd	V	11149	R	1	19216	2
7d71c5d5-2be7-4e87-b2ce-69710378bebf	V	12213	R	1	1921	4
8a3b36a9-f11a-425f-9bb4-855428fe1dca	V	11512	R	1	2527	7
71a3d3de-ba57-4341-83c8-c4950e92545e	V	11634	R	1	6014	3
5f3ff8ba-0c73-4e30-b479-3738d5636962	V	11541	R	1	228	2
2988acd8-a641-4316-bddd-a945232808e8	V	11291	R	1	3591	5
cdbfc71b-0d5d-433f-84cb-956a3905f337	V	11939	R	1	7333	2
157e4a9d-4cd4-4174-807d-ab5e4620fabc	V	11452	R	1	3072	6
035e2e54-d2ab-4c9c-9975-873650ac7801	V	11509	R	1	18589	8
d10dcd69-23a2-4353-865c-4562ce23faa6	V	11457	R	1	164	4
19508d6a-6042-4ec8-862a-9576354e44a6	V	11687	R	1	4862	6
eb816c65-1844-4daa-9f29-355b95b38900	V	11876	R	2	7279	2
fe97ee43-9580-4ef9-84a9-5a9996fefe15	V	11648	R	2	2927	2
c9f46e4d-7637-4627-85a8-1a5b48c026e4	V	11653	R	1	1524	5
2141702f-dfd7-4f96-b630-6fe97846eade	V	11387	R	1	14644	4
5c46b84b-94f8-4d89-9285-0ab61b6d7b4d	V	11933	R	1	2942	2
e12ffd50-0784-437d-a335-49aec7b0ee34	V	11976	R	6	222	4
820e2718-8921-4d9a-9a99-9caed2c7822f	V	11202	R	1	1865	2
a844871b-2a28-45e5-8a89-b8616f5e939f	V	12308	R	1	3109	64
9fdcbc2b-44dc-4e90-ae7d-facabace3110	V	11975	R	1	7435	2
8938c41a-6ff1-490e-81dd-aba8c57493ee	V	11933	R	3	500	3
53a751a8-a22f-40ae-abd4-97e18629ddb0	V	11317	R	1	667	3
1e1ef3be-d5f9-4b93-9379-c951cb09c3c4	V	11643	R	1	3440	2
8b438df0-d859-4e99-91df-99cb7971ae6e	V	11795	R	1	4377	5
73542570-78a6-4e22-83da-6d03c62f0956	V	12102	R	1	1922	2
53b788d8-187b-417f-96de-26d2e7ac3b86	V	11991	R	1	5837	4
f6c34816-32d2-4640-96fa-2f1abb6caba7	V	12210	R	1	11659	15
9337320d-d093-412c-b42d-8d1423cca56e	V	11753	R	1	25219	4
528f9fb0-1478-486e-82e1-f9e4b84312df	V	12447	R	1	2394	4
5d13d770-59be-4867-a27d-72183b4e48ba	V	11551	R	1	4754	3
97528637-c717-448f-8add-2c16a57bab04	V	11614	R	1	222	2
22d85fe9-e719-4692-b598-a1dcdc6ebd2b	V	12078	R	1	2924	2
5fed977f-fa70-44e2-8190-b847cb994f28	V	11261	R	2	7633	2
3b7896b3-bdf4-4941-a212-872d8b9ba772	V	11257	R	2	12859	5
a0fc2357-a980-48e7-aafa-26934042cdc2	V	11284	R	1	3071	3
e3199dd0-2501-4cfc-b4c4-9427a8cec7ff	V	11122	R	1	225	4
d4055468-4558-4c69-bcaf-3269cd07cc31	V	11972	R	1	5857	6
3fac7349-663b-491a-a159-b869cf20d19b	V	12171	R	8	2406	4
90d0f9c0-9802-4695-b60d-c563ddcc429f	V	11680	R	1	4417	8
998eb7df-9c55-40ed-a304-a9b5902f949d	V	11398	R	7	7411	2
f583f4bb-0e25-4afc-ae59-5ab81eeb6365	V	11453	R	1	1832	2
0f3ab86c-159c-469c-ad3e-0073cb210682	V	12040	R	1	6008	2
01711870-d180-4fa5-ba75-b87f2353b91a	V	12030	R	5	7435	2
afe6b2fc-0e88-48a2-9eea-95c855b8bdc4	V	11303	R	1	8202	9
8c09839b-b75e-4bed-ab9d-1b862ca409ae	V	12517	R	1	1817	5
110fd721-3289-4fba-b962-af614cce4434	V	11704	R	1	6338	4
5ebb3e65-fda7-4815-84d1-944191575ec9	V	12062	R	1	226	2
f40f524f-785e-4b8f-968a-de7323cf8324	V	12545	R	1	1833	2
98dea18b-d886-4efb-8cbd-9aa2e0bd9783	V	11732	R	1	173	3
c16fffdb-cce1-4f58-b2e2-7cdbc89e82e6	V	11581	R	1	1858	7
53ff2430-5309-4e75-890f-dc01cd278b75	V	12559	R	1	180	6
827ddbd7-7dbf-419b-a68d-9468128baa51	V	11624	R	2	16675	3
21edb22f-9e2d-4b74-9124-3e4e7f4fe58c	V	11389	R	1	5362	4
ef7e9e5d-e206-4fa9-8d1c-92411568980b	V	11750	R	1	5847	5
38eafe9d-2a75-44ad-9c7b-9a8613f3a465	V	12387	R	1	3571	5
6ac1d123-eb35-4702-b3ee-e63798ff8aef	V	12362	R	1	154	6
12b582e6-94d3-47aa-9b32-6e79840503f7	V	11729	R	1	2845	10
1039ef86-87a9-46b2-a4bd-381d9cef345e	V	11575	R	1	1924	15
9ba529c4-d894-4c19-b074-8f0f01e50d95	V	11123	R	2	2942	2
1719588f-5946-47aa-84de-ecda31b7580f	V	11785	R	12	1903	2
11c2f771-32e0-4a7f-b22d-6ef55abfeede	V	12008	R	1	232	2
86d9cb45-a91a-4218-86ab-1f0e3959dee9	V	12048	R	1	274	4
3765da29-4d7e-4d74-8675-c8ce16049a53	V	11786	R	2	3256	3
164224dd-40e4-4f14-acfb-9ec0e6382b78	V	11729	R	1	16324	4
f37752a9-28a7-436c-8bfb-66057dca933b	V	11972	R	1	7479	2
9719e584-67fc-42c9-b67e-7a651878bd89	V	11248	R	1	2922	3
ffe22f11-67cb-428d-b588-576116415695	V	12471	R	1	2941	2
7dd33081-59cc-4ad4-acfb-8c62842fd5f2	V	11917	R	1	2326	4
7ae7c724-a111-4475-afb8-978f57bf2d7a	V	11323	R	1	9675	12
c3a7dac1-c11a-4ce2-ad91-541d9bbabf32	V	11323	R	3	4407	3
fea29d4e-1db9-40db-8997-b8c075dabb8c	V	11861	R	8	7513	5
63a7d3eb-2cff-41a5-901c-306b7885ba1f	V	11542	R	1	1863	2
24f535d8-96b5-46be-9349-2d5370a60a8b	V	12195	R	1	2947	2
ab2a8d8f-077c-43f3-b861-3f174dab2944	V	11587	R	2	8172	2
482d63f8-7b7b-43d1-a279-cc54e707dfe4	V	11411	R	1	2514	2
f05fbe7a-070e-41ac-a9cd-46bc1735fc25	V	11518	R	1	5848	7
b6157594-6c35-4502-875e-b7d49584e14d	V	11909	R	11	2783	2
55f667cc-8ca6-4c4f-8883-ed2cefb60c50	V	11657	R	4	2944	2
13fb168a-6ddc-4a6d-b30c-c40c3d7ee6e1	V	11753	R	1	5976	5
d0ee1b42-a48d-4dec-8bbc-c1f096dad37e	V	11861	R	1	1251	6
4f724f80-458d-4e22-82a0-4e7c5db5a5bd	V	11257	R	1	14805	4
8978b2bf-62c0-4ddc-b9ce-09d765b6cba9	V	12204	R	1	171	2
c8d7d5e7-f041-48a2-be32-37fb8ef6556b	V	11979	R	1	5819	4
14370bc2-b8a0-44df-90fe-6a5b68196805	V	11326	R	1	6127	2
8302ee99-2688-46fe-99c8-b5df517ab5ac	V	11951	R	1	144	2
38b1f85f-447e-4864-ade9-a54a0df30a6e	V	11741	R	1	5907	5
c896e0b6-316d-4993-a12b-7dcbeb05e2cb	V	11384	R	1	7650	4
378593a1-5327-451d-9df6-8a5e8b4680bb	V	12235	R	1	1909	2
59ba7bc5-1fce-4c1a-9468-0198c78b216a	V	11389	R	1	3683	14
66249452-3226-4b27-8b20-9d67aeaa33e7	V	10691	L	1	-8632	6
e1b52597-56ba-4ce6-b887-f2625c6fda99	V	11132	R	1	7432	2
cf5e4f11-5f78-403c-be0c-22eff86f8cdc	V	11575	R	1	4805	6
652b4473-9c20-40f2-8513-94cb09458c1b	V	12095	R	1	368	9
b95198bb-59ed-440a-ae22-1756b5ead5bc	V	12049	R	2	3439	2
af041c80-366a-43b6-a35d-5ce7a1e4159c	V	11749	R	7	656	2
01d19933-e6d0-4c1f-8989-42986f4fa079	V	11750	R	1	16766	4
3c22a0e6-3c47-498f-9169-651468c9b1b4	V	11545	R	1	4412	2
caefa09b-1698-42a9-8c2e-7f5e0a40b216	V	11452	R	1	13322	3
7674c07d-9012-496d-a434-6770974a5b6c	V	11509	R	1	2913	2
2791e739-c805-488c-bc87-2834029f81cb	V	11520	R	1	3048	12
cf3055f9-f26d-4033-aa30-fee9e930d34c	V	12055	R	1	5917	39
b438be62-f9c2-4e5f-bd57-dd8620068c11	V	11903	R	1	7492	2
b8472f7f-85e8-4b1f-a0f3-4e4fdfc2275d	V	11353	R	1	4189	7
7a009a3f-0662-4018-97d9-9d64ddf3fbab	V	12471	R	1	5368	5
600674b0-c9bc-490f-98ea-659489e88890	V	12293	R	1	52	3
05c33579-94f0-45eb-9dc0-df2b0163f25a	V	12464	R	1	481	2
0c5df0c7-80f3-4cb8-ba70-e49da66112ef	V	12106	R	1	4186	2
185e5c6b-ac4c-4680-99b7-4189766aa446	V	11636	R	1	5884	5
e7f110dc-6cbc-4660-bdbd-c123ce72daa9	V	11717	R	1	274	14
e3815f21-b005-458e-a50f-d4619a29ef00	V	11618	R	1	1865	4
8881d09d-8241-48b3-ba21-1b93b396d197	V	11411	R	1	1946	2
03026329-6b97-4355-bd00-65d298ce2cdf	V	11921	R	1	280	4
b05d6284-b9ea-4ff6-9d74-3c72d1776579	V	11658	R	3	7258	3
fe0b4502-ab8e-4b36-8ec9-710c5131f819	V	12705	R	5	13078	4
dd3d47d6-903d-43f9-9c1c-6839c0dc5cb5	V	12150	R	4	1894	3
ade8941f-df4d-4d80-8f40-b71042736542	V	12036	R	1	144	2
8cbab4c0-e7c9-4e67-a727-2b82a88afa8f	V	11876	R	1	3373	3
d3f5c697-2e9e-4a7f-914e-2f16fe608879	V	12021	R	1	2747	13
f52b2297-8f64-4672-9af6-0ebf79629e34	V	11531	R	1	646	13
ca8ae1ff-4102-4447-88a2-d2b2c12bdf2c	V	12221	R	1	226	2
7b51155b-83c4-4757-84e5-43c84c4f1639	V	12010	R	1	2336	2
79827d54-d7be-4da4-9f14-17463da36bec	V	11357	R	1	2400	3
5be21440-c8be-4105-9d7b-b5fe9c6d43ab	V	11304	R	1	3692	6
a15938dd-f8ac-4ecd-a96d-4dc05e11491d	V	10723	L	1	-45	4
5efff208-f486-41bf-b4e0-9eec29a7a716	V	12087	R	2	5850	5
86a40653-e548-4f69-a11c-f4f7166bdb67	V	12017	R	1	1860	2
adad16e1-a4ed-4dab-b93b-236bc39816ec	V	11979	R	1	168	4
c5c952b5-ae7e-43da-b207-a773f9566a93	V	12096	R	2	6690	2
2f0a6229-8b06-4456-94eb-d4651297a40e	V	12800	R	1	13029	2
33c2497d-8f4e-4ea0-9ad4-133dc0fbdb79	V	11994	R	1	3650	8
ca668884-9411-4cd6-baf3-e49583c6d058	V	11954	R	2	5850	5
4def98f1-d59d-402f-9e8f-370092e190e2	V	11453	R	1	7755	4
845a86a1-f4bd-488b-90db-a374b10d6094	V	12228	R	1	1302	4
8c66c469-f436-452d-8c2d-afba4a3efee7	V	12096	R	1	25008	5
ce604dbb-98b9-4ce8-b014-a5cc495a1af5	V	11485	R	16	4392	3
6857716c-15f2-40c8-8a40-e2c7bc6ae27b	V	11954	R	11	3086	3
e00c1f54-116e-49ba-945a-345652669626	V	11575	R	4	899	4
c5597731-d05c-4451-aa38-c485120cff2f	V	11551	R	3	7548	6
402421b2-3683-46d5-b7b8-65621b3b216e	V	11357	R	1	7249	2
154fe1e9-2030-4166-8951-6b7b668a264c	V	12161	R	13	231	3
d8031aca-93f5-44f3-ae94-e8a488dbe54d	V	11509	R	1	2521	2
b9a77549-719d-4d0e-a263-d182daca1394	V	11533	R	1	266	14
d35edf08-2c91-4dcb-a28e-be13080941ce	V	11667	R	1	2497	3
5e34af6a-c581-4760-9362-23568c0f193a	V	11307	R	1	170	4
f33134cc-25da-442f-b671-a4d82f8d936e	V	11855	R	1	2520	3
56d7e6f1-7a44-4e8f-b4c2-8c010fff394e	V	11867	R	3	274	3
36630726-295f-4573-9cdb-c99360a3fa24	V	11915	R	1	145	3
3b43a069-2f44-44a9-bf53-ce1deb59afd1	V	11861	R	4	1848	5
6309446c-fd55-4ef0-a746-02a090241ab6	V	11669	R	1	234	2
7bc8ec1c-e2d0-4183-b503-9fdebb303acb	V	12219	R	1	2478	2
d203259d-d550-4221-b4fd-a670febcfa2a	V	12012	R	5	4417	2
210ca867-ed9c-4b05-954c-58e3206f9ddd	V	12005	R	1	2295	2
dd355a70-4546-40b9-a8d2-a308d6535650	V	11825	R	2	7492	14
edabbd44-af03-477e-810d-04309c6dc1a2	V	11894	R	1	168	5
4b13f5f8-d96a-4719-92c8-27a950007ec4	V	11775	R	4	5988	6
8c274f09-9889-4b56-b22a-c39882693ce0	V	11683	R	15	18816	2
9d7e8101-5a42-4bbb-931d-50ec450fe1b7	V	12432	R	1	171	4
c16cb38d-cd4d-436f-88a3-875c338b6601	V	12289	R	1	5951	2
879fcd2c-00bd-49ce-a2a3-702b3da4c136	V	11813	R	1	6961	10
ee32ad8e-ab70-4d2e-ab10-4584f408bf50	V	11823	R	8	5958	2
21ae8912-88c6-4547-932d-0f3267d40895	V	11491	R	8	7463	4
1ff4ed58-f0db-4e53-b4f4-6220fbb06460	V	10746	L	1	-3022	2
43aa8a6d-c90e-4bc6-95a8-d179aa700019	V	12468	R	1	5789	5
4f925942-6228-4299-ab2a-5a848c2995b1	V	11900	R	1	3548	4
c7f44f3d-4f27-41b4-aea4-a6a39c148b38	V	12471	R	1	4783	12
495f2a0a-4110-4962-8c32-0c49b928fc2b	V	11642	R	1	2522	4
d8a35e82-cf76-4169-9d3b-92fcac55349d	V	12393	R	0	273	5
b188af78-734d-4bfe-8b04-f80f4d9fc6c2	V	11859	R	1	5968	5
1d5df799-ec8a-4e9c-8457-20fa728aa03e	V	11784	R	3	142	6
0bed7d57-7e03-45f4-a49d-c416ebd565cb	V	12078	R	1	4542	7
1c21871d-b5b5-4d03-85c5-9962e9d41ece	V	12036	R	1	6306	2
4320b4fa-474e-4139-bc76-2cbcfddf70e8	V	11357	R	1	173	4
770ec9b1-7d29-4b42-a895-3e6800c06510	V	12752	R	6	5835	4
0110c3f2-d075-4021-a40c-3bad17f60234	V	11642	R	1	5394	4
86bd244a-ae8a-4476-bce8-8d91ad195b99	V	12270	R	3	16608	5
ace559e6-3e9f-4b53-8d53-10d552843eec	V	11872	R	1	3656	4
cee6798e-fed8-4966-80b6-1181b497432e	V	11759	R	14	5397	5
28b3742e-d2f6-4862-afd1-23bef1f4680f	V	11314	R	1	173	4
2e5c901b-ca70-4a50-93f6-e0bcac0a133b	V	11114	R	2	21964	2
7df431ca-e0c1-4782-be10-c22c4117ee0e	V	11979	R	2	5843	6
16c23f4c-39b7-4b7e-bfba-3da5b9320b08	V	11242	R	1	23242	2
f0de9279-1034-4777-9280-f058706f4e1a	V	11960	R	1	4209	3
87c5692d-d20a-4aa4-95fe-191a48c0ea0b	V	11855	R	1	9495	2
8fe1962e-3cc1-4af8-aaa6-b7f1cd5cf8f1	V	12800	R	1	267	6
25381c22-2d4f-47d5-a9d3-094b2a13d5ba	V	12030	R	1	2954	2
b6b5699b-6775-4140-9764-3feaa97d698f	V	11693	R	2	2518	4
f13bcab4-5f35-43dd-8af8-fa802f16cfcd	V	11303	R	11	3646	6
4c52ec8b-6634-42fb-86c8-5c7aeea36ecf	V	11563	R	14	1886	2
987e07fd-3528-43cf-af0d-c37e087933f1	V	12177	R	1	3627	4
8309fc6b-6010-4782-be46-714247fa0185	V	11654	R	1	2496	3
a60d64ab-f867-49cf-ba1d-c39465448870	V	11317	R	1	4768	3
86c0989b-bffd-4d7e-b539-f702e89fd499	V	11366	R	1	21	6
95239dc4-82a2-4a53-963f-c839fd4877e0	V	12216	R	1	172	4
a4a0721a-9c90-40b7-b6b9-c35b99b2524a	V	12234	R	9	6092	3
47df197f-c5c9-49cc-9569-5f03254ddc32	V	12111	R	1	16585	6
eff4cf46-b759-4e1d-bd9f-c566ab2ea3f4	V	11789	R	11	2549	5
a0ab62da-3fb8-4c64-b423-50c36046aea6	V	11497	R	1	3672	5
df1b88e0-d60b-4f5c-89ff-a2782934054a	V	11630	R	1	1852	2
2abc6303-4820-4756-94bb-19957cc93436	V	11979	R	1	18749	2
0e83670a-db9b-4df2-88bb-1d560c086060	V	12024	R	1	1922	2
f2dda194-2318-4880-8d64-f0c6632c15af	V	11979	R	2	5831	4
981c9641-365e-4b76-b760-e47d5bbfb269	V	11784	R	1	3675	4
19f52cbb-97da-45db-bfdc-e29ae03c9ae5	V	11945	R	1	5405	6
81295591-1f93-4351-9053-69b2ffde6114	V	11475	R	1	5965	3
fae0370e-188b-47d9-9ba2-349e1aa6647b	V	11771	R	1	1890	2
c3424604-db45-475d-8381-7aa1a6896465	V	11654	R	1	1858	5
34c01fd0-cbb3-4537-b525-6ea6e8277d3f	V	11284	R	5	286	5
676e2d0b-8823-4a14-91ad-ae0c0ea13d10	V	11843	R	1	2702	2
42e12ab9-1a00-4d37-b6f2-65284748e4ee	V	12201	R	1	3677	3
d2af8504-28de-4321-94ff-a916968bda94	V	11629	R	1	1856	4
de06e8d4-9a56-42ff-973d-c0e3f3d616a8	V	11363	R	1	16585	5
e7c9a1c7-caf3-4bfe-95fa-bd4802df7985	V	12036	R	1	1849	8
10ef9112-c25c-4d75-9d31-0576649825a5	V	11357	R	1	275	8
23452f6b-0353-40e2-921b-8222464fe65e	V	11924	R	3	1865	3
33ed010e-d632-4fb9-a38a-a0371a36d927	V	12411	R	1	14609	2
f5387af3-e62c-4a37-a80d-745854cf3076	V	12219	R	3	19548	5
f49b34e9-2a8e-4bff-b4bb-1d8cb9f653a6	V	11532	R	1	7617	2
90d7f127-7a69-4afc-9f86-ddd820926fad	V	11414	R	1	2512	5
a43c07a6-8f31-4859-8375-c16b24042c7d	V	11520	R	2	3110	6
32d28ae9-6e44-474d-b175-c39420529a66	V	11389	R	1	2908	4
ec186767-5a40-4a49-bbfb-c12ede83e1ed	V	12321	R	1	1822	2
b203e880-3a25-44b3-a37c-51b9ca2db48e	V	12158	R	1	3655	4
e14d5632-5a16-4cde-a478-cea04a37bb93	V	12453	R	1	270	5
c05d1d30-3322-490a-9172-6b17db009531	V	12291	R	1	2528	2
4f8e8e35-9487-460c-86ec-38b12562e4ec	V	12538	R	1	1841	2
8ca9d365-637e-4610-80f0-5d7a07276736	V	12345	R	5	3597	3
2c9fea66-81d3-4e3d-aa55-df86b7c5d7cf	V	12000	R	1	1857	4
fe5bca6f-bfd2-4559-b627-5c0a2aeae085	V	11801	R	1	24611	3
e6b2b9d5-482f-4380-a808-635a3fdaa8f7	V	12279	R	1	7421	2
62346af3-b9f1-4b5c-a831-8974fa4ddcf0	V	11771	R	1	144	4
8df27345-14e1-441c-8805-09b4a3a37ba4	V	11876	R	1	816	6
528508a8-bbaf-4e8f-b067-039c702b06a6	V	11545	R	1	7628	3
cf5f48cd-01f6-424a-873d-998b0cbb3167	V	11763	R	1	3581	2
db9ebd5a-6cc7-44f6-b7a5-3fa2522bd881	V	11569	R	1	18723	4
6aae0bab-eec6-42b2-a0c9-28e93c52721f	V	12054	R	1	145	3
7cc7d46d-32f8-4f8e-8c15-f5337809c204	V	11466	R	5	14560	4
55bcce87-1f67-4336-9459-27840843dc06	V	11963	R	1	1832	5
c0e96472-0a28-437b-a1f4-aee5678cd617	V	11197	R	1	7664	3
f5918517-761b-46e2-a259-71930afd953a	V	12042	R	1	1877	2
1f14cc1e-7a05-48a9-bbb9-1638e8a6ac2e	V	11974	R	2	1845	4
9f3f57a8-337f-4863-a72a-4da265a21a8b	V	11612	R	4	1854	2
4db00787-3ec0-4c7a-be66-fb7da2578573	V	12249	R	1	271	5
c9640bc1-9bb0-4527-a85f-154f224c20dc	V	12066	R	3	1847	2
5f9b40bf-183d-4a89-8950-9970fd7c880a	V	12231	R	1	2939	2
127b4aff-20e5-4255-8953-95052bfee8f9	V	11945	R	1	4829	5
ac857027-7f00-4428-bdfe-680d4cd07fa0	V	11785	R	19	3109	2
a724b028-dbc2-472a-9459-1f09d3ab3ccf	V	11842	R	1	11582	21
efc7f1ac-aad1-4a6b-b88e-d3f122abec2f	V	12482	R	1	3687	5
0aab0b20-5b5d-41c2-ba5c-8326c331ae73	V	11979	R	1	5810	4
d19e05ce-6aaf-41c9-b81a-387ceef5ca7e	V	11784	R	1	5818	7
f196170a-3184-4193-815f-f70f6be05734	V	10824	L	1	-15687	4
619fdd0a-90df-428d-af3e-e9b13a1b32fd	V	12666	R	1	173	3
5c08ef64-65c9-46a0-a6f3-78d5b3ffa6f8	V	12213	R	1	279	15
74625b6f-8a36-46c8-8ef7-5bab552816a0	V	12019	R	2	6981	6
9c841af6-0996-434d-9bff-123fe1855280	V	12000	R	1	270	3
32345e85-35df-4527-ab3e-f19588076dbd	V	12161	R	1	2490	47
e2b07f88-21d1-41c1-aac8-24424aea3049	V	12084	R	1	4836	8
84ab4fcb-b96b-4c81-bcdf-c0c231942f12	V	12375	R	1	1855	4
a60ee43c-eb24-4455-ab87-2bb6e7c01a55	V	11527	R	1	4395	2
3ffc8dc7-8130-4b1f-a32f-bc7874aaf893	V	11587	R	1	1852	3
34910651-f7c8-4c5c-b7de-1c7318639550	V	11648	R	8	2503	3
79ab4ff7-aecf-48e0-a31a-3b69da3289f9	V	12702	R	1	5824	2
a1fbcd3d-d09b-4dd8-9c30-b49127a34170	V	12108	R	1	19334	4
43533d97-ce35-4ad1-b61a-26829752c5b9	V	11928	R	1	20457	2
281a5050-2ab1-47d4-87b2-2a2aaa203595	V	12457	R	1	5993	2
02cd8f68-b13a-47db-900d-e64e6aeba784	V	12471	R	12	266	8
9c6ae45b-07ca-4472-96c9-ef093892d2c1	V	12482	R	1	1856	2
afb55691-1fa6-4f50-9881-2afddbc7cb9e	V	11969	R	1	1834	7
52f726c0-eb84-4367-977c-d46933588d3a	V	12177	R	1	1254	6
e431e610-21d2-4a64-b1f7-efb9a5aa8851	V	12114	R	1	1830	7
7ed669b0-44c4-4fd3-b36c-3ddfd9b2fe55	V	12321	R	1	4183	2
885be6e7-61d6-42f1-99ad-120405e76d38	V	12694	R	1	6939	6
3a2f1d1d-8c86-41c6-9992-dacff0b66862	V	12488	R	1	2044	3
1f5a9638-d2a1-4d22-9bf2-30f3354cb5cd	V	12580	R	1	4787	4
472a1632-1072-42ef-b9a5-fe8f0fd8106e	V	11979	R	1	11680	5
4e670db8-336a-4647-b13f-afc46c5bb7cd	V	12129	R	1	6351	2
369b9c76-09f8-4e40-9036-be38a39fa96b	V	12609	R	1	276	2
16a9632a-0e29-4c3d-a20f-bc1cdf07532d	V	12168	R	1	168	7
cc929323-97a0-4086-9837-57fcd0b4852b	V	12285	R	1	2923	2
bbf511f9-4e77-4816-bd0a-c34e8689adaa	V	12183	R	1	1843	3
3c1cb719-dcb2-48c8-b7d1-419c353ee59e	V	11897	R	7	4402	3
a4baa768-7223-4da3-bec0-e67814f83589	V	12520	R	14	1577	3
15086626-898c-43a7-ab7a-3d506ef5162a	V	12228	R	1	16873	4
507fe302-d1a5-4327-97cd-172609573ca5	V	11963	R	1	1253	4
325d2b2b-26d2-4785-af37-d5fc80c78359	V	11903	R	1	2957	2
eb8ea6f7-5a91-44ad-8ca7-1f86d06e6689	V	12343	R	1	7191	7
5c1f3bca-ab50-4383-b2a9-3e6d256cf3f0	V	12120	R	3	21	6
d8a4833b-1430-42c3-9024-e89cce6b200c	V	11753	R	15	4438	6
dc47a0a4-8a09-41a0-beb0-9f2aa3bf0366	V	12538	R	1	730	2
6b10f3c2-19b2-4daa-a902-5d7e1310c9db	V	12407	R	13	225	4
1a1a8f2c-059a-4dd7-8a67-df08c7638616	V	12255	R	2	7457	2
12e79f17-091f-4828-9e93-1c04a7f64cc7	V	11929	R	1	233	2
b2794d32-ea45-4244-98d9-7b01817115d9	V	12225	R	1	2404	2
e6fdd67b-e671-47aa-9cb2-aefb54898158	V	12044	R	8	229	3
e6fdd67b-e671-47aa-9cb2-aefb54898158	V	10934	L	8	7	9
5a2d5e1c-11f9-42ae-a51a-62bc1d187098	V	11735	R	1	273	5
358f3544-be63-460d-8f2f-138f1b57a33e	V	12240	R	1	172	4
f3c48314-083a-4179-b2fc-c88626aa7cb1	V	12580	R	1	1896	4
ed1b4e15-d97e-40e5-8e3e-bbe4c2f5ccf2	V	12562	R	1	2418	11
ab0c9b74-076a-4fad-ba51-b86e879c61db	V	12375	R	2	274	3
00037079-d84f-407c-9335-384d335830e1	V	12526	R	1	266	6
7f072cea-321e-40db-94a6-900d09beac02	V	12137	R	1	1187	5
1c99af2b-f787-443a-b204-17348411e60b	V	12121	R	1	11588	3
2bc59f18-56b6-45aa-9972-6006df827577	V	12360	R	1	4233	6
ee3338a2-0e6b-4341-8c6d-6923d0a17b1e	V	12782	R	1	6635	2
ee3338a2-0e6b-4341-8c6d-6923d0a17b1e	V	10983	L	1	5	2
f7beed43-999b-4284-8090-1456d909457e	V	10985	L	1	-12294	4
c04d6083-4567-4f11-b4e7-69dda2d64f20	V	12267	R	3	1853	3
4c6fa275-9e2c-48c3-98f1-1f6a4c59d836	V	12420	R	1	18391	2
7f0d31a0-312f-4102-802d-f17d73974841	V	12213	R	2	1854	7
77cdd634-190c-43f7-840e-e5a8de87812c	V	12213	R	1	2915	2
b581e29b-f2d9-4483-81eb-02ca8b1e580b	V	12201	R	1	4824	7
8a360215-294c-4b1a-9db5-8c9adfd16ba4	V	12604	R	1	2520	2
ab48284c-7377-4878-a51e-14e8fafe72e8	V	11927	R	1	1267	6
c4bf24d8-7435-439a-93e0-6f4834b8fc1d	V	12102	R	1	2883	3
165c6918-4341-4c04-9c73-3f5a86281bd8	V	12486	R	1	1768	3
ed450927-c39c-4d0c-b703-4f02c9147d26	V	12276	R	6	168	5
4d913cbb-eb3e-4741-8cef-3be5e1f487d0	V	17221	R	1	1249	8
06e47db7-31d5-4a2f-8342-70ad20762242	V	12559	R	1	8249	2
39b35422-b49c-4b64-a487-9522bbd71a63	V	11240	L	2	-166	8
675d5b59-1f37-4c3c-b468-80f62af33603	V	12699	R	3	279	5
01f77e24-f078-4335-a000-a5e47e2a351a	V	12206	R	1	4731	4
b1c35826-e184-4812-9268-c37d373c6295	V	12249	R	1	3625	7
7773c278-f88e-4dda-be3b-d34678c5c8d4	V	12913	R	1	18818	4
c618a5ad-c877-469c-924b-30d3dc0c079c	V	12526	R	2	273	5
3be44f55-d832-4f8f-b12a-1c19cfc7ddb0	V	12207	R	1	1920	2
01d1992e-0a72-4cb0-b4eb-1b4be30944cc	V	12177	R	1	18544	3
38f2001b-686a-495f-862b-77d6e6c11ee5	V	12303	R	9	2532	3
ce231f4b-6a19-4eb5-ae0a-5ee707153564	V	12550	R	1	277	6
87f05dff-6a24-489f-9e43-94dca7ad3aee	V	12527	R	7	10781	4
0d4ea895-72b0-4bb4-b00c-491c5472f104	V	12216	R	4	176	15
b4cf3eec-b4b0-43c7-a735-7e9bd05731bc	V	12036	R	1	2905	4
52392e7c-4508-40b6-9964-0fd3bbb54503	V	12959	R	10	7006	117
acfec47e-5319-4152-be48-e9c5eb9a5b79	V	12285	R	1	2330	5
845baf27-de4c-42c7-8bfb-bfac2e29bd23	V	12705	R	1	2526	2
337a7d4b-62a8-4fc3-ba1a-25795f5dc5d6	V	12550	R	1	1270	6
496db8e7-33bd-4b82-9b45-c0c57372c42a	V	12242	R	2	3110	7
d5ec58e3-9b7f-4184-a15e-de801343bf17	V	13183	R	1	3801	2
1cb8af40-4299-40d2-bd16-a358fe56b09b	V	12687	R	1	7510	3
36d132ab-82c1-4c59-b57e-ae15f7b73f55	V	12333	R	1	3102	3
6bc7fad5-bf2b-4d93-a65d-5d90d808a8a8	V	13076	R	1	3678	4
0b7acf69-9b77-4813-8b05-4e0464c802b7	V	12368	R	1	911	4
d2afc248-2fb0-4360-8f6b-24974fc8d59d	V	12853	R	7	4411	2
52db6ce1-a925-4697-b7ff-2b213da3b063	V	12363	R	10	2404	4
6a88db4d-d41d-44c0-9e13-3b19d1c6cd9d	V	12598	R	1	1907	10
6c1621cc-db2f-44ab-b603-1e030cae5deb	V	12284	R	1	3415	7
d1e4c92c-4fdd-4436-8c5f-da1cd3492d63	V	12714	R	1	232	5
991c65df-20a9-457c-b543-875a011f3de3	V	12931	R	1	253	3
f6582c42-9d9e-4ca3-8862-5bbc1ecf2adf	V	12949	R	1	4205	2
eeb56618-5e5f-49f6-8b6c-c18c7e238658	V	13313	R	1	16612	8
d0984a40-7dd8-4496-895d-9f57111ebc55	V	13055	R	1	262	5
1943b627-f8d5-40fa-b72c-363be62c80ae	V	13057	R	1	7420	2
0ebe2aa2-a7a3-4b4b-a105-447c2a4105da	V	12609	R	1	4815	6
1434d96d-58b0-4ca1-b010-9e73d5d1be74	V	12663	R	1	4833	8
51cab43e-ac11-45e2-ab42-1d72cb71e81b	V	12576	R	1	234	2
50c38f5b-feaf-47bc-8258-ae89b3414652	V	13150	R	1	231	3
95f53383-e73a-4deb-be96-a41877195d6d	V	12580	R	1	25025	4
95f53383-e73a-4deb-be96-a41877195d6d	V	11799	L	1	-1773	7
24b6210d-fb5d-4641-a851-a90ac8d0708f	V	12412	R	3	229	3
8e28f37a-985b-43ba-982e-0cae6b97df5d	V	12604	R	1	5377	2
fb5c1f18-0941-4b15-b538-bb753d7fa1ce	V	12971	R	1	5972	2
2381a809-f696-415f-9cdc-648b960cb6ef	V	12417	R	1	3646	3
d22386ed-a4ea-4151-aa53-d14898a783fa	V	12981	R	2	232	3
6509f57f-959c-46f3-b204-78699545f1b1	V	12544	R	1	1835	3
cd31715e-a8b7-43fe-8ac8-e699dfeb5113	V	12771	R	1	18755	3
0b66426a-c647-437c-b63e-cf88b9b311ec	V	16352	R	1	867	2
09d01942-3c01-4c15-9d20-3b69a1ce13e5	V	14723	R	1	3662	4
bc5ee803-682f-4fb7-b825-c45f3dd9f86f	V	15487	R	1	2491	2
bc5ee803-682f-4fb7-b825-c45f3dd9f86f	V	13363	L	1	-6040	4
5a40c6f9-e7e1-4396-8190-3828ac4c0971	V	14939	R	1	5856	5
73607812-de79-4510-9ee7-716b7ce49948	V	15290	R	1	18760	2
39961100-0d7c-4fa7-bcc8-ddff73cfac10	V	15234	R	1	1815	7
188cef2f-eb7f-45b0-bf32-9e01476273f0	V	15010	R	6	2061	4
bc87c15e-d6c0-4efc-bac5-f918f2c08cbc	V	14620	R	1	2885	3
de677558-9db6-4c1f-8ddf-1f9fe1b2ae75	V	15082	R	15	1831	2
0b6465ba-2008-4ed6-bcc7-82c52de17294	V	14853	R	1	16628	8
bb1d668f-3578-4b90-92b8-2eff4f9eeed7	V	14807	R	1	2953	3
5fa63c66-b097-4fe0-b8f1-5744c733dfff	V	14962	R	1	172	26
1d0631ad-63d9-46c5-a7c4-77e1e7bf71c0	V	15042	R	1	13	7
683787b3-e202-4509-a4a8-88e67c9f5df0	V	14972	R	1	2769	4
df9aa29c-7889-4a8b-a843-d14581801316	V	15510	R	1	1833	3
a91e1b48-2c50-4124-b870-03a15cb7548a	V	15325	R	6	8145	2
0ede3086-df4f-47f7-89e8-5cab014c1737	V	15065	R	4	6020	4
fd199de6-c61a-4173-8525-337622782d4f	V	15331	R	1	2948	2
b8e81311-f24d-450c-acf7-de6fee6c9df2	V	15454	R	1	16616	5
a7a91c2a-3787-4fae-abbd-6b54f2b75bd0	V	13886	L	23	-5478	2
640d5fe6-067b-4ef7-b147-2edbb92d57d2	V	15250	R	3	2932	6
5bf6a886-07e2-41fe-9314-58082f9d7d6b	V	14532	R	1	2524	6
6c3a40ed-3242-4b3a-959d-db7bb4850d66	V	14881	R	1	6870	5
c634dfab-e2b3-4732-8411-bbe1c07f71b1	V	15058	R	1	3660	9
e5603f93-0bf2-4bb1-afb7-947c3c939d0f	V	15225	R	1	1862	5
c59b8bb6-7fd6-4835-a5db-d0fb04411629	V	14936	R	1	267	3
eb79f3af-5994-4c11-985e-3a3d7ca955d6	V	14831	R	1	13424	4
8ed2da5d-45a7-4824-999e-e34448915c04	V	15147	R	1	2714	3
3c0ae8eb-fd2d-4814-852b-0f9387e1a4a2	V	15146	R	3	275	5
388c5fb5-efe3-405e-9068-4c6442c42db4	V	14831	R	3	4847	7
c746aef4-d7fb-4d11-890b-d82da20da67d	V	15373	R	1	1837	7
40555915-623f-401b-98cc-490424f6176a	V	15013	R	5	5316	2
32aec8a2-d333-427c-a2ec-fa9adbfd84b7	V	14969	R	7	20607	5
f903729c-17d4-4efe-9bcf-7301fde2f708	V	15250	R	1	3617	3
c50a8e1c-b406-44f0-9a18-d8fa14284243	V	14920	R	21	2412	6
dd9015cf-c9f4-46e1-b908-814dcad75133	V	14038	L	1	-17942	5
1936b114-2277-47ed-8f00-60ee4fdda4fb	V	15337	R	22	1849	3
ec0c5185-9398-4794-8c56-6f01240dd5ce	V	15433	R	1	1848	5
94efabcb-45ff-497f-a182-4cf5e543dd33	V	15225	R	1	4826	8
5397c61e-352c-481e-bcf8-dd49eaeec3b0	V	15076	R	4	2970	6
f4b3f200-9e16-46af-a0ac-22c2720fc0cd	V	14930	R	28	277	8
05fcf47d-f249-4125-b501-c072fafa9e45	V	15112	R	1	171	3
77251d48-e50e-48be-b3bb-34308fb7595a	V	14831	R	1	1841	3
3e27753f-1edb-4d55-b6e1-7da5044efc16	V	15523	R	5	13106	4
1e8b74f0-125a-42c9-b130-358d1408d155	V	15409	R	1	8160	4
936e76cc-28c3-4e77-90ba-617f0caee731	V	15289	R	1	16271	5
ccae065a-b2d6-4dbb-baea-83c4ceaff93a	V	15349	R	2	13423	2
460c3458-a055-4a68-9d7a-3b29bcef76b3	V	14969	R	1	2944	4
b5959934-667e-4ff5-95f7-f586c6020664	V	15165	R	1	1840	7
3841e72e-3871-462c-be98-f2248d5d53bd	V	15129	R	1	3575	4
8dca7289-a0e5-4b95-ad49-e392329873a8	V	14956	R	1	2320	3
eab1dfcf-66c0-47ef-a1f1-731d2a53b9fa	V	15373	R	1	13350	3
1f977a7d-a380-46aa-af08-878f9823dd29	V	14965	R	1	1835	3
0cf40423-831d-4137-ba5a-89f7f7286ed3	V	14834	R	1	1856	6
20011578-a0dc-4c64-8791-5e34080cbd80	V	14948	R	3	277	5
8752bbd2-1b04-4451-9e36-3134512921fe	V	14153	L	1	7	2
7d8dd25a-b3a9-4f0f-94ab-1590b8ef3c9a	V	15088	R	1	274	3
5ca3c959-aad5-4908-a9f8-233430d547b7	V	15214	R	1	2377	4
f2e88285-4523-4546-9795-a07b81b74b83	V	15277	R	1	169	4
f4eb048a-393c-42cf-9b6b-de5ab3b95ca6	V	15388	R	1	2491	4
b49daf91-2b0b-4bed-8d25-51d64a282d89	V	15026	R	1	3672	6
94ecd597-ad38-4830-98cb-258b383ec703	V	15073	R	1	170	3
3763381d-f622-4247-8118-33f5be58d034	V	14953	R	1	2074	4
33780896-4294-442d-b470-0c8c514f9cd5	V	15088	R	2	2511	3
b7858926-0892-43ef-8b10-9a1ebacd173b	V	15007	R	1	4812	9
2ef0e9ec-34fb-48dc-acff-bfbae82262dd	V	15899	R	1	2490	10
0c2f6785-3951-4c7c-ada2-29fc68bcf3e0	V	15587	R	1	26973	2
bcfc487a-1bfd-4814-a263-aa2c867ccc5d	V	15379	R	1	279	3
784c0e3a-6252-459f-bb0f-51e178894851	V	15192	R	1	174	3
c638d904-3cbb-4316-ad34-2cba5e379e55	V	15565	R	1	2886	2
bd555e87-b856-485f-997e-c8d5e068eccb	V	15602	R	1	4835	4
c5fa13e2-ab66-4f89-86d7-bd00a0440f2f	V	15608	R	1	4861	10
b6c637b6-8c93-4f47-9dce-f1436627c60b	V	16166	R	1	21283	6
41bd1e61-8269-4736-adf9-f9ff5d9c1ae3	V	15481	R	1	3690	4
73af903a-d827-49d0-8b13-c8f2d60c1260	V	15182	R	1	11290	3
9cf509ec-6b0a-475c-b925-8f874a8fc1c4	V	15183	R	1	1858	3
7afafc6c-38c6-448e-bf3d-b2aa2a7d2ce2	V	15259	R	1	1582	3
e21da0b6-bc64-460b-8f9a-ece158e5ea35	V	15815	R	1	6689	3
b710b591-4015-4b23-9b30-0db21b5efc25	V	15583	R	1	1830	3
01511432-83be-4763-ab41-4643555b82f7	V	15171	R	1	2874	2
c73fa8a5-b568-44d4-bef3-13f25c98a645	V	15559	R	8	1635	5
92b699f3-ca68-46cb-853f-1fa3cd936a0c	V	15380	R	1	2146	3
9e719dc7-8504-44d4-a0d4-487cb8bd6c9b	V	15120	R	1	11717	3
455e0623-8b1e-4801-9797-f8bf989579dc	V	15313	R	1	1949	3
3c74ea52-8566-4eda-b84c-aef85564b0d3	V	15061	R	1	11405	3
3bf75834-6397-4a17-8a0e-843e600bad3b	V	15880	R	1	10303	4
4ec5c977-30a5-410c-ad0f-d49d4d9827a7	V	15141	R	1	274	4
ae7d7424-45a7-446a-9a96-c565584879b7	V	15608	R	1	3672	5
ae7d7424-45a7-446a-9a96-c565584879b7	V	14318	L	1	-21030	3
86d79b26-d326-4102-b35b-ca054fa38f4b	V	15153	R	4	1900	6
dd307de0-6960-4741-89d7-ac4e225d4d7f	V	15640	R	1	3646	4
a72e8ff7-00eb-42fa-9fbf-db078871916c	V	15158	R	1	10344	3
bb4ef5e7-8504-464b-aa51-5b8070aabcc4	V	15200	R	1	7342	2
f5bfc47e-3449-4b89-88a1-077324251297	V	15117	R	2	143	5
0bbbb3ee-0af8-469d-9f00-17cb4cc012d1	V	15198	R	1	5840	4
fd05ef6d-34ff-48db-8924-66b57579b609	V	15884	R	1	176	4
cd6e8f58-c884-489b-971e-9acd1654a651	V	15045	R	1	7412	2
fe6caba0-35f7-493a-9fac-47acc85d7c89	V	14377	L	3	6	2
53eecfdd-f5c4-43cb-933f-afce320ea663	V	15286	R	1	19797	5
518a263b-adfd-45fb-9030-c7e040acb18d	V	15511	R	1	20480	12
322a1ac8-e519-409d-ab8a-4e9a232ee612	V	15523	R	1	2416	3
041d82e6-1732-4a3c-9677-8e34c01dbca8	V	15415	R	1	2512	2
e77d765b-d373-44ae-9377-4feb443a8195	V	15307	R	7	1916	4
a44c5178-9803-4da8-a59b-86d8c782c8f0	V	14986	R	1	1256	8
e3187f1a-7be2-4ea1-bd9b-09fb7c160dfe	V	15445	R	1	1843	2
8312eebb-0674-45c1-bb92-8bb4301d4c82	V	15266	R	6	6011	4
c60a7fda-972a-44f4-8ae1-e67772be8d1d	V	15699	R	0	171	8
f2cc017e-d4a1-417c-9b09-5d35cec1d288	V	15788	R	1	2747	2
92684fd7-6d33-46e9-bad9-ce1721a192df	V	16351	R	1	1820	2
c7c5f6dc-e697-40f5-b903-8986363adbce	V	15014	R	1	5763	3
855903be-d059-411a-9847-06ae7dca2bea	V	15517	R	1	268	6
810e8634-1c8c-43e5-af08-ae1e93b4a9b7	V	15290	R	1	2384	4
bf04deab-4d58-4014-94f5-19fac3686697	V	15420	R	11	3574	6
cd493f84-6485-44d4-9c1b-2dae7893734f	V	15088	R	1	3690	4
431e72f3-7d0b-4e70-9345-015f6058bba9	V	14507	L	1	-9065	4
2203aafc-a319-4aaa-b81f-3a19fbf561aa	V	15320	R	1	2166	3
d1aab55a-a77c-4460-b94c-3be2c91e0d86	V	15116	R	1	3102	12
d095b2e7-dd7d-472b-8992-9ee80ef10f36	V	15418	R	1	179	4
e804b68c-a012-4063-bafc-9c58252bbd32	V	16147	R	1	268	6
5676acf0-ee2a-4a5e-a56c-ad723b351a34	V	15286	R	1	2534	2
69e46962-be10-4781-8ca6-4eb73e82d5df	V	16025	R	1	176	4
a5fdb9cc-01e7-4b1c-8feb-2f3c32daf306	V	15723	R	1	3056	16
771e3d39-cb3f-4177-86e1-1f572ed0d22b	V	15950	R	1	3039	2
c42bb015-9985-4262-b979-b3a33ebc20d1	V	15504	R	1	13283	3
ccd2fb04-488a-4987-adca-4f97860dda7d	V	15313	R	3	278	3
9625079e-927a-482b-8d04-c54988bd1c36	V	15415	R	1	276	2
aad7b558-0dc8-4e97-9f41-e7095f06ac44	V	15791	R	6	2530	4
d0a18d82-03d0-4604-8c2e-8523d84f18bb	V	15791	R	1	2512	4
16bba7bb-0392-48b5-9e44-802e559bae9c	V	15534	R	1	10266	4
7f2101eb-28c7-4a89-9e34-ce5e2c765ad5	V	15415	R	1	1686	3
4be33c75-9827-4109-80df-18732abc6460	V	15640	R	1	4088	4
a30a8cc2-a81d-4463-90eb-19027ab07bf6	V	16040	R	1	2927	4
9beaf4b0-c6d1-43dd-b6b8-c5e0bc5d72f6	V	15469	R	4	4775	4
f1cc4e6e-f27f-42ec-a83e-c729bca5c714	V	16677	R	1	4833	6
b12938fa-0b01-419c-a672-2bda38a53fec	V	16217	R	1	4644	8
413060bb-b8d8-4fd8-ac25-cada2ae6c5af	V	16415	R	1	6644	2
b12849e4-f867-4f73-af76-37e4bd35318c	V	16094	R	1	2936	2
f7a1507d-ceda-4398-9fb3-7f9f0ee1c219	V	16285	R	1	7493	2
23e00aa3-1425-4a81-9ea5-ff6a15221525	V	15638	R	1	4855	3
3bd49d5f-1218-4cd4-9dfd-c60dc3c770b8	V	15796	R	1	3112	3
440c7a60-d704-4191-b713-79a3d92ce7ee	V	15734	R	1	5885	6
420eeb3c-8a36-498e-bdba-c6b4f7b41d1c	V	16213	R	1	227	3
0ebb892b-7f1a-42cd-b0ad-37b7c6a7d026	V	16354	R	1	271	5
3535035a-1ae5-45fe-8f46-6f62e90b374d	V	16925	R	1	3409	9
39844bcf-ce6e-4536-8da3-94261afc399e	V	16797	R	1	143	2
91962768-a5c6-4d97-b37b-527fd06b079c	V	16761	R	1	1840	2
7386d210-093c-447c-8a45-e0eabf372d71	V	16132	L	1	7	2
93631a61-041f-480a-b954-2452e2f4fc22	V	17202	L	1	7	5
9f6df1c7-a3e3-48ff-9554-a80e47d90d10	V	18955	R	1	6114	3
c8a67f11-1fd1-4903-9c4c-bcd597799c05	V	19122	R	1	1822	5
547b9403-bf24-48b2-8814-01a9932cfdd4	V	19142	R	5	2091	2
bab0d11d-eefa-49f7-b83d-702714be8809	V	19132	R	4	4833	6
315a1ecb-8dc0-46ad-a976-43650670cfcd	V	19142	R	1	6160	3
fed79625-237f-418f-a23b-eb6adf553ed3	V	18914	R	7	3083	7
6aeaaab6-9854-47cc-b886-73f50ae01f8e	V	19142	R	1	747	4
de46655e-b57b-4253-9520-5d56fb929e8c	V	19142	R	1	303	2
e6fdf32c-d61a-4c75-a3d5-490b0d313e65	V	19034	R	6	1847	2
b2da4e20-21c1-48bf-b26b-2c73bf57c2a4	V	19142	R	1	2668	4
df593178-b52e-4dbb-bccc-563e4947afeb	V	19142	R	1	2298	4
28ca3e7d-35cc-4586-a25a-4de12c31d26d	V	19142	R	1	16445	2
ea92c450-3bd1-433c-9845-efd0d02d8837	V	19142	R	1	132	16
02291969-a253-4077-94ac-aa1705966cf2	V	19142	R	1	3812	3
e249ce8d-8855-4402-8511-9d9d765f02c9	V	19142	R	1	3697	5
7fe1a50f-c370-4d9e-824c-6f4b2c125451	V	19142	R	1	697	3
d137a07d-026e-4ca2-b4a0-eaa3fe831fef	V	19139	R	1	16685	2
aab2f577-76a0-4321-92ec-7dec11b6015c	V	19123	R	1	5946	2
a5dee893-8be8-49f8-9efb-ab832621947d	V	53569	L	4	-4973	28
7c7be565-083d-4d7b-901d-65705cc6119f	V	53569	L	1	-4947	47
041f6335-9566-41e5-842a-d49e0602c9a3	V	53593	L	2	-4976	66
e0f333e6-36c8-4355-80f8-f271a2ad4474	V	53594	L	3	-4992	26
9e8de987-0c29-47aa-a626-96fe3f9f776b	V	239198	L	1	-2996	149
b530fcde-3322-4a59-8605-e13273ad9385	V	241662	L	1	-6430	68
710f2ff6-7c15-4770-ae20-3d0605cf5dcf	V	2232980	L	1	-3939	281
d7d04d2a-baab-43d3-96ba-a728914acede	V	2513949	R	1	853	61
996c7449-1137-4f9a-b13e-7791e69d11a8	V	2513749	R	1	1058	53
0ed94f0a-9f42-4463-9b54-6609061cdb39	V	2513927	R	1	866	62
40045ae7-e128-4658-941e-c65beda49f65	V	2513949	R	1	833	63
40045ae7-e128-4658-941e-c65beda49f65	V	2513667	L	1	-2834	2
8606f5e4-2c4e-4b64-ae4f-707cff741222	V	2513951	R	1	826	82
e4a7ed72-9ede-49b9-88bd-d0855136b6e3	V	2513928	R	0	848	52
70851adc-7a28-4d83-80a2-a0fe4bf22817	V	2513745	R	1	1061	109
70d7476c-de2f-4600-91a7-b4bb82303421	V	2513931	R	1	860	44
a1c14456-355f-4649-8201-077ef4232794	V	2513749	R	1	1057	50
a1c14456-355f-4649-8201-077ef4232794	V	2513667	L	1	-2857	2
1a439b6b-0ea0-4cc7-8f31-522c7115bdca	V	2513950	R	1	830	196
369a32f0-d48e-42cf-a7b9-b97058305a53	V	2513931	R	1	859	203
355339e7-5d5f-408a-a2b7-47bd4937c68c	V	2513749	R	1	1045	79
ca53d8e3-f501-41b8-972a-b89837f2e189	V	2513950	R	1	841	76
fa2edb11-18ec-4814-9099-e07e94aa7e93	V	2513950	R	1	851	177
6872d631-93f2-4af9-be05-ea6112a20dc4	V	2513925	R	1	864	49
8a79bfde-2a69-4372-8716-5436fab150cb	V	2513949	R	1	842	115
83924b4b-3cf1-46f9-88a8-d682f5636199	V	2513949	R	1	844	93
83924b4b-3cf1-46f9-88a8-d682f5636199	V	2513667	L	1	-2892	2
3ef546d7-d0dc-4d08-86e2-58c22c8f41b3	V	2513749	R	1	1042	146
33b3a691-0245-4fb4-9605-90cb0effd33c	V	2513950	R	1	841	135
bff8a2fd-b030-4303-ac7a-4cea6bebc102	V	2513928	R	1	7527	105
df76c37d-9843-4d29-9092-41271ce5b76c	V	2513949	R	1	840	142
ee77bfb8-1173-4838-8f7f-da438495a1ec	V	2513749	R	1	1032	100
9d185825-90e6-424e-bea6-acaf277d856a	V	2513928	R	1	871	151
19389289-ae0f-4d50-be13-675489b118eb	V	2513949	R	1	839	116
dc4244b4-2c13-447d-98c3-89578c1baaa1	V	2513749	R	1	1057	54
a71164d2-0c4c-4b01-8b0f-c76ad7d2124f	V	2513749	R	1	1070	89
66bf6d54-af68-469c-9a1b-ac1d3b613ef8	V	2513950	R	1	842	67
4019c911-931a-47e5-8a78-438e19b04ee9	V	2513749	R	0	1036	62
c575b761-fcd1-408d-8e72-edb161ef8ef9	V	2513749	R	0	1048	137
d775bd66-fcb9-47cb-9709-1a808535a813	V	2513949	R	1	836	31
d775bd66-fcb9-47cb-9709-1a808535a813	V	2513669	L	1	-690	2
ac2ffae9-00a8-4660-bdc7-6c7e49aa22c9	V	2513950	R	1	843	58
250ddde1-593e-463c-bffd-1c150a620d03	V	2513746	R	0	1050	60
e36245e6-8136-47b3-b246-33ea7a015400	V	2513924	R	0	852	46
56a7dae9-63ff-48c9-b42a-28f990d62a4f	V	2513749	R	0	1039	43
24370ca8-9444-4b04-983e-5a448129a43c	V	2513749	R	0	1042	65
24370ca8-9444-4b04-983e-5a448129a43c	V	2513672	L	0	-719	2
7b44717f-a5bb-4ba4-92b1-427c2640dab8	V	2513749	R	0	4305	32
fa92f060-ee1b-4f04-be47-9ccf49384329	V	2513949	R	1	840	54
02ef2691-dcd1-4183-a7e9-6dd0ce283b06	V	2513950	R	1	15735	67
b1edf1c9-68da-439f-987a-77897a01a64f	V	2513950	R	1	848	95
93f28f6d-537c-4557-9f7f-e3696ab79fa0	V	2513940	R	1	849	101
8eaca726-b94a-4d7e-b6f2-a18cf30de0c7	V	2513949	R	0	836	36
e089481a-0140-45f1-90d7-689dbedf6079	V	2513950	R	0	845	120
9e28f745-d96a-4997-97d2-a736de4d1e3e	V	2513947	R	1	844	101
09df8a17-6d05-4a83-826e-bcd7efc869c4	V	2513949	R	1	838	89
09df8a17-6d05-4a83-826e-bcd7efc869c4	V	2513673	L	1	-703	4
45df0184-938a-4f8d-93ca-799bc95ef8e6	V	2513749	R	0	4486	140
c12c6bb8-7885-41ed-b679-4261f8253f04	V	2513749	R	0	1063	159
f159773b-17af-4ab9-97f2-d5d61c580919	V	2515593	L	1	-848	182
436517c7-3916-402d-a99c-2a480980445d	V	2515593	L	1	-843	177
f322943e-031a-4e91-a32f-e182e807817a	V	2515593	L	1	-844	132
0f57285e-51a4-4e85-983a-58aa363dfeec	V	2515593	L	1	-832	130
af54edf8-7684-44c6-8ada-83319a98b14b	V	2515872	R	1	2859	2
af54edf8-7684-44c6-8ada-83319a98b14b	V	2515593	L	1	-4273	88
c3af39bc-a3d7-4f70-a0bc-cc465c4df4a1	V	2515593	L	1	-839	99
5f4e7b47-5704-4c14-a64d-2b7922d304c2	V	2515593	L	1	-837	69
d3cd5f21-6919-46db-84cd-175a15b2d409	V	2515593	L	1	-4264	61
8fa1d650-839d-4ff0-8d38-f83778b3a5c7	V	2515593	L	1	-836	84
7b827714-f96c-4058-a102-241f175c92de	V	2515872	R	1	2460	2
7b827714-f96c-4058-a102-241f175c92de	V	2515593	L	1	-841	47
a1724565-bd72-4ce2-9d89-cc4d2dbc01b7	V	2515594	L	1	-842	193
a35f42e4-15af-4813-8ff4-027644874263	V	2515594	L	1	-836	79
c76ee1f2-f599-4736-af20-2058d2e4a838	V	2515594	L	1	-845	56
f020e0f5-4bc2-4401-ad35-4fa1f5a50431	V	2515595	L	0	-831	143
8715b296-654b-447f-9f41-79e3554e3fc3	V	2515595	L	1	-4302	97
67f2f1b4-4a91-4093-b570-eb474b73c3f4	V	2515595	L	1	-839	57
aefc7d18-1840-46bf-ae12-9bd77671201d	V	2515595	L	1	-825	72
e2bd4b6d-cf53-4176-9d2c-67182e993170	V	2515795	L	0	-1043	60
bc8b33ce-d690-43af-90a9-fe8eb73813a1	V	2864182	R	1	1038	69
b162a7e7-6a90-45b1-8d27-1d0509e2d80f	V	2864378	R	0	4209	30
523c71e0-cfa9-4c33-88d9-20ae4ab85e1f	V	2864378	R	1	841	53
523c71e0-cfa9-4c33-88d9-20ae4ab85e1f	V	2864108	L	1	-2863	2
63be4c5d-dc69-45e5-8b27-e085a14a658c	V	2864182	R	1	1034	70
50850da2-9c30-4d9e-8f3c-08fec4dd0f9e	V	2864295	L	1	-1043	96
d6e1449e-914f-4af8-b597-b521bd0d6b1b	V	2864295	L	1	-1024	27
bd8d7226-536e-47d3-93e2-e28b27d32e3b	V	3071828	L	2	-3333	109
5f6eb2c3-29d4-40b5-a5ec-b8532e349b79	V	3197436	R	1	1717	138
7351c0a9-0b0f-4077-825f-5482392f0d91	V	3197436	R	1	1448	93
cae53e55-913f-4fb7-9cda-3b81f2106971	V	3197436	R	1	1451	158
90f1b245-9d73-4305-803f-ff20e47ca1f0	V	3197436	R	1	1419	132
2fca75b7-ab33-434e-9829-39aafe2f1d39	V	3197445	R	1	822	82
2fca75b7-ab33-434e-9829-39aafe2f1d39	V	3197351	L	1	-927	2
638ae3d3-bcbb-4343-a3b3-ca7a78541276	V	3197434	R	1	852	53
ea3115d0-2cc3-4c09-a854-5e2348b5afe2	V	3197445	R	1	840	60
164679f7-5a2d-4c7e-acb0-4b14fc91bc0c	V	3197444	R	1	15730	96
cd7648a1-f907-4b60-93c9-48128e9c42bd	V	3197444	R	1	835	52
760b3e38-ff55-4be0-bf26-d37e48789d38	V	3197445	R	1	836	85
3d698daa-5f4b-4609-b886-9409358dfd27	V	3197445	R	0	836	69
433eb02f-c878-4ea0-bb7d-85876873c749	V	3197445	R	1	833	78
f2719d09-d294-43cb-a69c-c2e45f4370ed	V	3197445	R	1	845	130
776c1c7c-fa88-422a-9974-d3cc50a79e06	V	3197444	R	1	839	70
b5925f43-2b2d-4f9b-895f-21b720a18629	V	3197445	R	0	15540	64
49bd5022-87ee-49ad-a5b7-8416f190faa1	V	3197435	R	0	848	81
49bd5022-87ee-49ad-a5b7-8416f190faa1	V	3197351	L	0	-3046	3
c3193ad4-1d1a-423b-aabd-43c19094266b	V	3197436	R	1	831	141
5bafbb3b-bb01-44f9-b481-a0237cbf15a9	V	3197445	R	0	837	124
d97f97b2-1e40-45d6-9768-17bcf6e82549	V	3197436	R	1	858	74
2ba50450-0ff2-4449-8624-d1cfcc0b7b8e	V	4019770	L	1	-3003	159
95c97fca-fabd-4d65-9378-f152acb42ffb	V	4251143	L	8	-164	186
7d1a5f91-802b-400d-87ba-4857fe5fe42d	V	4251143	L	1	-157	122
ef9cca90-89e2-49f4-aa1f-1dc2bf614808	V	4251143	L	1	-165	106
bf1c9515-6629-4344-9324-815ec7551141	V	4251143	L	6	-162	101
b87b4060-c842-41ab-a996-5e97e18d3fd0	V	4251254	L	4	-274	189
6f246b97-4a08-4487-be52-6169ab757764	V	4251254	L	1	-269	186
9eaaf85c-8b8c-40cb-8d32-d36e91465281	V	4253909	R	4	19284	3
9eaaf85c-8b8c-40cb-8d32-d36e91465281	V	4251254	L	4	-264	179
db45ab10-392e-4597-aff1-77537b948c0e	V	4251254	L	3	-277	193
b39d7c23-e0a9-4473-af80-ab8d3a779340	V	4251254	L	1	-274	192
41ae9452-a4f4-44ee-a6df-be1dc64f0319	V	4251963	R	1	21000	2
41ae9452-a4f4-44ee-a6df-be1dc64f0319	V	4251254	L	1	-273	189
55fc8bec-79d9-4b94-a87e-c75b7a2735bb	V	4251254	L	2	-273	139
3e2fa67f-f875-472f-8900-5b1b3f1e146b	V	4251254	L	6	-274	103
e4a3a15c-419b-47d9-9c28-9e4d726e16ba	V	4252020	R	1	20900	3
e4a3a15c-419b-47d9-9c28-9e4d726e16ba	V	4251254	L	1	-277	82
6392f41a-ed76-43f9-a5ee-9e62ac342bf4	V	4251254	L	2	-277	65
dd14b380-525e-4c6b-ac36-bbc63d3422a3	V	4251254	L	4	-269	189
6dc4b030-a9b2-45cd-98b1-2ec654f93099	V	4251254	L	3	-275	187
08255731-982b-4d55-9716-528af6d879d0	V	4251254	L	2	-271	185
6b33416d-e49b-4ab9-b5e7-bcb56c717ee5	V	4251254	L	1	-277	175
31102881-9535-4438-8867-aadbcba741cc	V	4251961	R	2	21048	2
31102881-9535-4438-8867-aadbcba741cc	V	4251254	L	2	-269	141
a8863013-39fd-4971-aa3d-61085b06bca1	V	4251254	L	3	-268	160
6ef52836-9bd2-4410-b55b-8b110652c065	V	4251254	L	2	-1173	121
b8f70de0-535f-416a-a7d8-7ede14222cd3	V	4251963	R	1	15016	4
b8f70de0-535f-416a-a7d8-7ede14222cd3	V	4251254	L	1	-1812	148
4d6c0aad-2735-4d9b-a628-9bb59a5f836a	V	4251254	L	1	-274	132
43a0340d-99ac-4733-a75c-9d0fee57e3b8	V	4251254	L	1	-270	104
c9fc20d9-61b1-4ded-9bfa-2f8ab5e52a95	V	4251254	L	3	-273	114
6104adde-ee58-44d0-9045-3139399d8d40	V	4251963	R	2	20682	4
6104adde-ee58-44d0-9045-3139399d8d40	V	4251254	L	2	-271	135
40784aa0-d96f-4d41-ae6d-ce44073ae00f	V	4251254	L	2	-272	89
91655f31-8eae-49d6-9dc3-62703035b974	V	4251254	L	4	-267	175
10f820ce-664a-452b-a2a8-9d86a1f91735	V	4254425	R	5	13058	2
10f820ce-664a-452b-a2a8-9d86a1f91735	V	4251254	L	5	-273	95
afd10049-d9e8-4cd8-9605-aefe876937c8	V	4251254	L	1	-270	58
21841e3a-7ffc-41a2-b102-01a07eb972c3	V	4251254	L	15	-272	164
7033f998-5e48-4d66-a0be-816fe8b5adfa	V	4251254	L	12	-263	40
87545d1d-4640-4dda-aa40-ef82a3b2c943	V	4251268	L	1	-1849	175
19f203f3-2dc6-454e-9fc2-a3ac1393ced2	V	4251268	L	1	-1843	133
5aae42fe-65fd-4382-86d8-f0b54793ddce	V	4251274	L	3	-292	165
7b0d6442-9aab-45ac-8cf8-596250498f50	V	4251292	L	1	-2685	122
cfff6388-724e-45ae-a80b-5ccd5c7715ed	V	4251292	L	12	-310	93
39723257-7ad6-4a33-b218-f64be102cd43	V	4251292	L	1	-314	172
7af30c05-d41d-461c-9182-8c4e08e8ca04	V	4251292	L	1	-315	152
b666d6de-f840-4b64-9ffc-f182368fd722	V	4251292	L	3	-308	84
60d201b7-3c70-4976-8592-36225fed1c0b	V	4251294	L	1	-1721	146
73882430-6470-4cd0-959e-48c00a90bcd9	V	4251295	L	1	-311	174
3e0db8a0-7797-4ec4-a98f-15e4e2cfee5c	V	4251296	L	6	-2768	108
9c1c44e1-5d8e-47e1-b2e6-633df609870d	V	4254425	R	3	18953	3
9c1c44e1-5d8e-47e1-b2e6-633df609870d	V	4252557	L	3	-44	78
91ce043c-2fce-47d0-8d2b-c100aaf57856	V	4253255	L	3	-2189	191
b4318acb-9de5-412a-9315-0165f459a04d	V	4253255	L	1	-2039	164
d06e5110-af3c-4fc7-bdc3-1825852bf75e	V	4253255	L	1	-3026	110
b464c419-12df-4d9c-b607-657e42201765	V	4254423	R	1	7677	3
b464c419-12df-4d9c-b607-657e42201765	V	4253255	L	1	-2036	171
ebb41f89-0e67-477a-984b-37cfe88f1962	V	4253255	L	1	-2038	106
6124ecb5-9f7b-4f26-b9fb-97ea17fa872d	V	4253255	L	2	-2062	152
b63925b4-4eaa-4b02-af90-82cd34c4cf55	V	4253258	L	1	-3575	153
04e89fc3-19c5-433e-8e2d-8574cfe44417	V	4266375	R	15	1468	2
04e89fc3-19c5-433e-8e2d-8574cfe44417	V	4261441	L	15	-23232	10
0fb77c2c-4e15-461c-a9d6-9e7240201f04	V	4265162	R	15	66	2
af4947ef-08e6-4e04-a149-0689ca239823	V	4261441	L	22	-8050	98
52f127fc-35e9-47b4-98f3-0d5d0d01ed36	V	4261465	L	17	-28722	3
d1e65fa8-d618-4f80-9298-6a6854801085	V	4266375	R	18	206	2
d1e65fa8-d618-4f80-9298-6a6854801085	V	4261465	L	18	-28687	3
33d3048a-dba8-4a6b-9b66-e24e1169f54b	V	4261465	L	3	-22750	3
2ad313ae-0477-451c-b859-6590d30a7194	V	4265170	R	19	56	2
f4f94f7b-7bdd-4a2f-8052-d6049e4c59bd	V	4266286	R	31	1563	2
05534e3e-f79d-486c-83d5-c754c9ec687c	V	4261465	L	32	-22810	2
bb483421-c9d5-43ab-b8fd-94b9d8289dd5	V	4261465	L	60	-3720	111
b15c561d-6378-4ee7-b5bb-20c873f34dab	V	4261465	L	21	-28655	3
4dd7f67f-7803-4025-b8c5-14335520625f	V	4266286	R	54	1557	2
9414d2c4-b428-4e6c-a0b8-d204dabe1f54	V	4261465	L	1	-28627	3
04297b5c-0f29-4062-a9ef-784e971b932d	V	4265170	R	33	56	2
f8d820a6-d398-4405-8b5c-0bd8e5245276	V	4261465	L	42	-5445	171
4e75cb01-6cb0-4b8d-a7d3-01e03c19fb0e	V	4266375	R	28	1461	2
94f7f3e6-82fb-488c-a11e-a7909c75031f	V	4266286	R	43	9466	3
09619d79-a9ab-4ed9-9343-3e3abb5fe1bc	V	4261465	L	13	-28697	2
ea016db4-a511-4859-b467-d7654c790962	V	4265150	R	2	74	2
f1918714-e618-46cb-a96f-6087c55b0c1c	V	4265930	R	25	1273	2
cb17d04c-c7d2-423f-aa6f-e933e5111c81	V	4261465	L	9	-17986	39
c9d39d27-0423-4783-9784-b1dd26ee255b	V	4266063	R	16	1759	2
314f4747-01b8-4e7c-86c3-877b00b589e4	V	4265166	R	7	61	3
39364477-fd24-4cec-aef5-92f90ca269ca	V	4266286	R	21	1546	3
54613ffb-5970-4382-8e14-33b4afb5c48c	V	4265166	R	15	63	2
828c0f36-4c77-46e7-8e98-50f6f54983f5	V	4265166	R	18	63	3
bd2000ef-00ed-4996-8771-6ff268bb17bc	V	4265166	R	7	63	3
e65c5518-404c-41eb-b9f7-706c30aaaac3	V	4265166	R	25	63	2
3d8ce290-97f5-4bbd-bea6-47c2f4ac1037	V	4265166	R	10	64	2
c44331c3-ff4a-4e7a-b253-7d889548a26e	V	4266063	R	32	1588	2
5c5e720e-c9af-459b-910a-1b4a23183430	V	4265147	R	9	84	2
5399ac59-0656-4a78-84fa-49d1cdfda191	V	4265166	R	9	2759	3
f5a8a7d5-d9fe-4685-b933-43d9cfb1599a	V	4265170	R	16	58	2
69f4ac9f-dbc7-4f1f-8100-6dd62b3c9658	V	4261465	L	9	-28702	2
d6dc35b9-cdcf-4396-ab51-2d812bdccfe0	V	4265166	R	20	2774	2
b3833b80-1fe2-4fb1-8cba-ea5e253e0720	V	4261465	L	16	-23685	28
9b463fb5-b6aa-4232-b40f-ba3bc21d98d1	V	4266286	R	39	25062	2
293e0b21-1d26-441d-812f-2f628be75142	V	4266375	R	14	1471	2
dcfb00a8-7f52-439f-85f4-b4a2fc6aa07e	V	4261465	L	20	-27100	3
6fd0330f-a364-4741-b0bb-34fc32a2889f	V	4261467	L	37	-22755	9
46c21068-af43-4575-a2b2-7e66c2f21c6e	V	4266286	R	50	1566	2
710a73f3-b2c1-4547-9c69-a62c0ee88e1f	V	4265760	R	16	1906	3
134dc88b-d0db-4797-87d2-b63e0613882a	V	4266286	R	30	1565	2
17fb8311-0909-44b6-90b6-2868cef041b6	V	4265556	R	28	2307	2
d5516423-c4e2-4178-8041-a7bdf3b3f0cf	V	4265556	R	25	2290	3
3df6d76b-2dec-429f-971a-435cc7a2edef	V	4262046	L	12	-9650	2
42dcb291-9e86-4fd5-a836-cc3eca3ac70f	V	4265166	R	4	64	2
27545a0b-a270-41c3-b7e4-a13b44375a3a	V	4262047	L	16	-5587	3
bf5a2135-04e2-47db-8f2c-2ce69481d356	V	4266375	R	31	1485	2
3de0de77-2987-48c7-bcc1-4c922bd451a6	V	4266286	R	21	1568	2
3c0b5b1a-947a-4b74-bec5-2f9a94cd63cc	V	4264940	R	12	280	3
c3d5a92e-67f6-4dd2-adbf-98cd2e53e3ee	V	4266286	R	7	1558	2
e2cec8a5-3b61-442f-ab97-a1ffb329c2e0	V	4266286	R	19	882	3
ee01c1ca-8d26-412f-8d18-07384b3ef0eb	V	4265166	R	8	63	2
1b87aca8-5c1b-43f9-9e2a-70c061b470a0	V	4265162	R	16	66	3
9820f84c-6440-445b-96c5-0428cc5b73f6	V	4265166	R	29	64	6
84b51edc-e22d-48d2-a7ca-c9e61c7374a9	V	4262605	L	18	-338	2
573487d1-a8c6-4aef-9c0d-70e7ff475fa2	V	4265896	R	20	1940	2
428d7579-db6a-4293-92f5-429848a0e1af	V	4265170	R	14	56	2
9eb6594e-9a1d-4f31-b927-5080aaede5c2	V	4262635	L	1	-368	2
5b4dbb6f-1cdf-4685-94bc-0c026dbae647	V	4265930	R	11	1890	2
4af294c6-ae33-4610-884a-190517199323	V	4281581	L	14	-1003	2
8abdbf05-d836-4f24-a809-76c8ee115c16	V	4298545	L	5	-2262	4
117993bf-5f81-40e4-98c3-29df834f9dd8	V	4563480	R	43	3918	4
117993bf-5f81-40e4-98c3-29df834f9dd8	V	4557522	L	43	-11303	74
72a0f9a2-1748-4523-a4e5-afd147a37c2e	V	5190375	R	4	16585	3
72a0f9a2-1748-4523-a4e5-afd147a37c2e	V	5189301	L	4	-6805	2
7a873b9a-0173-430e-9d72-f62a1468cbbf	V	6042643	L	2	-434	4
f6a02dd9-7294-4492-a892-8656f18d865b	V	6105449	L	21	-11511	225
c3db26a7-04b1-4b8e-ac89-687c599691d7	V	6107273	R	22	6856	2
c3db26a7-04b1-4b8e-ac89-687c599691d7	V	6105449	L	22	-11494	206
6f229515-3fef-4df4-806c-21a5b758f89b	V	6105449	L	8	-11428	157
0eb72fce-0c28-4005-ab08-765a7383df36	V	6107247	R	19	6813	2
0eb72fce-0c28-4005-ab08-765a7383df36	V	6105449	L	19	-11515	58
f7f6371d-0866-44c7-a492-17ae87985548	V	6106419	R	1	7940	2
f7f6371d-0866-44c7-a492-17ae87985548	V	6105449	L	1	-11585	162
bc732ee9-65ae-4978-b7ef-d7ff5977ead6	V	6107273	R	18	6782	2
bc732ee9-65ae-4978-b7ef-d7ff5977ead6	V	6105449	L	18	-11464	183
fdbdce8d-af61-4ef5-bb41-a29a764d0173	V	6105449	L	25	-11491	179
1a2f5e96-9c18-4ba2-b87b-46ce9ca359d7	V	6107249	R	18	6823	2
1a2f5e96-9c18-4ba2-b87b-46ce9ca359d7	V	6105449	L	18	-11465	167
be7dca06-f5a1-4f25-8a8a-d64f37d482ff	V	6105449	L	23	-11449	160
b57200ae-b045-4878-b062-b0c18f7d4e07	V	6105449	L	20	-2504	137
a1c80352-5d8e-4f19-9176-689dc8f97859	V	6105449	L	18	-11542	125
97d2cba4-7312-4f98-b613-a0b98d135cb9	V	6105449	L	21	-11482	118
03c39c79-1eb5-4b0c-9b40-ca23bf6dac0a	V	6105449	L	12	-11333	99
ccb51fd9-6f11-43c3-92a2-4ca03f0cffc8	V	6107249	R	17	6821	2
ccb51fd9-6f11-43c3-92a2-4ca03f0cffc8	V	6105449	L	17	-11537	129
6f6b1e13-8e8d-4d7d-b88a-be9c344410df	V	6105449	L	1	-374	136
604ede25-bdd0-4567-b9bf-a76306685d09	V	6105449	L	16	-4145	71
64c6da4a-2edc-4288-ad54-1a7253f5ad52	V	6107250	R	8	5210	2
64c6da4a-2edc-4288-ad54-1a7253f5ad52	V	6105449	L	8	-12598	141
e5e631c8-bc49-4e22-8c50-b27c5c665249	V	6107247	R	20	6853	2
e5e631c8-bc49-4e22-8c50-b27c5c665249	V	6105449	L	20	-11454	51
6e248808-f913-4d83-8f32-d2d1bb6195ec	V	6105449	L	22	-11500	149
c64d5064-c6f6-4df1-acb5-250f3c5ae8f3	V	6105449	L	33	-297	142
b9ac72fc-c18b-4202-840c-1fcbb28dfc2e	V	6105449	L	24	-11454	133
bafc026d-1989-4862-b1d1-88747b5eebc3	V	6105449	L	3	-11481	123
274617ac-ed5b-435d-9abf-e287bca7f81c	V	6105449	L	41	-11119	79
2c046969-8ac2-4f66-ac17-dac1dcfdaadd	V	6105449	L	18	-11370	125
0aa249c9-5837-4f39-9633-5149b5bddc16	V	6105449	L	10	-3447	54
8a7377d9-4181-4443-a8b2-bf27b09b1a1a	V	6105449	L	8	-11452	84
102f5aa6-af31-435a-ab24-668c2c590a85	V	6107274	R	9	1006	2
102f5aa6-af31-435a-ab24-668c2c590a85	V	6105449	L	9	-11473	70
ab9a91bb-23c5-428a-afd8-3994256359d6	V	6105449	L	15	-11520	68
31c25e1b-4f5b-4aa5-9a5e-7acc4f501c5c	V	6105449	L	7	-11497	131
6e6016d0-3ae2-4d56-b02b-067e55d72fd2	V	6107137	R	3	9478	8
6e6016d0-3ae2-4d56-b02b-067e55d72fd2	V	6105449	L	3	-2957	70
292d992f-2b9a-4176-aab8-fe684e270710	V	6107273	R	10	5798	2
292d992f-2b9a-4176-aab8-fe684e270710	V	6105449	L	10	-7986	87
6751a50b-4351-4c97-ba6d-729c0bd81049	V	6105449	L	19	-12642	45
e2557580-7b77-4a60-8a5b-7bdc21cd732c	V	6105449	L	5	-12567	41
655b56a0-586e-46c8-9991-a440433cc11f	V	6107273	R	19	6842	2
655b56a0-586e-46c8-9991-a440433cc11f	V	6105449	L	19	-11492	69
a0134553-cb79-410d-9670-6783234345f5	V	6105449	L	10	-11513	32
ce13e807-92b6-4b33-871a-5c5883a15cae	V	6105449	L	44	-366	99
260114fb-4127-4714-b830-52e448dde221	V	6105449	L	30	-11477	47
e85df20b-d630-4b79-bac6-7480087e6e9e	V	6107273	R	16	5765	2
e85df20b-d630-4b79-bac6-7480087e6e9e	V	6105449	L	16	-11095	85
e2168758-c3b7-4301-91f2-58b7a8dd10e6	V	6105449	L	5	-11486	78
a89d1b92-0229-499d-b404-83f912985e5f	V	6105449	L	11	-11495	47
1f203658-4fa1-4cd5-810f-43561a9aa57b	V	6105449	L	12	-11499	43
bf6e4c17-48a3-4dd9-98cf-1444fd5ce589	V	6105449	L	1	-11410	43
d04b7bfc-d91e-4818-9bc0-653ccd0b98ae	V	6105449	L	10	-11504	83
49eb5d85-2d7a-4d14-ba17-be4595dbe958	V	6107249	R	13	6849	2
49eb5d85-2d7a-4d14-ba17-be4595dbe958	V	6105449	L	13	-11516	105
5171768a-01bc-4013-a71b-ae86b8e184cb	V	6107249	R	16	2463	2
5171768a-01bc-4013-a71b-ae86b8e184cb	V	6105449	L	16	-11503	80
8868cc78-51da-4fc7-a7ca-805b7ca13f9b	V	6105449	L	8	-11530	55
0f3d1a35-9ec1-4ac5-b04a-004d4f5347ba	V	6105449	L	24	-11458	36
605a891d-de82-4ab9-99ba-bd81688c96aa	V	6105449	L	31	-11538	44
2698d0fb-eefc-4166-80a9-f60c04dc0ce0	V	6105449	L	16	-11483	36
016c86b8-69cd-4edd-8c37-88020c671a7e	V	6105449	L	19	-12694	41
317ba54c-519a-437c-a763-7e7cf658fb09	V	6105450	L	1	-3887	86
3808a7ee-3ad1-4443-9d3f-e53aec22199f	V	6105455	L	7	-11486	67
89e4c81c-da9d-4bd5-a106-7ba86084a581	V	6107249	R	21	6856	3
89e4c81c-da9d-4bd5-a106-7ba86084a581	V	6105455	L	21	-11515	50
50ab5763-266b-4adf-bad0-03e7ca145df7	V	6107273	R	19	6806	2
50ab5763-266b-4adf-bad0-03e7ca145df7	V	6105455	L	19	-12561	58
e0ed6680-6a25-44dd-839c-31b4ac6b1d08	V	6105455	L	19	-11489	59
41c9f8bb-3e88-41e4-8872-1966de75436f	V	6105455	L	23	-11493	45
e2d529f2-10d7-45d2-8e8f-cadeac8ad3d3	V	6107273	R	14	6747	3
e2d529f2-10d7-45d2-8e8f-cadeac8ad3d3	V	6105465	L	14	-11395	74
69b9643e-ce2b-42a1-86b9-0922b19c438d	V	6105466	L	1	-11459	52
4d0dc746-3b92-43bc-a466-ecf113a8d089	V	6107249	R	12	6784	2
4d0dc746-3b92-43bc-a466-ecf113a8d089	V	6105467	L	12	-11494	92
77b4a29a-01a6-4dc0-b944-8f1b991400c4	V	6105470	L	17	-12402	27
a3c80366-8ea3-4e8e-adbd-5d543b4ad751	V	6107249	R	37	3953	3
a3c80366-8ea3-4e8e-adbd-5d543b4ad751	V	6105470	L	37	-11468	20
b5ca960e-617b-4627-a9e1-496895977e92	V	6105480	L	28	-11493	206
8612aa45-4756-4bf1-b793-dc304fd20c55	V	6105480	L	2	-407	120
b2a7fdfb-89e0-491b-a209-e631ba137560	V	6105480	L	22	-11494	140
bd81cf39-30a3-4789-b14b-406f451d915a	V	6105480	L	11	-11129	137
a5a8f14f-28a3-466a-8e25-9d727292884e	V	6105480	L	16	-11493	139
7c69cc50-bf7b-4434-b4f1-aa8f655b92e2	V	6105480	L	21	-11535	101
a9c0e493-b3ca-40ba-a956-700d830b5eec	V	6106436	R	7	10168	2
a9c0e493-b3ca-40ba-a956-700d830b5eec	V	6105480	L	7	-11404	42
152d62e1-43b2-4c94-8f27-439134c3544a	V	6105480	L	25	-11555	46
c38e5c7a-f8fe-4135-8902-cda016d5795e	V	6105503	L	5	-11507	75
de8620c0-d550-44de-bc07-7bfb738955db	V	6105534	L	17	-6279	177
281c5545-ca92-4ba1-9fb1-292281391264	V	6106179	L	1	-353	168
d6d81cad-f340-4072-ac89-dca8e8d61e7f	V	6106226	L	4	-13380	153
06e3cb8c-0a6b-4c14-affa-10cb98590cc7	V	6107233	R	22	6814	2
06e3cb8c-0a6b-4c14-affa-10cb98590cc7	V	6106228	L	22	-1251	36
005a0155-6481-48c2-97d8-d392406a65bf	V	6106230	L	1	-396	96
6262ecd2-51ea-4c13-8970-e34623220353	V	6106907	L	23	-1237	203
b1d7fa8d-6215-47b8-bd96-bd705a3f2a67	V	6106907	L	16	-13220	217
18d2da16-903c-42df-b9de-ef5f3d3d573b	V	6107274	R	19	6825	3
18d2da16-903c-42df-b9de-ef5f3d3d573b	V	6106907	L	19	-13279	143
22a96b45-497a-4e68-aef6-077ff880c2d6	V	6106907	L	7	-13149	24
0008e9fd-1277-424c-ba7c-fe336bea9210	V	6107273	R	2	6776	2
0008e9fd-1277-424c-ba7c-fe336bea9210	V	6106907	L	2	-1235	103
9385fa0f-0dc0-4dee-a6de-a73463620133	V	6106907	L	1	-3360	91
92563c66-b14e-4402-9a53-21be393654c0	V	6106907	L	10	-638	128
fc44af9b-3041-446b-a4f0-27f966428c3d	V	6106907	L	2	-1243	64
9b911349-b64d-45e8-a126-91756e974ca2	V	6107273	R	16	1031	3
9b911349-b64d-45e8-a126-91756e974ca2	V	6106907	L	16	-1237	155
9c4a51f4-da68-43a1-bc76-7a5a89e759e2	V	6107273	R	11	5794	3
9c4a51f4-da68-43a1-bc76-7a5a89e759e2	V	6106907	L	11	-1224	139
2f14006b-8525-46fb-b271-7d347712f418	V	6106907	L	11	-13123	99
94c65c8b-1584-4676-a0ed-b32be63be23b	V	6106907	L	1	-14337	126
d3679894-0e3e-48e2-9c19-6c4283725dfc	V	6107249	R	1	6839	3
d3679894-0e3e-48e2-9c19-6c4283725dfc	V	6106907	L	1	-13214	66
d4ff4bc9-6f6a-4dff-897d-1c491540ca00	V	6106907	L	28	-1245	125
289af015-7f0b-420a-a56a-f5a3b98f1d7b	V	6106907	L	16	-13164	85
93160ba2-4148-45c8-8312-7120f19415fa	V	6106907	L	1	-13199	81
66dcd7e5-28e8-4cb4-b998-8e72b16e0ece	V	6106907	L	1	-13061	76
51ede1ca-a2a5-4205-957d-006a4be6b021	V	6106907	L	15	-10193	69
3f3a9186-5065-4c09-98e5-953887bde5ff	V	6106907	L	18	-14272	73
ed097579-b679-4c1b-b3c2-d3f8820eef0a	V	6106907	L	7	-1227	50
cac15c48-2863-4c40-a75d-95e598faad87	V	6107245	R	16	6817	8
cac15c48-2863-4c40-a75d-95e598faad87	V	6106907	L	16	-4530	104
02a76032-bd4e-483a-b41c-ad3ab6dd591c	V	6106907	L	13	-7099	54
6095799f-52d1-4922-a138-55ee88f8013f	V	6106907	L	6	-13003	34
df36d4f1-f25e-4e95-9f8d-65ff9af714c4	V	6106907	L	7	-1249	74
fa73aa77-ae93-4368-b05c-373d51dfb03c	V	6107249	R	13	4553	4
fa73aa77-ae93-4368-b05c-373d51dfb03c	V	6106907	L	13	-14538	69
455a1cf6-8475-4f79-8696-be6bca9b557a	V	6106907	L	8	-14108	29
058a3dac-d2ea-4426-a82e-ce4fc3ab15d6	V	6107273	R	1	6758	2
058a3dac-d2ea-4426-a82e-ce4fc3ab15d6	V	6106907	L	1	-14262	64
8c950700-f895-460a-8183-c276d9017a97	V	6106907	L	4	-13140	49
3f4fadba-a5e1-4493-9ecc-d74ec813e4b7	V	6107249	R	18	6865	3
3f4fadba-a5e1-4493-9ecc-d74ec813e4b7	V	6106907	L	18	-2531	58
d1ce3804-6da6-4798-961a-16bf824b671f	V	6106911	L	31	-2103	127
fe986329-eeb4-4c67-8864-6db6f094ddfe	V	6106917	L	2	-13167	187
68347ee9-da7b-440b-8cd5-2e0d39d43c7a	V	6106917	L	1	-1248	129
0a04016d-a906-4ce6-85b4-205fcf72fdd2	V	6106917	L	1	-13938	49
6ee77eec-1f77-474b-980e-a20eb1ab28a6	V	6107273	R	6	5883	2
6ee77eec-1f77-474b-980e-a20eb1ab28a6	V	6106917	L	6	-1241	61
aa70c97b-a7a1-4796-8e98-758b973e4e08	V	6106917	L	18	-13209	64
1bf04d9b-e418-469a-b621-747e1c58fcfc	V	6106917	L	10	-14029	56
c9fdcbea-0254-41b7-bfc4-fb51f7dd34ea	V	6106917	L	25	-14320	37
fc2d9cfc-20f3-41d3-ba53-191d8bc2d2d7	V	6107273	R	27	6771	3
fc2d9cfc-20f3-41d3-ba53-191d8bc2d2d7	V	6106917	L	27	-13166	25
17cf0910-e1cc-4431-9c36-185efb9dd46b	V	6106934	L	5	-1257	42
5cb2a00d-03ce-46d2-bff3-9ad2753da791	V	6107273	R	10	6747	2
5cb2a00d-03ce-46d2-bff3-9ad2753da791	V	6106934	L	10	-14244	141
9f1d187d-8388-4b5f-89bd-822220b6705a	V	6106934	L	16	-13288	131
47eb2027-da2e-41a3-987d-a4b71356c52d	V	6107249	R	5	5201	3
47eb2027-da2e-41a3-987d-a4b71356c52d	V	6106934	L	5	-2098	52
c2f7d63d-31d6-4388-bb7a-1a11b13de752	V	6107273	R	29	6796	2
c2f7d63d-31d6-4388-bb7a-1a11b13de752	V	6106934	L	29	-13244	176
72f5e5d1-2f7a-4c32-9830-a6bc43266939	V	6107249	R	14	6798	3
72f5e5d1-2f7a-4c32-9830-a6bc43266939	V	6106934	L	14	-13141	39
3bad0a4c-b5b4-4461-9cb5-78600d64b248	V	6107249	R	5	6833	2
3bad0a4c-b5b4-4461-9cb5-78600d64b248	V	6106934	L	5	-13196	49
3cd3a553-181b-45b4-ad29-36c8f96d4c50	V	6106934	L	3	-23363	36
54d79308-9dee-4983-b022-01492468ecf2	V	6106934	L	1	-22329	45
fa374fb6-2794-4121-b21b-07fc5ffde16d	V	6106935	L	1	-13169	56
086eb940-686c-4432-8273-9561f8477104	V	6107249	R	3	11816	5
086eb940-686c-4432-8273-9561f8477104	V	6106948	L	3	-13226	120
ab041f43-3bf9-452e-91a5-524a9c5343b2	V	6106977	L	1	-437	76
30f4094f-7523-46b4-b707-7c8e02fb07ca	V	6106977	L	3	-10339	28
448a43ef-3ee1-4907-9c48-e522b9b47c2f	V	6106978	L	2	-13189	36
664a2bda-fceb-448f-a81e-89f59a5121aa	V	6315463	R	1	1194	36
3ec3b4a9-e7a6-493f-a6dc-695f2184cb46	V	6315463	R	6	1341	172
63e0bfac-e9b5-4892-87bd-3ca668205c69	V	6315463	R	1	1353	39
9efd0f82-4bb5-45e1-826c-1a368aa4c269	V	6315463	R	3	1341	48
29913b4b-893d-4664-9f32-8598392a534f	V	6315336	L	1	-3303	110
3a9edb7f-f694-41fc-bc35-ec22699b101f	V	6315336	L	1	-3366	129
a0daae13-850b-4f2a-8793-714553143276	V	6315463	R	1	1332	92
47e93afa-9358-48c4-aeaa-eb03ee5a0938	V	6315463	R	1	5699	76
4f8abc28-4b05-407c-b303-be9be69f9d46	V	6315463	R	1	1338	104
4f8abc28-4b05-407c-b303-be9be69f9d46	V	6315343	L	1	-4105	10
0f8f8211-58f5-46e5-a7b0-35fad4001dd6	V	6315463	R	1	1320	177
250866d0-6950-4e51-a8fd-ef59d55581ff	V	6923587	R	16	34727	80
250866d0-6950-4e51-a8fd-ef59d55581ff	V	6923299	L	16	-6739	3
3f234404-100f-48a1-9deb-cacc725ef0a1	V	6952024	R	4	531	6
3f234404-100f-48a1-9deb-cacc725ef0a1	V	6949845	L	4	-5949	204
c81406a4-390a-4a10-9feb-f7b2dfda33b8	V	6952049	R	1	493	2
c81406a4-390a-4a10-9feb-f7b2dfda33b8	V	6950879	L	1	-6843	77
801bde45-45d3-4b48-bdf3-dd0b92476a26	V	6952049	R	1	499	4
801bde45-45d3-4b48-bdf3-dd0b92476a26	V	6950972	L	1	-6992	79
42d5c88b-052a-4db5-9299-8b2082cebcbf	V	6952049	R	1	498	5
42d5c88b-052a-4db5-9299-8b2082cebcbf	V	6950984	L	1	-7003	38
98d39d31-2036-453b-89da-4be4227aa145	V	6951102	L	4	-7155	106
7a9d3341-a784-4ca9-b90d-64befed3ecb1	V	6951900	R	1	663	5
7a9d3341-a784-4ca9-b90d-64befed3ecb1	V	6951102	L	1	-7204	109
ac6cf20b-cceb-4077-b7c9-a32f8df5b99c	V	6951132	L	2	-7123	86
dd493714-4d44-46bf-ab51-8490a118f33c	V	6952024	R	6	527	5
dd493714-4d44-46bf-ab51-8490a118f33c	V	6951132	L	6	-7162	56
af322170-c5a6-41a6-971c-180c4e6bf661	V	6951257	L	3	-7334	58
289a01ca-cd2b-4898-91c3-187c53fba4eb	V	6958772	R	8	3535	104
9a864eb5-0160-45fc-afe5-668167ddff81	V	6958772	R	1	7279	22
0c0a9358-0d64-4f43-9dde-59456b1f08ea	V	6958772	R	1	6377	80
e488c7e9-bfd1-4a97-974a-17852b432f5e	V	6958775	R	1	2954	102
e488c7e9-bfd1-4a97-974a-17852b432f5e	V	6958342	L	1	-7489	4
5291f500-51cc-4026-a085-fd4fefa43aeb	V	6958772	R	1	3486	133
5291f500-51cc-4026-a085-fd4fefa43aeb	V	6958365	L	1	-9648	4
1bdee763-48fb-495b-8737-1cd9fb71a360	V	6958772	R	4	3530	51
9d8ca3d8-09bb-41c0-9865-0a6ffed6dca8	V	6958762	R	1	3540	44
9d8ca3d8-09bb-41c0-9865-0a6ffed6dca8	V	6958366	L	1	-4685	3
1b73e56f-e622-4d30-b023-f14303551eca	V	6959197	R	15	3177	50
1b73e56f-e622-4d30-b023-f14303551eca	V	6958366	L	15	-7547	5
f2bf2f37-1f42-4884-9215-bf5e9fc7c8c3	V	6958552	R	1	3651	23
5688e1fe-05af-4840-af0c-213d877e1f7a	V	6958772	R	5	3545	185
8c66e472-8b9e-42c1-8117-5d088d61a49b	V	6959197	R	2	3202	75
503b7ac5-1371-4e87-8574-e868e046ec83	V	6959141	R	5	3223	148
503b7ac5-1371-4e87-8574-e868e046ec83	V	6958366	L	5	-4694	5
4acc3e34-8bdd-4bbb-b2a8-85e80ceb9724	V	6958772	R	1	3508	91
fd1f156a-e515-4000-bd8e-a6cb07aa7513	V	6958775	R	2	5626	91
8bcd38c2-d22b-4518-acd7-b43021861b6f	V	6959197	R	2	3237	118
e88a8d4c-1a6d-4584-a9e2-df33f9622c88	V	6958783	R	1	3493	69
1e336e28-c5eb-4a99-8640-29c0637edc37	V	6958760	R	2	3524	112
d8748235-3ef3-4199-955b-c59e57e4cea7	V	6959197	R	11	3202	58
d8748235-3ef3-4199-955b-c59e57e4cea7	V	6958366	L	11	-4680	3
21e3f0b8-ee06-4f60-9984-9df040179987	V	6958772	R	4	3532	127
114ed951-b645-42bf-b53b-3bcfda74fc80	V	6958762	R	2	3531	140
114ed951-b645-42bf-b53b-3bcfda74fc80	V	6958366	L	2	-4665	3
23fd9b92-8e15-4e22-8b45-ca8235bc0d31	V	6958762	R	5	3538	131
d8653b32-0162-48f5-ba9a-7c0eabdf377b	V	6959197	R	14	3184	114
930daa36-8276-4ce2-ba07-a10dda986dc1	V	6958772	R	1	3512	96
c301752d-9a0a-4639-ac0f-70d5d0c13686	V	6959197	R	3	3183	98
c301752d-9a0a-4639-ac0f-70d5d0c13686	V	6958366	L	3	-4665	5
6ee3e9ab-aa37-4ee8-94a1-b2577950eccb	V	6958760	R	1	5651	130
d9ed7257-4295-4463-af4d-f2f3f8c0b206	V	6958772	R	8	3527	123
56638ce3-4dd9-4e36-8aa3-a4b4932d7488	V	6958775	R	3	3530	94
9a54e2aa-5c3f-4724-9fae-843f5d96956b	V	6959193	R	7	3151	41
1f54d1b9-89b0-489d-a7c5-b368e59326ca	V	6958772	R	5	3542	105
daf6958a-f62c-4dcd-8952-691460a52518	V	6958762	R	5	3541	76
5a09a51e-0f40-4a1d-82a0-d2e4a4ca64d5	V	6959197	R	9	3175	73
519752d9-18a5-42ee-89f5-68548fe46bcf	V	6958772	R	1	3523	66
75410fb3-4e6a-4c0c-ad32-68c8a83a7700	V	6958762	R	3	3565	26
505227f8-f87a-45e5-8579-5ad7e0d538d5	V	6959197	R	9	3194	68
505227f8-f87a-45e5-8579-5ad7e0d538d5	V	6958367	L	9	-4683	2
02a005db-9d72-47be-892f-62023423b041	V	6959197	R	2	3158	71
3c84efd6-2315-4565-af2e-c37e46250fdf	V	6959197	R	8	3140	31
3c84efd6-2315-4565-af2e-c37e46250fdf	V	6958371	L	8	-4633	4
a1f85d96-71cc-43db-86fe-e74f778337e3	V	6958762	R	1	3506	208
48209f5a-27af-4ceb-9455-4337a1f09efc	V	6959197	R	4	3184	145
afeebe84-2e10-47f7-a5db-753b98296bee	V	6959196	R	1	3169	92
afeebe84-2e10-47f7-a5db-753b98296bee	V	6958438	L	1	-4661	10
747c1ef3-706f-48b9-ad28-79243bf8a463	V	6959197	R	1	5219	21
a4f061a7-0004-47fc-8664-458dcd7febed	V	6959197	R	3	3187	107
a4f061a7-0004-47fc-8664-458dcd7febed	V	6959088	L	3	-787	5
4a27ced1-ad15-44e6-96b9-bdb3f12c6335	V	6965756	R	6	659	21
77809e63-f455-42a4-9818-913a2107ac08	V	6965756	R	3	655	51
92cd5a9e-6a94-41d1-9a74-861faf851bb0	V	6965756	R	1	647	100
92cd5a9e-6a94-41d1-9a74-861faf851bb0	V	6965508	L	1	-5894	6
dae189d8-9157-4ae5-af28-904852985fec	V	6965756	R	1	664	15
dae189d8-9157-4ae5-af28-904852985fec	V	6965586	L	1	-5971	10
24cbf354-0eed-43c4-8dc8-c29834f0e515	V	6965756	R	3	661	41
cdc6006b-11ad-4ee1-bd10-3f1689098fd7	V	6965756	R	4	654	72
0163befa-5830-4efb-8d3c-6db6d7d3ac10	V	6965756	R	4	10968	32
bc557c8d-5a62-45ce-9416-7a5c7524cd7a	V	6965756	R	1	652	67
bc557c8d-5a62-45ce-9416-7a5c7524cd7a	V	6965587	L	1	-5953	2
6ff5c6de-bd22-46e2-a7e7-e42e187cf65d	V	6965731	R	3	10900	31
9d0aa6cb-53ef-46a8-8501-5a2b7948296b	V	6965756	R	5	643	47
7080a294-c076-4d89-acd1-37cd2be0afe5	V	6965749	R	1	10861	39
696d7752-6a6d-41b7-a7e9-9237bcd8e9cd	V	6965756	R	2	12311	24
1a9b14f8-54f4-4452-99ad-faad7c3cb7fa	V	6965756	R	6	10940	219
488faf0d-7e6d-437c-a141-01346721ae93	V	6965756	R	8	654	92
81020cbf-9683-4ca6-bdc5-4a355a16ec59	V	6965756	R	1	497	109
39af80b3-41fe-4772-a007-719587ec5ece	V	6965756	R	2	652	84
d2f3e98e-17ae-4d83-b7b7-1b5b50000199	V	6965756	R	3	10942	54
9b809f90-519c-43d7-9ef5-c1b832952257	V	6965756	R	18	9337	33
fe94699d-1cb3-4727-b1d8-a4c7981539d6	V	6980748	R	2	4668	48
fe94699d-1cb3-4727-b1d8-a4c7981539d6	V	6980161	L	2	-5304	2
5ad5fd6a-eed5-4538-8520-eccdc708f843	V	6980748	R	3	4734	66
b2fa545e-e78a-497f-a709-9566d5ee29d3	V	6980683	R	2	4742	96
b2fa545e-e78a-497f-a709-9566d5ee29d3	V	6980481	L	2	-5495	2
ddd00361-1916-4030-9820-99889d6d1fbd	V	6980685	R	2	4724	31
ddd00361-1916-4030-9820-99889d6d1fbd	V	6980488	L	2	-5465	2
4148a8c5-5350-4c2b-9bd7-15f78ddb9e9e	V	6980748	R	2	4525	24
31d44fc6-9d4b-4167-a2ae-04cf45cd5c04	V	6980685	R	4	4769	32
fd29e146-9a0d-48de-a917-9301c7f275b5	V	6980748	R	1	2307	202
fd29e146-9a0d-48de-a917-9301c7f275b5	V	6980488	L	1	-5499	3
91ff5b44-d669-4d11-8921-28b0421a9053	V	6980748	R	1	4730	122
91ff5b44-d669-4d11-8921-28b0421a9053	V	6980488	L	1	-5463	2
1242575b-7bec-4b10-a52f-41ccc84b77f5	V	6980685	R	1	4766	157
bbcb98ad-70e4-4aa5-9e28-ab9f1e4aa62f	V	6980678	R	1	4724	113
bbcb98ad-70e4-4aa5-9e28-ab9f1e4aa62f	V	6980488	L	1	-5443	2
b249ecad-da39-4406-aeef-79499f011fcb	V	6980748	R	1	2291	79
b249ecad-da39-4406-aeef-79499f011fcb	V	6980488	L	1	-5476	9
603288ec-041b-4202-a923-d935578a9aa6	V	6980748	R	3	2302	77
0b346500-060f-48b1-98e0-27dc9a967aec	V	6980685	R	2	4767	103
c8304eb6-2feb-4313-b5dc-ed227018e8a6	V	6980748	R	3	4730	40
c8304eb6-2feb-4313-b5dc-ed227018e8a6	V	6980573	L	3	-5582	2
361fdf19-2266-4b62-9ac4-4f57732a7939	V	6980748	R	1	2301	111
ee7264ec-1f3d-4f26-8ccd-551ad0077f4e	V	6980671	R	1	2327	103
ee7264ec-1f3d-4f26-8ccd-551ad0077f4e	V	6980573	L	1	-5558	3
49724aca-f575-4f0d-ade5-a77492d6ce3c	V	6980685	R	1	4084	84
2fd96ec2-c9a2-4845-bc26-bdd9ff1ca6f9	V	6980748	R	1	4689	146
2fd96ec2-c9a2-4845-bc26-bdd9ff1ca6f9	V	6980591	L	1	-5602	4
5d0d7700-e1bd-4f5f-b7cb-521403e86f47	V	6980748	R	1	2285	41
9ed48479-def3-4c7b-a25a-3b0aa2f68210	V	6980748	R	1	4595	171
11dded61-3b29-4fb1-9d0d-db6222af3f7b	V	6980748	R	1	2300	98
11dded61-3b29-4fb1-9d0d-db6222af3f7b	V	6980591	L	1	-4637	5
95b19120-a4d5-43e9-9432-0a0a722d7ff1	V	6980748	R	1	2278	92
95b19120-a4d5-43e9-9432-0a0a722d7ff1	V	6980591	L	1	-8668	3
bc7123ef-31c9-42e3-b370-9d5b27c7dc29	V	6980748	R	5	4698	76
bf7731bc-b0ca-4470-9c35-6330a510c779	V	6980748	R	1	4723	99
bf7731bc-b0ca-4470-9c35-6330a510c779	V	6980625	L	1	-5611	3
5da3a982-5b5e-4cfd-a70d-49a1717fdc63	V	6982500	R	2	605	80
5da3a982-5b5e-4cfd-a70d-49a1717fdc63	V	6981791	L	2	-6677	3
b9900a5e-8f98-43b1-bb0c-83f9da6e10e5	V	6982517	R	1	2940	57
b9900a5e-8f98-43b1-bb0c-83f9da6e10e5	V	6981815	L	1	-6571	2
8c196f92-1c09-4773-b783-5f76b4a5023f	V	6982518	R	4	2985	142
901409df-818e-4891-8214-e5eff1ff5f2e	V	6982500	R	7	3002	80
901409df-818e-4891-8214-e5eff1ff5f2e	V	6981817	L	7	-1884	4
cefc2616-de00-42a2-8411-8ab14405e935	V	6982517	R	2	576	122
cefc2616-de00-42a2-8411-8ab14405e935	V	6981817	L	2	-6704	2
081c582b-f22f-42a9-acc9-c5afb65a3053	V	6982517	R	1	2833	79
4f3b32dd-e37f-418a-878b-52d3b8550abc	V	6982907	R	10	2463	32
4f3b32dd-e37f-418a-878b-52d3b8550abc	V	6981818	L	10	-6662	3
d3054ac2-1c9d-4aa7-ad91-9509a3223517	V	6982517	R	7	2979	60
d3054ac2-1c9d-4aa7-ad91-9509a3223517	V	6981818	L	7	-6611	2
dd34520c-9d05-4062-9576-3286392c1192	V	6982517	R	5	3007	61
dd34520c-9d05-4062-9576-3286392c1192	V	6981818	L	5	-6714	3
4cac0dd4-3bd1-4893-9ba2-965f64038620	V	6982514	R	5	3012	58
4cac0dd4-3bd1-4893-9ba2-965f64038620	V	6981818	L	5	-6646	8
4f0df31e-005a-4f0e-b673-4fd351f79f40	V	6982351	R	1	3175	30
262bd3ac-ac59-4465-bac6-c3e1c154d664	V	6982500	R	1	3004	64
140aa06a-5ac2-419f-a967-ef2c52c83ce0	V	6982517	R	6	3014	62
140aa06a-5ac2-419f-a967-ef2c52c83ce0	V	6981818	L	6	-6677	3
9e28e38a-5e3b-4bf1-808f-bd87ae876758	V	6982060	R	1	3491	46
9e28e38a-5e3b-4bf1-808f-bd87ae876758	V	6981818	L	1	-9629	4
f0a5e739-bb0f-4c7a-b448-2628aa90f5e6	V	6982517	R	5	3017	61
f0a5e739-bb0f-4c7a-b448-2628aa90f5e6	V	6981818	L	5	-6740	2
2fc585b2-3de6-4c47-883a-e37a697bbcb7	V	6982058	R	6	3480	36
bbf03392-36fb-49d5-bcba-3946f6f362ec	V	6982517	R	8	2991	50
bbf03392-36fb-49d5-bcba-3946f6f362ec	V	6981818	L	8	-6695	3
3ce8590e-02a9-457f-91e6-8d0daa20a4e4	V	6982517	R	14	3057	36
3ce8590e-02a9-457f-91e6-8d0daa20a4e4	V	6981818	L	14	-6652	8
93575154-0262-40c5-b16c-1cff953b1012	V	6982517	R	9	3016	44
0c46b99e-1255-4eec-9237-8e87323ee006	V	6982517	R	11	3005	32
0c46b99e-1255-4eec-9237-8e87323ee006	V	6981818	L	11	-9755	3
7fc6b941-58e3-4dff-b006-c01a2aca3724	V	6982902	R	4	2502	55
7fc6b941-58e3-4dff-b006-c01a2aca3724	V	6981818	L	4	-6713	3
ece53e21-a82b-4e26-9a28-59d7b63b32f7	V	6982517	R	6	3097	64
f5099e64-1f39-4ac9-8a81-5a2d47d9c57c	V	6982518	R	16	2987	23
6820098b-e21f-423a-953c-2a8a8f942d7b	V	6982517	R	3	2504	43
6820098b-e21f-423a-953c-2a8a8f942d7b	V	6981818	L	3	-6654	2
fd7e3fa4-855e-4a4d-b57f-390f300629ab	V	6982513	R	1	606	195
fd7e3fa4-855e-4a4d-b57f-390f300629ab	V	6981818	L	1	-6682	3
f9c929f2-b611-434a-9e0f-40197ea3b7e7	V	6982500	R	14	607	99
9e2700cc-9cc1-4e3d-a984-c8743aa9fa25	V	6982517	R	7	3011	146
db7ac932-ba30-4a19-943e-afd7b539a5ca	V	6982902	R	4	2479	151
db7ac932-ba30-4a19-943e-afd7b539a5ca	V	6981818	L	4	-6716	5
eebea301-bd82-4b9f-8942-4d9be6d176f2	V	6982513	R	6	594	66
eebea301-bd82-4b9f-8942-4d9be6d176f2	V	6981818	L	6	-6626	4
45d22e79-c5a5-4862-9274-73f76c05fb2a	V	6982517	R	5	3000	159
45d22e79-c5a5-4862-9274-73f76c05fb2a	V	6981818	L	5	-5767	4
b5c9f80f-f9ce-45e1-a45a-70632210b756	V	6982351	R	2	3224	127
b5c9f80f-f9ce-45e1-a45a-70632210b756	V	6981818	L	2	-6709	3
9e530f33-e89b-40d0-8be2-815a9c6960e1	V	6982500	R	12	611	106
9e530f33-e89b-40d0-8be2-815a9c6960e1	V	6981818	L	12	-6721	3
a7080a0c-2137-471a-ab74-46b56c21e4cb	V	6982495	R	8	2990	79
77fdc3b2-d892-4281-8f1c-c82e9b89971e	V	6982500	R	8	609	84
299558bf-9b14-4a8f-ab01-a3c8127a621a	V	6982500	R	5	609	91
299558bf-9b14-4a8f-ab01-a3c8127a621a	V	6981818	L	5	-6672	5
90c70c13-9194-4d97-9982-05b1ee5d3420	V	6982513	R	1	2994	75
90c70c13-9194-4d97-9982-05b1ee5d3420	V	6981818	L	1	-139	2
be398331-9ea9-4b52-a4a1-a9ced0c61f6d	V	6982500	R	5	3017	136
be398331-9ea9-4b52-a4a1-a9ced0c61f6d	V	6981818	L	5	-9646	2
6e167ba4-e191-425a-a71c-5103fb1acc90	V	6982500	R	3	327	78
6e167ba4-e191-425a-a71c-5103fb1acc90	V	6981818	L	3	-6687	4
6699f115-919b-4e64-93af-cb8923bef295	V	6982500	R	1	598	110
23e56f62-7c3a-46f3-8d73-de02c680a1fe	V	6982902	R	5	57	150
69a874b4-ac17-49ef-8889-fd644b7ae39c	V	6982891	R	4	2472	128
69a874b4-ac17-49ef-8889-fd644b7ae39c	V	6981818	L	4	-6664	2
8dacc3ab-65d0-4a6d-a2df-548ea9744e1b	V	6982517	R	3	3002	146
8dacc3ab-65d0-4a6d-a2df-548ea9744e1b	V	6981818	L	3	-6693	3
65f67a9b-9dc5-48d2-a538-50dd0650baf7	V	6982518	R	11	590	149
65f67a9b-9dc5-48d2-a538-50dd0650baf7	V	6981818	L	11	-1563	2
bc293b04-ccbf-4863-b6d5-2f74cf2fd123	V	6982902	R	12	2481	115
bc293b04-ccbf-4863-b6d5-2f74cf2fd123	V	6981818	L	12	-135	7
4738d8bf-2fd7-46f2-83bc-f08033d696f0	V	6982500	R	4	3013	106
4738d8bf-2fd7-46f2-83bc-f08033d696f0	V	6981818	L	4	-6683	3
63914c9f-4894-434e-b9bc-7f754df39130	V	6982516	R	5	3006	108
63914c9f-4894-434e-b9bc-7f754df39130	V	6981818	L	5	-6712	3
b029e3c6-4787-459f-ba6a-aa38f6699669	V	6982516	R	3	3009	95
b029e3c6-4787-459f-ba6a-aa38f6699669	V	6981818	L	3	-6669	8
c2a09257-7cd8-4d73-a01e-8c22d076b637	V	6982517	R	9	3021	49
c2a09257-7cd8-4d73-a01e-8c22d076b637	V	6981818	L	9	-6747	2
dac0996f-7c6e-4363-a5c1-0b037b35ec28	V	6982517	R	6	2964	39
d3b99e39-6866-4624-a904-e7ab19dc70f8	V	6982500	R	2	613	111
ab241776-d432-4673-9d9e-af354c743490	V	6982513	R	10	597	99
47143879-7a31-4315-8928-6c32f56113ad	V	6982517	R	15	3001	97
47143879-7a31-4315-8928-6c32f56113ad	V	6981818	L	15	-6701	4
37678aaf-1907-440c-b14c-8553176c7d77	V	6982500	R	3	2993	128
37678aaf-1907-440c-b14c-8553176c7d77	V	6981818	L	3	-3895	4
af24a4ef-6341-4d57-b1e1-d9c0bd03646d	V	6982500	R	5	605	125
af24a4ef-6341-4d57-b1e1-d9c0bd03646d	V	6981818	L	5	-6699	2
0b193414-7ad1-4b85-b862-cf23d6f48e40	V	6982500	R	6	618	81
0b193414-7ad1-4b85-b862-cf23d6f48e40	V	6981818	L	6	-6686	2
1b60bb29-0a63-4726-88b8-a92fd1ef250c	V	6982902	R	9	2476	109
1b60bb29-0a63-4726-88b8-a92fd1ef250c	V	6981818	L	9	-6660	14
9d33fbcf-b7ad-4c21-a981-c3b5e0f38ca5	V	6982517	R	1	2987	91
9d33fbcf-b7ad-4c21-a981-c3b5e0f38ca5	V	6981818	L	1	-6337	3
67a95ba0-0505-4af4-9919-e8d55e0a18fc	V	6982517	R	7	2994	115
67a95ba0-0505-4af4-9919-e8d55e0a18fc	V	6981818	L	7	-6601	3
0a93436b-1c95-4351-a926-ec0d5a49b40b	V	6982500	R	10	3008	40
b118d54c-e24c-4574-ba06-ceeeb76bd619	V	6982500	R	1	3036	70
c09b6a67-7ffb-4d3f-8011-a835d2a25c70	V	6982500	R	12	3001	98
c09b6a67-7ffb-4d3f-8011-a835d2a25c70	V	6981818	L	12	-6708	3
a4bc8470-b97d-4700-983f-ba86e7b05184	V	6982058	R	1	3382	58
a4bc8470-b97d-4700-983f-ba86e7b05184	V	6981818	L	1	-3737	2
0b2c2c06-1bca-4e2d-aa7b-9bc9e9c41b52	V	6982500	R	10	596	90
4d4cc209-e31e-43f1-ba12-6469b6c82dcd	V	6982517	R	6	589	77
4d4cc209-e31e-43f1-ba12-6469b6c82dcd	V	6981818	L	6	-6694	4
4028d743-f801-4eba-b812-0580e5a79c62	V	6982500	R	5	3030	94
4028d743-f801-4eba-b812-0580e5a79c62	V	6981818	L	5	-6694	4
f48fb623-22d2-40c2-92be-2cea923fbd25	V	6982351	R	1	618	112
f48fb623-22d2-40c2-92be-2cea923fbd25	V	6981818	L	1	-6701	2
1c5ca6e0-00bd-4a3c-bbdf-f7eecc5fc243	V	6982498	R	16	614	88
1c5ca6e0-00bd-4a3c-bbdf-f7eecc5fc243	V	6981818	L	16	-6670	9
bd633d59-afaf-4672-ad58-3a5995c5bbf7	V	6982500	R	5	602	92
4b94ef6b-cd28-44f8-b557-a69b0d610357	V	6982513	R	4	592	119
4b94ef6b-cd28-44f8-b557-a69b0d610357	V	6981818	L	4	-6671	2
457e2c8a-818d-41e0-a4ee-38ed0f08d814	V	6982500	R	36	3031	63
457e2c8a-818d-41e0-a4ee-38ed0f08d814	V	6981818	L	36	-6694	4
018d2585-603f-40f3-b07b-1c9bdf824cab	V	6982517	R	17	3006	80
86e3b4b8-e2bb-4201-9f8d-0afcb51a3423	V	6982902	R	5	2477	103
86e3b4b8-e2bb-4201-9f8d-0afcb51a3423	V	6981818	L	5	-6724	3
b3f61fcb-9c72-456c-98f5-a1b27a6cbad3	V	6982513	R	16	3010	61
8a7e3dbe-bfc4-495f-b52e-bd737efee37b	V	6982517	R	1	304	45
1dd70016-ee3e-46c7-8663-2098b2c5596f	V	6982902	R	7	56	46
f09bd48a-8243-4bb7-87b3-a40d4155bde1	V	6982517	R	6	3043	62
f09bd48a-8243-4bb7-87b3-a40d4155bde1	V	6981898	L	6	-6816	3
2cb0aca7-ef61-4e18-b758-5b18428ac9e6	V	6982902	R	4	2430	28
2cb0aca7-ef61-4e18-b758-5b18428ac9e6	V	6981899	L	4	-9701	2
795be488-83bb-4773-9693-f8223c776dd5	V	6982517	R	2	3019	43
795be488-83bb-4773-9693-f8223c776dd5	V	6981900	L	2	-6810	2
65586f8d-e7f5-4f89-8f2f-2a9d0bad98d6	V	6982902	R	6	2470	75
fdd1fdca-9165-4bc3-a353-3d8c3ed4ff5c	V	6982517	R	12	2950	78
fdd1fdca-9165-4bc3-a353-3d8c3ed4ff5c	V	6981900	L	12	-6739	5
6b8502f7-98ed-4c9c-914f-49de1c659390	V	6982500	R	2	2913	53
02acc2bf-5be1-452d-9316-5480836a391c	V	6982902	R	2	2497	37
b6266f4e-68cc-4074-9d4d-11b034370e4f	V	6982517	R	2	2973	33
b6266f4e-68cc-4074-9d4d-11b034370e4f	V	6981900	L	2	-6706	2
3e991d0e-0957-44ce-b8fb-8a9f86af854e	V	6982517	R	2	3008	60
3e991d0e-0957-44ce-b8fb-8a9f86af854e	V	6981900	L	2	-6808	2
07672175-73fe-499f-8b11-d52e645157d8	V	6982517	R	1	2508	44
07672175-73fe-499f-8b11-d52e645157d8	V	6981900	L	1	-6743	2
e424f960-d86e-417e-8616-a445aa04a8a7	V	6982351	R	1	3191	37
e424f960-d86e-417e-8616-a445aa04a8a7	V	6981900	L	1	-6798	3
b6c0ea97-7f00-47e5-9f5b-7bc8b14731e6	V	6982517	R	1	556	56
401ac526-4e6d-4824-ac59-047103606db1	V	6982517	R	1	2941	72
401ac526-4e6d-4824-ac59-047103606db1	V	6981900	L	1	-6802	4
b62330ee-ce38-4baa-8022-c032458e78f6	V	6982517	R	6	2977	40
b62330ee-ce38-4baa-8022-c032458e78f6	V	6981900	L	6	-5984	7
957d8f63-19b7-4ad5-b67b-750d06dba95b	V	6982517	R	3	1002	39
d0c2a420-16f0-4b0c-8c49-68bbc7dd20a5	V	6982517	R	2	3017	40
d1c00cf0-913a-4406-ac09-4632f1a65acd	V	6982500	R	10	3022	45
6d650b25-f7a6-48cc-8a00-d8f3addeb498	V	6982500	R	14	3040	72
6d650b25-f7a6-48cc-8a00-d8f3addeb498	V	6981900	L	14	-6797	8
3ca705bf-5bdd-4664-8c87-a56344f0144c	V	6982517	R	4	2981	51
3ca705bf-5bdd-4664-8c87-a56344f0144c	V	6981900	L	4	-6701	3
27bfab1d-81ea-42f5-9738-d602e14bfdc4	V	6982517	R	3	3012	43
b5de683c-1ccb-4a3a-943b-4e869a055bce	V	6982902	R	6	2478	72
b5de683c-1ccb-4a3a-943b-4e869a055bce	V	6981900	L	6	-6795	2
2f6b19dd-cfe7-446e-a29e-0507267fc43b	V	6982517	R	3	1487	57
2f6b19dd-cfe7-446e-a29e-0507267fc43b	V	6981900	L	3	-6815	4
8cd9f8cb-7c2a-4986-87e9-ed3787e22230	V	6982517	R	3	2977	29
8cd9f8cb-7c2a-4986-87e9-ed3787e22230	V	6981900	L	3	-6782	4
5e864946-165c-49f3-90d1-025179cc1914	V	6982517	R	9	3014	60
ef2f6496-38a5-48a1-b109-b5189e371c6e	V	6982895	R	2	2444	40
ef2f6496-38a5-48a1-b109-b5189e371c6e	V	6981900	L	2	-6742	8
f2a9ba30-3892-40c7-aa83-786e685fb439	V	6982517	R	1	2998	46
83964898-142d-4a0f-bbf2-4f381da3299e	V	6982514	R	7	3002	42
83964898-142d-4a0f-bbf2-4f381da3299e	V	6981900	L	7	-6809	3
e897ee69-4f47-41d1-89f6-a454b4bf5ffb	V	6982351	R	1	811	185
e897ee69-4f47-41d1-89f6-a454b4bf5ffb	V	6981900	L	1	-6873	5
4693e0d2-6db1-4b5a-a9bc-520d36fed013	V	6982517	R	2	2995	264
4693e0d2-6db1-4b5a-a9bc-520d36fed013	V	6981900	L	2	-6794	2
98ca58c0-9a8d-4c2d-a63c-e7f0d3cb4432	V	6982517	R	1	3013	215
98ca58c0-9a8d-4c2d-a63c-e7f0d3cb4432	V	6981900	L	1	-6795	2
5730e536-16de-4533-a481-c71cd911c9c3	V	6982517	R	1	595	184
21c569d2-084d-487e-8bf2-f72666898c03	V	6982500	R	3	3035	200
a9dd725d-1d00-47a1-a10b-ea39638f7ede	V	6982513	R	7	3028	114
a9dd725d-1d00-47a1-a10b-ea39638f7ede	V	6981900	L	7	-6812	2
c8503a1e-f093-4734-bd11-e7731f842f32	V	6982500	R	11	3023	139
c8503a1e-f093-4734-bd11-e7731f842f32	V	6981900	L	11	-6821	6
f480f07e-274a-48b4-be75-c157988af2bd	V	6982500	R	6	3040	95
f480f07e-274a-48b4-be75-c157988af2bd	V	6981900	L	6	-6809	3
addbcd76-2cf8-4e60-a9a4-ad4bb8b0c53b	V	6982517	R	4	2996	171
addbcd76-2cf8-4e60-a9a4-ad4bb8b0c53b	V	6981900	L	4	-6816	3
bb6478a2-9af8-4ed6-8665-5bbf656208af	V	6982500	R	1	3016	160
8e40f182-ca83-479c-9935-afeaf3b583d4	V	6982500	R	8	3033	197
8e40f182-ca83-479c-9935-afeaf3b583d4	V	6981900	L	8	-6866	3
687e1db5-8a84-44ad-ad6b-cdcc7870cf60	V	6982500	R	3	604	116
687e1db5-8a84-44ad-ad6b-cdcc7870cf60	V	6981900	L	3	-6811	3
906b14d3-3991-4337-99ce-2c78a6d1c942	V	6982517	R	10	2972	38
a7c0ed13-b628-4e8a-ac36-2ac89deac1fd	V	6982902	R	5	2468	166
a7c0ed13-b628-4e8a-ac36-2ac89deac1fd	V	6981900	L	5	-6817	8
e6162de0-8b2c-4831-9de6-e341c96220c3	V	6982500	R	2	3035	121
71b8a96d-def1-470a-98b0-57a9f90a4083	V	6982500	R	2	406	55
71b8a96d-def1-470a-98b0-57a9f90a4083	V	6981900	L	2	-6786	3
949cf329-f5e1-4237-9818-9e7c03aad4b8	V	6982517	R	12	3002	75
949cf329-f5e1-4237-9818-9e7c03aad4b8	V	6981900	L	12	-6706	3
e37be02d-6cf3-4128-9cef-4cc05085861b	V	6982517	R	2	3030	184
e37be02d-6cf3-4128-9cef-4cc05085861b	V	6981900	L	2	-6813	2
27a1c21d-ebab-42c4-aa37-95c0ec689eaa	V	6982500	R	6	3007	102
27a1c21d-ebab-42c4-aa37-95c0ec689eaa	V	6981900	L	6	-6792	3
7ca57dd2-2d56-4b80-bf3b-3689c0677dec	V	6982521	R	3	3040	114
7ca57dd2-2d56-4b80-bf3b-3689c0677dec	V	6981900	L	3	-6814	2
c1a182f3-3b5e-496c-8e4a-d182bc5c8b90	V	6982902	R	4	2482	85
71cf28e7-26a3-4a37-9ef6-9c012a68bb46	V	6982517	R	5	596	107
71cf28e7-26a3-4a37-9ef6-9c012a68bb46	V	6981900	L	5	-133	2
16647121-4a6a-4c03-9e2e-cf21018e0871	V	6982500	R	5	3031	184
16647121-4a6a-4c03-9e2e-cf21018e0871	V	6981900	L	5	-6829	4
29d8442e-6010-4b38-bf7f-40a0d3f69c47	V	6982500	R	3	3001	165
29d8442e-6010-4b38-bf7f-40a0d3f69c47	V	6981900	L	3	-6847	3
1b4a7c3a-182a-42d8-a6d1-a53059781391	V	6982513	R	1	2989	86
1b4a7c3a-182a-42d8-a6d1-a53059781391	V	6981900	L	1	-5852	4
edd1621c-6a59-43a8-901c-6047298027f3	V	6982517	R	5	602	143
edd1621c-6a59-43a8-901c-6047298027f3	V	6981900	L	5	-6782	6
8b63fbaf-5f82-4c5f-8505-a18187f0b0ad	V	6982500	R	1	3005	96
8b63fbaf-5f82-4c5f-8505-a18187f0b0ad	V	6981900	L	1	-6826	3
80274fdf-19b8-4db4-bf00-0b820e8ec2a3	V	6982500	R	7	3027	169
29e87df5-4b83-4b5e-ab80-6d6f0a89c35e	V	6982517	R	3	3017	144
58374ec9-1646-49d1-b68f-fe0957aee955	V	6982500	R	7	3035	151
cac7b14e-7e33-4813-8aea-4da6587a185c	V	6982513	R	2	3038	107
cac7b14e-7e33-4813-8aea-4da6587a185c	V	6981900	L	2	-2011	4
8ebdc1ae-31ae-4aa0-b3fb-8b80b8f67595	V	6982517	R	4	3004	98
15118eee-5d61-48e9-91a2-0091520d3999	V	6982513	R	6	595	167
5c359e88-9f68-47a0-8753-5781726d9966	V	6982517	R	7	3032	75
5c359e88-9f68-47a0-8753-5781726d9966	V	6981900	L	7	-6763	3
36847211-4f4a-4f2a-8b35-e3457b196742	V	6982500	R	2	3014	133
36847211-4f4a-4f2a-8b35-e3457b196742	V	6981900	L	2	-1276	3
f227d678-da06-423b-99ba-5079fd9eeee0	V	6982517	R	1	3002	47
b6d434af-113f-4f63-9d5a-f63db8c896e6	V	6982902	R	3	56	160
e59fc25b-8c67-488b-98d6-da87ae975315	V	6982517	R	6	3010	73
e59fc25b-8c67-488b-98d6-da87ae975315	V	6981900	L	6	-6812	9
0b5ffc4f-27c2-47bf-93f2-9138772aa8f1	V	6982902	R	1	56	145
290c1495-97cc-4b11-bdf3-5bb6c561bdc3	V	6982484	R	4	3026	141
290c1495-97cc-4b11-bdf3-5bb6c561bdc3	V	6981900	L	4	-6799	5
cd013d89-d3ab-4b66-9485-6dabb5814c45	V	6982500	R	1	3083	76
cd013d89-d3ab-4b66-9485-6dabb5814c45	V	6981900	L	1	-6793	2
f41eb98d-4a92-4344-9ecb-de411db9af26	V	6982500	R	9	3021	163
f41eb98d-4a92-4344-9ecb-de411db9af26	V	6981900	L	9	-6765	2
8200c726-a381-4d0d-82d2-8cc043428b6b	V	6982500	R	10	607	71
8200c726-a381-4d0d-82d2-8cc043428b6b	V	6981900	L	10	-1666	7
ef374d69-d805-47d9-a6a8-b2b1436bfc58	V	6982517	R	2	3012	86
ef374d69-d805-47d9-a6a8-b2b1436bfc58	V	6981900	L	2	-6702	3
bf68c7cd-1f41-4224-8300-61216934e65b	V	6982517	R	6	3008	163
bf68c7cd-1f41-4224-8300-61216934e65b	V	6981900	L	6	-5775	4
5af4da6f-9afd-4b37-95bf-29b387dbb25b	V	6982500	R	7	3020	112
74cd61ec-5f60-447b-a44c-bea789e1cb1b	V	6982514	R	1	2991	144
9b412855-faf3-4635-8885-c57061d81800	V	6982500	R	10	608	162
9b412855-faf3-4635-8885-c57061d81800	V	6981900	L	10	-6792	3
f21e373f-5172-46e4-8eb6-582d63e78d18	V	6982500	R	2	610	131
f21e373f-5172-46e4-8eb6-582d63e78d18	V	6981900	L	2	-6791	2
fd09248b-b425-4caf-95ad-da432dd94cc9	V	6982513	R	10	3032	65
fd09248b-b425-4caf-95ad-da432dd94cc9	V	6981900	L	10	-6756	2
badd6c78-106d-4375-9252-7f15d1500f80	V	6982513	R	4	2977	92
884e95b8-f1fd-4550-b4ac-f7e7eadc40d7	V	6982513	R	4	2970	158
884e95b8-f1fd-4550-b4ac-f7e7eadc40d7	V	6981900	L	4	-6790	3
a70ad550-f5da-4466-9e6c-29159406ec71	V	6982517	R	8	3024	105
5dac2b92-2ef2-4060-b943-2193f8f7ca0d	V	6982517	R	6	2992	130
5dac2b92-2ef2-4060-b943-2193f8f7ca0d	V	6981900	L	6	-6844	3
145fe00b-7cab-4c34-b2d5-63e982256730	V	6982500	R	6	3025	36
50c79e20-afe7-4f50-a99e-f0d34c10910b	V	6982500	R	2	3005	146
50c79e20-afe7-4f50-a99e-f0d34c10910b	V	6981900	L	2	-6828	2
debe0abc-92e2-437b-9a12-790678c0bdbe	V	6982500	R	3	2999	42
debe0abc-92e2-437b-9a12-790678c0bdbe	V	6981900	L	3	-6653	2
18efa2ac-d58f-4360-9955-c73aceb858db	V	6982496	R	3	604	118
18efa2ac-d58f-4360-9955-c73aceb858db	V	6981900	L	3	-6831	3
36280484-eef9-4766-9503-6e537fc7b1b6	V	6982058	R	1	3447	66
36280484-eef9-4766-9503-6e537fc7b1b6	V	6981900	L	1	-6790	2
8502072f-8128-40f0-bcab-7cad0da1a0d1	V	6982517	R	5	3012	113
7a924708-fb16-4b7b-9521-93f06621eec1	V	6982500	R	8	613	60
7a924708-fb16-4b7b-9521-93f06621eec1	V	6981900	L	8	-6813	2
2650c5c2-e721-4ca2-b6b7-9f628bb48c01	V	6982496	R	4	3015	124
2650c5c2-e721-4ca2-b6b7-9f628bb48c01	V	6981900	L	4	-6757	4
b5c7be94-821c-41fe-9ad9-885cd3308fdc	V	6982517	R	2	2972	86
b5c7be94-821c-41fe-9ad9-885cd3308fdc	V	6981900	L	2	-5315	5
797929fb-ce7f-401e-a14f-531578f577db	V	6982495	R	1	3023	106
879de8bd-0250-4f9d-a7dd-a7d316355aa6	V	6982500	R	9	3040	90
88c98c93-7bac-4728-8c9e-55273803ba74	V	6982895	R	10	66	100
343edbec-dbd5-4821-bb38-0b83458c317c	V	6982517	R	3	596	42
e2b5bf8f-5ef3-4089-9e0a-2985149653d9	V	6982500	R	1	605	92
4ea4e236-4685-4a92-8bb0-0905fa7a70c7	V	6982513	R	3	590	108
4ea4e236-4685-4a92-8bb0-0905fa7a70c7	V	6981900	L	3	-6825	4
1c548c22-d2a3-4034-a265-a2d4d480c519	V	6982517	R	2	3032	61
d0108256-4374-42db-a842-c554bbf8cbd9	V	6982902	R	17	57	82
d0108256-4374-42db-a842-c554bbf8cbd9	V	6981900	L	17	-1636	2
91caf45c-45eb-4bcb-89bc-a1a4db7ab11b	V	6982517	R	3	601	143
91caf45c-45eb-4bcb-89bc-a1a4db7ab11b	V	6981900	L	3	-6827	2
358eceb6-b945-4801-9f9c-5bd2e8896c24	V	6982500	R	8	3017	89
757b9bca-26aa-45a0-a7ef-2ea919dc8f02	V	6982902	R	6	2484	95
757b9bca-26aa-45a0-a7ef-2ea919dc8f02	V	6981900	L	6	-474	11
3a347561-2b3c-46d2-9e21-abb978b925c6	V	6982500	R	2	610	129
3a347561-2b3c-46d2-9e21-abb978b925c6	V	6981900	L	2	-5341	4
ef493254-12dc-46aa-93f6-920c3c6b1fae	V	6982902	R	3	2479	110
de4522af-7168-4ddb-a7fe-f3533821b476	V	6982517	R	2	595	103
de4522af-7168-4ddb-a7fe-f3533821b476	V	6981900	L	2	-6788	5
aa162276-470c-4c4c-b63e-09ae496738ac	V	6982517	R	11	598	115
aa162276-470c-4c4c-b63e-09ae496738ac	V	6981900	L	11	-6805	3
819ede3f-2e64-448d-ae66-d4bfc1068eb9	V	6982513	R	1	3045	98
1f598b39-94e1-4f84-a520-f1f55ff38686	V	6982517	R	4	599	105
eec2b04b-dc2d-4a9c-bd06-8e0d6c44546d	V	6982517	R	4	595	119
9ffb51cc-4873-40fb-808b-21dc2b5b7c41	V	6982902	R	5	2459	99
9ffb51cc-4873-40fb-808b-21dc2b5b7c41	V	6981900	L	5	-6774	5
be34fcc1-9e76-4503-a191-bf599babdc75	V	6982500	R	7	3035	113
be34fcc1-9e76-4503-a191-bf599babdc75	V	6981900	L	7	-6812	4
f6e3b07d-3ac1-4e5e-88fd-4f6440c6417e	V	6982517	R	9	3020	89
cd75be4a-7a17-4c69-9322-d0c746e7cc67	V	6982902	R	16	2491	136
cd75be4a-7a17-4c69-9322-d0c746e7cc67	V	6981900	L	16	-6827	10
88e6752d-d547-4122-a03d-f52ccccda2c2	V	6982497	R	3	622	49
f11446be-0dad-4985-aeb8-222f96d284d9	V	6982500	R	2	606	102
f11446be-0dad-4985-aeb8-222f96d284d9	V	6981900	L	2	-6766	3
f19d2720-6dcd-48f3-8ea7-e7982ff9b35a	V	6982500	R	4	3014	91
f19d2720-6dcd-48f3-8ea7-e7982ff9b35a	V	6981900	L	4	-6800	3
a8399ff3-2a24-45d3-9a6c-7d9bfd212c28	V	6982500	R	7	3017	97
a8399ff3-2a24-45d3-9a6c-7d9bfd212c28	V	6981900	L	7	-6809	3
6292c32b-3a7d-4ba5-a70a-e222e7fef9a5	V	6982500	R	7	3021	88
6292c32b-3a7d-4ba5-a70a-e222e7fef9a5	V	6981900	L	7	-6745	2
065bdc23-d98a-4e30-95fb-5a294f653ba4	V	6982902	R	1	2463	94
065bdc23-d98a-4e30-95fb-5a294f653ba4	V	6981900	L	1	-6775	12
0a2d6f02-69df-45fa-885a-82bf19378b32	V	6982500	R	2	602	84
0b0b0681-d28a-41ad-83f9-a26e9591592b	V	6982500	R	5	614	82
0b0b0681-d28a-41ad-83f9-a26e9591592b	V	6981900	L	5	-6791	4
1539f148-2ff8-4cbd-a428-52807a614db4	V	6982500	R	14	3035	68
13eafe46-b893-4bff-93b8-f391cdbc5c49	V	6982500	R	7	3032	64
13eafe46-b893-4bff-93b8-f391cdbc5c49	V	6981900	L	7	-5387	3
cceccf75-3850-4a8a-aeeb-8949d397025c	V	6982520	R	10	3022	114
a723df8a-3dda-4ba9-92a1-a3cb5fce5d16	V	6982517	R	1	2990	46
a723df8a-3dda-4ba9-92a1-a3cb5fce5d16	V	6981900	L	1	-6774	4
594066bd-a04e-440f-a069-9b9115be40c2	V	6982517	R	1	2981	76
594066bd-a04e-440f-a069-9b9115be40c2	V	6981900	L	1	-6777	3
bf31a57f-5275-4cee-86bb-3894abc9e118	V	6982517	R	10	3014	106
bf31a57f-5275-4cee-86bb-3894abc9e118	V	6981900	L	10	-6799	4
2efbb0cb-4b9d-497b-8b0b-d41df373c3c6	V	6982517	R	3	3002	112
6cb150b2-8c73-45b7-9f32-467316850d52	V	6982902	R	4	56	98
6cb150b2-8c73-45b7-9f32-467316850d52	V	6981900	L	4	-6821	9
c80ffbae-abd6-4040-a82b-7edb70ba3b48	V	6982895	R	4	2464	81
82408705-e8df-4b5f-b9f5-d64f1c8ffa20	V	6982517	R	11	3021	77
82408705-e8df-4b5f-b9f5-d64f1c8ffa20	V	6981900	L	11	-1657	3
4a94ed34-926b-4058-a932-d0e1fe6e4f6c	V	6982517	R	7	602	116
4a94ed34-926b-4058-a932-d0e1fe6e4f6c	V	6981900	L	7	-6796	2
7dfa757d-0338-4675-b730-50de49b90913	V	6982517	R	8	2978	41
7dfa757d-0338-4675-b730-50de49b90913	V	6981900	L	8	-9822	7
12f03db7-bfdf-4c89-b3a5-3cfeb2517775	V	6982500	R	5	3010	64
12f03db7-bfdf-4c89-b3a5-3cfeb2517775	V	6981900	L	5	-6791	2
8f829b3e-8ba0-4435-b0cb-dec763ef8fc9	V	6982496	R	11	3028	75
8c7ec2bd-9104-46db-bb5f-fc3f5da3ce52	V	6982500	R	8	3005	84
94c9eb92-274b-4561-ba88-96ba1d0a2861	V	6982500	R	2	3032	114
94c9eb92-274b-4561-ba88-96ba1d0a2861	V	6981900	L	2	-6824	3
8f88f3b1-7ff5-4731-8a86-f386483e27b7	V	6982500	R	1	3030	53
8f88f3b1-7ff5-4731-8a86-f386483e27b7	V	6981900	L	1	-6756	2
91fa95cd-01e1-4a52-b796-3e8649035512	V	6982517	R	1	592	106
91fa95cd-01e1-4a52-b796-3e8649035512	V	6981900	L	1	-3508	9
4b40a776-3bdd-44cb-8a43-fac131bde72d	V	6982517	R	2	596	63
4b40a776-3bdd-44cb-8a43-fac131bde72d	V	6981900	L	2	-1665	3
91c5bf3d-eee3-4287-beeb-7c4b6ec1fa76	V	6982500	R	4	610	92
91c5bf3d-eee3-4287-beeb-7c4b6ec1fa76	V	6981900	L	4	-6824	9
233d9b95-9e09-4ddf-8ae9-4609d074124a	V	6982500	R	3	611	70
233d9b95-9e09-4ddf-8ae9-4609d074124a	V	6981900	L	3	-6807	4
c486d6e6-5535-4057-9455-63cfeab0a5bc	V	6982500	R	21	606	90
5d795afa-dc38-42ac-8104-b99c715e646c	V	6982500	R	2	3026	51
5d795afa-dc38-42ac-8104-b99c715e646c	V	6981900	L	2	-2023	3
bafb804c-a45b-4e13-9737-39cda3c2082c	V	6982500	R	1	612	83
bafb804c-a45b-4e13-9737-39cda3c2082c	V	6981900	L	1	-6746	2
8c338cff-41ce-4aaf-b610-bd7e2ec7cfaa	V	6982517	R	1	2976	24
8c338cff-41ce-4aaf-b610-bd7e2ec7cfaa	V	6981900	L	1	-6784	10
4f5e7cd6-8554-450f-bb3e-03ee2c0e7efe	V	6982500	R	12	3021	66
4f5e7cd6-8554-450f-bb3e-03ee2c0e7efe	V	6981900	L	12	-6776	2
81bf2b3d-9d58-40dd-a828-81fe80e76f98	V	6982427	R	3	3141	64
81bf2b3d-9d58-40dd-a828-81fe80e76f98	V	6981900	L	3	-1643	5
cd7f4778-5023-498b-a20b-083f0e8f68c7	V	6982025	R	1	1086	48
2611e051-9835-43d9-927c-9c7ef91a4ee4	V	6982513	R	1	946	53
2611e051-9835-43d9-927c-9c7ef91a4ee4	V	6981900	L	1	-1968	5
68ae6262-a7d2-4aab-8bf4-d62f3bdb9ba2	V	6982517	R	7	602	38
68ae6262-a7d2-4aab-8bf4-d62f3bdb9ba2	V	6981900	L	7	-6783	3
e1e32b4b-b13d-45be-b26b-4133096fe550	V	6982517	R	6	2993	56
e1e32b4b-b13d-45be-b26b-4133096fe550	V	6981901	L	6	-4093	4
754aee2c-074c-4f31-98c4-00da45fed443	V	6982895	R	2	67	61
754aee2c-074c-4f31-98c4-00da45fed443	V	6981901	L	2	-6750	3
33e0e044-4bd7-44c6-8f39-b87f3a4d784b	V	6982517	R	3	2932	35
33e0e044-4bd7-44c6-8f39-b87f3a4d784b	V	6981905	L	3	-9705	10
5f755c36-4948-4955-8135-afaced905935	V	6982517	R	3	2989	193
3342fd46-e71d-4f71-b654-0cf8c13a1f22	V	6982517	R	1	597	185
3342fd46-e71d-4f71-b654-0cf8c13a1f22	V	6981905	L	1	-6810	6
b47327b2-5876-4296-8264-2cb3f967bcca	V	6982500	R	2	606	131
047fb5cc-1067-41a8-9608-f8f799df6132	V	6982518	R	6	607	93
7cd4f1e9-f807-4adb-bf21-62e910b7cd61	V	6982517	R	3	597	135
ba01d031-199f-4404-98d2-1b7da4587e04	V	6982517	R	3	600	136
8e0ac3b8-c8a6-48d5-9f3e-b75181e1ea99	V	6982518	R	1	3048	125
8e0ac3b8-c8a6-48d5-9f3e-b75181e1ea99	V	6981905	L	1	-1651	3
091bea63-e798-4d40-b807-6ee65f407e63	V	6982519	R	2	3009	86
41913926-eb06-4bd1-a150-b514e317d6ff	V	6982500	R	5	3012	52
dbe4e846-8438-4366-b55b-b23af34423f7	V	6982517	R	5	598	64
dbe4e846-8438-4366-b55b-b23af34423f7	V	6981905	L	5	-6849	7
9f10766b-e48f-4fd0-86ad-abfdadfec52f	V	6982517	R	4	2988	64
9f10766b-e48f-4fd0-86ad-abfdadfec52f	V	6981907	L	4	-6824	3
92d958d5-70a1-47d1-87d0-f84500eb6011	V	6982517	R	10	3171	41
6255a0fd-0698-474f-998d-a529ad37bea6	V	6982902	R	2	2435	177
6255a0fd-0698-474f-998d-a529ad37bea6	V	6981910	L	2	-7447	3
4bb808a5-9191-47eb-9ed0-be8ab611f3fa	V	6982519	R	7	2997	81
4bb808a5-9191-47eb-9ed0-be8ab611f3fa	V	6981910	L	7	-6757	4
95d25a65-6ad7-4645-914e-3daf1c246e56	V	6982500	R	2	3017	124
95d25a65-6ad7-4645-914e-3daf1c246e56	V	6981910	L	2	-1645	3
4eaaae20-8ae3-429b-ae93-8a28dfff8305	V	6982513	R	17	3021	140
7e89b351-7649-4a4b-b909-a880c7229d23	V	6982500	R	12	3016	90
7e89b351-7649-4a4b-b909-a880c7229d23	V	6981912	L	12	-1488	5
2166ba3e-6b9f-44f8-9de8-aafcd3d4a726	V	6982500	R	3	3014	164
2166ba3e-6b9f-44f8-9de8-aafcd3d4a726	V	6981913	L	3	-6804	2
89c8be64-4176-4908-95ea-1cc0a10cc7b8	V	6982500	R	4	3006	127
89c8be64-4176-4908-95ea-1cc0a10cc7b8	V	6981924	L	4	-6791	2
d7d724c6-981d-4445-8fdd-d3cdc6105af9	V	6982500	R	8	3003	78
8763aa69-f7d2-4f73-a7fb-df3c087c9225	V	6982500	R	4	605	57
91ed7741-0072-4c7d-8add-0d26a6a10b97	V	6982500	R	2	597	87
91ed7741-0072-4c7d-8add-0d26a6a10b97	V	6982108	L	2	-3810	4
86999257-aad2-4e27-8b31-0d29486e1037	V	6982514	R	6	598	82
86999257-aad2-4e27-8b31-0d29486e1037	V	6982400	L	6	-7128	4
88cf3653-8353-4d83-8ad1-c28783673e51	V	6982517	R	2	3018	51
88cf3653-8353-4d83-8ad1-c28783673e51	V	6982426	L	2	-25	4
d92ab861-4c3f-4aaa-8944-41cda6d1242d	V	6982499	R	1	2929	91
84103c45-7828-4909-8765-4c203b9e0c0e	V	6982500	R	3	3010	104
be4d9b9c-40f2-4d64-b74a-ee937c8eac68	V	6982902	R	1	2405	73
be4d9b9c-40f2-4d64-b74a-ee937c8eac68	V	6982426	L	1	-7231	2
cb300192-a4e7-4ad3-85fd-369c56aa824f	V	6982500	R	1	2986	25
cb300192-a4e7-4ad3-85fd-369c56aa824f	V	6982426	L	1	-7042	3
07c4cfe4-129e-4106-b4c5-04bcbc67a189	V	6982513	R	1	603	29
d12c959b-c004-4a38-86a8-e7a102ae3c17	V	6982517	R	3	2995	33
31936864-23f3-4368-bd00-4404106f4bc9	V	6982887	R	1	77	76
31936864-23f3-4368-bd00-4404106f4bc9	V	6982807	L	1	-7110	4
ea8fb396-7760-480a-9f44-af50418dfb09	V	6982902	R	1	2459	83
ea8fb396-7760-480a-9f44-af50418dfb09	V	6982807	L	1	-1295	4
46f6a36d-603b-47fd-9ec8-000038d33cca	V	6982902	R	4	2434	49
6367afa6-02c8-4a25-aacf-137dde828459	V	6982809	L	1	-2842	135
d2e873c3-1371-4cfe-9807-a3abecfbb15e	V	6982902	R	3	2466	38
d2e873c3-1371-4cfe-9807-a3abecfbb15e	V	6982809	L	3	-7765	2
200041da-0108-4183-9a8d-444ed565da6a	V	6982902	R	1	2492	29
4365b7f1-c8a6-43aa-9b67-ebd0711f7f74	V	6982912	R	1	2436	54
4365b7f1-c8a6-43aa-9b67-ebd0711f7f74	V	6982809	L	1	-10810	3
2ed18b8b-d1bf-474b-a23d-61eaf0709cff	V	6984164	R	4	1455	43
2ed18b8b-d1bf-474b-a23d-61eaf0709cff	V	6982809	L	4	-547	8
60e25598-a8b1-4be3-bc82-b409afbbde85	V	6982902	R	4	2506	37
0ff7e53a-2bfd-4688-b949-cc5eb4d1518f	V	6982893	R	1	71	185
0ff7e53a-2bfd-4688-b949-cc5eb4d1518f	V	6982809	L	1	-523	5
e3c89a47-1085-4f23-82cb-781fd97ddb77	V	6982902	R	1	2459	170
c1676bab-432f-4349-b56c-1b9156ff39aa	V	6982894	R	4	67	66
c1676bab-432f-4349-b56c-1b9156ff39aa	V	6982809	L	4	-10816	7
5ec07c84-a839-4555-a90a-e8567eba5a80	V	6982902	R	1	60	36
5ec07c84-a839-4555-a90a-e8567eba5a80	V	6982809	L	1	-2777	7
802a0f76-dd96-44de-84e1-dc080201ed64	V	6982902	R	2	58	137
435184f8-6791-41d0-a3f2-85dff0c49339	V	6984211	R	2	1379	115
435184f8-6791-41d0-a3f2-85dff0c49339	V	6982809	L	2	-1413	5
6c01686d-fc17-45c1-a0c4-989c3770fa73	V	6982902	R	1	2447	162
6c01686d-fc17-45c1-a0c4-989c3770fa73	V	6982809	L	1	-550	3
daa9bf0d-8955-4da2-a6da-271502b3c162	V	6984208	R	11	1403	66
daa9bf0d-8955-4da2-a6da-271502b3c162	V	6982809	L	11	-558	5
ce926f6f-7e3a-47e4-873b-1e0ad53410ba	V	6984208	R	8	1416	126
ce926f6f-7e3a-47e4-873b-1e0ad53410ba	V	6982809	L	8	-546	6
e46d1d6f-5b1a-4489-81a3-16efceffdcb7	V	6982902	R	1	2439	83
e46d1d6f-5b1a-4489-81a3-16efceffdcb7	V	6982809	L	1	-2703	2
398dde5d-03e7-49be-93e3-a8a32fa49620	V	6982902	R	1	2479	112
398dde5d-03e7-49be-93e3-a8a32fa49620	V	6982809	L	1	-559	2
07677a96-e6be-4beb-93b3-26d542590d0d	V	6982902	R	1	2423	100
90bf3319-ffaa-4100-bfc3-f534f00c429c	V	6984211	R	3	1416	156
90bf3319-ffaa-4100-bfc3-f534f00c429c	V	6982809	L	3	-557	6
cb0dccfb-e127-476e-9b58-ea7316bd298d	V	6982902	R	2	2456	104
e290b63d-b5d2-4097-a122-b24f285288b1	V	6982902	R	1	2475	101
e290b63d-b5d2-4097-a122-b24f285288b1	V	6982809	L	1	-558	4
05deaa50-2d37-4bda-b649-9b29238099bc	V	6982894	R	3	2443	82
05deaa50-2d37-4bda-b649-9b29238099bc	V	6982809	L	3	-554	3
e0fbc34a-df27-4d9f-9e6b-ebe0e91a93df	V	6982902	R	2	2445	76
e4d43ef8-2655-4cb3-ac97-b801bd73264c	V	6982895	R	1	67	88
b65d7ae9-75ea-4f2e-ba8b-ad8d5065ecfd	V	6982902	R	1	2469	112
b65d7ae9-75ea-4f2e-ba8b-ad8d5065ecfd	V	6982809	L	1	-557	4
ec253b82-9866-42e4-aa9f-08fc2b2202cf	V	6982895	R	1	2436	36
335e4000-9319-4df2-9f14-d5f97f22634e	V	6982902	R	1	2452	139
f432a5fc-9df3-4050-bcd3-37928fe16112	V	6984212	R	19	1397	122
f432a5fc-9df3-4050-bcd3-37928fe16112	V	6982809	L	19	-7844	6
d81146c9-1a66-4585-b76b-d525d52d3d1b	V	6984207	R	2	1401	58
d81146c9-1a66-4585-b76b-d525d52d3d1b	V	6982809	L	2	-549	2
2b0b09ec-5526-4c69-9da7-8d0ead03eb1c	V	6984208	R	2	1399	60
2b0b09ec-5526-4c69-9da7-8d0ead03eb1c	V	6982809	L	2	-554	2
e3acfd64-2bef-4b16-a2a6-564cdb763ca7	V	6982902	R	1	57	64
bb4beca5-6432-4ff3-94ec-ab01685a5433	V	6984208	R	6	1432	61
40b42e8f-f46d-4d12-9b97-67b5df4b9a89	V	6984208	R	6	1405	209
40b42e8f-f46d-4d12-9b97-67b5df4b9a89	V	6982810	L	6	-560	5
96524588-ad7c-486a-aaba-ff953ad05e8b	V	6984208	R	4	1411	147
96524588-ad7c-486a-aaba-ff953ad05e8b	V	6982810	L	4	-558	20
235de528-bf7d-485a-89c1-0946b30815eb	V	6982902	R	2	2487	124
235de528-bf7d-485a-89c1-0946b30815eb	V	6982810	L	2	-567	5
35c01be1-e693-484c-b0ae-30530b240958	V	6982902	R	1	2443	120
eaaabc17-71b9-40aa-b583-6689c781cb63	V	6982902	R	1	2488	84
feef12f0-c58a-47fe-9cf3-c6887acd1163	V	6982902	R	1	2484	55
feef12f0-c58a-47fe-9cf3-c6887acd1163	V	6982810	L	1	-560	4
d0c0fb08-f556-427c-b89a-b4cc5538b2c1	V	6984208	R	8	1404	144
d0c0fb08-f556-427c-b89a-b4cc5538b2c1	V	6982811	L	8	-567	5
0347f555-6993-4444-96b4-34d965cd473e	V	6984145	R	1	1461	58
040dd964-176b-4e56-9892-ee9de091b452	V	6984166	R	1	1439	64
1a1d3757-a5d2-4a66-81c7-328da55462ce	V	6984154	R	5	1456	54
1a1d3757-a5d2-4a66-81c7-328da55462ce	V	6983498	L	5	-991	3
7cebdd06-1957-45b3-9e19-4b33d31212e2	V	6984166	R	2	1443	31
7cebdd06-1957-45b3-9e19-4b33d31212e2	V	6983498	L	2	-8288	2
c54a1023-4057-411c-ad8b-e4db15206cd3	V	6984211	R	1	1405	182
c54a1023-4057-411c-ad8b-e4db15206cd3	V	6983498	L	1	-979	3
6698747b-bc6d-4560-900a-d65515cd4237	V	6984208	R	1	1403	150
e0bb2552-6730-4ffc-ae04-aaa76badde7b	V	6984206	R	4	1416	122
10bec03e-c028-461b-99b9-e16b6e81e192	V	6984184	R	4	1438	159
10bec03e-c028-461b-99b9-e16b6e81e192	V	6983498	L	4	-1003	4
0f9bc205-e283-4109-85a0-335b993c7ad2	V	6984208	R	7	1415	201
0f9bc205-e283-4109-85a0-335b993c7ad2	V	6983498	L	7	-8304	3
91751a8a-126d-46a1-bb22-fe1e2eea7009	V	6984166	R	5	1455	90
91751a8a-126d-46a1-bb22-fe1e2eea7009	V	6983498	L	5	-1012	3
c1a51528-4931-4413-a532-297f1cc5f35a	V	6984166	R	4	1452	177
4d9057d7-a880-429b-bb80-e39bd7447d07	V	6984208	R	6	1406	114
4d9057d7-a880-429b-bb80-e39bd7447d07	V	6983498	L	6	-998	4
9087e25d-9eaa-4cb9-9df3-eddd948dbc36	V	6984208	R	2	1418	169
9087e25d-9eaa-4cb9-9df3-eddd948dbc36	V	6983498	L	2	-981	2
b7f08c79-2f05-4e6c-8716-6f0beb7b3c39	V	6984208	R	3	1408	100
b7f08c79-2f05-4e6c-8716-6f0beb7b3c39	V	6983498	L	3	-8293	4
e8c0d500-7773-4da1-b5a2-f1a817ff57fe	V	6984211	R	5	1396	114
e8c0d500-7773-4da1-b5a2-f1a817ff57fe	V	6983498	L	5	-1747	6
21c6fd74-3437-4f4a-b5d1-b59d6d32c190	V	6984154	R	1	1450	92
21c6fd74-3437-4f4a-b5d1-b59d6d32c190	V	6983498	L	1	-8175	3
08a849b4-2987-4483-83ee-184eb4fe9a60	V	6984211	R	3	1422	149
08a849b4-2987-4483-83ee-184eb4fe9a60	V	6983498	L	3	-1000	4
89daccc4-e079-427d-bb14-3655840fdcca	V	6984211	R	3	1413	97
89daccc4-e079-427d-bb14-3655840fdcca	V	6983498	L	3	-996	6
2dacc427-1380-41f8-bdbd-918f9ebccbf3	V	6984208	R	1	1399	85
3f56c98e-085f-4af2-bef4-e325dfea69b1	V	6984184	R	6	1426	55
3f56c98e-085f-4af2-bef4-e325dfea69b1	V	6983498	L	6	-8205	9
90de0b56-2d5c-427e-bd29-3abd8c5a91da	V	6984208	R	4	1404	61
90de0b56-2d5c-427e-bd29-3abd8c5a91da	V	6983498	L	4	-1000	5
8d70914d-319d-4aa0-817e-29fa1b2eeae0	V	6984208	R	1	1396	106
8d70914d-319d-4aa0-817e-29fa1b2eeae0	V	6983498	L	1	-1014	11
f1056394-11fb-40d6-879f-92f92f4c3d70	V	6984208	R	3	1401	98
40e1ab44-1331-4ebb-884a-0a733dfa9fdf	V	6984207	R	2	1409	103
16b97f88-e07d-490f-9c2e-9dd85579c0f0	V	6984143	R	1	1466	66
16b97f88-e07d-490f-9c2e-9dd85579c0f0	V	6983498	L	1	-977	2
1b55460e-0de2-43b4-8090-0ff887de1dfa	V	6984166	R	5	1443	49
1b55460e-0de2-43b4-8090-0ff887de1dfa	V	6983498	L	5	-8318	2
50da6116-0a3a-4888-bdbd-07a445964682	V	6984208	R	8	1419	57
10a70dac-e8d8-4a69-9677-b461eb49179e	V	6984208	R	4	1420	50
f5180a51-09bb-4afc-ba6c-213bad75ed32	V	6984184	R	1	1433	68
7f7a3daf-4aa3-4f26-9ec1-30a42630a8c9	V	6984208	R	2	1419	80
7f7a3daf-4aa3-4f26-9ec1-30a42630a8c9	V	6983498	L	2	-1001	12
bea774bd-8c20-40c7-a4eb-bf817932b23d	V	6984211	R	1	1400	140
924a9445-003d-4e97-acdd-e85c687c369f	V	6984208	R	1	1406	86
4aa25565-61ac-4a3e-a5c6-5b3c9666b8e6	V	7358224	R	11	7189	41
2e2ffe30-8c34-45b2-a1f5-fce5ebbc4c20	V	7358037	R	1	8513	141
2e392e90-e07b-40ee-8bfa-7904a1a2d7bf	V	7438239	R	1	1353	194
ddfc0c21-b472-417f-a341-1bab5a0732c9	V	7432206	L	1	-477	294
6e7cea57-c893-4c98-8612-1bdb60cb93bb	V	7432206	L	7	-430	220
64f93f04-8d9f-49e4-b43e-d11ce6a57d59	V	7432206	L	8	-438	304
b2eb0a1f-7b93-47ae-afd5-3d1aa97cbc94	V	7432206	L	1	-434	249
3b47be6b-f607-4fdc-aaf8-aae49366e75b	V	7432206	L	1	-431	215
0e9d17d6-624b-40b1-9eaa-845a0601916f	V	7432206	L	1	-431	380
4a5bc145-d04c-403d-8300-ee9122750fb0	V	7432206	L	1	-442	309
bad2c727-7c99-4525-a3fe-e146fa21e2df	V	7432206	L	1	-431	213
cbc5d014-5f6c-4724-8d1a-79b15931e5d8	V	7432206	L	60	-460	115
68eedb92-89ee-4ffa-95f7-b7c82daceb01	V	7432206	L	1	-433	23
17801374-b366-4436-8cc0-00c5057913e7	V	7432206	L	3	-425	56
eb960289-b43f-4dd7-99e4-66893c832b0c	V	7432206	L	49	-445	226
bfa194aa-bf8a-48a5-bf82-e39e5ba4ff8a	V	7432206	L	1	-456	56
75538d5d-0c1c-42b7-968a-c67171ac79a2	V	7438234	R	34	1444	2
75538d5d-0c1c-42b7-968a-c67171ac79a2	V	7432206	L	34	-433	74
7176a7b8-c0a3-41d0-909e-d78cf7e0e062	V	7432206	L	0	-458	54
b5e2d60f-35cb-4741-83af-b67bbebe6dd0	V	7432206	L	41	-437	52
94256869-edef-4d6f-9686-2455d306e150	V	7432206	L	0	-443	56
b0f4d5fa-eb5e-4c8f-8a10-01e5d8a4bf5a	V	7432206	L	1	-433	364
cfa8533b-2431-4c98-a877-ba104726292b	V	7432208	L	1	-456	104
da46bd46-023b-4298-ae7e-0096428e409c	V	7432209	L	1	-460	16
7f6ae7b5-f1e0-402c-b211-27183efec4e6	V	7432209	L	1	-436	140
e8d6fd02-f704-42de-97c4-a531309f9fd5	V	7432209	L	0	-456	28
f46ecc9e-87d8-4a16-b97b-d8a944cdeb51	V	7432210	L	19	-445	100
0fec5879-d33d-43ba-8419-ecdfe746c2a7	V	7432210	L	3	-250	87
44ae7b26-2856-45da-bef4-295d322cfa74	V	7432215	L	1	-443	91
68d2e280-3d06-41c5-838d-5d93ce729363	V	7432216	L	1	-436	76
92327f88-a9d8-4c60-8a62-0b38fcb9d1c2	V	7438234	R	1	1433	2
92327f88-a9d8-4c60-8a62-0b38fcb9d1c2	V	7432218	L	1	-439	445
ca6cab5d-32f4-43b5-8c5f-bf8521c644f1	V	7432218	L	1	-476	54
783dca99-c84a-4c98-815b-5f034a4e4de4	V	7432218	L	2	-440	85
fbaa9d08-9751-469f-a26f-04e8a0c65296	V	7432222	L	1	-432	317
1eec3dbe-0c25-4d1d-86fc-8c5d2f3b7679	V	7438234	R	1	1436	12
534bd179-787a-4dd4-9e31-fcdbb2fd087d	V	7432810	L	1	-3393	24
678c7154-0d7e-42ad-a942-52579f56fcfc	V	7442524	R	1	1173	49
0718aaec-7b4f-4d00-9e56-e90e6ad70b78	V	7439036	L	0	-427	146
8bb50132-04f6-4d42-a7b6-2568df18d286	V	7439037	L	1	-432	50
7e1d06b7-835b-46f3-a216-b4d42a28f85b	V	7439037	L	0	-438	53
d31aa059-87fd-418d-9678-e64c0e00950b	V	7442217	R	1	12	23
d31aa059-87fd-418d-9678-e64c0e00950b	V	7439039	L	1	-439	33
c9fa2bc1-a3b7-45bb-b895-6ba250bc2f2a	V	7439040	L	1	-434	51
cba57ca6-1dff-4652-a342-8b527f5d9d05	V	7439041	L	1	-435	104
a26035f6-b1c7-4422-a31d-62c02e071bbe	V	7439041	L	0	-439	49
6bc6768d-71c9-4db8-beec-16197f2872f4	V	7439048	L	0	-444	54
1184fbda-dd49-433d-b211-70ab0bba4d4a	V	8204973	L	0	-423	465
91fb3243-4f1c-4fdd-9475-5fd83be786e5	V	8217834	R	1	4835	3
91fb3243-4f1c-4fdd-9475-5fd83be786e5	V	8204984	L	1	-396	347
3965341d-075d-4850-a8a8-8076d0ee97ea	V	8204984	L	0	-418	32
565e73f2-3444-4998-877f-67dca3731ed1	V	8204984	L	0	-431	282
2be095dc-2a60-422e-932e-66a8f7404cf1	V	8204984	L	0	-436	60
cb137757-791e-452d-821e-d95ee42bde4b	V	8211011	R	0	1438	2
cb137757-791e-452d-821e-d95ee42bde4b	V	8204984	L	0	-445	55
9bdfd6db-7fca-414d-a627-c9c5786d4984	V	8211011	R	0	1454	2
9bdfd6db-7fca-414d-a627-c9c5786d4984	V	8204984	L	0	-433	57
522fe5d9-bb3d-4e88-a8d7-6f9c7d39eb46	V	8204984	L	0	-439	54
1a58b0ea-8a2e-4990-87a8-0eb2bb35f863	V	8204984	L	0	-414	41
e55b73a6-bf18-4b79-bebf-c6330bedcb6d	V	8217838	R	12	1445	4
e55b73a6-bf18-4b79-bebf-c6330bedcb6d	V	8204984	L	12	-439	55
47e507b8-467f-4b45-911f-c04087bd5d49	V	8204984	L	0	-439	285
c067d8d2-3f9d-475f-a398-53b05bf88914	V	8204984	L	0	-452	95
509e18c2-54ea-4eee-aff4-9e3b1cfc252b	V	8211008	R	0	1451	3
2e77b32e-0f7b-41d8-bd1b-4f8bfe8dca7c	V	8204984	L	0	-431	50
aa8c5b83-105f-4a70-baf2-96255eb69993	V	8211011	R	0	1445	2
aa8c5b83-105f-4a70-baf2-96255eb69993	V	8204984	L	0	-435	57
47b3bf16-e69b-453c-acbc-7726708f861a	V	8211011	R	0	1445	3
47b3bf16-e69b-453c-acbc-7726708f861a	V	8204984	L	0	-431	57
38ac5f13-30b8-490a-9849-4d4522176196	V	8217829	R	7	1474	3
38ac5f13-30b8-490a-9849-4d4522176196	V	8204984	L	7	-440	48
7fa42abd-61b9-4cdd-b729-8da55077fa99	V	8211011	R	0	1436	3
7fa42abd-61b9-4cdd-b729-8da55077fa99	V	8204984	L	0	-434	54
a7e60248-015c-4471-9f19-c4d812b460a5	V	8204984	L	0	-437	55
38c06dbe-e5f0-4014-8e53-56789b115dea	V	8204984	L	0	-451	46
6f2d9d94-ef3a-4f12-bf8b-4f1cd59450d1	V	8211011	R	0	1449	4
6f2d9d94-ef3a-4f12-bf8b-4f1cd59450d1	V	8204984	L	0	-434	53
910ed950-dfc8-4d59-9fdb-9080fe93ecfb	V	8211011	R	53	1463	5
065cdcd4-7d1a-474d-8cd4-4bd49b0d2a2f	V	8204984	L	2	-439	199
e067db4d-84f9-4cb0-a2cb-0e862b22e793	V	8211011	R	0	1462	2
e067db4d-84f9-4cb0-a2cb-0e862b22e793	V	8204984	L	0	-439	374
16b9d16e-7861-4c4e-b8ff-a4042e75a702	V	8204984	L	0	-441	367
ad0cb52b-8936-4787-93b3-ce87c8e2799d	V	8204984	L	0	-432	351
5a0131b4-392b-4f2b-864b-54c6293f7c6e	V	8204984	L	0	-427	203
a57f0d68-724e-4e2c-b314-1b882beb4b84	V	8217838	R	0	1464	2
a57f0d68-724e-4e2c-b314-1b882beb4b84	V	8204984	L	0	-464	42
463016d8-c94a-4ba4-a0ef-b9e859540aac	V	8204984	L	0	-428	336
30ba237b-dc67-4275-8b9b-6553fbb8846e	V	8204984	L	0	-439	52
f707f428-9460-413b-80c6-803ca918cf39	V	8211011	R	0	2053	8
f707f428-9460-413b-80c6-803ca918cf39	V	8204984	L	0	-436	256
6cd70797-ab98-4285-8060-39105ecf2f66	V	8204984	L	0	-428	273
0011eabc-4e69-474e-b2dc-e0e51052909b	V	8211011	R	0	1461	2
0011eabc-4e69-474e-b2dc-e0e51052909b	V	8204984	L	0	-431	57
6833a779-39ed-4e5c-b500-e5b674f37fe8	V	8211011	R	0	1455	6
6833a779-39ed-4e5c-b500-e5b674f37fe8	V	8204984	L	0	-449	53
5820ab42-7b0c-48c9-93a6-68a790e57ad6	V	8211011	R	0	550	3
5820ab42-7b0c-48c9-93a6-68a790e57ad6	V	8204984	L	0	-424	39
79b12930-0b08-4f6f-a9a3-7a890581f561	V	8211011	R	0	1472	3
79b12930-0b08-4f6f-a9a3-7a890581f561	V	8204984	L	0	-319	56
8420fcca-62d5-4232-aa99-96d6eefd2139	V	8211011	R	0	1424	2
8420fcca-62d5-4232-aa99-96d6eefd2139	V	8204985	L	0	-442	47
a6c8a129-7a26-4df4-af52-cd25fddaad88	V	8204986	L	0	-452	285
b630e6cb-58f6-422d-9051-476392ba9c8f	V	8211011	R	0	1429	4
b630e6cb-58f6-422d-9051-476392ba9c8f	V	8204987	L	0	-463	48
25324ea5-a108-424e-a4e2-5ed885ac9da1	V	8204987	L	0	-482	264
aa09a5ee-6d52-4d24-8008-2dca3e338a4a	V	8204988	L	0	-443	57
65167729-cec4-4433-9add-e802b0a12210	V	8211011	R	0	2055	4
65167729-cec4-4433-9add-e802b0a12210	V	8204988	L	0	-462	89
e485cd59-ac2c-4024-a789-508bef8e2f3e	V	8211011	R	12	1455	5
e485cd59-ac2c-4024-a789-508bef8e2f3e	V	8204988	L	12	-464	137
7a52fc30-531e-4ebc-a31b-2a9a1ecc14a8	V	8204988	L	1	-435	207
0cd4d010-9dfd-4104-a778-8a62b842bc95	V	8211006	R	0	2501	9
0cd4d010-9dfd-4104-a778-8a62b842bc95	V	8204994	L	0	-421	20
08326515-6bcf-4a74-b02b-d8958137011b	V	8204996	L	5	-482	131
310b29d8-3a18-4e21-aec2-d00d797f3b27	V	8211006	R	0	1457	3
310b29d8-3a18-4e21-aec2-d00d797f3b27	V	8204996	L	0	-443	6
7422c147-652d-4c4a-89fd-41b18f0e88e1	V	8204997	L	1	-446	42
6ec59751-ed02-4179-a77e-f8184a274851	V	8206394	L	0	-20	35
b5ee9d85-143c-4d58-95ff-63cbbf317156	V	8224666	R	60	1437	2
df41c54f-b2b6-40dc-8169-3cb4737f38a8	V	8217838	R	60	1432	2
fbe22115-5e8a-432e-889b-8acadc4f5867	V	8211807	L	0	-445	365
00fe51e4-30f1-4c17-8af5-4dd1f1867a03	V	8211811	L	0	-460	368
c31badde-a923-41dd-b5a1-a011d8a25e79	V	8217837	R	0	9444	4
c31badde-a923-41dd-b5a1-a011d8a25e79	V	8211811	L	0	-440	276
d78a21c6-84d8-4fe5-8721-337ee63730d9	V	8217636	R	0	5036	2
d78a21c6-84d8-4fe5-8721-337ee63730d9	V	8211811	L	0	-413	204
7a1509be-8a01-4156-85e9-084809c2fc65	V	8211811	L	0	-446	270
8f30649b-a80f-47a8-8c69-a520f98cf97b	V	8224666	R	1	1349	2
8f30649b-a80f-47a8-8c69-a520f98cf97b	V	8211811	L	1	-433	303
5e79d10e-e1b0-4c71-b090-2eb31bd5d60c	V	8217145	R	0	836	2
5e79d10e-e1b0-4c71-b090-2eb31bd5d60c	V	8211811	L	0	-436	284
1203c88b-cc4a-4f0d-9c1f-c747a9732f8b	V	8211811	L	0	-433	120
301dfd13-88b6-4bb2-ae2b-d4ea37bab31c	V	8211811	L	0	-448	474
b43c963b-843e-42be-94a7-e63ce363e3f1	V	8211811	L	0	-427	240
6cad7e39-d61f-4464-b9c7-3f8ffc67cd6e	V	8211811	L	0	-496	318
bdbca9a5-5d9b-43c8-9506-abae41461a93	V	8211811	L	9	-421	98
ddb8ee90-c527-426a-b3fe-03b448c44087	V	8211811	L	0	-499	46
083941ba-a57d-405f-8426-eb6a20e1b027	V	8217835	R	0	1432	12
083941ba-a57d-405f-8426-eb6a20e1b027	V	8211811	L	0	-434	51
3dfdee1f-265f-4766-98d9-ec86f1331150	V	8211811	L	0	-435	59
459a499b-cd80-47f7-8dc5-b884c0901b6b	V	8217838	R	0	1453	3
459a499b-cd80-47f7-8dc5-b884c0901b6b	V	8211811	L	0	-433	234
c22f167f-e48f-47c0-893e-33ba444971a4	V	8211811	L	0	-438	60
4b4dbd6c-9783-4fd5-ac2f-7caf2297fcfb	V	8217838	R	0	9445	3
4b4dbd6c-9783-4fd5-ac2f-7caf2297fcfb	V	8211811	L	0	-435	94
ff42b2e1-d333-4240-9caa-c9efe41bcedd	V	8211811	L	0	-443	88
73b593bb-201d-4cf0-a7d1-e28e57e7e42b	V	8211811	L	2	-436	117
04996694-c7a7-454e-a3ff-68775a022395	V	8217838	R	25	1451	2
04996694-c7a7-454e-a3ff-68775a022395	V	8211811	L	25	-432	98
c8607c5d-79c7-4289-bf33-8934f504d005	V	8211811	L	1	-458	50
92d76f14-c09c-43b4-9bdd-9b1c8a65caa7	V	8211811	L	0	-430	55
91b84c24-5abd-46e7-b3de-4bac5d00a0a2	V	8211811	L	0	-427	43
3d9ee7e9-0eaa-4330-a34d-43e04dde8a09	V	8217838	R	0	1425	3
3d9ee7e9-0eaa-4330-a34d-43e04dde8a09	V	8211811	L	0	-442	49
1ac350f0-f52b-450b-9150-5a0a9826365b	V	8211811	L	0	-460	46
6bd8a75f-6d7e-434f-88dc-4b575c68244a	V	8211811	L	0	-454	62
24ec3dda-c923-4571-8b42-6dbe4258d8e8	V	8224666	R	11	1428	2
24ec3dda-c923-4571-8b42-6dbe4258d8e8	V	8211811	L	11	-457	30
ebe2ba66-af66-4915-8ba8-aea3b4e63675	V	8211811	L	0	-434	34
ed2b9feb-e1ea-4cd7-9e09-aa5436ae0591	V	8211811	L	25	-439	117
36edd4af-e861-46ef-904f-42532ce0065a	V	8217838	R	0	1443	3
36edd4af-e861-46ef-904f-42532ce0065a	V	8211811	L	0	-442	54
6e90efb7-a8bb-4503-be4b-c7b893fd2b69	V	8217838	R	60	1468	3
6e90efb7-a8bb-4503-be4b-c7b893fd2b69	V	8211811	L	60	-449	120
e022e405-3bdf-4c56-b42b-b03a7dc4e3d7	V	8211811	L	0	-425	95
d50db466-1334-40d4-96d4-8c3074d728b6	V	8217838	R	0	9411	3
d50db466-1334-40d4-96d4-8c3074d728b6	V	8211811	L	0	-488	37
aec5f126-164a-4484-be6c-fcea324bb694	V	8211811	L	0	-438	103
34e97de1-2e3a-43e6-95d2-aa6f6d04606f	V	8211811	L	1	-429	54
ba185bf0-84d3-4b5c-9a81-1cb711cfffee	V	8211811	L	26	-446	107
406d3e90-32f8-4704-b302-6ce3a308f5b2	V	8211811	L	0	-435	57
c6987adb-3a37-4ca1-bcc2-aef788a636c4	V	8211811	L	60	-432	159
e1ee9f88-1243-425a-8d30-6be9744c4041	V	8217838	R	0	1406	26
e1ee9f88-1243-425a-8d30-6be9744c4041	V	8211811	L	0	-422	40
47f4128a-0b54-4e06-a3f9-9eaa9141b96c	V	8211811	L	1	-429	143
abd018a8-03de-4aa6-9139-ba718b738a06	V	8211811	L	0	-431	361
6dae156e-d188-4221-aace-4bcfd827703c	V	8211811	L	0	-428	355
42e9a9e4-d932-4d6c-8e75-2f39adde6eb9	V	8217838	R	0	1462	2
42e9a9e4-d932-4d6c-8e75-2f39adde6eb9	V	8211811	L	0	-423	340
09e2721d-4709-4931-b1c3-6176210e6e3c	V	8217838	R	24	9404	2
09e2721d-4709-4931-b1c3-6176210e6e3c	V	8211811	L	24	-435	332
db89b1ea-18b3-4f59-afe3-487fb8902450	V	8217838	R	0	482	4
db89b1ea-18b3-4f59-afe3-487fb8902450	V	8211811	L	0	-426	256
1fe56599-001b-4dac-9e41-0681d9463304	V	8211811	L	1	-429	370
94c84503-5db1-4750-bb89-6a88c338c732	V	8217838	R	0	1463	6
94c84503-5db1-4750-bb89-6a88c338c732	V	8211811	L	0	-352	100
fdbabbcc-2767-458d-8145-5ee2b48e28b7	V	8211811	L	6	-437	237
23795064-26f9-4bcf-8fa0-3a45c1a9e6f4	V	8211811	L	0	-444	350
51704b8d-ce38-4b23-8d0f-e192ee5410ef	V	8211811	L	1	-427	386
18231940-8f40-4f32-8f6d-13573f1e2802	V	8211811	L	0	-446	423
f10fc91c-3149-42c1-ab19-7bc158dac9c7	V	8217838	R	0	1447	6
f10fc91c-3149-42c1-ab19-7bc158dac9c7	V	8211811	L	0	-427	155
d154680a-114a-46f6-9490-fbca8b0d4028	V	8211811	L	0	-425	314
c6a25366-c785-4b64-983c-0e88f1d9daa7	V	8217838	R	50	1470	3
c6a25366-c785-4b64-983c-0e88f1d9daa7	V	8211811	L	50	-432	372
eef1591b-12cc-46d9-8f34-04b9f25ecfd6	V	8217838	R	0	1464	2
eef1591b-12cc-46d9-8f34-04b9f25ecfd6	V	8211811	L	0	-428	141
7f5cafc1-2fe6-4f3c-b626-ba7acf0f229d	V	8211811	L	0	-442	113
11c23398-b2fc-4772-955c-106d3a36c05c	V	8224666	R	1	512	2
11c23398-b2fc-4772-955c-106d3a36c05c	V	8211811	L	1	-422	366
218de148-7c94-4e1a-bc48-30ffac8b9bb2	V	8211811	L	0	-449	81
9243242e-71c1-4988-b309-37462bba00d9	V	8217838	R	0	9447	2
9243242e-71c1-4988-b309-37462bba00d9	V	8211811	L	0	-432	97
c1bf6c33-f631-42d5-b9d1-442702559fbc	V	8211811	L	27	-444	101
46765f07-d0e0-4639-9cfb-f6dfabaddffc	V	8211811	L	0	-426	102
46581904-8279-4e6e-9a49-d80698c66ee0	V	8211811	L	0	-430	110
3b876c34-e27d-4506-bb42-fc6cbe71d2e3	V	8211811	L	23	-451	109
16e9862b-792c-48d7-8b80-03bfd75c4caa	V	8217838	R	0	1474	2
16e9862b-792c-48d7-8b80-03bfd75c4caa	V	8211811	L	0	-426	63
b27b05f6-c587-4116-b251-55f4323edc81	V	8217838	R	13	1485	2
b27b05f6-c587-4116-b251-55f4323edc81	V	8211811	L	13	-432	56
34f5b804-8ab3-462a-b9da-870da4cb16d3	V	8211811	L	0	-426	37
1c8e870e-22ef-47a0-a489-b644c58faaa5	V	8217838	R	0	1466	2
1c8e870e-22ef-47a0-a489-b644c58faaa5	V	8211811	L	0	-434	60
410a6512-4cf1-44a0-a5d9-f97cad726a1e	V	8217838	R	0	4959	2
410a6512-4cf1-44a0-a5d9-f97cad726a1e	V	8211813	L	0	-432	51
0d366550-189b-4ea2-bcff-b6f2b30cafee	V	8211814	L	1	-442	275
ceb330ec-fdd5-4ce7-bc55-7f4d183e9d42	V	8217838	R	0	1438	3
ceb330ec-fdd5-4ce7-bc55-7f4d183e9d42	V	8211814	L	0	-445	328
242abfda-3559-4793-860f-4f23cee0efab	V	8211814	L	19	-432	82
76c84a58-0c33-4ced-b60d-f2d385d3d707	V	8211814	L	0	-454	361
0a50af1c-bccb-4030-9813-ce8368ec1786	V	8211814	L	4	-491	269
13a1a1d0-406f-4176-bb97-e603beeb060d	V	8211814	L	37	-432	53
2f9be8ac-c6aa-4612-baf6-4cb182023cf7	V	8211814	L	0	-426	39
ef301870-00ea-4fba-89d5-c5393d63f39e	V	8211814	L	0	-416	33
3452a402-c806-4503-be15-8b733e9e23bb	V	8211815	L	1	-421	300
a4c94518-140d-416a-87f0-7eb8f318963d	V	8211815	L	5	-435	88
609a9cf5-c649-49ee-9946-b95b04c67970	V	8224666	R	1	535	2
609a9cf5-c649-49ee-9946-b95b04c67970	V	8211815	L	1	-435	56
b92fae89-b62d-4546-809a-83a4b2f9a966	V	8211815	L	0	-425	34
80c6c02d-c932-4cbe-a4ed-e77bb5674b79	V	8211815	L	0	-428	410
c39b80a3-abd5-4d0f-8776-eb71d05adfba	V	8211816	L	0	-432	437
139fbe26-a79e-4a41-80d9-8ec83d4bc034	V	8217838	R	0	1469	3
f3d6a523-fdb4-44d9-88b0-5bedaea0a59d	V	8211816	L	0	-439	52
c8b1404a-0ab6-45dd-874d-3a35fd15aca3	V	8224666	R	1	1451	2
c8b1404a-0ab6-45dd-874d-3a35fd15aca3	V	8211818	L	1	-446	42
213127f5-aefc-4372-93bb-7341b2ff5a96	V	8211821	L	0	-431	42
85fd6b54-3ef5-47d6-8d7a-898be62e2076	V	8211821	L	0	-441	245
41af760e-b19f-43be-8ec8-3d1ba1650a83	V	8211823	L	0	-485	470
2d5be430-2c14-4ba1-869a-b595925551fd	V	8217838	R	0	1448	2
2d5be430-2c14-4ba1-869a-b595925551fd	V	8211823	L	0	-445	216
58bb3c21-2264-457e-9991-30760d016a6c	V	8211823	L	0	-448	56
7944ffbe-d4e1-424c-970e-63a57fe75ccc	V	8211824	L	0	-447	226
7df844da-04e8-460c-b67d-0c6285a0685f	V	8211825	L	0	-446	440
8dc4b4ab-5418-4231-b2ea-2eb2b4932c4d	V	8211830	L	6	-450	40
67535477-63de-4ea2-9f2f-b433e93218d0	V	8211837	L	0	-414	33
9d14c1ea-a4ba-4679-98f1-36fdb080269c	V	8214541	L	0	-570	96
14e2cf80-742e-4612-81da-edf51a7ac5db	V	8214853	L	0	-30	88
a62b74f3-b139-4931-a40e-4afe16ba2155	V	8215581	L	0	0	105
20f9cf94-7af8-418c-8d78-873730df37f9	V	8224666	R	0	1481	2
390aeac8-6238-4398-978a-73d790e6f7d0	V	8217838	R	0	1465	2
845a4b9a-75d6-4563-b736-82acca344e02	V	8218637	L	30	-441	157
a1bf0235-e4e3-49f8-b627-529d46784323	V	8218638	L	1	-451	325
b5e7a797-4e2f-47c8-b453-a5289800a024	V	8231493	R	2	1430	51
b5e7a797-4e2f-47c8-b453-a5289800a024	V	8218638	L	2	-454	435
a3821884-bd03-4b99-b85f-cb998cd88227	V	8218638	L	12	-442	253
13b2966d-8540-4ab6-928e-2007eefe335e	V	8218638	L	1	-447	290
3eaede85-61e7-4f3d-9ba7-971e43ef2ecf	V	8218638	L	1	-465	326
27c9c385-eb7d-4a19-b209-c562dda4f25a	V	8218638	L	1	-430	53
ed95324c-97ac-4dad-8cfd-f149c259969e	V	8218638	L	1	-417	322
bfb6cd38-7f13-406c-876d-d99fcf09269e	V	8218638	L	20	-430	455
52a863cf-a768-410b-9215-4b50626b2733	V	8218638	L	1	-437	46
724ac872-20ba-4778-91e2-3a8c1416d2d9	V	8230806	R	60	832	2
724ac872-20ba-4778-91e2-3a8c1416d2d9	V	8218638	L	60	-440	156
fb5a3833-82be-4528-b709-fad2eac505b8	V	8218638	L	1	-435	108
5404ec55-bc3e-44db-b015-1a05ab00267a	V	8224666	R	1	1443	2
5404ec55-bc3e-44db-b015-1a05ab00267a	V	8218638	L	1	-436	56
0df4e6d0-ca80-4e71-a591-bbbc23a40403	V	8218638	L	1	-443	225
ed9725e4-b9a4-43fe-8d85-277b716ebdf0	V	8224666	R	1	17347	5
ed9725e4-b9a4-43fe-8d85-277b716ebdf0	V	8218638	L	1	-428	89
900baa51-d055-4edc-900c-b7e2f6b18022	V	8218638	L	1	-434	64
78581da4-2745-4d14-ac6b-52495b3dafb2	V	8224666	R	1	1456	2
78581da4-2745-4d14-ac6b-52495b3dafb2	V	8218638	L	1	-436	60
d801a3b4-5167-4e54-a368-50cbe08fca87	V	8224659	R	1	1456	3
d801a3b4-5167-4e54-a368-50cbe08fca87	V	8218638	L	1	-428	55
c0804266-11ce-4420-8ebd-de32c4bc3bf5	V	8218638	L	1	-425	47
791d86d4-b80f-4428-9bc5-d8409b9be3b9	V	8218638	L	1	-432	145
169994ed-8564-429d-b9e3-1bc579f1d165	V	8218638	L	1	-446	160
7076e21f-093a-4a24-816a-0f02b062bd2c	V	8218638	L	1	-442	56
924de322-4559-4fad-b05d-3a86c031da65	V	8224666	R	1	1467	3
924de322-4559-4fad-b05d-3a86c031da65	V	8218638	L	1	-434	128
011b0567-bc72-4307-9482-1b38e873f2ee	V	8218638	L	1	-431	87
ba8efc11-7d10-4b8b-9496-61b5d8475eaf	V	8218638	L	1	-434	107
7bf4e14a-cf2d-4bb9-9d3f-258880e93a61	V	8224661	R	1	1468	77
7bf4e14a-cf2d-4bb9-9d3f-258880e93a61	V	8218638	L	1	-427	58
5458bf97-3cc5-4c23-ba39-01600d09c423	V	8218638	L	1	-431	51
6230169b-8c94-4979-8546-00b0bf59bde8	V	8218638	L	1	-437	58
3e758d2f-1ae4-449e-99c1-a789b6e972d0	V	8218638	L	1	-447	146
a601b546-567f-41b3-a6be-a40134050e9d	V	8218638	L	1	-417	53
3ace73d1-805d-4882-b2b3-2148878710c6	V	8218638	L	1	-432	61
337e75f1-2bd7-40bb-b873-2e4d295f7bf4	V	8218638	L	1	-433	38
e33ffcdf-24ac-4436-b78d-a7000ecd0d83	V	8218638	L	1	-438	49
c184b6ed-d76a-41af-adfa-7b4e55425b4b	V	8218638	L	1	-440	54
5bf934ff-e3e9-49a9-9e2b-90e41b277eda	V	8224666	R	1	4996	2
5bf934ff-e3e9-49a9-9e2b-90e41b277eda	V	8218638	L	1	-440	88
7b5f8bf9-570f-4b82-aa8d-907a9992f58c	V	8218638	L	1	-435	173
8605641e-3110-45ed-aa2e-ba8fb475f2f3	V	8224666	R	1	1448	2
8605641e-3110-45ed-aa2e-ba8fb475f2f3	V	8218638	L	1	-437	53
1b5ce99d-d853-42ec-93d3-d871318f9cc9	V	8218638	L	1	-445	374
27f585fb-697c-40cf-9d0b-bcc9f9ea6464	V	8218638	L	1	-439	54
8b293cdc-477a-44e0-b133-294e2ccdaa84	V	8218638	L	1	-430	104
a006c69b-1939-484c-8225-fc96073e2362	V	8218638	L	1	-469	46
8b02b666-e7d6-4e48-afab-a32d8da06df1	V	8224666	R	56	1455	43
8b02b666-e7d6-4e48-afab-a32d8da06df1	V	8218638	L	56	-432	310
6f59de68-1077-4f7d-a0bc-d2215bc5b21e	V	8218638	L	1	-423	43
d30c977b-40c8-4206-8748-3c100b9296df	V	8224666	R	1	1420	3
d30c977b-40c8-4206-8748-3c100b9296df	V	8218638	L	1	-432	71
5c358580-ce73-496e-934e-1f643a820ad9	V	8218638	L	1	-431	105
af0272e9-3405-4e4c-9d18-7c4d0ca347f0	V	8218638	L	1	-439	55
77ba8dc7-2789-4471-bbdb-c91bc2c6c768	V	8218638	L	1	-456	35
894224b7-b6c2-4f43-ad0a-131f8c8f94d7	V	8218638	L	1	-438	54
980c4e84-c546-4cc1-a3df-17c8025ac135	V	8224666	R	1	1422	2
980c4e84-c546-4cc1-a3df-17c8025ac135	V	8218638	L	1	-442	47
0598b6a3-4ca2-4200-bd1b-4e48fe069843	V	8231493	R	60	2311	246
0598b6a3-4ca2-4200-bd1b-4e48fe069843	V	8218638	L	60	-453	154
72c34fbd-7d5b-4154-b571-ce024e5f59da	V	8224666	R	1	1444	3
72c34fbd-7d5b-4154-b571-ce024e5f59da	V	8218638	L	1	-446	55
cec2eddf-a81b-4c0c-b786-3659a06b0430	V	8218638	L	1	-505	144
38d63879-0722-4d61-9b3d-d59cb7816ed9	V	8218638	L	1	-456	50
e6346420-8a90-46cf-9349-699bbe95833b	V	8223958	R	1	848	3
e6346420-8a90-46cf-9349-699bbe95833b	V	8218638	L	1	-428	50
743b6b15-d6ad-4575-9251-0b01b1ac2092	V	8218638	L	1	-450	51
96a5520e-bad0-495a-b798-64dbc7601d03	V	8224666	R	1	3055	2
96a5520e-bad0-495a-b798-64dbc7601d03	V	8218638	L	1	-431	156
b0da008e-daa3-4cdb-86eb-52ea6c89d98f	V	8218638	L	1	-433	112
b562e703-5037-4bf5-97aa-b93210b5f9d3	V	8231493	R	8	11646	17
b562e703-5037-4bf5-97aa-b93210b5f9d3	V	8218638	L	8	-440	83
1ae462b0-ff2b-4e0f-80f5-f1bb705b7616	V	8224661	R	1	1452	2
eaee3d8b-32e7-4109-be29-ea11ab8a1a34	V	8224661	R	1	1449	35
eaee3d8b-32e7-4109-be29-ea11ab8a1a34	V	8218638	L	1	-459	103
e9a5af04-0d09-474e-9fce-ebbefc2c3aeb	V	8218638	L	1	-434	52
3e3b5f1f-824d-48f6-b659-1d8e18a43b13	V	8231493	R	1	1395	3
3e3b5f1f-824d-48f6-b659-1d8e18a43b13	V	8218638	L	1	-437	49
d4ed68b6-0d7d-4836-a55e-93c3918658f3	V	8224666	R	1	1450	4
d4ed68b6-0d7d-4836-a55e-93c3918658f3	V	8218638	L	1	-431	158
9d6bcaa0-6503-43c5-a6b0-f4f4597f3585	V	8231493	R	0	1449	2
9d6bcaa0-6503-43c5-a6b0-f4f4597f3585	V	8218638	L	0	-430	115
6e39d620-8cd5-4f60-8c92-e0b353997e69	V	8224666	R	1	552	3
6e39d620-8cd5-4f60-8c92-e0b353997e69	V	8218638	L	1	-429	119
9846587c-7ce2-4f09-91dd-747a25139a69	V	8218638	L	1	-454	104
0e44fbf8-f39e-43c3-9b31-3b4a741066f8	V	8218638	L	0	-440	54
6ca54b7b-450b-43dd-8bf6-23e0edf73f98	V	8218638	L	1	-450	196
24532d61-f0e6-457c-8fdb-b4b721870e46	V	8224666	R	1	1459	2
24532d61-f0e6-457c-8fdb-b4b721870e46	V	8218638	L	1	-433	52
13cf0a1b-883e-44c2-9e4d-1aacfaf98925	V	8224666	R	1	1415	2
13cf0a1b-883e-44c2-9e4d-1aacfaf98925	V	8218638	L	1	-432	104
64971fdd-91df-4cd0-b53e-955623793780	V	8218638	L	1	-421	99
fa656d7d-4d7a-4f57-8a5d-ecea4eb3e89a	V	8224666	R	1	2070	4
fa656d7d-4d7a-4f57-8a5d-ecea4eb3e89a	V	8218638	L	1	-417	264
93fec4bf-f301-415b-bedf-f10d45eadb4c	V	8218638	L	0	-429	275
2e6dc5df-a98b-421a-8dd3-7ec281e66bfe	V	8218638	L	1	-431	174
c069be36-ee62-4f68-bc87-dd71f22d43cb	V	8218638	L	1	-437	216
c1d38719-e6f1-4dcc-8592-1b257d759787	V	8218638	L	1	-440	285
efddd2d9-8fbe-4160-9bba-e2708b54c780	V	8224666	R	1	1471	2
efddd2d9-8fbe-4160-9bba-e2708b54c780	V	8218638	L	1	-425	376
494bcae5-22df-4684-848b-ec75152e0593	V	8218638	L	0	-423	316
775393e1-51d9-4d9c-a05f-ea5675749d22	V	8218638	L	1	-433	580
aab7a434-e177-4af2-a251-289927c301b9	V	8224666	R	12	1476	3
aab7a434-e177-4af2-a251-289927c301b9	V	8218638	L	12	-451	466
7caa6e88-7e57-4072-b027-3e273a51b20e	V	8218638	L	13	-454	165
ffab119d-84ec-41e7-aecd-ff170be58db1	V	8218638	L	2	-438	296
b33ff9e8-5c89-4f52-b2fb-5781e5aa8a9c	V	8218638	L	1	-451	359
c2fd19c5-529b-47cb-8487-6cd1a3577ef5	V	8224657	R	1	491	2
c2fd19c5-529b-47cb-8487-6cd1a3577ef5	V	8218638	L	1	-451	115
69a4ab4c-d731-4717-a182-5a7533e70406	V	8218638	L	1	-441	308
e4c72be1-1322-4e05-a9af-03f36713ae9a	V	8218638	L	0	-430	53
52e1cc4d-31c0-4e4e-992f-3ca5a7390768	V	8218638	L	1	-426	427
62e6c598-4aec-4f45-af4e-0179882a15bb	V	8218638	L	1	-430	164
c6417769-30d2-4dfb-9839-90bf833019e8	V	8218638	L	1	-481	157
cd6ee2a4-0f53-4cd9-b9ba-6f947a2c6371	V	8218638	L	60	-456	492
f11008e1-1be5-4a83-bc13-87dde0c44590	V	8224666	R	1	1440	2
f11008e1-1be5-4a83-bc13-87dde0c44590	V	8218638	L	1	-428	161
b9725bbc-56c2-4b27-9497-1f5190263c6c	V	8224663	R	1	1437	3
b9725bbc-56c2-4b27-9497-1f5190263c6c	V	8218638	L	1	-425	238
cff95996-ec20-48f7-a923-640802f41a52	V	8224666	R	1	1447	2
cff95996-ec20-48f7-a923-640802f41a52	V	8218638	L	1	-448	219
8d9c2dd2-43fe-48b3-9304-93dc3394b557	V	8218638	L	0	-435	80
ad12acdd-1622-49db-a8c0-90c891ebfe0f	V	8218638	L	1	-428	189
b724b944-0287-4085-984d-165882b359a1	V	8224666	R	21	1451	2
b724b944-0287-4085-984d-165882b359a1	V	8218638	L	21	-412	339
3c8defc3-b010-4dad-8d84-18bfc3fc1d38	V	8218638	L	1	-456	318
30ecddac-1358-4597-b96c-dab68c393872	V	8218638	L	0	-434	617
07175e12-301f-4f9b-adfe-2e0582d725ad	V	8218638	L	2	-434	282
63fa12a9-da68-4a30-8280-2f58d2bdaf6c	V	8224666	R	2	1465	2
63fa12a9-da68-4a30-8280-2f58d2bdaf6c	V	8218638	L	2	-434	430
f6b14133-fc0a-4064-ab54-8f1c3948a163	V	8218638	L	3	-456	208
2c11297c-5d54-4e2d-8ecd-7ea84afa92d2	V	8224666	R	1	1472	2
2c11297c-5d54-4e2d-8ecd-7ea84afa92d2	V	8218638	L	1	-440	184
2dd0c836-d68b-4c7e-a184-59976c6cc457	V	8224666	R	9	1620	2
2dd0c836-d68b-4c7e-a184-59976c6cc457	V	8218638	L	9	-440	291
cc85059e-017e-4379-abd7-75c78f713b03	V	8224666	R	23	1417	2
cc85059e-017e-4379-abd7-75c78f713b03	V	8218638	L	23	-437	86
76960ddf-07e0-4fe3-9754-3d81068e1944	V	8224666	R	1	1420	162
76960ddf-07e0-4fe3-9754-3d81068e1944	V	8218638	L	1	-448	51
2b88e8d4-c33a-4f94-94f0-8c84255e4d39	V	8218638	L	0	-440	23
4aefdbf7-aa92-4213-8717-31d2874108b0	V	8222519	R	1	59	93
4aefdbf7-aa92-4213-8717-31d2874108b0	V	8218638	L	1	-431	54
77a4aa74-70c6-41ed-8234-73d75791c68a	V	8218638	L	4	-436	44
3356a821-8b98-4dc1-9516-d42cb34aa706	V	8218638	L	1	-435	98
e7c8edc4-a74a-43f0-88d3-684a671da06b	V	8224666	R	30	1454	4
e7c8edc4-a74a-43f0-88d3-684a671da06b	V	8218638	L	30	-437	30
316807bf-70ae-4e76-a439-14295bf53165	V	8224666	R	0	2049	2
316807bf-70ae-4e76-a439-14295bf53165	V	8218638	L	0	-448	119
86553073-9fe2-49f0-87e8-286ca8712ca9	V	8218638	L	0	-429	49
662e5a6a-1294-4639-af53-dceceddbd6b9	V	8218638	L	0	-429	55
352efc9a-65fd-440a-9635-88f4da6bd771	V	8218638	L	4	-428	152
178edc99-d729-4ff6-9822-812619823be6	V	8218638	L	1	-432	50
69a0b59a-2442-433b-86ba-62162fee507b	V	8218638	L	5	-431	119
d4e1c40f-2c94-4ae4-833f-8a9d90101f9c	V	8224666	R	5	548	2
d4e1c40f-2c94-4ae4-833f-8a9d90101f9c	V	8218638	L	5	-433	49
e6458deb-3b4b-4669-b92f-be183bfa636e	V	8218638	L	1	-433	73
49603c75-69e1-4f6d-94b6-263446f67a33	V	8224666	R	4	1464	2
49603c75-69e1-4f6d-94b6-263446f67a33	V	8218638	L	4	-431	113
e4b7b772-48f6-4669-853f-d716124349a1	V	8218638	L	11	-439	60
bd68c3d9-b1ec-476c-934d-f1ae3e8cf520	V	8218638	L	0	-457	55
71dfae21-8573-4fdc-b2cd-635dda19a592	V	8218638	L	4	-418	156
1b13b362-ffcb-48c4-94c6-ecf57556a257	V	8218638	L	16	-436	158
8e800540-07d5-4143-a34f-0add6469e24a	V	8224666	R	1	1469	2
3ab403b6-d5a5-48e0-9153-291643bd7883	V	8218638	L	0	-442	67
35c18852-c8f6-4cd5-b34f-93d35e6c0a3a	V	8218638	L	0	-425	43
153edd1b-34db-4071-900c-e3166f393e36	V	8224666	R	1	1458	5
153edd1b-34db-4071-900c-e3166f393e36	V	8218638	L	1	-424	52
51c7c06b-dc87-49d1-8275-891130d6f559	V	8231493	R	1	1462	2
51c7c06b-dc87-49d1-8275-891130d6f559	V	8218638	L	1	-457	54
27b2b13e-6813-438d-ab9a-5c45ed0f39cb	V	8218638	L	1	-452	42
3e5747d2-becb-4aec-95cf-001df4f35037	V	8224666	R	1	1460	2
3e5747d2-becb-4aec-95cf-001df4f35037	V	8218638	L	1	-421	43
58959623-772e-417c-bc9f-6d3400b00304	V	8218638	L	0	-459	133
fe83a368-b73c-428a-a97f-0650a6a5d2e2	V	8218638	L	0	-435	98
4b480ca8-405d-480f-be64-f3770385ad94	V	8224666	R	3	11110	2
4b480ca8-405d-480f-be64-f3770385ad94	V	8218638	L	3	-437	33
fba46104-14bf-49fc-a234-e039f27f9e9d	V	8218639	L	15	-449	121
b8de9a5c-01cf-4355-8131-1e9f45f08c16	V	8224666	R	1	1460	2
b8de9a5c-01cf-4355-8131-1e9f45f08c16	V	8218640	L	1	-449	141
8ee0941d-e555-44ce-ac72-a26b9c4efcca	V	8218640	L	1	-433	111
ca98e086-6356-4f3e-a980-ff3b6cb5fc71	V	8218640	L	1	-428	16
0f66d1fe-dd08-4efb-89cc-7a3fcfffeae7	V	8218640	L	60	-430	149
677e8ac3-2ead-4bf0-ac1a-3a7acad25f0d	V	8218640	L	1	-436	55
8325da8a-5ea7-45be-bf23-10fb3e9a6486	V	8218641	L	1	-457	438
2ea5a336-98ea-4690-b7ac-e82bed5826e3	V	8218641	L	60	-455	390
6d985519-65f9-49e5-b122-9e00e2f74898	V	8218641	L	1	-454	56
9ea509b7-975f-45bc-a7b8-3735cf5d9b8b	V	8218641	L	1	-439	438
9902a301-de05-4546-bbc3-5ea4f083295f	V	8218641	L	1	-437	53
2d9ff68c-8e16-4394-8d48-1a73a562d4ed	V	8218641	L	1	-432	35
9abf4e2b-8ab6-4f9d-9f0d-0dae12618a16	V	8224666	R	1	1430	2
9abf4e2b-8ab6-4f9d-9f0d-0dae12618a16	V	8218641	L	1	-442	143
3f45b5da-19d5-4e31-b4ea-5522c98b33f4	V	8218641	L	1	-445	51
dc16e28a-450b-439f-ab45-06c221e7fff3	V	8218641	L	1	-449	206
9dc7f99e-d808-49ae-b655-89d38130665f	V	8218641	L	1	-435	455
bf1e2b60-3ee1-4fe9-8705-273c7aa236e3	V	8224666	R	1	1449	3
bf1e2b60-3ee1-4fe9-8705-273c7aa236e3	V	8218641	L	1	-435	325
54967924-b980-42b7-909b-c57e5cc0f690	V	8218641	L	8	-427	472
82871f7a-54e0-4774-8667-800b8011b977	V	8218641	L	1	-447	356
de8af716-63e2-4dd6-95e4-438cb9e8ab3a	V	8218641	L	8	-449	182
1a59e5e6-a1a0-4ea0-a4f4-230e6855dcbf	V	8224666	R	30	1499	2
1a59e5e6-a1a0-4ea0-a4f4-230e6855dcbf	V	8218641	L	30	-429	92
5ec94672-8509-45c4-974b-4e65f29ef2ee	V	8224666	R	6	1479	2
5ec94672-8509-45c4-974b-4e65f29ef2ee	V	8218641	L	6	-446	55
97add260-0c71-4955-976b-9eb7e1672a52	V	8224666	R	1	1445	2
97add260-0c71-4955-976b-9eb7e1672a52	V	8218641	L	1	-446	52
f4b133a2-fa43-416e-8b92-f176871b2795	V	8218641	L	0	-442	54
075d721c-a9b1-431b-a780-423b03c2c971	V	8218641	L	7	-441	113
a854ada4-b9c8-4880-9576-2131134fd0ad	V	8218642	L	1	-455	207
c1da0f30-953f-4bfe-b544-7683f8425a37	V	8218642	L	1	-434	54
c7b39356-3bc6-4acf-aea5-dfcfe663a3e1	V	8218642	L	60	-433	153
ab990dcd-ce6b-4197-8368-3d29bfdd5e10	V	8224661	R	12	1448	2
ab990dcd-ce6b-4197-8368-3d29bfdd5e10	V	8218642	L	12	-431	57
7a9dade0-677d-4be9-a99c-5204ffa4ad94	V	8224666	R	0	17520	2
7a9dade0-677d-4be9-a99c-5204ffa4ad94	V	8218642	L	0	-440	481
883b03e4-46c1-4dbe-bc49-200ee4227ef8	V	8218642	L	19	-415	258
16d937bb-ab61-4af4-b725-409641e8b1cd	V	8224666	R	5	1450	3
16d937bb-ab61-4af4-b725-409641e8b1cd	V	8218642	L	5	-442	28
6fd1217c-208e-42b0-b912-1345b350e4d1	V	8224666	R	6	1452	2
6fd1217c-208e-42b0-b912-1345b350e4d1	V	8218642	L	6	-436	35
ccd565c2-ecb5-4772-ae9b-5c5b2b7c575e	V	8224666	R	1	1448	2
ccd565c2-ecb5-4772-ae9b-5c5b2b7c575e	V	8218643	L	1	-447	344
ab78de3f-37ee-46cd-addc-d2ababdc4db1	V	8218643	L	1	-444	318
27b12201-fb9b-4ef8-94d2-7e19de77b059	V	8218643	L	50	-434	135
6e22fa83-2e59-47fb-87a3-45ea641d165f	V	8218643	L	0	-444	56
4371664e-481b-49df-8088-e1478ef3b351	V	8224666	R	1	1451	4
4371664e-481b-49df-8088-e1478ef3b351	V	8218644	L	1	-522	380
c3317b27-7d27-4bdb-ae06-041e991fb428	V	8224666	R	0	9329	2
c3317b27-7d27-4bdb-ae06-041e991fb428	V	8218648	L	0	-432	490
091bbd8b-caa1-474d-b5e0-c2a62432aeb0	V	8218648	L	1	-447	93
f99da3e8-1998-4681-ad21-50bc2ec5233f	V	8218649	L	0	-439	202
c34a2369-a987-496d-8b57-b3e5a13104b3	V	8224666	R	1	9426	4
c34a2369-a987-496d-8b57-b3e5a13104b3	V	8218649	L	1	-447	395
ac38e5cc-b94b-4350-8296-08730e1bf5d5	V	8218649	L	0	-441	76
7a4a776a-2ee8-434f-8599-728cac7d13e7	V	8218650	L	5	-451	226
3627fcb2-4e04-4bea-888f-3a873084145d	V	8218650	L	3	-457	239
5964c8a6-2cef-44e9-8eed-3eea98a72233	V	8218651	L	1	-439	111
fa8879e8-1711-48b9-9cae-83b5c34496b6	V	8218654	L	1	-453	339
cbc3e6a2-d815-4ab1-960c-98060ac33a43	V	8218654	L	1	-436	88
ab950132-76ee-41dd-8294-50fe841d79de	V	8218655	L	1	-435	111
f32c0651-9157-4634-ba28-62bc39c76773	V	8218655	L	1	-450	76
c0d376ad-1ded-4cd0-a881-42d4c818271c	V	8218658	L	1	-453	50
af091c09-caf0-4a2f-bc34-a7f397dae99b	V	8231493	R	2	1488	3
af091c09-caf0-4a2f-bc34-a7f397dae99b	V	8218659	L	2	-483	199
18385839-7692-456d-a4ed-d0f5babf71ad	V	8224666	R	12	1467	6
18385839-7692-456d-a4ed-d0f5babf71ad	V	8218659	L	12	-461	397
924c0a8c-35c5-45ae-b7dd-6a9b1d04e7bb	V	8218669	L	5	-450	13
922341b6-c7c5-4e87-b722-9e98ac3ff45a	V	8231493	R	0	1435	3
168622d0-cefc-4739-8e8d-dd1bff983f8d	V	8225464	L	0	-417	244
e20613e6-7e89-461c-9f0e-a1e70dbf6039	V	8225466	L	0	-434	58
47e30386-3868-4f0b-bf9f-a57e884ed570	V	8225466	L	0	-440	57
2ef85818-c6f5-459e-b423-ffcf3b3dcece	V	8225466	L	0	-433	60
13430d2c-9cab-48ca-95d6-ce1ba6e98262	V	8225466	L	26	-441	171
4bf2db7f-764d-440e-9ad8-56f4a141c353	V	8225466	L	0	-458	47
9e37c02d-926f-4722-a6f4-be4f1329ec72	V	8225466	L	0	-415	54
0d130a12-cc3d-4cbb-908e-5321e4cfce66	V	8225466	L	0	-426	47
a1ef672f-5109-493e-ac8f-c7ee2e9e383a	V	8225466	L	0	-437	100
7040359e-8a92-47e3-91d4-1ccb3f3faf5e	V	8225466	L	0	-442	45
76795a72-5936-4c2f-8268-9f5527ab18bc	V	8225466	L	0	-438	73
5fe1798b-19a8-4531-b61a-4feec3071364	V	8225466	L	1	-440	87
5a5c3629-d9b6-480b-a3e4-e408fc7652f4	V	8225466	L	0	-431	281
15041feb-c5a5-43c5-b7a0-6277a9004feb	V	8225466	L	0	-441	325
4331f848-906b-4088-85ec-a5c4946eb7f6	V	8225466	L	0	-438	264
c53515d2-9db2-4eeb-8325-2cf56b32c8c8	V	8225466	L	0	-429	615
c606b2d6-78ed-4eb3-bffe-05c4ca5084e6	V	8225466	L	0	-464	382
bbac6483-a163-440f-a598-fcc194481c03	V	8225466	L	1	-438	547
1e055542-9bf2-426a-af05-a1debf5f382a	V	8225466	L	0	-460	365
925d6c5c-8b9b-4150-8482-df055d1a43a9	V	8225466	L	60	-438	337
244796ff-47bb-40d2-b1bd-f60d36194e78	V	8225466	L	0	-440	502
fece58e8-33a5-4a5f-a221-26d7cce385d7	V	8225466	L	21	-442	660
eabfb6f9-4c0b-45ee-8bb4-6bfcd937af66	V	8225466	L	0	-437	118
ec6c1468-97c7-47b8-bf23-381b879441d4	V	8225466	L	0	-444	276
c71c4680-d400-40ca-9452-9228e79447e4	V	8225466	L	1	-455	182
aab7f76f-0df0-4211-a067-d15929ea7d15	V	8225466	L	60	-441	508
292852be-2d3a-490a-87c6-b7e8f7a4e9b6	V	8225466	L	0	-449	111
40012639-39f4-4446-9728-01ff132ce9d4	V	8225466	L	0	-441	275
64a797d9-e048-463e-a93d-c28382e19f87	V	8225466	L	0	-319	200
7b3106ca-e880-49bc-870a-b97870b413c9	V	8231493	R	0	1933	2
7b3106ca-e880-49bc-870a-b97870b413c9	V	8225466	L	0	-471	35
7de251b1-c76e-4953-bf1c-ba984883a1b1	V	8225466	L	2	-428	116
a636d4ab-f470-45cf-bc66-240d73fd9759	V	8225466	L	0	-431	57
1e87118a-3b5f-44f2-977d-10645c71c101	V	8225466	L	0	-430	47
8060cd3d-9e11-4502-8ae5-9b2363a2b5cf	V	8225466	L	0	-433	48
0addf288-9b47-492b-93e9-51e480930537	V	8231493	R	0	8519	4
0addf288-9b47-492b-93e9-51e480930537	V	8225466	L	0	-433	50
516da673-ea5e-42ef-8f95-bc212c477ba2	V	8225466	L	60	-439	156
a90a4e74-58cf-4988-bce0-f9d15c8e374f	V	8225466	L	4	-439	111
9fa6794d-6648-4f2e-aec7-b562fc7f0f4c	V	8225468	L	0	-436	51
3d9d2218-e069-47cc-8fea-c64b7f5be272	V	8225469	L	8	-441	214
eef937d3-fce2-4058-9520-670ff7ca2f4a	V	8231492	R	0	1152	182
eef937d3-fce2-4058-9520-670ff7ca2f4a	V	8225469	L	0	-433	90
1b6d7ec7-7134-4c96-adab-677594c21f86	V	8225469	L	1	-436	182
5d3e8ae4-2285-4b51-a8aa-a79acc661025	V	8225469	L	0	-455	57
6328de26-d46c-44f7-ae81-02b03527bd2f	V	8225469	L	6	-427	169
9ca30977-0fea-4a87-ada2-bada68cb174c	V	8225469	L	6	-422	80
ad9b0c06-4266-4c6d-9303-b3d0b87be8f4	V	8225469	L	2	-425	144
5ec65530-5854-4b2a-9138-198e4af64af0	V	8225470	L	0	-442	407
462f7d0b-fa8c-4ee3-80a2-a4fe63c196ea	V	8225471	L	26	-437	477
9e4f8f20-9a86-441e-9e3a-3435bb8f0a84	V	8231491	R	0	1460	2
9e4f8f20-9a86-441e-9e3a-3435bb8f0a84	V	8225476	L	0	-439	530
efcb6cb0-5f44-4b8d-9d59-745b759777e2	V	8225477	L	0	-454	330
d664e87f-c516-46fa-beb6-6d486dd413b1	V	8225478	L	0	-449	328
e0ff3175-925c-4e26-b503-17a697502db1	V	8225479	L	0	-445	37
9223f1fe-7225-43f7-93b3-1443348ce844	V	8225479	L	0	-433	92
0b5617c5-1e2c-41b2-bba4-8980db143cd5	V	8225491	L	0	-460	158
1da853f3-2c5e-4a3e-8bcb-579c071a27b5	V	8225494	L	2	-502	125
170bf57c-ac4b-4cd6-a0ac-6dc03d33564e	V	8225846	L	0	-20514	7
a4f55142-3b59-40be-89ee-f0379a1a4839	V	8232293	L	0	-456	44
1d9a3110-51f4-400a-ad20-e8d9d39fee6a	V	8232293	L	0	-471	27
6f3fb660-dbd4-4a18-822f-4e79114054e5	V	8232293	L	0	-472	53
c1c4748d-77f7-4612-9eee-3329b8f488d4	V	8232293	L	0	-439	49
bb107da6-9325-4a12-aa6a-96f1621d7be0	V	8232293	L	0	-438	51
0a637fa6-9240-49a6-ac51-c784f6b34d72	V	8232305	L	0	-430	115
140692eb-2e6c-4544-afbe-ee3613a0b944	V	8815006	R	10	1216	4
140692eb-2e6c-4544-afbe-ee3613a0b944	V	8813983	L	10	-3015	152
e31dd251-39e5-4ea8-9182-17e068da15c7	V	9449044	L	9	-5463	10
e5ffd78b-5cd1-4a68-84e2-f35f2ede5598	V	9694473	L	13	-3758	87
8dc9b31b-996a-41e8-b210-6c320ffcde98	V	10530047	L	1	-381	124
f7d1d983-4cbf-4a0f-a437-75167c293895	V	10530047	L	1	-6610	244
72ecb08f-7be7-4d0a-b986-0be04144f49e	V	10530047	L	1	-6589	100
ac504061-526d-4adf-b82a-a88c3841b23b	V	10530192	R	1	6209	2
ac504061-526d-4adf-b82a-a88c3841b23b	V	10530047	L	1	-6594	155
eb683c2d-e199-4a9d-bab9-011c7a4cc87a	V	10530047	L	6	-6618	146
2e372622-9dae-4074-ba61-91f099d409a0	V	10530245	R	1	6167	2
2e372622-9dae-4074-ba61-91f099d409a0	V	10530047	L	1	-17003	147
20ed76fd-f408-4556-a99a-e0f34076504b	V	10530047	L	1	-6609	120
89f6a03f-4944-4aea-bec5-09cc94eeaf01	V	10530047	L	15	-6636	122
bb4623af-9334-4693-bade-a43bdd82c2d5	V	10530047	L	7	-6523	42
b2f83ed9-b2f3-456e-bf57-d3c04763d096	V	10530047	L	1	-7788	51
0d2b77cd-bf8d-4754-b4b1-f0b335d6f610	V	10530245	R	3	6132	2
0d2b77cd-bf8d-4754-b4b1-f0b335d6f610	V	10530050	L	3	-6622	48
f78ec5ce-2dd3-4644-9e9b-96cef6fdce64	V	10530050	L	1	-2202	74
e4991ca1-6346-4939-8d23-2a4c06120661	V	10530079	L	1	-18461	39
beb9b3fc-09d6-4850-955e-3f1c2c91cd29	V	10541723	L	6	-16154	150
9e41a95e-c802-4cb7-ae3b-a057f4722d23	V	10549786	L	6	-4972	108
11fdf70b-7857-4df8-bb47-3357d838c81e	V	10549786	L	1	-7416	137
4ec0460e-5f70-49ba-a95d-a5ac05e1b68e	V	10549786	L	2	-7430	165
b7854e6e-0f4f-4388-8726-4e195d24ef07	V	10549786	L	1	-4967	112
a60332b1-c018-4b8b-9342-adbbd438b024	V	10550220	R	1	31329	3
a60332b1-c018-4b8b-9342-adbbd438b024	V	10549786	L	1	-4957	110
760c2855-391c-4247-b208-eb4769887778	V	10549786	L	3	-4954	116
97898120-4d2f-424a-a00f-9eeab73f07e5	V	10549786	L	2	-7377	32
25aa7736-2730-4683-9440-da98f0eb97c3	V	10549786	L	1	-7415	103
aea79e95-4ba7-4050-8f28-77c1a5aed517	V	10549786	L	3	-7419	55
0eb1ca00-2584-4430-8c1a-8b21c509d348	V	10549786	L	1	-7462	38
5c6eb957-d2c0-4a2c-8f96-fb6150759f08	V	10549787	L	1	-7417	73
c788cefa-cd08-4a16-bd65-8c78f39d670d	V	10550157	L	2	-221	227
b29690c6-b45f-4e2d-bf83-4612f3aa32d7	V	10550157	L	2	-7761	156
cdb538b9-8496-4422-9b52-dcda16e452e5	V	10550157	L	1	-5287	174
b20a50cc-5f5a-4acb-a739-98202b871c63	V	10550157	L	5	-5254	181
a6f3f28f-de26-467b-a6cf-88e5e5ed6dd9	V	10550157	L	3	-10204	43
d4964aff-a649-460c-a641-44e950e4f94f	V	10550157	L	1	-11171	90
c08a949b-302d-4b49-87de-a0754872ede8	V	10550157	L	3	-7757	21
199817d9-b1cc-4545-bf1f-3965c27b43ab	V	10550157	L	3	-7703	42
bcbf6ed2-7722-44e4-8f84-2d5533465387	V	10552287	L	1	-7332	110
90509b7c-13b8-4fc4-a630-986d1c34ffb4	V	10552287	L	1	-9730	57
1274f166-f6fa-4307-8131-8eeb6eae205a	V	10552406	R	1	6123	10
1274f166-f6fa-4307-8131-8eeb6eae205a	V	10552332	L	1	-7227	39
0091768a-5cfd-4c88-81c8-431fea1c3fd9	V	10576707	R	1	5379	7
0091768a-5cfd-4c88-81c8-431fea1c3fd9	V	10576629	L	1	-1800	229
56494496-8b31-4d8a-bda9-bd8785f6da5e	V	10576629	L	2	-1771	197
009c74d1-da6a-4031-82eb-b4decc1eae07	V	10576722	R	1	6373	3
009c74d1-da6a-4031-82eb-b4decc1eae07	V	10576629	L	1	-1796	159
4eb10ceb-8884-4ca0-a420-75f011265735	V	10576629	L	1	-1781	180
79cc02da-ff09-47a5-a459-2537c03b5be5	V	10576707	R	1	5125	4
79cc02da-ff09-47a5-a459-2537c03b5be5	V	10576629	L	1	-1811	207
6a6d042b-20bb-4bf0-a516-36a91cf564d8	V	10576629	L	1	-2258	182
17707a47-1ab3-487b-92a3-6f7e71f5e8b0	V	10576629	L	1	-1780	96
81b6a345-0f96-463f-8322-4ec6a0678fcb	V	10576629	L	2	-1809	134
e5b881bd-01c9-463e-80ab-fccc7c252f97	V	10576707	R	1	5354	5
e5b881bd-01c9-463e-80ab-fccc7c252f97	V	10576629	L	1	-2222	119
c75115b4-a13d-46af-acab-1e239e232ff2	V	10576629	L	2	-1777	44
934eb45b-d3f9-4141-9ecd-610b0cfe0d4f	V	10576629	L	2	-1787	186
5be65599-cb42-454b-9cde-d98f01a73aa3	V	10576629	L	1	-2248	143
a23932d6-08a4-486f-811e-dc98b11f5b34	V	10576930	R	1	4886	4
a23932d6-08a4-486f-811e-dc98b11f5b34	V	10576629	L	1	-1789	160
3aa33e59-3e97-4d9c-840f-c889b7f63a7a	V	10576629	L	1	-1801	161
c0697640-fac9-47fc-afaa-b06fa44b47d8	V	10576629	L	1	-1779	176
ebf23783-9349-4875-b0df-6dc2b951826e	V	10576930	R	2	5129	6
ebf23783-9349-4875-b0df-6dc2b951826e	V	10576629	L	2	-726	190
a5a53783-cdc8-4e25-96f2-8367a7a94365	V	10576722	R	1	5334	2
a5a53783-cdc8-4e25-96f2-8367a7a94365	V	10576629	L	1	-1799	147
0fb4e830-bd56-485a-8295-1d0a79b224ef	V	10576930	R	1	4879	4
0fb4e830-bd56-485a-8295-1d0a79b224ef	V	10576629	L	1	-1804	154
9fef7e13-22d3-45f6-b399-4a5259342b77	V	10576629	L	1	-1795	171
edd8b11f-bbf5-4a35-b1d3-4e9f581d9409	V	10576629	L	1	-1780	95
7fff85a6-a1a1-4689-a5eb-8b70827a0be8	V	10576629	L	1	-1804	104
aa31b31c-ef1b-4da8-92b7-63e99f0e2448	V	10576704	R	2	5361	4
aa31b31c-ef1b-4da8-92b7-63e99f0e2448	V	10576629	L	2	-1811	85
97e93b01-b076-458e-9534-51393258e593	V	10576629	L	1	-1803	184
43bc4deb-f4cf-47cc-a691-0d732490cc8a	V	10576629	L	4	-1788	120
ee567eca-da9e-4692-97f7-dbdc71b8f8db	V	10576722	R	3	5328	2
ee567eca-da9e-4692-97f7-dbdc71b8f8db	V	10576629	L	3	-1803	156
cd16cc6e-46ad-42e4-a22b-6c8e5706b787	V	10576629	L	1	-1802	118
f6e10032-3f36-425f-8507-a6eea2504be6	V	10576722	R	2	5330	2
f6e10032-3f36-425f-8507-a6eea2504be6	V	10576629	L	2	-1776	119
3f320020-9664-4307-84e0-f39f1f203275	V	10576782	R	1	11288	3
3f320020-9664-4307-84e0-f39f1f203275	V	10576629	L	1	-1787	150
71293b18-c4ac-4de1-93a5-d561c133bbc3	V	10576629	L	1	-1802	104
c13bd618-0101-45ac-9413-98447a6bfc66	V	10576629	L	1	-1794	141
9c18fe88-03dd-4f32-92e9-7c9af23953d1	V	10576629	L	1	-1787	81
82c0bb35-74aa-46ce-9670-571b3edd771a	V	10576930	R	1	5133	2
82c0bb35-74aa-46ce-9670-571b3edd771a	V	10576629	L	1	-1805	110
e49a576d-986e-4efe-8d41-4dfddfba1597	V	10576629	L	2	-1794	113
657b6061-abbb-4d30-ba30-be3bda3c38f9	V	10576629	L	1	-2257	126
6268725b-c2fb-4f1e-93b2-d9d12d5c50d9	V	10576787	R	2	5301	8
6268725b-c2fb-4f1e-93b2-d9d12d5c50d9	V	10576629	L	2	-2255	135
ffffefb8-1466-45a6-9b0f-ed5f37ebde37	V	10576629	L	1	-2249	161
cb4eaf53-2357-4784-a5f5-39abcabfd9b5	V	10576787	R	1	5310	3
cb4eaf53-2357-4784-a5f5-39abcabfd9b5	V	10576629	L	1	-2252	89
a39751e5-c37d-4888-abc7-e9408727462e	V	10576629	L	1	-503	143
7a1e9972-013c-4d97-9a0f-0ffbcd0a4eda	V	10576722	R	1	2169	5
7a1e9972-013c-4d97-9a0f-0ffbcd0a4eda	V	10576629	L	1	-1813	57
64cb1640-d320-4cca-8e2f-33d5bef44893	V	10576629	L	1	-1792	153
d03810cd-14c6-4aa3-b3a1-f7a34da46003	V	10576629	L	1	-1794	118
02a7f97f-f3cc-4062-b6f2-d01195c52948	V	10576629	L	1	-1787	122
d6750a47-48ca-44e0-ab26-8d017b38a2e1	V	10576629	L	1	-1789	100
ce0b2f8c-757e-461c-913c-58f1bfdf6c09	V	10576771	R	1	5268	3
ce0b2f8c-757e-461c-913c-58f1bfdf6c09	V	10576629	L	1	-2244	87
9053c0b0-4755-4e4c-8bff-909ff07f7644	V	10576629	L	1	-1785	124
5541a7db-0af3-401e-aaae-a99a56488569	V	10576629	L	4	-1798	96
7bc00de1-3051-40e6-b926-fa7248444541	V	10576629	L	1	-1805	157
6f618c25-0e25-4740-9491-4512a6b0487a	V	10576629	L	1	-1792	140
cf380a2e-68df-475b-85b3-fd23c444fbec	V	10576629	L	1	-1803	146
e20ba8dc-c3c7-4a46-bb58-35654d90a994	V	10576722	R	1	5344	2
e20ba8dc-c3c7-4a46-bb58-35654d90a994	V	10576629	L	1	-1800	116
ac806323-66ab-4390-84b8-815930ca54da	V	10576629	L	5	-1807	116
33be2544-a835-4701-b1e7-2faa8b700e92	V	10576722	R	2	5341	4
33be2544-a835-4701-b1e7-2faa8b700e92	V	10576629	L	2	-1773	138
efd5d9f7-fe42-41d7-9e34-4a3a51b57d40	V	10576629	L	1	-1809	122
36c8757a-d54c-46fe-bfa9-f9833205101a	V	10576930	R	2	5123	2
36c8757a-d54c-46fe-bfa9-f9833205101a	V	10576629	L	2	-1787	38
13e4ce52-0624-4e18-ae2a-35c372051420	V	10576629	L	1	-2238	115
207a1af9-a4d7-4dc5-bfdb-bb470dd7730a	V	10576722	R	1	5331	2
207a1af9-a4d7-4dc5-bfdb-bb470dd7730a	V	10576629	L	1	-1794	122
d9db60a0-719a-495b-b30b-e7312d37fb78	V	10576722	R	1	1610	2
d9db60a0-719a-495b-b30b-e7312d37fb78	V	10576629	L	1	-2251	79
97878670-cbf8-456a-be14-3e18d4928498	V	10576707	R	1	13293	2
97878670-cbf8-456a-be14-3e18d4928498	V	10576629	L	1	-1805	103
4f4f00e5-80a4-4023-becc-30278ee2e8db	V	10576787	R	1	3849	2
4f4f00e5-80a4-4023-becc-30278ee2e8db	V	10576629	L	1	-1788	107
16323a08-6184-4495-8615-bf4fe4676c7d	V	10576629	L	1	-1794	156
ccc11325-d079-4bd6-a845-dca3ccf1c04a	V	10576722	R	2	19467	3
ccc11325-d079-4bd6-a845-dca3ccf1c04a	V	10576629	L	2	-1792	150
9bf5b185-19e8-4a59-8e79-5e8a9ddc8d94	V	10576629	L	3	-1800	118
45687c91-7791-4b11-abbb-2eda018136a1	V	10576787	R	3	1801	2
45687c91-7791-4b11-abbb-2eda018136a1	V	10576629	L	3	-1761	78
ac7553e7-5920-45ef-bc4a-540aa27a09a1	V	10576629	L	1	-1804	80
4f3b6499-094c-452b-bc0d-5e1f8995d50e	V	10576930	R	3	5121	3
4f3b6499-094c-452b-bc0d-5e1f8995d50e	V	10576629	L	3	-1782	95
66c8a778-0251-42f4-82fe-6b311e495f74	V	10576787	R	1	142	2
66c8a778-0251-42f4-82fe-6b311e495f74	V	10576629	L	1	-1771	65
86b3e243-d20d-4889-bdbb-70e88b9e0990	V	10576930	R	1	5103	2
86b3e243-d20d-4889-bdbb-70e88b9e0990	V	10576629	L	1	-1802	58
185487c8-345f-417c-8e54-51a6b9c9a1b1	V	10576722	R	2	5332	2
185487c8-345f-417c-8e54-51a6b9c9a1b1	V	10576629	L	2	-2267	60
fe71d1d0-5f7d-4b02-ac2d-b3eb4934e384	V	10576629	L	1	-1760	98
b9727e5a-2b4d-489f-ae5e-dc388973119b	V	10576930	R	1	5122	3
b9727e5a-2b4d-489f-ae5e-dc388973119b	V	10576629	L	1	-1799	127
7f1d54bd-151c-4d4b-b1e3-1f1470fb489c	V	10576775	R	4	25929	3
7f1d54bd-151c-4d4b-b1e3-1f1470fb489c	V	10576629	L	4	-2231	46
c283e42e-56e0-4da8-86ec-aaa23f9dc00f	V	10576629	L	1	-2247	129
8eb38c7d-2f64-483e-9a78-69d72c4b5a6d	V	10576629	L	2	-1803	154
d032c9b5-db0a-4ca4-a9e4-8fdf67f05469	V	10576629	L	1	-2249	66
ecde097c-24f9-4f3d-b180-19a7db0e3353	V	10576930	R	2	4817	2
ecde097c-24f9-4f3d-b180-19a7db0e3353	V	10576629	L	2	-1814	114
e742a2c9-a9bd-496e-a6d5-e91c4ea204b9	V	10576629	L	1	-1780	122
5443a97e-bf38-4913-8de3-7e7f0523871a	V	10576722	R	1	17099	3
5443a97e-bf38-4913-8de3-7e7f0523871a	V	10576629	L	1	-1809	119
929efdb2-ba88-4aeb-a7fa-75af871dc459	V	10576930	R	1	5086	2
929efdb2-ba88-4aeb-a7fa-75af871dc459	V	10576629	L	1	-2267	107
58443901-1071-4533-86b4-45f30fd0fe83	V	10576629	L	1	-1789	130
c8c04e1f-cb5a-4476-8e33-8253e43e111b	V	10576629	L	1	-1779	113
d52f06be-d890-44b1-a13a-eb77b6ba3846	V	10576930	R	1	5108	3
d52f06be-d890-44b1-a13a-eb77b6ba3846	V	10576629	L	1	-2249	108
5b2b4b5c-78cb-43d3-9f1e-da146d512571	V	10576629	L	1	-1801	135
fe84592b-a84c-4fb4-8416-26a02ec5342b	V	10576629	L	3	-1797	93
4d9a6209-4eeb-4f47-8437-0ceca716661d	V	10576629	L	2	-1794	141
8541357b-6932-4afa-85ed-5a791bf49f34	V	10576722	R	1	5365	3
8541357b-6932-4afa-85ed-5a791bf49f34	V	10576629	L	1	-1799	105
1bd55aa2-5b55-4511-8774-7b00ff5a4266	V	10576930	R	3	5102	3
1bd55aa2-5b55-4511-8774-7b00ff5a4266	V	10576629	L	3	-1776	52
aa17531f-e4ad-4a18-a29f-fc5d6d7db23c	V	10576629	L	2	-2243	94
09c276a8-b3cd-4cb0-affb-6cac3792a52b	V	10576629	L	1	-1781	134
0d56e974-ba20-4439-aa06-403e03ae1753	V	10576629	L	2	-1800	51
c7755cbf-a5f2-455a-a66a-df47c9b8524d	V	10576629	L	1	-1803	113
874efa5a-be2d-40cf-a88f-37ca6b200b6b	V	10576787	R	3	5271	2
874efa5a-be2d-40cf-a88f-37ca6b200b6b	V	10576629	L	3	-1782	110
7deb1c86-4479-434e-ad8b-c5292b852ae8	V	10576707	R	1	8410	2
7deb1c86-4479-434e-ad8b-c5292b852ae8	V	10576629	L	1	-1785	72
a4347421-7f36-4777-a844-b98131301f9a	V	10576629	L	2	-1798	93
e1da952d-5304-4c16-8367-e2702bd20dc1	V	10576629	L	1	-1801	117
a7ec61ec-3a4c-4cad-9cce-a6f0ad831773	V	10576629	L	1	-1784	131
2179b1ed-dd3f-4e3a-93db-42813d4b43c3	V	10576629	L	2	-2257	87
0d5e3cad-7b65-4401-98bb-bc5fa19b4699	V	10576629	L	2	-1793	105
c94d3541-83c3-4762-a154-19413494e224	V	10576930	R	2	20841	2
c94d3541-83c3-4762-a154-19413494e224	V	10576629	L	2	-1797	129
d97e6f57-f10f-49ef-ad5e-afb6efa3eb29	V	10576930	R	1	5072	3
d97e6f57-f10f-49ef-ad5e-afb6efa3eb29	V	10576629	L	1	-1788	96
07e09d6f-8c42-41bc-9ddd-0c4e911dfc6c	V	10576930	R	1	5120	2
07e09d6f-8c42-41bc-9ddd-0c4e911dfc6c	V	10576629	L	1	-1806	61
f86e6a6b-bd52-4bc4-8aa6-22ebb8e3dc7d	V	10576930	R	1	5154	5
f86e6a6b-bd52-4bc4-8aa6-22ebb8e3dc7d	V	10576629	L	1	-1797	119
b8a89500-68fe-4494-a9ab-6c666283786a	V	10576629	L	1	-2248	122
6a648f44-d8e9-4bd7-9ec9-fb3ca2efea77	V	10576629	L	3	-1781	71
067a3e49-623f-4f27-bb11-7fbe69cf2224	V	10576930	R	2	5117	2
067a3e49-623f-4f27-bb11-7fbe69cf2224	V	10576629	L	2	-1765	92
ef7dc6ba-11b9-43af-ab2b-6a3ac2591e5b	V	10576629	L	1	-2252	85
1d849697-d580-4a2a-83e9-e5f7203d4608	V	10576629	L	1	-1800	120
f1b091e6-a620-45bb-9eb4-418b729d6ebf	V	10576930	R	2	5120	4
f1b091e6-a620-45bb-9eb4-418b729d6ebf	V	10576629	L	2	-1805	90
2d56501b-d744-4d8f-9651-ac60981d9258	V	10576629	L	3	-1794	65
cb6a80de-240d-4ba1-b46f-e05dc79b2ada	V	10576722	R	2	20279	3
cb6a80de-240d-4ba1-b46f-e05dc79b2ada	V	10576629	L	2	-1786	84
a657348e-d561-4cf1-9fcf-127aa3e1f991	V	10576629	L	4	-1800	57
4f929e93-4eee-45aa-84fe-afffd99df162	V	10576930	R	1	5086	4
4f929e93-4eee-45aa-84fe-afffd99df162	V	10576629	L	1	-1779	75
05e57679-5122-4f6f-94ab-6ec4bdc3e42a	V	10576629	L	1	-2258	91
0874bc89-381f-454a-8b29-b5190cde8830	V	10576629	L	1	-1768	104
db3019ef-4dff-4792-9a80-59573dea6788	V	10576787	R	1	5281	4
db3019ef-4dff-4792-9a80-59573dea6788	V	10576629	L	1	-1814	92
55f7c0e6-f60f-4781-847b-1d2680a4677d	V	10576629	L	1	-1776	77
09177355-3156-40b6-9f54-2797fedf255c	V	10576629	L	1	-1781	67
882788ca-0cfa-4e0e-a6f7-98173f189ca9	V	10576930	R	1	5084	4
882788ca-0cfa-4e0e-a6f7-98173f189ca9	V	10576629	L	1	-1788	80
7af94fcf-a7b3-4f53-ad64-4c70abebcbcb	V	10576629	L	1	-1784	98
379683e4-3f52-4ca7-b0dc-cb7465a51b5e	V	10576629	L	1	-1782	65
de82a981-c71a-4cce-9910-658d78c0d02d	V	10576629	L	1	-1787	91
01048e4d-3a09-4746-b114-56a913cbf430	V	10576629	L	1	-2263	82
a94521f9-cc63-4a40-ba46-14638a64234f	V	10576930	R	5	5124	2
a94521f9-cc63-4a40-ba46-14638a64234f	V	10576629	L	5	-1802	99
def55695-3c4c-46df-9a83-92248c3a75b8	V	10576930	R	1	11630	3
def55695-3c4c-46df-9a83-92248c3a75b8	V	10576629	L	1	-1774	61
f82d14e5-e183-433a-ace2-83d1d1988eb2	V	10576629	L	1	-2245	55
4548c80c-9cb8-4b27-8f4e-d18cbf2cb619	V	10576930	R	2	5141	11
4548c80c-9cb8-4b27-8f4e-d18cbf2cb619	V	10576629	L	2	-1796	43
26e3469b-c394-4149-8913-ba28369cf272	V	10576629	L	2	-1788	114
3574c530-a579-469b-9fae-19a72d30fb9a	V	10576629	L	1	-1806	70
7a2d80ee-53af-471e-9bbf-4ce09bb69f6f	V	10576629	L	2	-2252	78
3743ac3f-a59d-4517-ad8f-a31de82e1bd3	V	10576722	R	1	5380	4
3743ac3f-a59d-4517-ad8f-a31de82e1bd3	V	10576629	L	1	-2257	80
89670693-e533-4b0d-a233-bd8de21d0466	V	10576930	R	2	5142	2
89670693-e533-4b0d-a233-bd8de21d0466	V	10576629	L	2	-1791	50
f0054086-b6db-4416-b42c-b3a74064643e	V	10576629	L	1	-1813	131
55d1edf3-91ad-4489-96ad-20fb041ee741	V	10576629	L	2	-1799	91
4efce0e5-633b-4461-866d-7de93209e860	V	10576930	R	1	5155	2
4efce0e5-633b-4461-866d-7de93209e860	V	10576629	L	1	-1782	28
d3af7e76-e9ba-4426-85a3-e08f65ec878b	V	10576782	R	3	7047	2
d3af7e76-e9ba-4426-85a3-e08f65ec878b	V	10576629	L	3	-2271	70
e6835729-a1b5-4fdb-9af7-8f6cb5af7128	V	10576629	L	1	-1796	90
5d36b682-116e-4d23-8e1d-346c11d7ee92	V	10576629	L	1	-2268	97
e8ada629-2657-4944-804a-087e3e73a18a	V	10576930	R	2	19217	3
e8ada629-2657-4944-804a-087e3e73a18a	V	10576629	L	2	-1801	40
cd1ca2d6-05f9-412e-bfbe-d83c95d04f27	V	10576787	R	1	5314	2
cd1ca2d6-05f9-412e-bfbe-d83c95d04f27	V	10576629	L	1	-1786	74
a25c72d3-97ba-4516-98f9-ca3db0ea277f	V	10576787	R	2	5281	2
a25c72d3-97ba-4516-98f9-ca3db0ea277f	V	10576629	L	2	-1787	42
1a4fec10-736e-4cf1-885b-36b163d4cea6	V	10576787	R	1	5297	3
1a4fec10-736e-4cf1-885b-36b163d4cea6	V	10576629	L	1	-1785	77
fab5ecee-cb5a-435f-bcca-4173c8ea0ecc	V	10576629	L	1	-2273	112
3bd9a91b-df1d-4ef7-9a13-5464c86acb32	V	10576629	L	2	-1801	81
e29ddb2f-17df-46ef-9919-d1d1caf16ae0	V	10576930	R	3	5129	6
e29ddb2f-17df-46ef-9919-d1d1caf16ae0	V	10576629	L	3	-1802	34
28c2e5ed-6fec-46c3-b275-798f3d7f8958	V	10576930	R	2	5120	3
28c2e5ed-6fec-46c3-b275-798f3d7f8958	V	10576629	L	2	-2232	47
e26bc235-6022-4e3f-a47b-33810a1f2a38	V	10576629	L	1	-1784	66
62f298fc-1f27-44bb-ae78-58f789ceafd6	V	10576629	L	2	-2264	43
cc98401a-a801-4573-b415-e3f6c2206816	V	10576930	R	4	9064	2
cc98401a-a801-4573-b415-e3f6c2206816	V	10576629	L	4	-1765	19
9a4c5e6d-74bf-413c-b800-f1c876c244b1	V	10576629	L	5	-1791	19
4c32e511-6514-4dda-a1f4-aa989a587b32	V	10576707	R	2	5342	4
4c32e511-6514-4dda-a1f4-aa989a587b32	V	10576629	L	2	-1783	48
3b8cf9b7-e20e-47e2-80b5-751ee13739e1	V	10576722	R	1	5356	5
3b8cf9b7-e20e-47e2-80b5-751ee13739e1	V	10576629	L	1	-1790	52
95c1e1c3-7c01-4834-882b-8686c59cb407	V	10576722	R	1	5333	3
95c1e1c3-7c01-4834-882b-8686c59cb407	V	10576629	L	1	-1801	65
a681941b-070a-43ed-9df7-83d926f7c848	V	10576629	L	1	-1801	52
30947c85-d7c1-448e-8d97-1c02eb1b0439	V	10576787	R	1	5260	3
30947c85-d7c1-448e-8d97-1c02eb1b0439	V	10576629	L	1	-1798	30
5d3ef200-e37f-46b4-a687-04b03fd3b21a	V	10576707	R	1	2390	3
5d3ef200-e37f-46b4-a687-04b03fd3b21a	V	10576629	L	1	-2265	71
fff6545a-2b7b-406e-9433-06e7a69fff7e	V	10576787	R	1	4968	2
fff6545a-2b7b-406e-9433-06e7a69fff7e	V	10576629	L	1	-1798	59
ea6ae0a5-bce3-409e-ab1b-ab634ee37515	V	10576930	R	1	5102	2
ea6ae0a5-bce3-409e-ab1b-ab634ee37515	V	10576629	L	1	-1768	59
30b79a08-e352-4c18-8d68-83c033901ae3	V	10576707	R	1	5105	3
30b79a08-e352-4c18-8d68-83c033901ae3	V	10576629	L	1	-2261	22
423426c2-0861-4479-bf6c-ad62c6a8e6df	V	10576629	L	4	-1781	59
507ce6ea-b87e-444d-9043-d614e7d6f0f5	V	10576930	R	2	5150	2
507ce6ea-b87e-444d-9043-d614e7d6f0f5	V	10576629	L	2	-1808	55
fc5d2cae-8520-4614-856f-bfb848edaf44	V	10576787	R	1	5285	3
fc5d2cae-8520-4614-856f-bfb848edaf44	V	10576629	L	1	-1795	34
6dfd83d1-c7c8-410f-a0f1-1947859d387a	V	10576629	L	2	-1804	48
edfea8b9-e1a9-4804-8afd-a4a19e541632	V	10576629	L	1	-1796	51
392a53f4-0964-4440-9a26-65445dc028ab	V	10576629	L	1	-1798	74
c71e32bb-01e7-4e27-aecc-667ffc7d43e0	V	10576707	R	1	5333	3
c71e32bb-01e7-4e27-aecc-667ffc7d43e0	V	10576629	L	1	-1792	55
9ee277e8-a370-4546-94c1-d432705aea87	V	10576722	R	1	5378	2
9ee277e8-a370-4546-94c1-d432705aea87	V	10576629	L	1	-1804	66
49232bd1-69f1-4d94-ac1a-8fb4d9df7d5c	V	10576629	L	1	-1795	65
ea0fa270-8b5e-41a2-88cb-1661f248ed32	V	10576930	R	2	5145	5
ea0fa270-8b5e-41a2-88cb-1661f248ed32	V	10576629	L	2	-2260	56
19f7286b-11cf-4499-b2b5-4c460bbc7cd3	V	10576787	R	1	5262	2
19f7286b-11cf-4499-b2b5-4c460bbc7cd3	V	10576629	L	1	-1790	40
3f8d5331-dc23-4d92-a0b7-9b438ce7a772	V	10576629	L	1	-2244	11
fb633b72-971a-4cf0-85cb-19fb35b30091	V	10576930	R	1	497	3
fb633b72-971a-4cf0-85cb-19fb35b30091	V	10576630	L	1	-1791	22
c8536dd3-2551-4428-a130-451e96324813	V	10576787	R	1	5297	3
c8536dd3-2551-4428-a130-451e96324813	V	10576634	L	1	-1789	174
ba3b76c4-96ac-4ca5-b97e-e7704fa77185	V	10576634	L	1	-1801	65
1be19ac0-6720-4671-b95e-a52f7d43e56c	V	10576634	L	1	-2229	46
82aa3fbe-ee92-425c-a237-d84925091ebe	V	10576661	L	1	-1797	139
aaf827bd-21d6-4226-ae65-1189e37b143a	V	10576661	L	1	-1808	196
d83880d0-4a4b-4d8b-83f6-335ce22908a1	V	10576707	R	1	5339	19
d83880d0-4a4b-4d8b-83f6-335ce22908a1	V	10576661	L	1	-1810	146
2c1114c1-1ecf-4243-b9cc-3c066936ab07	V	10576707	R	2	5331	3
2c1114c1-1ecf-4243-b9cc-3c066936ab07	V	10576661	L	2	-1846	150
562f393f-45fd-42b6-b128-2774216c8618	V	10576661	L	1	-62	164
3335a2fe-3adb-4452-9dbd-fa23849a4477	V	10576661	L	1	-1814	103
0d7c3d2a-48bf-44ac-9ac3-84f16d9f7e7e	V	10576661	L	2	-2261	125
aa493b75-6e87-4b63-af8c-40940d86e7dc	V	10576783	R	1	1546	3
aa493b75-6e87-4b63-af8c-40940d86e7dc	V	10576661	L	1	-1784	33
49e18cbc-2a63-4a56-8d6d-44c812e98437	V	10576661	L	3	-1824	130
92f8fb15-d13b-4172-91c3-7180b577c0f6	V	10576661	L	1	-1840	81
73303db9-8083-4723-a995-3610ba4c29d6	V	10576930	R	1	3867	2
73303db9-8083-4723-a995-3610ba4c29d6	V	10576661	L	1	-1802	120
09a3a53a-4010-4909-8879-0182d402e91a	V	10576722	R	2	5322	3
09a3a53a-4010-4909-8879-0182d402e91a	V	10576661	L	2	-1826	93
6b1b70c0-ed9e-4fe2-977b-24f751a222c0	V	10576930	R	1	5110	3
6b1b70c0-ed9e-4fe2-977b-24f751a222c0	V	10576661	L	1	-1799	81
421312b7-a252-4983-a0f7-2b160b01a309	V	10576930	R	1	5105	2
421312b7-a252-4983-a0f7-2b160b01a309	V	10576661	L	1	-1818	115
da36df61-5aa6-4b63-adc0-929e8ff01cab	V	10576661	L	2	-1823	113
580ab5c1-a290-4cce-a4bf-51ab990382fe	V	10576722	R	1	205	2
580ab5c1-a290-4cce-a4bf-51ab990382fe	V	10576661	L	1	-1838	91
68dce06d-e915-4cef-9e90-0b8e1f0cae24	V	10576661	L	2	-1818	95
2844c2bb-0fa1-4694-bb1f-0d36ae8eb841	V	10576787	R	1	5076	3
2844c2bb-0fa1-4694-bb1f-0d36ae8eb841	V	10576661	L	1	-2291	60
b621cc03-7d42-4d81-970f-cc12e2e7719a	V	10576661	L	4	-1822	61
af4e81ba-4455-4fa6-a41a-b9d0f0569e10	V	10576661	L	4	-1831	28
df23f43d-4577-4443-bb68-c31e4882f146	V	10576930	R	1	5124	2
df23f43d-4577-4443-bb68-c31e4882f146	V	10576661	L	1	-2269	47
aeffc817-86ba-47bc-9edc-16290937d4ad	V	10576661	L	1	-1808	36
3602d75f-18dc-4022-b209-529e987fede5	V	10576662	L	1	-2187	48
664be66c-82b9-4642-a0d3-7d329c1d5bb4	V	10812554	L	1	-2370	3
cf0216ff-b2e4-4a69-9c86-9b638e6c00ac	V	10812556	L	1	-5977	6
35f41fda-e577-4cd5-8392-4605d2dfea12	V	10812569	L	1	-3686	7
27c8237d-af37-4ce7-bffb-cc7e6bef8499	V	10812605	L	1	-1836	2
bd97e920-4e6e-41e6-92b0-bcd64b27fbf6	V	10812638	L	1	-177	5
7ef00cba-6bfd-4a98-b7af-8f8fa06ebc64	V	10812652	L	1	-227	2
6f00c587-2600-4557-bad0-40b4c9e83101	V	10812757	L	1	-2513	4
d4c68ea1-8a57-44d9-aae4-ab52412518a4	V	10812835	L	4	-1876	3
9b257421-92db-4524-b325-24a3f07b02b2	V	10812847	L	1	-4829	3
959b7116-3e2b-494b-a6e9-faab91d47748	V	10812847	L	4	-2406	3
09a267d3-8e2a-4192-91c3-0cebe0645527	V	10812888	L	1	-1688	2
269bcb49-d138-43dc-8635-a3b0e5be722a	V	10812892	L	7	-2166	3
03488d7f-3041-4f10-9e02-6a09bd1f13a8	V	10812897	L	1	-4185	18
01c63d07-a7b6-47b8-bd77-c3e165baa9a4	V	10812969	L	1	-14087	3
c3c8d3de-cd2a-4551-aa97-99498d422ec7	V	10812988	L	1	-1887	2
6018b77e-9a6f-4aa3-8d57-f1533769095c	V	10813026	L	1	-1822	2
23f89bbd-5519-4724-b795-5e26f012f06e	V	10813083	L	1	-5841	3
429863e1-2e06-4898-923b-43ff09cb68de	V	10813152	L	3	-7469	2
dba22802-f4aa-43d6-b7b0-275947fd2789	V	10813176	L	1	-144	7
af0e0daa-2adf-4a4b-811e-33b1213e04ca	V	10813216	L	1	-3657	8
83b3e9ed-2239-4837-9758-271742cda60a	V	10813228	L	10	-147	3
6b2411b2-1372-45c1-93bc-c9a6ba5912d9	V	10813240	L	1	-1606	8
8a8b3908-46d4-45c5-86ad-4123109fb4a0	V	10813253	L	7	-1283	3
2f6b2dda-75b2-46dc-9733-3e668e42e876	V	10813282	L	1	-3631	31
f163ea06-a9d9-47a9-a6de-614f7f42f78a	V	10813282	L	1	-3111	4
6eed4796-ccb3-458a-a435-fc96867362b9	V	10813295	L	2	-3667	5
99b250dd-3201-4f1a-96ef-2504024a6bff	V	10814648	R	1	6161	8
99b250dd-3201-4f1a-96ef-2504024a6bff	V	10813313	L	1	-4736	3
60f8a0a5-daac-4b75-9967-1c9872a7da4a	V	10813319	L	1	-5024	3
ecdb94d4-4d92-4e4a-abb2-9e09e1d0246b	V	10813319	L	2	-1832	2
035c7f0c-3a38-4431-9709-c2825f657ab2	V	10813323	L	1	-227	4
7cffe44a-8be1-4e65-b8d2-d1ec1d50eeb2	V	10813331	L	1	-1934	5
154df35b-850f-4042-b869-06c32987d2b7	V	10813355	L	1	-7450	2
84aecbb4-8491-400b-8ca2-a4eeeca932d4	V	10813385	L	1	-1243	5
7fdab6fc-60f5-439b-a1f4-758a9aaba852	V	10813397	L	1	-2921	2
5d0baa21-dba4-4f36-9fc7-7973cc6ca61d	V	10813415	L	1	-2989	4
827c9509-6410-4d0b-94b4-047dba674f88	V	10813459	L	4	-283	2
6cfa7e4a-a832-4c78-9aec-42607be455e7	V	10813459	L	1	-232	3
7831a32e-a068-4283-b5cf-40ca33194cbc	V	10813460	L	1	-3654	7
60afc7b2-0850-4054-b6b1-cd0ad310b12f	V	10813461	L	1	-4843	2
610d72b9-8317-446b-af9d-f381fbe2c838	V	10813468	L	1	-4825	4
689f2dd3-27b3-4d8b-b8ff-99b5337b7245	V	10813477	L	1	-230	2
4ecd46fb-f073-422c-9ecc-ccbf40bee46a	V	10813485	L	16	-1847	8
2c4fb6d0-e471-4a7c-af83-9cf9b13e4976	V	10813497	L	1	-273	5
87d0d70c-bf1c-47bc-ac88-a5fb31676024	V	10813497	L	15	-157	5
513f14cc-dc1f-4597-a344-cc2f4512d7af	V	10813503	L	2	-4852	7
10380d31-2009-44e1-8a35-f904fda5f79d	V	10813510	L	3	-3089	6
c5b743e0-7cd6-4c85-8ae4-5d2be249fcfb	V	10813527	L	1	-4826	2
0ce0abf8-9665-4c00-8401-f36259002e47	V	10813527	L	3	-276	6
3bb7b5e5-358c-4396-a38c-60526c0b97b5	V	10813527	L	1	-2460	4
da313ce6-3681-40cd-b675-f8a96d961727	V	10813541	L	1	-5991	3
c9a36ab6-2bd3-4731-8651-e257189c6f5a	V	10813548	L	1	-5801	2
fa7477fb-42cc-41ec-821d-9b11d9069239	V	10813548	L	1	-5865	4
6dd59d1f-434f-4618-b4db-3e1b3a6cfbfc	V	10813557	L	1	-25090	3
1d5210d9-c5f2-443b-94ee-0efa936a6e38	V	10813559	L	2	-5982	3
966f7e07-70a3-4dec-af9a-198e56df40f3	V	10813568	L	3	-1814	2
9819607f-1cde-4cbd-b07b-d291493c0ad1	V	10813575	L	1	-2178	2
18b52fa8-45aa-4da3-95ab-520873b0dc2d	V	10813576	L	1	-255	3
8e7d5493-86d8-41ed-9b04-7b2161b6f136	V	10813587	L	1	-280	4
96796f8c-d921-4289-9555-414ef6c156f1	V	10813587	L	2	-1903	2
8a15e011-6cd9-4679-b5d6-f329befa2cf7	V	10813594	L	1	-862	6
0e27f9b5-d645-4746-af8d-4138931c566a	V	10813611	L	1	-2909	2
ab0f0528-2a36-4c1e-b0f4-cbf90e2fb2f1	V	10813611	L	3	-810	3
023f2ab1-0e91-49c4-b14a-17254463bcdd	V	10813617	L	1	-2507	2
ec69e12c-3b69-4ab9-a995-82771305e962	V	10813620	L	1	-11797	4
30e8fe2c-31d1-4a5a-8366-6d1f47a1fe8a	V	10813622	L	1	-7408	2
b7ee3943-8b06-4aa4-af00-e9d42dd741ae	V	10813627	L	1	-5994	2
55848064-a78d-49ab-9697-5ecd4d548c96	V	10813632	L	1	-16616	6
852866ea-3caa-4342-812d-0d75605f46c6	V	10813635	L	1	-14713	2
5bfc94b2-7710-47ec-be9c-f96cc34a6f8d	V	10813641	L	1	-2381	6
76032f20-32e4-40b3-8536-03a6bbde9141	V	10813647	L	4	-1827	4
f1801265-44de-4bd8-a3af-b30f8e3d8b01	V	10813648	L	12	-3118	7
941ee19e-80e0-44b0-86f1-cee3402c79be	V	10813653	L	13	-269	5
467a4139-ce9f-4738-ac3a-fc9605c64e10	V	10813660	L	1	-5892	2
2bbe35e2-9408-4e2b-815b-737867bedc19	V	10813665	L	1	-1858	4
50e96e90-305c-4a03-8507-4badc4f4418f	V	10813668	L	1	-6367	7
e86fc313-0a11-4e67-930f-d803ff45e41e	V	10813698	L	1	-2530	2
bd24c0f6-0999-4c13-b5b9-5fb1f15dbba3	V	10813701	L	1	-7497	2
6aa6788c-dcbd-45b1-9583-4a96c4d7c767	V	10813701	L	1	-2328	3
61d2ef39-afaf-400f-b2ce-643ae2977807	V	10813714	L	1	-12942	3
c6e99fc3-fe8e-4f12-bb4d-d02715a431ca	V	10813726	L	1	-183	4
67887461-e62c-4924-876e-44f08278c0a9	V	10813729	L	1	-1854	2
2f36e027-c4d9-418a-a1c7-fa00c686dc6f	V	10813729	L	1	-4428	2
1caa49ef-69b9-4757-a2a9-4733faf0cf43	V	10813732	L	3	-5826	5
ee7ab4e4-674c-4795-b980-85b5d387867a	V	10813733	L	1	-150	10
7affd86f-542a-49b6-992d-3f9ff2076cd1	V	10813735	L	15	-4792	3
fded2bf7-3834-43ab-805c-95e4cf97c978	V	10813735	L	1	-3652	4
de7fdb9e-344c-48b8-90cf-2107e27875a2	V	10813737	L	1	-5815	3
19811f99-a472-4371-9049-a6b9c6ae2a86	V	10813740	L	1	-1836	2
0bbd171e-3466-446f-a79a-1dcc4b1b719c	V	10813741	L	1	-3109	3
2a49e866-aea3-4950-9663-74051397f8c7	V	10813751	L	1	-3675	9
5643b37c-df9a-412f-a3d2-e2b1c3a0cc93	V	10813758	L	9	-1821	2
1b4a0a7b-7b60-4361-8329-f5a59aadfc07	V	10813768	L	3	-236	2
d4eae02f-ff82-4192-a0ab-bbecac0ba725	V	10813776	L	5	-7667	2
a0181994-0cb2-4fbc-8106-0d0efd005835	V	10814444	R	1	2270	5
13570f1a-b531-499c-af0a-75eabb96cfd6	V	10813805	L	1	-236	2
51a6de04-dbef-499d-8be8-fe48cdeffc3a	V	10813807	L	1	-4821	4
5be25826-a619-456d-baa9-1be7b5506cf0	V	10813808	L	5	-10206	5
b4ff8114-7255-4221-9181-d5634050c1a3	V	10813810	L	1	-5849	5
344adc8e-0701-48ad-91f8-7f49eb0eeb9a	V	10813819	L	2	-2401	5
9eb9604c-d6d1-46c4-a52f-d93a632aa19c	V	10813819	L	2	-32	3
8cadbfb6-acee-437c-a42c-3400e5508385	V	10813828	L	1	-4688	2
5c230c58-af0e-45bf-b3b6-9d8a07204c56	V	10813830	L	1	-7352	2
9f59d09a-e6ed-4b70-97a5-c4d638f96206	V	10813834	L	1	-2414	2
6108bc66-bcf3-40d8-bc60-3a702bc77327	V	10813840	L	1	-237	3
844b4b0a-2c5f-4738-a1cf-a48658077ea9	V	10813843	L	1	-3067	8
fc48518d-3191-4cde-9023-814a67570ab6	V	10813849	L	1	-1896	2
a2dbe8a0-387e-4541-b653-50ed6b0eb23e	V	10813849	L	1	-12974	4
f6a60cfc-052a-4e4b-821c-83b996361da9	V	10813852	L	1	-5751	5
0461e60f-e773-4f01-9d83-acd5d71af509	V	10813876	L	3	-6208	5
622d1026-d649-4e09-b554-5db5d20ee40a	V	10813879	L	7	-2520	4
f4802c30-b1df-4fc1-a52c-4314befac6dd	V	10813889	L	2	-169	5
2f14e810-4f42-4ad7-8b7b-559c7925e3c5	V	10813891	L	5	-148	2
1e2600d7-6a4c-4b56-8b22-9a1e54906bf3	V	10813891	L	2	-2952	2
863669c3-3292-4b66-958f-156fab4dd1ba	V	10814535	R	1	4391	3
863669c3-3292-4b66-958f-156fab4dd1ba	V	10813896	L	1	-3633	3
5bca8e5f-ac00-4a9b-9da2-2b2f503f8270	V	10813902	L	8	-143	2
0515d718-e569-48c0-bedf-e06dfbcf08b2	V	10813908	L	1	-1830	3
cdd38bdf-74db-4d42-b850-ec08c0476bcb	V	10813908	L	1	-2934	3
4842e469-0927-4913-a2e1-3f605f5d9b1b	V	10813911	L	4	-2536	3
e7e4b272-66d5-4725-9b03-13876a83239f	V	10813914	L	6	-7255	2
b9b0549f-b101-400e-b5f5-6a8a93562ca7	V	10813932	L	1	-1848	5
964e2253-d7a4-4e47-a5ac-932ffe379ea7	V	10813932	L	1	-2502	4
42a0bc1e-2fac-4fd5-93b9-3bfb25d7440d	V	10813935	L	1	-1820	3
a8787e42-c147-49a8-a355-30468d123ea7	V	10813938	L	1	-2384	2
56f613f2-c507-4f2a-a132-e97b6ce69847	V	10813950	L	3	-3663	6
2f281383-fc7b-40da-b32f-cb4e14b588d6	V	10813950	L	2	-18818	5
32836f24-1727-493e-88e5-c434668b8bb6	V	10813956	L	1	-2484	18
e73ed2d9-3dfc-40c4-b134-0099b4073d8c	V	10813959	L	1	-16726	3
a86de6ca-47cc-4e78-bace-33684c043496	V	10813974	L	4	-825	4
7595e998-3719-44b9-96fc-9b8cf5a507ec	V	10813979	L	1	-4117	2
c2f72ed4-d460-4f73-afa1-0f5ea0ca0f29	V	10814886	R	1	-6	2
c2f72ed4-d460-4f73-afa1-0f5ea0ca0f29	V	10813983	L	1	-2962	2
e9b2497d-7e63-4f46-b0ab-f1fabac49cbc	V	10813996	L	1	-11810	6
cdc0bd36-36f8-46fb-8ae9-bb254533fec0	V	10814004	L	1	-3672	10
b19bb88d-eeff-44bf-ae5c-916da27c73ad	V	10814005	L	1	-10110	2
1282c93d-08b1-4f33-b261-5ba19748aec3	V	10814011	L	1	-1836	3
b3b55276-8519-4a28-92d6-6a83ebc49c6d	V	10814017	L	12	-1835	72
0b5703c9-4099-46bb-9d95-343f6aaea629	V	10814027	L	5	-230	4
20df7763-976e-4d35-a99a-c6c3fb8ee618	V	10814029	L	1	-1849	4
cea9fe18-3746-4bd5-890b-3113608bd1a6	V	10814038	L	1	-14974	3
9c41e466-18eb-4258-8751-4a9a9e3a4227	V	10814047	L	1	-8879	3
6994d502-0b3e-4682-927e-85c24fbc1ff0	V	10814047	L	1	-7441	2
ca82e5b2-f07b-475d-a688-3b8a7f420e6d	V	10814056	L	1	-6811	6
828601f9-b1eb-4a18-aa41-da787a1682aa	V	10814064	L	5	-26884	2
c7629080-f049-4d21-8354-b0c341231c8b	V	10814071	L	2	-271	5
8da06a21-ca74-42cc-afa2-5a6c5148f61d	V	10814089	L	2	-345	2
2c844b5c-2d30-4560-bdda-3caf66644688	V	10814095	L	1	-7790	16
e596f0eb-1966-4c6d-b7c0-031dd73e88c0	V	10815325	R	2	489	6
e596f0eb-1966-4c6d-b7c0-031dd73e88c0	V	10814101	L	2	-1173	3
06d5a0ff-6fbd-4e50-8ca3-e343fbe32770	V	10814106	L	1	-3592	4
f7e3280a-0afa-4414-9504-54672c8aa238	V	10814111	L	2	-11521	2
b424ee7a-3eae-4fce-976e-f5f423747fab	V	10814112	L	1	-4151	4
b80e546f-b198-44aa-8295-c700005c53ba	V	10814136	L	1	-2905	2
7d20540e-06e6-4efb-a8ae-4e4ff84b2d76	V	10815333	R	1	2973	8
7d20540e-06e6-4efb-a8ae-4e4ff84b2d76	V	10814156	L	1	-2538	2
430be719-e61e-4a67-a877-6cc9225bdbe8	V	10814187	L	1	-10303	3
b042d7ab-e0a2-4795-9b9f-c62d79ac2acc	V	10814192	L	1	-1772	2
0ccef652-365b-458f-8457-66e17f83bcf0	V	10814202	L	1	-26679	2
4c76f2aa-7ce7-493f-b36a-4c5347e2332d	V	10814231	L	1	-11738	4
de2ee1fe-eb7b-4e8f-87ac-b8541226f550	V	10814247	L	4	-1844	2
bc168756-4363-4e6e-8e06-805865493a03	V	10814395	L	1	-1873	9
7f9dc49b-2f6c-4f90-92d9-1744b05f53a1	V	10814452	L	1	-2900	2
ea1f0be3-86c3-4bb0-b048-b49cf7ea39ca	V	10814469	L	1	-4832	8
b872b223-05cd-47d6-829b-7bb4f2fa5126	V	10814542	L	1	-1829	17
a3126148-9196-4d1f-be90-0a6e9b6f51c2	V	10814629	L	3	-146	7
22972517-afa5-4f9d-b6b6-723571a1cf2f	V	10814679	L	1	-920	4
68da29fd-29fb-410a-a800-18d967ea9b90	V	10814723	L	1	-5943	4
26a90fb4-1a7c-4c39-92d4-e1a9647fee81	V	10814738	L	1	-2935	4
d9007206-d075-4209-be6f-20e6789dd34c	V	10814755	L	3	-18913	2
61caeb63-8a54-4264-b69f-46a58a2b4191	V	10814825	L	1	-6612	7
558b73ba-acaa-4180-8279-662b0dd84530	V	10814832	L	1	-6014	4
be776c5c-2fb8-4a6e-810d-1067a7e0dbe7	V	10814859	L	1	-142	4
15f7ceca-664f-479c-87a6-35a2c68c8b5e	V	10815006	L	3	-4851	7
46661cdf-43b0-4fe1-b686-b6dee69f5817	V	10815035	L	1	-1854	7
89dab9d6-2d6d-45a0-9d4f-daf4ed4654fc	V	10815040	L	1	-9825	5
c8533113-bc69-4241-a8f9-01fc9095bef4	V	10815119	L	1	-169	3
8c83dda4-bd5c-426a-9b62-86b2d28a7721	V	10815154	L	1	-1849	5
aa5cb471-ac04-462e-b179-a77a9b0eaa54	V	10815156	L	1	-5976	2
81e23383-f648-44b9-917b-4b548c3cb3b8	V	10815179	L	1	-14232	16
49da0e4d-290c-4030-beb4-1055d12b2e8b	V	10815184	L	1	-3618	4
caa2c908-d9e4-4a9d-97ca-de9a3f23da68	V	10815231	L	1	-6092	3
1ef260cc-2898-491c-b774-b5b9060e5b88	V	10815285	L	1	-2937	5
2a08b656-4a51-4526-9ae1-14cdb4cc116c	V	10815333	L	1	-1253	2
2eea80e9-ed55-45fd-9d63-ee23eaea9db4	V	10815405	L	1	-14689	17
88e6a308-02d8-4b22-a2ed-fac2a397d82f	V	10815441	L	1	-2508	2
8b5deddb-c433-4cba-82e4-9234062b0a0e	V	10815463	L	2	-1842	4
564d9375-1843-4616-b355-13370d5bef01	V	10815467	L	9	-18997	2
dfbc83aa-3226-429e-b48b-7fbf5dd73058	V	10815470	L	1	-5991	4
46122912-4f14-41c6-a293-95d5ee9cc959	V	10817125	R	1	2374	2
392dac54-d82a-430e-84de-d44c82937247	V	10817472	R	1	1	8
392dac54-d82a-430e-84de-d44c82937247	V	10815499	L	1	-169	5
4f00c2a8-56bd-4cb1-83fb-15460a2f0891	V	10815502	L	1	-6086	2
e04201bc-3679-4714-b156-4841869b992d	V	10815511	L	1	-1868	7
8a3fb475-7115-46b5-86fa-5ce8f2c99532	V	10815520	L	1	-5907	60
e37c7cc1-9def-4296-90bf-77ad3e03d76d	V	10817479	R	4	5	2
e37c7cc1-9def-4296-90bf-77ad3e03d76d	V	10815550	L	4	-1881	2
8d388921-be3f-4824-be57-fb7d1ea60961	V	10815554	L	1	-233	3
4bd812e7-cf1a-485e-85db-c51b57ae7c07	V	10815566	L	3	-1850	2
fcef8613-e587-4332-8685-bc0ed001bd2b	V	10815574	L	1	-2254	3
5f8aebe3-ae4e-4b5d-82d0-f2b4878b4b9f	V	10815635	L	1	-1850	4
d6c472e3-4f90-4931-9379-ce14624d8a58	V	10815636	L	1	-4399	3
42b4bdcf-950f-4293-8382-7f42a2a62253	V	10815646	L	4	-274	5
b00bec73-2843-4ca2-86e0-f24986fffb91	V	10815670	L	7	-13429	4
ac6e1bf2-bede-4965-8378-f59dd2267523	V	10815729	L	17	-1261	3
8bc2be6b-e4f7-4dd9-aae4-522cb06ad6ba	V	10815730	L	1	-1816	2
75fb1a6f-ce71-4323-96b8-d5d4773d0105	V	10815742	L	7	-272	5
e79c7c99-fdc0-4e08-9728-2b7f5a9e92a8	V	10815742	L	8	-1845	3
7f240eda-e2a1-40d5-9dd4-1382158962bc	V	10815751	L	1	-173	4
867a6a83-0d2c-4c2d-a536-6dc63e6a25c0	V	10815753	L	5	-13282	3
dd582681-7ec4-472c-91f3-aa9d62bbbd75	V	10815757	L	4	-1821	5
932e3c43-afe1-41e8-815f-600233a7ea39	V	10815778	L	1	-273	3
1f4bb9b3-fee5-4388-8047-cf2177ac6eb5	V	10815778	L	1	-4404	3
76b65630-0642-4581-aecf-d3cc56781da9	V	10815790	L	8	-26776	2
ac7951c6-8a7b-429b-9b7d-96c8176090a2	V	10815814	L	1	-1840	19
e70ac1dd-33e8-496a-b5bd-c7dc66085d10	V	10815817	L	6	-18763	9
14ea0118-d5f4-412f-834b-fbda8ee476bb	V	10815818	L	2	-235	2
8c9fbce6-689f-474a-b68e-ebf3d1169545	V	10815820	L	17	-1937	6
e0a68fcc-edff-4d90-8440-295d0a1830bc	V	10815826	L	2	-3673	4
851df49f-18f7-4a17-8882-d05c28438661	V	10817479	R	1	-2	20
851df49f-18f7-4a17-8882-d05c28438661	V	10815829	L	1	-173	3
8e32d0f6-7b78-49a0-9d6b-35d99535cbcf	V	10815838	L	1	-7601	2
f10032c4-4ac0-4d9b-8894-f333ff4727b0	V	10815859	L	1	-257	4
71225146-262a-4bf7-8587-6cf325547528	V	10815864	L	1	-5821	4
12bae68e-f914-4831-aa33-69e573d2ddfe	V	10815864	L	1	-174	5
2808ee52-48ab-4fa8-ae29-0112c3dd75a0	V	10815867	L	1	-4962	2
bba4f830-280f-4a47-b50d-fd731b700f6a	V	10815871	L	1	-1925	10
ad45ce9c-31ad-47e0-a808-de730d059b4f	V	10815874	L	16	-142	7
6fc5996b-9c56-46ea-b1f5-1011e33d11c4	V	10815877	L	1	-171	4
a7942e86-d05c-4af0-8aa9-a71352318a2f	V	10815880	L	2	-1247	6
99a23f76-cc5d-4cf7-9650-1d5dc1b8297d	V	10815880	L	1	-7516	2
40753ab0-57c2-490e-a92f-01b2578194d8	V	10817479	R	1	-2	9
b2cd8607-e8b0-4967-a355-732cc2803ca0	V	10815886	L	1	-2942	2
40bd5e74-4db0-4037-94ee-1e8632173fc6	V	10815892	L	2	-1845	5
1c43f381-18d9-4486-a583-657a82372ef3	V	10815894	L	1	-2926	4
a261f6bf-a85f-4e0d-8e30-90cd365d32a7	V	10817479	R	8	-2	8
a261f6bf-a85f-4e0d-8e30-90cd365d32a7	V	10815898	L	8	-25072	2
469a50de-f2e5-47d2-a93c-964eceed9993	V	10815898	L	1	-1912	4
61612735-bb65-4340-9118-4f586e7c66f1	V	10815904	L	1	-7628	2
13f2d0f2-d599-415e-83ce-ebbfba5700ac	V	10815907	L	1	-16601	6
9ebddabe-a1f4-408f-b5f0-6338712de2e0	V	10815908	L	1	-238	2
c014bca6-82f6-4d33-8f31-243f372ae790	V	10815913	L	1	-1925	5
b5e794ef-510c-4cef-b40d-c25e1b04c92b	V	10815928	L	1	-1845	4
1cc8c04f-e8db-4d8b-947d-fce79324ed69	V	10817072	R	1	198	8
58151eed-a691-450f-beaf-0ffaebfb5039	V	10815952	L	1	-2942	2
5183ada2-6fe5-42e2-85ce-5882573ba167	V	10815952	L	14	-270	5
1d120f2a-b691-4c4d-8b69-1a89062d47b3	V	10815955	L	1	-6116	4
73249206-7654-402c-9f4b-2129b4891ca5	V	10815964	L	1	-1842	3
8445f7d5-ad6a-45e0-b702-b4618911d648	V	10815967	L	1	-166	3
6c4baf70-63a4-49e7-9cc1-0e9cda4e14fa	V	10815970	L	1	-5444	13
3d48bbc7-de9a-4a5a-829c-fa6f7189804c	V	10815979	L	2	-1837	6
1686afd7-e3c5-4b75-8ba1-346f70457647	V	10815983	L	1	-142	5
4b787fae-d77e-4cc4-a580-d1d4451d6d08	V	10815987	L	2	-16506	4
0b2eab34-d313-431b-a1c4-7427aa28646f	V	10815991	L	3	-1689	4
b54ea1f1-bbee-44b8-a58a-eb5103c7f74d	V	10815991	L	1	-5836	4
a0b88cd4-b044-455d-9e91-0a4028493a29	V	10817479	R	1	-2	16
a0b88cd4-b044-455d-9e91-0a4028493a29	V	10816009	L	1	-6063	9
1072b8f5-bc58-4901-8673-f2f52b1d6775	V	10816010	L	1	-3684	6
91be4ef9-19c3-40ff-887f-3b45e510e2d6	V	10816012	L	1	-2319	3
9874d42b-d7b2-48f3-bc3a-2c8366393a5f	V	10816014	L	1	-2909	3
eee826a9-89fb-4175-8bd3-d988dab63933	V	10817473	R	1	-5	2
f7ba69f8-05ac-4a4a-a0b6-a65f3cc2e4e4	V	10816019	L	1	-170	4
6e36d498-d7ca-43a6-ae68-78b247462f08	V	10816022	L	1	-2943	6
a48fcd61-e86f-49e8-9ffe-176f817d6bad	V	10816022	L	1	-3640	4
72a64577-3017-4a4a-a910-abf62c0f052f	V	10816022	L	1	-2390	2
e669f49c-204f-4960-ab05-33cd3d05cf42	V	10816023	L	3	-234	3
49278b8b-2b54-42cf-a956-8a10d77c20c0	V	10816028	L	1	-1855	5
46c1da2e-226f-4e88-ba86-d17756c9e05a	V	10816034	L	3	-3377	5
5f07ff2b-f8d2-45ff-9d3e-68a96e15ffa3	V	10816037	L	1	-175	3
a8a3cea2-7971-4ac7-8e1a-8e56901e9dec	V	10816040	L	1	-14684	2
27883572-c57b-4339-a671-687e761e0550	V	10816040	L	1	-1847	2
2334eac5-ba5a-480f-85d6-f48a2496b278	V	10817472	R	1	1	5
ab9ed682-2906-4a6c-92f4-df101d3c5aad	V	10816040	L	1	-7073	3
9302ba2d-48ac-4d1a-b067-a79b619621e4	V	10816049	L	1	-5857	30
a5262e0c-da0b-4485-98b9-ae20ab3d3b49	V	10817469	R	1	9	14
fd5e2c07-3d78-4a68-811d-9d54644908e5	V	10816058	L	4	-7460	2
1b411dd3-c768-407b-9eb9-6dffd92d95fc	V	10816070	L	1	-2895	16
49c665fb-290a-41c2-98c8-e9bf3066df7f	V	10816073	L	1	-15902	5
302740c4-704b-4ed6-8fa0-8a1566e65d02	V	10816088	L	1	-275	6
ae8ecda2-5a6a-4ad6-afcb-864b477e4895	V	10816094	L	1	-18757	3
eaffd2fb-0536-41b3-8cad-dee48f0a9f78	V	10816094	L	1	-12483	2
b4e5294e-b2f3-48fc-bb75-85f33502b0d5	V	10817479	R	1	-2	26
b4e5294e-b2f3-48fc-bb75-85f33502b0d5	V	10816100	L	1	-2514	4
ca8db25e-b406-415f-b3ed-9af9db2c2a9d	V	10817479	R	1	-2	29
606a43b9-1b60-4164-bcf1-5586a1b2d24d	V	10816107	L	2	-6346	3
3a4ef085-c6a7-48db-9795-6c599e67e769	V	10816126	L	3	-273	10
b90a3f00-3f98-4ab9-89c0-ec1d8c8d210e	V	10816126	L	1	-3668	7
10b16178-d7f4-4180-aeda-60233e57110e	V	10817479	R	1	-2	8
10b16178-d7f4-4180-aeda-60233e57110e	V	10816135	L	1	-16787	2
af5a94fb-cf83-437a-ae4c-e4ed4e4bf711	V	10816138	L	4	-7505	3
ddcf9722-44a8-4ead-847c-4a2223d2eea2	V	10816138	L	1	-2528	3
b711f66a-e352-40ad-807a-7fe1c64f7cce	V	10816142	L	1	-2523	3
e85a026f-92bc-484f-a83d-47183bec8d5c	V	10817479	R	1	-2	11
e85a026f-92bc-484f-a83d-47183bec8d5c	V	10816144	L	1	-2522	3
f560d674-45dc-4af8-941f-a353083cbc8b	V	10816149	L	2	-11461	4
ce162bb1-2916-4c77-8101-4b92ee59a7ac	V	10816149	L	3	-11172	2
ec954267-2f88-4e14-b9fb-3bc86f2740f1	V	10817102	R	1	3143	3
7ba3824b-74b5-4b21-9628-76125ba3e420	V	10816154	L	5	-14555	2
8f76b5e8-e011-4849-a81c-394096330ab4	V	10816160	L	1	-14187	6
52eab82e-ceb8-438c-a1af-c69a30c9d083	V	10816160	L	2	-3147	10
ad3d258b-2f8d-41ca-986a-123b558d2352	V	10816160	L	1	-4858	3
696b1253-3f0b-432a-bdff-5ef801c7c3b2	V	10816169	L	8	-16614	2
133fafea-8a5a-42ab-a494-e19e6c06f2f6	V	10817479	R	1	-2	15
c81db62a-d410-4587-a747-d82eec9c1f9c	V	10817479	R	1	-2	14
14db12c2-55c0-48b8-82e2-d043150f8309	V	10817479	R	7	-2	2
14db12c2-55c0-48b8-82e2-d043150f8309	V	10816190	L	7	-2898	2
c6a7722f-2e41-4865-8fd4-78adf2a60ec1	V	10817479	R	5	-2	23
c6a7722f-2e41-4865-8fd4-78adf2a60ec1	V	10816196	L	5	-4827	5
e7c4b3b7-01f0-4faf-bcc2-1daa79c15891	V	10816196	L	1	-3694	5
b6edaf56-6701-48d1-9e62-fc3b0fc59372	V	10817479	R	1	-2	26
0e4cef2b-a8b6-4755-8666-326ad89a539b	V	10817479	R	1	-2	21
0e4cef2b-a8b6-4755-8666-326ad89a539b	V	10816197	L	1	-8733	2
ea74541c-262e-4c72-99f7-5d34d4eefc7f	V	10816197	L	1	-1920	2
68f01e1d-59bb-4f2d-b328-919704be71f0	V	10816208	L	2	-1861	6
d4032046-0aec-4132-b1ed-30c57cca5e50	V	10816208	L	1	-11432	4
a48b6653-e330-444d-8421-c477b2ef7424	V	10816209	L	1	-1383	2
1e5f700e-b610-43c4-af65-38e91983cfe4	V	10816214	L	1	-1932	3
90019fec-711c-46d2-9665-563bab4cafb4	V	10816220	L	2	-270	5
88d39356-ce6d-49c9-a5bc-af309f333b1b	V	10816220	L	1	-2523	3
d0b13a2a-1759-45e2-8ab9-f200a656f200	V	10816220	L	1	-675	3
b0519ff8-1a2d-47cc-b0c4-5d291bb81bd2	V	10816222	L	3	-6010	2
08fb3858-182b-4c91-be72-0705205bb144	V	10816226	L	1	-4824	5
1114e172-6d9a-45f4-9f35-8a65b4a41df0	V	10816238	L	5	-2506	3
d023ce27-aa8c-4234-b7e2-23fa689c5ad2	V	10816244	L	1	-2940	2
e1b12fc9-f7a3-4cba-81cc-33d6eaf7c4c0	V	10816250	L	1	-1845	3
02c42386-ff05-462c-96a5-05ef0dc1a329	V	10817479	R	4	-2	48
c4d56d66-bfee-4a3a-ac12-5249ead81a83	V	10817479	R	1	-2	17
c4d56d66-bfee-4a3a-ac12-5249ead81a83	V	10816262	L	1	-2542	3
6e355480-2382-4551-981e-4cab9abc90fd	V	10816262	L	6	-7475	4
e543126d-59bc-4af8-83d3-1b187b943454	V	10816263	L	2	-3160	7
03e505b5-da84-448b-94e3-f9c886b6d6ec	V	10816268	L	1	-1838	3
50afb7d2-d8e4-414c-a74c-87ca13504d80	V	10816285	L	1	-270	2
d9c27975-bc5b-4f42-ab3e-fa6a947b86a7	V	10816292	L	1	-3121	9
cdbfe917-b37e-4459-8fc4-38cafb2211ea	V	10817479	R	1	-2	27
2b8e29c4-58e1-4861-9f76-43cee520b855	V	10816855	R	5	706	3
95999e0e-2cce-4ddf-8593-8432ddf962b5	V	10816303	L	1	-1897	3
eff1bdb3-3f8f-4b2a-ab05-1daf3025f356	V	10816303	L	1	-25090	5
75fefe05-5636-41d6-8ff6-4cfc21e08024	V	10816309	L	2	-148	6
62eca540-0b10-4e49-8220-80cae3560422	V	10816310	L	2	-2940	2
b83a4e4d-cfe7-47ed-82dd-3a4d801b305f	V	10817479	R	1	-2	7
b83a4e4d-cfe7-47ed-82dd-3a4d801b305f	V	10816318	L	1	-2045	4
ed83992f-628c-4853-8ca9-127fa89cb62d	V	10817473	R	1	-5	9
ed83992f-628c-4853-8ca9-127fa89cb62d	V	10816318	L	1	-1821	8
298720bc-9fbc-4c39-a8da-86729749cc08	V	10817479	R	1	5	11
443ccd6c-c914-43f8-adf3-ec9f53b36cab	V	10816322	L	1	-1898	3
dc715ff9-dd2d-4153-927d-5254eced5204	V	10816322	L	1	-1845	3
90ac6d3a-8e7d-4ccd-adb9-d4ecdf5df4e7	V	10816322	L	1	-7545	2
af947216-c1cc-4130-8b12-4ff5062b5820	V	10816322	L	24	-14713	2
54bd4ace-9fe9-4534-98f9-5a1538b084fc	V	10816328	L	1	-5057	2
472f04c9-b86a-47db-90a2-d5ac97abb8e7	V	10817479	R	1	-2	2
472f04c9-b86a-47db-90a2-d5ac97abb8e7	V	10816335	L	1	-2898	2
474df658-2abb-40c8-bbaa-a5ce0ca5cc1f	V	10816340	L	1	-2526	3
545627a3-0dae-425b-b1d7-04b71945f180	V	10816349	L	3	-1852	9
ded4bd3b-bb26-4281-bd8d-c0e729d6a8e8	V	10816354	L	1	-4805	4
ed79993f-e9c5-447a-9515-3c803eb5a4cc	V	10817479	R	1	-2	34
d82128d3-8251-447d-8863-759622c6ad7b	V	10816357	L	1	-2316	7
a350313a-949f-4adf-8919-bdb99da9ed2f	V	10817479	R	1	-2	8
a350313a-949f-4adf-8919-bdb99da9ed2f	V	10816359	L	1	-4429	3
1d2dfde2-e664-436d-bb30-8974f34106c0	V	10816359	L	1	-3668	7
b279e22b-4772-4b7d-be54-f35484d0504c	V	10817479	R	16	-2	38
b279e22b-4772-4b7d-be54-f35484d0504c	V	10816365	L	16	-14688	2
82ea9201-a114-4611-b500-777924d535c9	V	10817479	R	1	10	24
82ea9201-a114-4611-b500-777924d535c9	V	10816365	L	1	-2949	2
eba1e8b4-70e7-480d-8ffd-148813396f04	V	10816365	L	1	-5896	5
986364d8-435d-42e5-ad3f-09ce351d7ea8	V	10816365	L	1	-7631	2
cecb3a31-db8b-4b66-9712-91bf06c7a10d	V	10816372	L	1	-5838	5
1052e62b-cf35-4ab4-9930-9c74b19430e6	V	10816380	L	1	-2943	2
e6521876-776a-4d98-9f76-ddc5e4857f62	V	10816380	L	1	-14814	4
a4d08a68-ea6c-47d3-a860-755f920b28d0	V	10817479	R	3	-2	25
a4d08a68-ea6c-47d3-a860-755f920b28d0	V	10816384	L	3	-143	3
a5d0a710-11d4-4115-8a7f-10f73d0aa8f0	V	10816384	L	1	-147	6
bef37d0a-a128-4101-aba0-b14117503002	V	10816384	L	9	-2192	3
f7a58889-93c8-4cfa-bc95-d5f74e06d692	V	10816387	L	1	-176	3
2052bc09-1e07-462e-a903-ab04a4447a3b	V	10816390	L	1	-17253	5
eef66260-3956-4d22-bf57-619b1999ebba	V	10816396	L	1	-14609	3
085acdff-1e26-424f-8915-80539602fe6c	V	10817479	R	1	-2	6
085acdff-1e26-424f-8915-80539602fe6c	V	10816396	L	1	-1839	2
637917f1-d6e0-4a95-acc7-e84d4eda2ba8	V	10816404	L	1	-2547	2
452b5169-0a8d-49d5-bac3-20cc51419c1f	V	10817479	R	1	-2	6
452b5169-0a8d-49d5-bac3-20cc51419c1f	V	10816415	L	1	-1817	4
10e9fb9f-7ca0-4883-b1fd-1bbbd14ed50f	V	10816415	L	1	-138	3
d551d86c-dc08-4b29-84e1-ff0e2389794d	V	10816431	L	2	-1859	4
269ffa65-3d14-4e0e-8c8e-95c1f3dc9f83	V	10817479	R	1	-2	18
61cdbea2-3c14-4151-a289-649ac431776a	V	10816433	L	1	-2533	4
03d71e94-da88-40a2-9cbe-31447bc33ab7	V	10817479	R	3	-2	20
2845cd15-c60d-4772-a000-ae5fca9baa6b	V	10816444	L	1	-4182	3
5a8707d2-05f9-457f-85bc-baf20d1967c4	V	10816444	L	1	-2521	4
9996b176-2367-44f4-b1b5-9030a0cb6b97	V	10816451	L	1	-2042	7
871e9b3e-a632-47d0-81ef-8db1d0660b5f	V	10816459	L	2	-5825	7
50649c2a-4f82-4634-bfc6-ccda54fdf366	V	10817479	R	1	-2	28
d2dceeaf-b1d0-4d74-bc69-6f371fa87d58	V	10816462	L	1	-1839	8
08c4477f-7f8b-409c-b10c-ef1b206e976a	V	10817479	R	1	-2	5
08c4477f-7f8b-409c-b10c-ef1b206e976a	V	10816468	L	1	-3572	4
3ed53d69-5199-42b6-b7f4-23947132610e	V	10817473	R	1	2	22
e6766667-a5d7-4a3b-89eb-618f77c9b6e7	V	10817473	R	1	2	32
3d4a6fd0-bb27-4b00-bc66-a4d65de384b1	V	10817479	R	1	-2	50
3d4a6fd0-bb27-4b00-bc66-a4d65de384b1	V	10816480	L	1	-18819	3
6bf0bbc2-471b-4911-be07-8a48d116ca3d	V	10816493	L	1	-7643	2
38cf4d58-f388-4252-9e44-61ee8731b208	V	10817479	R	1	-2	9
b7f55b36-c424-48d1-b663-ac82d721dfb2	V	10816505	L	2	-263	3
176270a6-7710-4103-b122-88f517650aad	V	10817479	R	1	-2	47
176270a6-7710-4103-b122-88f517650aad	V	10816508	L	1	-6099	4
e4a64db7-7c8e-48bb-9e76-032146387fc2	V	10816509	L	1	-16711	11
05d308d8-6a71-423a-b5dd-e90a2b948474	V	10816509	L	1	-4988	5
77bfa978-76cb-4477-950e-9dc1b3295c7c	V	10817473	R	1	39	21
c97160ba-237a-4b3e-8f13-650a21d3e52e	V	10816518	L	1	-1853	3
4132c016-4af4-40b2-ab11-26f456f07252	V	10817473	R	1	-5	3
4132c016-4af4-40b2-ab11-26f456f07252	V	10816521	L	1	-6137	2
ebb546d6-a463-465b-ba0b-c791d2a0f19c	V	10817479	R	1	-2	46
ebb546d6-a463-465b-ba0b-c791d2a0f19c	V	10816525	L	1	-2978	2
b3c5001c-b563-43a1-be2c-339bd8841420	V	10816540	L	1	-7435	2
4fa2a32f-0004-4c19-94cc-724468fc1b80	V	10817402	R	10	1070	4
bd51e6e1-642b-4045-95e8-21044489d60f	V	10816543	L	1	-4747	6
b8fbe6da-c2c7-4e12-8f4f-d60f079957dc	V	10817479	R	1	-2	31
b8fbe6da-c2c7-4e12-8f4f-d60f079957dc	V	10816549	L	1	-2417	10
aa72dea0-cb87-4ae2-8e19-4c42092363c4	V	10817479	R	6	-2	18
aa72dea0-cb87-4ae2-8e19-4c42092363c4	V	10816549	L	6	-13158	3
60571d7c-9f0a-43b0-b1ef-7f35118fac7b	V	10817472	R	1	6	24
60571d7c-9f0a-43b0-b1ef-7f35118fac7b	V	10816561	L	1	-2943	2
27bef019-b447-4612-9799-cb236be3c13d	V	10816576	L	1	-6301	2
1baad4d0-f5dd-48c3-84bf-52f479727d32	V	10817472	R	1	1	4
1baad4d0-f5dd-48c3-84bf-52f479727d32	V	10816583	L	1	-13349	2
9960b7a3-1424-4aa6-a04f-48c37f0cbf9c	V	10817479	R	1	-2	7
e4ccfb92-39d6-4a2c-b8fb-c43c4044285f	V	10816590	L	1	-1855	3
a816a2f8-009e-4bc5-9b5b-78fd593bc0c8	V	10816592	L	1	-2216	6
42dab4ce-f188-40e2-b954-5f1b3f4a455c	V	10816592	L	1	-4772	3
6b7f759e-1715-4845-9ec2-7c01c9adf5cc	V	10816595	L	1	-2412	2
8f2a0dcb-7b03-47e3-a49c-707ef40eaef9	V	10817479	R	1	-2	11
8f2a0dcb-7b03-47e3-a49c-707ef40eaef9	V	10816611	L	1	-16747	13
13b1c0da-3d4e-4f16-aab9-403cd207bc25	V	10817473	R	2	-5	29
2ff4f79d-5533-40d8-a5f5-0104a82235bd	V	10817479	R	1	-2	2
7c3ca9a6-3ee4-40a5-a1ca-393bd99b40da	V	10816616	L	1	-3662	4
4d515e3c-d62d-4d76-9415-02ab19bace58	V	10817479	R	1	-2	25
a50c4b71-0098-45a0-8398-384291d0d42a	V	10817479	R	1	-2	9
a50c4b71-0098-45a0-8398-384291d0d42a	V	10816634	L	1	-4855	5
effe0480-3bf4-4d36-95a0-00093120187f	V	10817479	R	1	-2	12
effe0480-3bf4-4d36-95a0-00093120187f	V	10816647	L	1	-10422	4
66f8404b-0491-4080-b46b-61c8772b17f1	V	10817479	R	7	-2	29
66f8404b-0491-4080-b46b-61c8772b17f1	V	10816652	L	7	-1834	2
8149f2a1-79bd-4bc7-a2be-7a54f4d78b52	V	10817473	R	1	-5	15
8149f2a1-79bd-4bc7-a2be-7a54f4d78b52	V	10816652	L	1	-4846	6
0cf204d9-f42d-49a5-8d60-ed857b264ef6	V	10817479	R	1	-2	50
0cf204d9-f42d-49a5-8d60-ed857b264ef6	V	10816657	L	1	-7655	2
7c2dae91-381c-4af0-afca-edf6c9247cc7	V	10817479	R	1	-2	4
7c2dae91-381c-4af0-afca-edf6c9247cc7	V	10816657	L	1	-278	5
931dbbf0-13e0-4832-9363-7e95bb787170	V	10817461	R	1	13	2
931dbbf0-13e0-4832-9363-7e95bb787170	V	10816668	L	1	-3	16
5b1015ba-75a0-4ab3-833f-a501c3a662f3	V	10816669	L	1	-3663	6
d09d6511-028f-45fb-9d03-ca1c46cdfe03	V	10817479	R	1	-2	3
612e7920-8a8f-4c6b-a4b5-72e82e3eb9b7	V	10817479	R	1	-2	69
612e7920-8a8f-4c6b-a4b5-72e82e3eb9b7	V	10816676	L	1	-1847	3
35d334ed-bbc2-41c5-b513-78030c67293b	V	10817479	R	3	-2	87
35d334ed-bbc2-41c5-b513-78030c67293b	V	10816714	L	3	-13395	2
449221b1-4c24-40af-94a4-6ab574cb132e	V	10816714	L	1	-3138	4
5b8a1b29-f59a-482c-9f84-12a2e751db7b	V	10816714	L	1	-178	4
9da65b45-c230-4ab9-98df-977d158b24fe	V	10816715	L	1	-16611	6
d4c66f11-4488-4e9a-b967-9c5aafb09e69	V	10817473	R	1	-5	63
d4c66f11-4488-4e9a-b967-9c5aafb09e69	V	10816716	L	1	-1259	5
3f8d272a-3348-4ebf-b54c-6c21bf579193	V	10817473	R	1	-5	54
3f8d272a-3348-4ebf-b54c-6c21bf579193	V	10816718	L	1	-30598	5
2c5bfd1e-f14c-4307-8480-6b1f5483784a	V	10817479	R	1	-2	27
c4f5e15d-a538-48f4-84c8-62a2630931fe	V	10817473	R	1	-5	67
afabd0b8-d9a3-43ab-ab97-69a9e0c8d091	V	10816728	L	5	-4838	6
87d5df32-a668-490e-a9e7-eee6707c3f86	V	10817472	R	5	19	12
87d5df32-a668-490e-a9e7-eee6707c3f86	V	10816730	L	5	-4409	3
6aec7eb4-8397-4e58-ae2f-0848dde31c32	V	10817479	R	1	-2	30
5565b083-8b33-430d-9045-47eeabc9a858	V	10816745	L	1	-168	3
bdde9278-f00c-40e7-8479-af182bdde42c	V	10817479	R	2	-2	41
eb716760-f51e-4e35-9486-9ce953b5d716	V	10817198	R	1	712	5
d22dbaec-abff-46f8-bb62-61d6fd610f41	V	10817473	R	1	-5	48
479c1f6e-4ccd-4ea5-974c-6e06b09aedc0	V	10817470	R	1	18	12
479c1f6e-4ccd-4ea5-974c-6e06b09aedc0	V	10816763	L	1	-168	5
21f96327-a5b0-4fdc-a8a9-8fb1d74bd565	V	10817479	R	1	-2	43
21f96327-a5b0-4fdc-a8a9-8fb1d74bd565	V	10816781	L	1	-177	5
cf9c34ac-2fd1-41af-bdd7-2b3eb5c0ef67	V	10817479	R	2	3	36
cf9c34ac-2fd1-41af-bdd7-2b3eb5c0ef67	V	10816787	L	2	-4823	8
3a684508-8c2c-409d-affc-af4a658e2ca2	V	10817479	R	1	14	32
3a684508-8c2c-409d-affc-af4a658e2ca2	V	10816797	L	1	-2931	15
92315d82-add2-4954-a086-a8223aea9ff6	V	10816797	L	1	-1880	6
8ce1a54c-00f4-4b7b-b288-2e80290ddcf6	V	10817473	R	1	-5	7
5889e157-0d80-429a-a327-5a129d848407	V	10817479	R	1	8	112
56f533d7-43f1-460a-87f7-b28d478245d5	V	10816810	L	1	-3123	2
0beeb5a1-e1e3-47a6-a73e-ec1b15118966	V	10817479	R	1	-2	20
0f8e882b-ae1e-48c3-839b-fa4cd05a45ad	V	10817479	R	5	13	15
64be76d2-a4ee-4533-a27b-725e1139556a	V	10817479	R	1	-2	36
6f0538c0-dc0f-4415-bf88-8cda17e032b5	V	10816820	L	1	-1976	6
a71908b4-0c67-4f35-b4da-f981c32d2522	V	10816835	L	1	-275	2
5e34f0e3-ab02-481a-b032-19773e4b947f	V	10817473	R	1	-5	27
4a698743-7104-4609-90f8-ab29f5da814b	V	10817472	R	1	20	16
0aee2da0-128d-4139-a7e1-b39fc5ba8b56	V	10817472	R	1	1	2
0aee2da0-128d-4139-a7e1-b39fc5ba8b56	V	10816859	L	1	-2857	4
a4edfb0f-c4f7-478c-b23e-c566b9409cb7	V	10816862	L	1	-6023	3
3b704f3d-101d-4acf-885e-5a14a51ba1e5	V	10817473	R	1	2	103
8eece460-2c2f-4d23-88d1-482698e07ca0	V	10817478	R	1	13	7
8eece460-2c2f-4d23-88d1-482698e07ca0	V	10816885	L	1	-3547	4
a690cca5-4d18-44db-b62b-083cde7597da	V	10816903	L	1	-6942	2
f0184eef-9cfd-4faf-b290-406ce578e777	V	10817479	R	1	-2	5
f0184eef-9cfd-4faf-b290-406ce578e777	V	10816928	L	1	-4118	5
f9a6b506-8078-4596-8249-a755daa2af30	V	10817473	R	5	2	3
f9a6b506-8078-4596-8249-a755daa2af30	V	10816940	L	5	-13411	3
2a66e407-4968-4c9d-b171-dd27d45ebf0b	V	10816979	L	1	-5759	3
b7d7131a-20a0-4f98-8266-17f441be5f7f	V	10817463	R	2	10	55
b7d7131a-20a0-4f98-8266-17f441be5f7f	V	10817041	L	2	-3137	4
b37320aa-cd42-4bbe-911e-e630f3473a85	X	1831	R	1	4491	10
b4b71e5f-4f1d-4384-b53c-3ca5467ccf65	X	7067	R	1	4852	19
b4b71e5f-4f1d-4384-b53c-3ca5467ccf65	X	1	L	1	5	198
c50264bc-30ad-4bf6-949a-37a9eba578fc	X	1	L	1	5	16
52f9601c-b125-46a2-8808-448b0637000b	X	1	L	1	5	17
6059a1db-4ca2-43ba-8495-f49efc78d855	X	1341	R	1	4909	2
6328c167-0ca9-4c6b-ba6e-b1e60d3503e5	X	1	L	1	5	183
04e76707-5929-4570-9183-9ff9d4556e4f	X	1	L	1	5	25
40f52638-836d-408a-9344-597b9e62d5b6	X	6575	R	1	3	9
40f52638-836d-408a-9344-597b9e62d5b6	X	1	L	1	5	27
78884be5-f8c9-46b2-b931-4626de695f9f	X	1	L	1	5	63
a961c4cf-8fc1-44ce-ac77-dac9c4e3de26	X	6785	R	27	3	3
a961c4cf-8fc1-44ce-ac77-dac9c4e3de26	X	1	L	27	5	57
e3900082-3514-49e1-8dca-00f385ac61b0	X	4368	R	4	2147	75
e3900082-3514-49e1-8dca-00f385ac61b0	X	1	L	4	5	26
faa4d92f-cae0-4525-a31a-bbd5efc0b1e1	X	1	L	1	5	43
4dcf3b98-94ef-453a-ae2b-838cfb16fa76	X	6053	R	1	2101	11
4dcf3b98-94ef-453a-ae2b-838cfb16fa76	X	1	L	1	-15	74
3f81b0c3-d18f-4966-962d-6e884b17512f	X	1	L	1	5	51
ccd2d008-72b6-4ea9-afc6-8b9831eed7e8	X	2	L	1	-2	3
ab5a9329-9e19-469c-9b30-e8febcd9d4ac	X	1403	R	1	10428	2
bb54e9c2-ba34-4ccb-9d35-15c70aa7d9fb	X	3	L	2	-58	69
8245b587-e819-46a1-baf1-ea9686e4cf8a	X	1213	R	8	1837	2
f4e483cb-d00d-45d0-8425-d636b9228bbb	X	4	L	23	-65	94
c36ad886-71d3-45ab-ae22-38cf4ae1dbb0	X	4	L	1	-136	31
204b997b-55b9-4eac-96fa-3720e4d3de40	X	4	L	1	-4	27
1f67e1d4-6770-48c6-918b-5107825eca09	X	4	L	1	-10	29
e5ca3d52-3432-47cc-8d66-b98fd52fa4ab	X	7061	R	1	2423	14
e5ca3d52-3432-47cc-8d66-b98fd52fa4ab	X	4	L	1	-313	122
2a103fee-aa52-44f1-8603-c41e43c49b8b	X	5747	R	1	637	14
2a103fee-aa52-44f1-8603-c41e43c49b8b	X	4	L	1	-28	101
f4d095ea-4dee-428a-880d-66ad4c9b66b0	X	4	L	7	-26	42
b7c70129-158c-4293-9f92-3e4bebc6e580	X	6968	R	1	24410	4
b7c70129-158c-4293-9f92-3e4bebc6e580	X	4	L	1	-140	13
fe1b72a0-acb1-426b-a016-cbe806816e3a	X	4	L	1	-24	49
a90ea64d-423b-4acf-9aa3-ccb7ad7c4a19	X	4	L	1	-30	16
7ba4c34a-c871-4b6d-96fd-8b83b04e13c1	X	4	L	1	-4	34
19c5d110-1140-4132-a893-7fb02e6f0a9b	X	4658	R	1	1438	4
19c5d110-1140-4132-a893-7fb02e6f0a9b	X	4	L	1	-16	41
e1537100-c237-448e-910c-d72005ccaf90	X	6694	R	1	1988	18
e1537100-c237-448e-910c-d72005ccaf90	X	4	L	1	-145	187
bd17cb6b-6740-46a4-b05d-4afdb92bc938	X	4	L	1	-76	7
434e558e-b8a4-4614-bf67-6601db1e547c	X	4	L	22	-4	17
5333665a-ad28-429a-8909-e2d56c061633	X	4480	R	1	1032	15
5333665a-ad28-429a-8909-e2d56c061633	X	4	L	1	-38	62
3cdc2576-636d-4181-91b6-f582eabb31e6	X	5	L	8	-92	42
24003302-b7a2-486d-8e8c-0589d1ca7422	X	5	L	1	7	13
6fac6094-36db-449b-95ae-37ec05e6e708	X	6	L	1	6	82
0c21bc82-173d-463f-a4b0-11aada66ebb3	X	6	L	1	6	35
ef659299-5cdc-4228-a9e6-4f6c79b90215	X	6	L	1	6	3
fb8f240c-ea1a-4fcb-9cef-d167bc77f758	X	1238	R	1	26312	5
52246be0-4934-4f54-b738-697a200c2d16	X	6751	R	1	233	5
7cbbc109-5231-406e-8342-57e8c940f45c	X	10	L	1	-156	68
324da79e-5c3b-4a03-b0ba-5e15ceacec83	X	1368	R	11	19022	6
22d274eb-fed3-4767-b150-e12bbda6a061	X	4921	R	1	638	17
22d274eb-fed3-4767-b150-e12bbda6a061	X	16	L	1	-59	143
16395dfc-970b-40e1-9135-99dd84f3f813	X	1281	R	1	1831	8
069b3d95-15cb-4e49-a274-b00079e438e1	X	83	L	1	7	2
741abaa4-5947-4d58-a562-df62d52c8965	X	1482	R	1	6099	3
9c0286e1-e615-45f2-8197-04f73229d156	X	1554	R	1	664	3
6e61ae2c-a2ed-4565-8c13-6abff87ba40e	X	1476	R	1	7422	3
ef9b989c-6ca8-4ef0-af4f-50101a265614	X	6944	R	1	10177	2
3b8ddfee-1be9-47ed-88a8-41524c9b0ce9	X	1541	R	1	10427	2
5eafa4ff-45e4-4e7f-a6b0-341ba4bd9ff6	X	1530	R	1	129	3
37f26a5a-9e6d-4765-8f8d-7420662adfbb	X	1838	R	1	1448	8
ab9e5715-7c27-4525-ab02-a698e3e012d7	X	1609	R	1	232	4
b9f576d6-781f-482a-ac4e-6f3f0243b9cd	X	3057	R	1	16658	11
8d02ea4e-8d6a-4089-8620-02e0c5d69650	X	1374	R	1	2682	3
da0f268d-5ca5-4d16-9a41-4a7e75dd3809	X	2071	R	1	19483	2
6505ba67-804a-4b91-ac53-0eff822e2817	X	2283	R	1	4885	10
c25fbfe9-0e3b-4c6b-9420-bff2b3d4288c	X	2586	R	1	6030	3
37160378-a943-44d9-92aa-af53bd320e30	X	1327	R	1	16676	8
e041d10c-d8c7-4d0f-8af6-961d39146277	X	1252	R	1	169	2
52858504-7cd0-4bf7-9d4c-65db3c97269b	X	1639	R	1	18302	3
42bce955-5fe7-48ed-8cd2-e49bb5613327	X	1924	R	1	6115	5
4724740f-f9b7-4743-864a-4abafbb3c510	X	7000	R	1	1352	3
648d2c64-926c-4ade-9a94-19be8cbacd35	X	1667	R	1	4182	5
99d4be2f-7f11-4e74-b345-86de1cd309e5	X	1920	R	1	5849	2
678ca2a7-fe7f-4f95-984f-931203201551	X	1343	R	2	1833	2
634d76e0-484a-4f65-a2c0-ba777d90e03f	X	1869	R	1	20943	4
98540143-5d69-4fd1-b2da-c88e0598692a	X	1535	R	1	299	7
c13d61f6-d27c-429f-8953-8d6a1b1b7a35	X	1628	R	1	237	3
67eea397-03c3-427d-9535-f49beb8a0a47	X	1296	R	1	2914	2
67eea397-03c3-427d-9535-f49beb8a0a47	X	283	L	1	-150	2
56ab68c7-9af3-4d6a-85ea-a86fbf347f33	X	2237	R	1	168	4
dd16dff7-e49c-49a0-b311-91e1da6fbe61	X	1870	R	1	5890	3
e51aaad8-4ebb-409f-9712-69e56f448569	X	1561	R	1	4823	8
8da2f690-b3e3-4dde-b183-76398733ed7f	X	1980	R	2	1245	8
efb81260-9644-45b2-a83a-cd0b1940a1eb	X	1837	R	1	12532	2
1cac4889-56aa-4b12-a42e-a1ffaff8a630	X	1621	R	1	1829	3
eb819f9f-88bd-4bde-8779-1c16e91f74da	X	2395	R	1	16622	8
2a9062f0-2130-45f6-bace-7d3f2ae1e554	X	1957	R	1	6013	2
82d65254-a68c-4e80-a4a9-905a18a545e6	X	1844	R	1	2414	2
e95c1224-9d92-4255-9761-1d1db4e28012	X	1315	R	1	16602	9
a1e028cf-ac1c-497a-b9d3-3296de0ee43c	X	1759	R	7	7653	2
543b2b11-42bd-4a0c-98d8-3ec8001be528	X	1386	R	1	2404	5
3b643c2c-aede-4c89-8928-4c372435614f	X	342	L	1	5	4
268a5b73-4c7a-4da0-8e28-46c92930aea5	X	2127	R	1	1850	2
3e492fcb-d0e6-4a56-aaf5-ba0422a630f9	X	1560	R	1	21607	2
fed492cf-3927-4699-aba3-154cf3c5e3ba	X	1548	R	1	277	4
01eb9743-b2ec-4d58-b917-80964d47fd55	X	1374	R	1	145	5
01eb9743-b2ec-4d58-b917-80964d47fd55	X	357	L	1	-81	4
0e2db380-7f85-4f2b-82bd-2532f23dca27	X	1434	R	1	6959	7
71c2a5e3-e21b-4f31-a78f-5368d5e1cf48	X	1261	R	1	25024	2
287fe7db-2a3b-4fd0-98c5-3c0e136b8356	X	1661	R	1	140	4
fc7dd070-b248-4ebf-a4a2-610901b8079d	X	1329	R	1	4411	4
fc7dd070-b248-4ebf-a4a2-610901b8079d	X	401	L	1	-7963	5
0bd7bdb8-5e68-4702-b38f-d972543766e7	X	5529	R	1	1832	3
5b30090b-6861-4ed7-b748-3704e9c4e7b0	X	2213	R	2	2924	2
5e0b4d93-f7ed-4cab-93fb-24db1832a032	X	1760	R	1	4155	3
3a70b479-0b41-450f-aece-7c0a27519a39	X	1693	R	1	234	5
ca71bf4a-3f7d-4c6f-b597-c229af5cc862	X	1680	R	1	1832	5
0428a199-3dfe-42f6-a21d-7b39d722f2e1	X	1371	R	1	176	2
eb051bf1-9702-4b1f-8ebb-f5cff2ae0f78	X	2380	R	3	25163	2
d93bde7f-5e52-4df9-8f9d-d2a88c283c77	X	1820	R	1	3588	11
c48fd413-37ef-4b1e-bb35-8b92d6b4b7e1	X	2271	R	1	3676	5
63b924f5-24e9-4f6f-887f-891fcd75ec32	X	1567	R	1	1871	2
37ff292b-70e5-4708-a2f5-9cf94503ac32	X	1874	R	1	7611	2
d4718271-f7dd-4a1c-8b3f-b46db96581c4	X	469	L	1	6	3
0ca44306-78be-4745-94e1-69180586e049	X	2398	R	1	1837	6
8b11e06b-61e1-49e3-89f3-4151601e26ce	X	2140	R	1	145	2
632ab70d-2b59-4627-8d7b-e9492aec748c	X	1290	R	1	8301	7
c096371b-80dc-4fb4-968c-1fb2050f1b21	X	1356	R	1	3090	6
767c075d-5946-4961-bf95-408de7a57981	X	3441	R	1	4384	3
5530e8f1-bab0-474d-9353-e2b8d761fb97	X	2077	R	1	10800	3
097f9d02-bf3d-4377-b748-30c20f7a5769	X	1874	R	1	1850	3
c49df5ae-eed1-432f-8eda-6b45c587eed8	X	1661	R	1	274	4
c49df5ae-eed1-432f-8eda-6b45c587eed8	X	498	L	1	7	4
3f7454a3-0156-4d3c-861f-8fa6c6827dc6	X	2072	R	1	240	5
362d7538-0a46-4d31-9db9-bf3322c7eeb9	X	1770	R	1	10391	2
b5dde007-2c13-4b96-9174-a35d26e4124f	X	1765	R	2	3575	4
d01259e2-95d6-485c-8940-58fb6d735b46	X	2265	R	1	7537	3
e94b5d11-8cd2-43fd-91ba-72834f97117b	X	2164	R	1	3134	8
58e8bdf0-d3e8-4f41-9042-7730e6569a83	X	2077	R	3	271	4
bb3fd88b-c645-4020-bfe7-ee4dbf4eed3c	X	1747	R	1	3119	7
d2a9a153-9fe4-485f-984f-1eab96172263	X	2320	R	1	8226	4
a46a2ed9-3066-4a0f-8cab-c6c2be737a2e	X	2108	R	1	2900	2
edc590a7-0fda-4964-ac8c-60aadf25ec91	X	2850	R	1	4195	4
d86dd3d4-241b-4fe2-8333-cbb295736d8c	X	2321	R	1	235	2
d86dd3d4-241b-4fe2-8333-cbb295736d8c	X	533	L	1	-1836	2
7db20fa2-1532-44f7-9d95-9729b4438d09	X	1752	R	1	10370	3
7db20fa2-1532-44f7-9d95-9729b4438d09	X	533	L	1	-5797	5
e967dd20-b9ac-4c32-b331-3f684bcffd7f	X	2214	R	1	7481	3
1b9bc9e5-5714-44ee-9f27-2be2e7e38d05	X	2206	R	1	16739	7
9f2f34c6-22ce-41a7-bdd7-170e8f496db7	X	1819	R	4	1899	2
ff11cf40-d8c8-46da-9724-f2ee2e896664	X	1844	R	1	1840	2
167d8272-9f20-4706-8534-79f921ea43c8	X	2089	R	1	12769	2
dd9734a4-7206-4bac-87a7-01f1b35df330	X	2398	R	1	1860	3
58cb21f0-0668-4114-b551-f44172d4b4b1	X	2251	R	1	2417	9
c8a63e01-70c6-400e-b53d-8e45c090544f	X	1892	R	1	146	4
3545f4d7-df9c-4748-83ff-263b081a5cb1	X	2349	R	6	1862	2
b2af412b-c5bb-4172-b6d3-dfaf2e521bb9	X	2313	R	1	2514	4
9631fc82-8581-4a6c-a47f-3f5e3248f625	X	2171	R	1	175	4
e705e0ac-f575-45d4-b882-c7d74f14a46b	X	2420	R	1	1450	6
45d5a72a-3ac3-43e9-8cfa-13d468c51d8d	X	2398	R	1	2338	2
aacf9500-e0e1-463a-bc5d-7db2a2aa7f8a	X	2307	R	1	1842	5
02ac7863-e70f-46ab-abdf-59ba0960cd67	X	7019	R	1	3484	60
23e76ab2-1ebe-4541-bbf6-03b9fd7e9bef	X	609	L	1	-1208	3
7427523f-2978-437b-b6c3-0a46a309d175	X	1759	R	1	2939	2
c31b1c52-9f4a-4e68-befa-42a2a405db98	X	2178	R	1	2893	5
bb708798-3ba9-495e-94a6-3da21ca62b33	X	2071	R	1	3144	6
98ebe814-a296-46a2-b150-3531e00c4495	X	1915	R	1	2959	3
ef784a87-f92b-4025-8476-1ad459d9e478	X	2106	R	1	3638	6
a296f507-34a4-4320-8c6f-d05784e6a538	X	1533	R	1	1789	2
a296f507-34a4-4320-8c6f-d05784e6a538	X	638	L	1	-214	3
57d078fd-8c08-4030-bb3e-72be864b433c	X	2184	R	1	4791	6
57d078fd-8c08-4030-bb3e-72be864b433c	X	645	L	1	7	8
5971bc99-bdbc-4fae-a9dd-0ce55e4338c2	X	2152	R	1	1844	4
ee8c2076-490c-4a8e-bd25-9d504ce16e17	X	1910	R	1	13462	3
ee8c2076-490c-4a8e-bd25-9d504ce16e17	X	647	L	1	-14352	4
bacfd43a-d581-46ec-b362-7cd0a8a021a4	X	2158	R	6	3484	2
54e59f69-04e6-4e36-99ab-79b8e7139ca8	X	2436	R	1	3109	7
d8f31286-4a0b-4caf-b39f-316062716374	X	1512	R	1	3076	8
2d8f6f41-8c23-48ae-8667-a964bc5db889	X	2053	R	1	6936	4
29f55036-d95d-44b3-883b-0e91062b411e	X	2270	R	1	10401	3
cd1789da-41fe-421d-a7b4-4f72ddaedfc3	X	2164	R	1	7712	3
cd1789da-41fe-421d-a7b4-4f72ddaedfc3	X	664	L	1	7	2
8d69ee78-ff8e-4938-93b7-f1a7c770e555	X	2225	R	1	172	4
8d69ee78-ff8e-4938-93b7-f1a7c770e555	X	664	L	1	7	3
c3817c78-e3de-455d-a562-2a3ae5d7bcfd	X	1795	R	5	2515	4
51ea78a6-b0f3-4ec0-aad7-eedc985f9637	X	2203	R	1	7465	2
90ad9a90-cc3e-4963-8948-811c7dc08173	X	2089	R	1	4705	7
9be3be73-7e5d-4d99-8a52-2d0ea77688e6	X	2090	R	1	3690	5
5e01c049-b4b4-45e8-bad9-91999f25ae62	X	2148	R	1	1866	7
60319a6f-8115-4ebd-9ae0-6bfef2e4c0f7	X	2133	R	1	3102	7
cfc6e3f6-97e1-453d-a52a-5786583d82e0	X	1776	R	3	13479	3
60253b36-bd26-4af3-8c92-40afb49ac0f5	X	2702	R	1	1929	2
27e2ca0f-9f52-4d4a-a864-53acefdac1fa	X	1936	R	1	18920	4
8ec0bcee-0190-4303-9769-c7b3277bb2b0	X	2204	R	1	3405	8
a871db54-66a3-4f32-8484-2dbcd066eaa9	X	1771	R	1	1832	8
edd59f37-7284-4860-b864-fc667e0bb550	X	1494	R	1	7431	129
6dfc3948-0721-4d37-91c6-8f4a4982b2b9	X	1359	R	1	179	4
34d9d741-a09b-4e11-a4bf-44b4f6a44c01	X	2259	R	1	1915	2
98251d8a-0d66-4161-b7d5-1e7c6dd59258	X	1825	R	1	4839	7
3d3c782e-01bd-4935-b007-a6547d61c527	X	2089	R	1	274	3
a7a80000-8a38-4b98-be09-80f1b61cc578	X	2422	R	1	268	4
a7a80000-8a38-4b98-be09-80f1b61cc578	X	688	L	1	7	2
cae31e89-25e1-4f1d-a419-cdec651ae313	X	2367	R	1	1265	6
1dce2c0d-0efa-400c-add7-c26944c709bf	X	2059	R	1	14573	2
5dea603d-2b8e-4d4f-b3d0-5758404402b3	X	1790	R	1	171	3
5dea603d-2b8e-4d4f-b3d0-5758404402b3	X	701	L	1	-6035	5
48bea7b5-3ab9-4ff9-8bbf-7d067c2e6a3a	X	1572	R	1	270	5
48bea7b5-3ab9-4ff9-8bbf-7d067c2e6a3a	X	702	L	1	-8651	3
699d5c86-c918-4c8c-804f-627ce0db6563	X	2694	R	1	1913	4
a0229bec-3548-4497-890f-6ef782dc8d00	X	1986	R	1	9808	7
a0229bec-3548-4497-890f-6ef782dc8d00	X	705	L	1	7	9
a6b325e2-5933-45ea-a7d6-c648fd845629	X	2298	R	1	16670	6
c18988e5-00dd-41eb-bcf3-271804922317	X	2214	R	9	7475	3
530e2774-1f40-4ee6-a3d5-05c6d42a56f1	X	2115	R	1	2409	7
280871da-e02e-4297-8ab7-dd0c9a7b0f12	X	1761	R	1	233	4
e7342718-2a8e-426f-85c5-9bdd220b2d16	X	1581	R	1	179	4
96ba7648-9720-4ad9-ade1-6b794efdad6f	X	1847	R	1	4401	4
d7f96e45-b043-4305-9ecb-e4375fdbc5a2	X	1595	R	1	6569	2
d68a3078-25e3-459a-bd38-912692309b79	X	1566	R	1	2954	6
e75ffbb3-1c42-4599-9386-011be9a51ae9	X	2295	R	1	24717	5
810549c8-1506-4bf1-b0c7-b8f29ed1e8b1	X	2259	R	1	4847	9
46ebd649-62cd-4443-8d26-2b663921c1d2	X	1862	R	1	270	2
53acf77f-f5e0-4d94-9bf3-9fdfad0a0e6c	X	2101	R	1	2509	3
7cc25d9e-df1a-4a25-9ff1-2152d1057c2e	X	2066	R	1	7711	2
c1a1cc2b-b3e8-4f91-8d75-0ac49c45a79b	X	1856	R	1	1856	2
aa3e2343-16f7-49dc-b4dc-b3498b2637b5	X	1874	R	1	2521	3
6f2ab63d-f2f1-4789-800d-1f7c78add643	X	2380	R	1	229	5
6f2ab63d-f2f1-4789-800d-1f7c78add643	X	723	L	1	7	4
33c69362-739f-4377-919e-315a7e52b029	X	2564	R	1	3186	7
eeaf2c53-8884-4932-9f43-299500911879	X	2038	R	1	4204	6
796c4f5d-7ce8-4ca3-bc58-f92764cdd61d	X	2406	R	1	268	3
d52526b6-5ef8-4fd2-a8c9-c811c8766b90	X	2121	R	1	2951	3
5b0ffb97-567d-4f50-bad2-e6d3ef1dee6b	X	1765	R	1	2918	2
b364ae42-6429-4088-8564-2044eb07474a	X	1794	R	1	2440	3
7bdf1bbc-fd75-437b-a885-a9c53e4206c3	X	2466	R	1	3347	3
d89960d0-059d-4159-8e80-21c29e0b6e00	X	2422	R	1	5833	4
82aed28e-6269-4bc1-8713-00a3ce029aa9	X	2159	R	1	7501	2
2b4c0f98-5526-48ea-9856-1114933b1bee	X	1894	R	1	1822	5
f641343e-bb4d-4632-ac4b-efc55a304134	X	1782	R	1	10264	4
916968da-2d27-49b8-b6ae-415db7e7c9c4	X	1536	R	1	3685	5
719f70b0-2d2c-4841-97af-5faa5d7043b1	X	1586	R	15	268	7
6552d995-3594-4409-8f8f-e419819a74f3	X	2152	R	22	1589	3
94014366-89f5-49c9-83bc-ce3c13856b09	X	2170	R	1	142	6
5ce28087-0871-4c9c-85aa-106bd321a612	X	2033	R	1	1241	2
5ce28087-0871-4c9c-85aa-106bd321a612	X	749	L	1	6	2
929acfbf-a0f5-448d-bb8b-1503a9167d40	X	2805	R	1	2878	2
22b06e83-4fbc-4b83-8498-756f6a75755e	X	2498	R	1	12147	8
a7e20af5-5954-4434-aeae-f70554a78688	X	2188	R	1	1828	2
eaea1e86-4b9b-455b-a243-23a7b23b46b5	X	2014	R	1	278	7
47506413-b9ff-4fdb-b52e-98b177ca282d	X	1292	R	5	10329	4
d0ee05b4-a5b2-41b4-98f6-8a20010ef875	X	2184	R	1	234	2
1fae98fc-1a91-4232-b2a7-38344ca956c4	X	1723	R	1	1975	7
5d699f60-4f4d-40e8-baf1-7c4ceb28d90e	X	2027	R	1	132	2
8bac0746-31ed-4977-b3e8-cf31abde65aa	X	1923	R	1	1832	5
c09c4b59-df57-49ff-b771-8cba1c4d9be4	X	2314	R	1	2922	3
ac243269-4db6-4071-8389-26423b1d4070	X	2041	R	1	1856	5
a03d0fb1-8757-4663-9ba7-3c8434caceec	X	2594	R	1	1802	4
78902813-d8eb-40cd-9480-c6a45a106afd	X	2343	R	1	4844	9
36da29c2-9a9c-4659-abcc-13aa32e7b734	X	2137	R	5	2545	5
7f066d5d-890a-473c-895a-6e09f3c9aeb2	X	2277	R	1	13511	9
d853c7f0-207e-44f5-86cc-e3b163f6b3e0	X	2277	R	1	1863	4
238e1675-06a8-4740-8f73-8ef9acbb00de	X	1959	R	1	4002	3
5dc5adfc-43a0-4352-9d93-417ed3fdc49a	X	2338	R	1	235	2
80274e91-27c2-403b-9011-b3260869be0b	X	2237	R	1	16582	10
2de10d2b-3dfa-4312-b2d2-957f0c877ebe	X	2066	R	1	4798	8
0a4c5975-cc67-458d-9523-27a3c8d3b823	X	1759	R	9	2406	2
4e01cfdf-0c64-43db-80d6-2ed9c4ba20ed	X	2307	R	1	7474	3
fcdb2f57-aa0b-4688-adf5-25e1ca74af44	X	2560	R	1	1813	2
b7db9a91-6641-43ea-a342-329eaef7cca2	X	2337	R	1	3101	3
cf7879d7-7f5d-4ba2-995e-189de2f0b641	X	2080	R	1	2832	4
cf7879d7-7f5d-4ba2-995e-189de2f0b641	X	766	L	1	7	4
0ddef3a3-ba75-4a26-9e4d-dd4fe6d3e239	X	1723	R	1	4396	2
0ddef3a3-ba75-4a26-9e4d-dd4fe6d3e239	X	767	L	1	-31	2
f92b2b5a-6bac-4324-b167-c69a7f71fd17	X	1554	R	1	2860	4
bcf86bc4-33fa-4a8f-918b-65549af54e0d	X	2412	R	1	10818	3
6340fcc8-e606-4909-b772-e9a93a7a4802	X	2146	R	1	143	4
9d194f16-af93-433e-ae24-c9c79fbb81d9	X	1883	R	2	177	4
1fb06767-334a-4297-ac96-991588f176b5	X	2039	R	1	3420	8
f0d10339-0c79-4f1a-937e-a82f2d873e63	X	2193	R	1	5864	5
f0d10339-0c79-4f1a-937e-a82f2d873e63	X	772	L	1	7	4
33be3b85-0823-4568-9147-13be30e89451	X	2107	R	1	3654	4
33be3b85-0823-4568-9147-13be30e89451	X	772	L	1	-122	5
e3ee5afa-1ece-4987-a3d9-5c469b83faba	X	2584	R	1	6147	6
59b2bd7e-d463-4281-bcfe-600eb1e13b2a	X	1988	R	1	230	2
5f0b5b60-6e9f-4890-b312-559acb10e048	X	1324	R	1	13393	4
ad57024c-6270-414c-a5e8-df565c08ca61	X	1554	R	1	1907	2
09e6c706-3378-471e-ac7e-8792609efade	X	2721	R	8	272	3
997f563e-1f84-4099-a0f9-3387e553b253	X	2196	R	1	8508	7
66f6d8e4-8057-4ada-b29c-6cb695c46c38	X	1910	R	7	4847	2
98dbe4fc-5cc5-44ef-b940-81de3e39ceff	X	1777	R	4	13329	2
de1abab4-426d-43d6-8202-324aa32f323a	X	2330	R	1	5322	5
cb3a2bd3-d6ca-439b-be4c-8035084b1af2	X	2167	R	1	170	220
5037c0c8-a15c-4503-a7a1-4febe9563873	X	1968	R	1	6139	6
7d4abd32-4460-4fd9-9501-46b7f934d0c8	X	1741	R	1	17770	5
c5b63d42-33a3-4357-9528-c1fb51a27fb9	X	785	L	1	6	2
6dca8d09-c102-4c91-bcd5-a7c41a9e2913	X	1403	R	1	5352	3
6db93aae-1c43-47a2-a6a8-21cfb75f4324	X	2158	R	1	2311	10
814731dd-03f7-4b27-9032-b2c76a2618e1	X	2234	R	1	6943	3
948415a8-aab2-4d30-a686-3c4f69cafd2e	X	2943	R	1	16661	5
2325be59-7772-478a-ab1a-2cf579097092	X	2332	R	1	1201	5
50597a75-ddae-4a6f-b72d-0ee3bdb72600	X	1758	R	1	840	8
a0e3690f-1951-4a04-b6d5-808170181b53	X	1386	R	1	3196	8
6a6d2c95-8194-4941-b3a4-76184f14122b	X	2355	R	1	7674	4
6a6d2c95-8194-4941-b3a4-76184f14122b	X	789	L	1	-8740	2
46241c35-2596-42e7-8ae2-3c9204a16c04	X	790	L	1	7	2
c5a66aba-206e-4a07-a1a2-c9089fd4cf4a	X	2168	R	1	6029	3
c5a66aba-206e-4a07-a1a2-c9089fd4cf4a	X	790	L	1	7	45
c94b3a36-c1b7-4807-bccb-b1eec40df21e	X	2196	R	1	1839	3
37a44a4e-1dd4-4314-8bff-3b70ce306816	X	2356	R	1	2401	3
51bd7a94-d5ab-4d0a-81be-4f635e22fac2	X	1986	R	1	16654	6
34c2a977-8c05-4122-bd74-582118ed00fc	X	2196	R	1	2692	3
5ca13e28-4844-456e-9e3c-c5b9e970d59b	X	1530	R	1	1849	9
56c3e34d-c4b6-4651-8db7-097594a4e020	X	2301	R	1	1880	4
1ac0f2b5-c8ed-452b-bd49-bf79186e4a9d	X	2355	R	1	4873	13
1a8efd4f-e905-4555-9f4a-73169896e37e	X	1566	R	1	2391	2
c5a944df-36b8-447c-b528-fa043b5ed409	X	2361	R	1	276	5
3a298e93-7d7a-4b0d-8cec-4a77fe80c3ab	X	2533	R	1	8629	2
bc1f2ad4-bcfa-4962-b4e5-8a5853cebc47	X	2268	R	1	177	5
f41e93e3-2af6-4886-8505-cd75823282c1	X	1767	R	1	230	2
2451a3a6-154a-46fa-b008-626d3f51e1cd	X	2856	R	1	2911	2
e42948d4-41eb-4a7f-abdf-ae8da2b43f5b	X	2739	R	16	2409	5
d5ca34d4-84d6-4272-b42c-138407ee6ddd	X	2528	R	1	1414	2
57bf9366-006d-49d8-b973-c6636d205c7c	X	2357	R	1	19456	3
28318ac0-6b1d-4ea3-a3a2-a20550dd5c60	X	2053	R	1	4367	2
41dae15d-da5f-41ea-b374-38ddb02f50d2	X	1997	R	4	3668	6
bae001f5-3cfd-48d4-84dc-fd39f875ac5c	X	1815	R	15	13123	3
1ae31380-0732-42d1-b6aa-8209636a2931	X	2788	R	16	1868	6
ece3dc59-e94a-424b-85b2-ffc0b9d2a337	X	1908	R	1	1836	7
82d23a2a-b4fe-4927-8f11-99c5d1d4ab37	X	2137	R	1	19586	2
963ea532-c9d6-47ed-9380-f0a8692fbb3e	X	1757	R	2	6001	4
bd1f34f2-ca8e-4362-bdd0-15006755ac11	X	2033	R	1	1862	4
8f0ca85e-9972-4336-ad07-3254de9c51c6	X	1371	R	1	16776	4
ec7ac64d-c858-4165-a00d-990c96ee6b6b	X	2331	R	1	13339	3
3fb08449-a987-45d6-a0ad-fcf77ae678bd	X	4611	R	1	645	13
9be61443-c85a-4113-8d8e-1a0aa0f87134	X	2301	R	1	1935	5
9be61443-c85a-4113-8d8e-1a0aa0f87134	X	816	L	1	6	6
c2e259c3-6917-457e-b99a-3a9c3830fe54	X	2288	R	1	5853	4
a7ffaae2-944c-4ae9-b58e-b6b0b300ad20	X	1989	R	4	1852	2
47d3fd2a-4b1f-4b60-a3d2-41c966c199ca	X	817	L	1	-14	7
db0b00cf-fa5e-4dbf-92f6-086b53e1278a	X	2038	R	1	4419	2
dcdc8741-508e-41b4-955f-1d0852bd6398	X	2178	R	1	14796	2
5b5a480d-1a4b-4056-a6e9-45df4864fb66	X	2033	R	1	30345	3
dc07569c-5b67-4521-b7b4-5e91e7c59e2e	X	1998	R	11	271	6
7005c824-6a47-4e3d-8bd0-cb75c8f7f6f6	X	1759	R	1	4835	7
b326a805-4d11-4901-b072-4d17d389429e	X	2196	R	1	4806	6
0f39cd73-d482-4569-a273-2ded1722d8a9	X	1747	R	1	2388	6
671a642d-4b79-48c2-a468-15486c7b7b8d	X	1585	R	1	784	2
dc24490e-dca1-45dc-b314-4b601de049e7	X	2604	R	1	6015	4
b705befc-71c5-411a-8278-aa872870a49d	X	2094	R	2	2853	2
255a903e-b3b5-4b34-8f7e-113ef484d2d1	X	2321	R	1	279	4
fabeef90-2d85-4ddd-8cf6-d2d3c5299c47	X	2214	R	1	183	5
ab685b30-815c-4c62-af56-070c359c9413	X	2124	R	1	5822	9
e6468ecd-67d8-4141-88ec-4e8b14f725ea	X	1429	R	1	1851	5
fb5119e7-c4b3-411e-80d2-8cbd32f44fe3	X	2325	R	1	4725	5
b592e13a-cf82-40e8-823b-4ab51937d6f6	X	2223	R	1	2931	9
e70669d5-f395-442b-8d36-8dd20e06288e	X	2343	R	1	5146	4
504c0a84-b5ee-494d-84da-dcc5d4ecd61d	X	2246	R	1	1587	3
ae4306c2-f395-48e7-a893-b103d33f7b3a	X	2251	R	1	4780	5
3daaba78-a2c1-4cd7-a35a-2eb3883faaae	X	2092	R	1	787	10
dfb9034c-5987-47d0-be1c-e20481d49248	X	2392	R	1	2898	2
f124168a-fe4e-48a9-ba43-d48ec93cd5be	X	1764	R	1	12268	3
5fdcbab3-3974-450e-91cb-9f80facde3d2	X	2182	R	1	2915	2
040afa30-87e0-41e0-b33c-ba13f285bbb3	X	2522	R	1	4791	10
040afa30-87e0-41e0-b33c-ba13f285bbb3	X	824	L	1	-2962	4
e8e55eae-db7e-420f-97fd-4b7e940aa13c	X	2121	R	1	270	4
d6ad39cc-b09b-4ad4-bc4f-3c3a3588e143	X	1777	R	8	2519	4
6970bc5e-7dd5-4047-9b0f-a3946065b397	X	2399	R	1	4745	9
f94c63e4-0df6-407b-b6b8-0fc326ea538e	X	1923	R	1	2894	3
00bcae61-a7be-4bee-9b41-99450cabf1c0	X	2133	R	1	25889	183
a0b35263-99d8-4208-b587-8b4e42cc5bde	X	2283	R	1	4823	7
3647d659-f1f3-423f-880d-64f869bf849c	X	2709	R	1	1818	2
671b10f9-37c8-49a4-9803-bedb459ef6bb	X	2306	R	1	3120	3
10cc1a00-eaec-4ed4-9f46-995ad9014163	X	2349	R	1	1863	4
4ce8fcaa-17c5-48ce-863e-67f319b191e0	X	2059	R	1	3857	3
c8bd7128-fdcc-443b-b234-142d24bc2c64	X	1685	R	1	1282	3
6d15bbc4-645b-497e-bbdf-01d73e87d27c	X	1750	R	1	179	5
82c9129f-4df5-4706-a908-e423751adb39	X	2041	R	1	5865	4
ea69e3a8-5a87-45d2-984e-edac7e4d90e8	X	1962	R	1	5812	6
719f7260-422b-46fa-a33b-8f5a01b8cb63	X	2158	R	1	1848	2
78babef8-2dd9-4d61-9f1f-72daf1dee453	X	2108	R	2	13315	5
3bb4b316-3800-44b3-be6d-5c29258498db	X	2638	R	1	1038	14
b442177f-707f-4077-8ef7-9957c1bb3c5c	X	2630	R	1	1270	6
2889647d-c627-46cb-b875-f5d28b19e15e	X	2329	R	6	7713	2
dcf04bd8-edda-479c-987f-dab6c6eb39ed	X	2167	R	1	1242	2
a8e5cf36-36ff-4c26-b107-b2852d9396bb	X	833	L	1	7	2
1d27d528-7cfa-4e34-a393-596c7b41c594	X	2368	R	1	19317	5
7f0c311c-3d63-4c48-a2f6-32962381289f	X	1964	R	1	10399	4
4646794b-ca17-4fde-b72e-4baabf1bf197	X	2370	R	1	1254	7
49f3e4dd-ba6f-4d7b-9d63-75e76e2aecf0	X	1586	R	1	267	3
7dcd3bad-e639-4d3a-8105-4bb645b89b17	X	2280	R	1	16605	8
00f65e05-e584-4736-9bba-d7011a01e705	X	2477	R	1	1819	4
761573ec-7a1d-45af-8fe7-e387b1718dc0	X	2654	R	1	4407	3
c53eae10-0669-41da-a3e5-b2373578d257	X	2034	R	1	7409	2
11e7bc72-c438-4486-ac93-1bb4cc693b4e	X	1640	R	2	282	2
14ae2524-b1a3-4e76-a671-52ed54a83276	X	2149	R	1	173	4
5a221ff8-6049-470f-a954-932b89599a45	X	2127	R	1	4416	2
d5e03959-9678-4327-8389-483893b69bbd	X	2169	R	1	10431	6
ef6a464f-27d9-4bad-b6ae-e70dbde0e53a	X	2160	R	2	233	3
25cb5af8-46ce-4d36-b0c4-e938efe073ab	X	1935	R	6	9522	3
c9a9a7d5-3714-45d5-9ca2-724c03247bda	X	1404	R	2	323	4
933eca15-e4cc-4ef1-b2a6-f49bc96eadac	X	2107	R	1	1815	7
732e35a6-5a36-4fc6-b899-50b425e10cfc	X	1836	R	1	3075	4
4c8a962a-b233-4f42-9ab6-18fbdf9c1e1d	X	2127	R	1	14635	2
c120ea1d-8c35-44fb-9bbf-22ab059fb7f8	X	2289	R	9	7357	3
24ea3060-b47c-471f-a41c-76430b1aa5bc	X	2361	R	1	3680	5
d152dd5b-8a9f-4a6e-a47b-b3cc25fcd18b	X	2113	R	1	10354	6
16426dd3-a487-43ff-9198-c0910e6f972a	X	2033	R	3	4822	15
4a715da8-579d-49f2-aa34-884066a42e66	X	1639	R	1	2525	3
4b9efcff-d358-4f45-b8f8-54e266b821b8	X	2251	R	1	4825	9
3a8e8f19-f969-4a49-a038-8a7a05ea2ead	X	2113	R	1	4767	7
561dd5a6-d0e4-44b0-860b-73c54bdde0ad	X	2540	R	1	267	9
a4ea1a57-a1ba-42c6-8b06-62b38b3e8d45	X	2089	R	6	7729	3
567ac004-c00f-4d1f-ab30-ff97f1912fcf	X	1621	R	1	7464	2
69670ef3-3611-4901-926a-e8047e9183c5	X	1889	R	4	5599	6
69670ef3-3611-4901-926a-e8047e9183c5	X	852	L	4	6	2
f96a3fef-37ab-44ad-8367-4eb830d0c73c	X	2283	R	1	7484	2
6132e3a3-2c12-45af-a9c3-1b2959a9c7b3	X	2266	R	1	1862	3
dfecd8a9-14c6-4c6a-be4c-5ee33046a01d	X	2240	R	32	2510	210
f6f6d0c9-5eac-4d87-aa6a-bca062eaf8cd	X	2442	R	1	9046	2
fed7a33c-4b42-48c3-b006-f9e73b2446c0	X	2246	R	1	2941	3
dd7faf24-1380-49d3-abe8-d91e1ef1e851	X	2184	R	1	4805	2
b8f92598-6e8e-42b8-9bc8-48c38536c4e7	X	2206	R	1	176	4
7205a11b-231e-424a-8c2e-391fdd591bb1	X	1847	R	1	16304	5
58c5b050-63f1-43ac-9fee-0dc1083bc191	X	1818	R	1	2503	5
f1119cb3-8df7-4039-b00b-9501af668d1f	X	855	L	1	-4048	3
c6297425-8d52-48cf-bbf7-da0efb75eaa3	X	1750	R	1	5794	4
b5e48e18-7fc4-47fb-9633-fa19cc33b1d5	X	1823	R	1	3624	4
b5e48e18-7fc4-47fb-9633-fa19cc33b1d5	X	855	L	1	-2866	2
1f6661bb-815c-4f0e-a5eb-1f0797d4ecdd	X	2326	R	1	6932	6
51c1544f-59ed-4c26-bd75-be2d0e03eb34	X	2504	R	1	268	5
fde81bfe-a426-48b2-96f8-b0560b05f918	X	2158	R	1	1824	2
fbff20bd-67fc-44f1-935a-92fb9e333cca	X	2721	R	1	7643	3
d3c9cacb-ca47-43e1-a518-e419435b08c3	X	2038	R	9	3127	4
382587b0-4a8c-45e9-bc64-c3c114d99c3a	X	2349	R	1	1814	5
04c83d90-d241-47bd-a983-c49661eda6eb	X	2190	R	1	146	4
4e87b2ee-1fc0-4814-bb7c-9cc33e1aec68	X	1748	R	1	1984	4
1fb52696-163c-4290-8180-de654aee2d52	X	2436	R	1	7546	2
d2b0dfb5-0611-40fe-a530-96be8c20dd53	X	2751	R	1	7466	2
7bde47c1-65f8-4b10-b2d7-855ab8091dc4	X	2289	R	19	2410	2
97d8c8ec-ebe7-4810-a898-4e0db1959bb7	X	2519	R	1	13089	7
f4e5ddcc-a235-4e9d-a1e0-0f0a1928f840	X	1733	R	1	5984	4
0b3608c8-4366-4726-b629-acecf87af7c5	X	2286	R	1	176	4
2d1e6822-247b-44b2-98d0-502b2baf05b9	X	2362	R	1	26824	2
6945f08c-6cf9-4946-8a3f-5ea20a8a52bf	X	2170	R	1	7628	4
faa58f70-301f-43f1-9256-1ec6541f94f8	X	1919	R	1	16648	3
35bb42a0-b1fc-46db-ba87-aa8caffeb8e7	X	1716	R	1	6038	4
cb800987-00b7-46ee-8d3a-ca4407c16ee2	X	2147	R	3	2371	5
c7a7696e-4618-415e-87cf-da04181bdd3a	X	2412	R	1	409	2
7ceb6a06-f6b1-4560-abed-959fb1f28271	X	2552	R	1	1259	6
647740c7-212f-4f78-bc4b-f7676dba0008	X	869	L	1	7	6
9cc855d2-86b9-4469-92a5-d9c893cf401d	X	869	L	1	7	2
cce229f7-b0f3-4edf-8e5e-387947e4f3ce	X	2133	R	1	4140	2
9e052fb4-2082-41a1-a350-e537ad7ea18f	X	2096	R	1	1695	5
ce167503-37a1-4eae-9adf-403e10c8b47b	X	2576	R	1	1805	6
a4d805d7-34a9-469a-bc47-83211dc655d1	X	1954	R	1	3135	9
57ee3b09-9307-457e-bb8c-3e3737d17575	X	2053	R	1	284	5
3d9c5100-27ef-48cb-8ab7-9afa15840031	X	1906	R	1	233	2
0ec3f84b-0164-4342-a6dd-3104b03601cb	X	2443	R	1	2450	2
a8d0cfdf-16f0-43e8-bfd5-57833b70ed37	X	2152	R	1	2377	2
1205bd72-5e49-40e0-b642-295ec8b6cd1b	X	2053	R	1	3672	4
0e76525a-9204-4e6b-9068-c8c7599bc9e4	X	1729	R	1	1820	5
362d7d4a-04f9-40ac-8883-c22711429695	X	1490	R	6	642	6
1730b154-96c5-47bb-8744-6a4d948d50e4	X	1243	R	1	3120	8
61372a4d-a947-4233-9474-05c8a945b95b	X	1759	R	18	273	6
4b90e5ea-cbf4-42bd-843a-77d780ae3810	X	2540	R	2	25157	2
6a824f2b-8556-4933-928a-0b95305c93b9	X	2331	R	1	2398	9
4e42d57d-6930-4d08-9a40-880bd5f94087	X	2478	R	6	2394	6
ee34fc1d-14c2-41b5-81b5-2fdc46945820	X	2190	R	6	3679	8
ee34fc1d-14c2-41b5-81b5-2fdc46945820	X	876	L	6	-4798	10
2ecdd1a7-cc15-48cb-8d16-1c8a18f2b365	X	2146	R	10	2469	5
a8ac6b9f-cead-485a-bbab-8e186a781799	X	2654	R	1	4734	9
fdb03555-009b-428a-8909-00383849beaa	X	2624	R	1	2671	5
2a689eee-8905-4bf7-bf29-831b48a737f8	X	2422	R	1	2514	6
65ac9a3b-cc41-4acd-a8b6-d2e8d6a052c3	X	2528	R	1	7657	2
0c069586-d663-4e1c-b828-52d8dd37eac8	X	1953	R	2	274	5
b5eee263-649c-4f53-8c12-0bba90d573ae	X	2268	R	1	16592	5
2332eb67-5978-4248-9e9b-498f834d3cba	X	2380	R	1	1830	2
0312ee5f-95ea-4a65-b03f-028032e592fd	X	2187	R	1	169	2
51ae3a4d-fa61-46f6-83ce-6ebbaa6d6f52	X	881	L	1	-7914	4
db92b03d-dcf2-4561-87e7-a6801fe3095d	X	1470	R	1	2913	3
82ac62c2-6010-4bd5-b54d-8435f43307a0	X	2256	R	1	267	8
4ef8a341-538f-41c0-ae34-ddffc5900f38	X	1723	R	1	1844	2
aa038844-134a-470c-b06e-847e7d4d2582	X	2289	R	2	3130	7
b011259e-ca3e-4a35-985c-58e36e7cce4d	X	2083	R	1	1827	3
e070e7f2-81ce-4221-826b-3fa2a5392e17	X	2214	R	2	25160	5
8827063a-a505-4884-8568-a6d423630525	X	1825	R	1	1801	8
ab1497b8-a968-47f8-b2bf-c9e67601ea56	X	2277	R	11	4407	3
36b5bbb1-9aac-4115-a0a7-9e8a6a8f6d71	X	1759	R	3	2513	3
5489203c-8253-4100-9af4-017b2d3fdfae	X	2240	R	1	3085	11
055d005e-92b9-4b03-8ee6-73d54181b6b3	X	2170	R	1	7690	4
651e83f2-333d-4f0e-9bec-474492d2cae1	X	1512	R	1	277	6
96673324-983f-41ba-8247-8e98d29a78ff	X	2380	R	1	234	5
cd893263-54f6-45cf-bb11-31773e8a7843	X	2386	R	1	15619	6
9d660e8e-6392-4465-8ced-ed1adbb3b85c	X	2518	R	1	230	3
9f3eb0f8-a331-4b82-8c29-e26fe5582e1f	X	2240	R	1	4847	4
6598446f-b453-4eb3-84a1-b03854df3cfc	X	1971	R	1	1798	2
189fab03-50df-4fb5-9c87-c3aae1bee1b6	X	2164	R	1	1831	2
2948d437-72a7-4014-a6dd-045af9f557f3	X	1910	R	1	1827	3
12a63ab1-6e3c-4a23-9426-297aaf83e438	X	2179	R	22	3713	2
88e42fe6-e6f8-4b80-aa06-4dcc31e9f6e6	X	1874	R	1	150	3
5c7b26df-175f-4453-85dc-bdd053a409be	X	1717	R	1	3119	7
71f70792-1e09-476d-9970-5de23aa7da39	X	2014	R	1	5836	6
be506dcf-5311-4404-9532-0faffbfcfda8	X	2338	R	1	1777	6
47cbb85c-3866-480a-93b0-9ac44355baf3	X	2813	R	2	4685	8
ac6c3b17-d757-4866-8fc4-dc758d8918a4	X	2576	R	1	1835	2
f8607033-b10f-4ee6-98ba-b9a244b05ea5	X	2582	R	1	2703	4
ae2dd4a8-cbbe-464c-b8f6-e688b1495c9a	X	1515	R	4	5823	4
3f4627c7-bf17-46ea-8bdc-33f60d7f26d9	X	2493	R	1	162	2
e801090d-3530-4087-8ad3-50c4d829b9b6	X	2534	R	3	7480	3
66bbd3dd-7f0e-4bfc-9c2f-e4ab1bcd826d	X	2270	R	1	10383	4
f91f07d6-950f-4b64-aad5-c749f6713077	X	1953	R	14	3130	8
8ce9bf38-7d07-4976-99da-2718585c6765	X	2134	R	1	4830	7
2ec320eb-7f69-461c-b92d-777158ef5284	X	2479	R	1	5409	6
161c4839-5208-4915-a8b4-097e492ce9dc	X	2038	R	1	3112	7
e4cd6196-3714-434a-8340-aefd7bdd545d	X	2159	R	1	25080	3
58a539ce-9278-4af3-a176-f88472b538bf	X	2158	R	1	5161	6
efe74844-deba-4cf2-918b-3bbc94d45d7c	X	1904	R	1	1863	7
d149006a-8164-4f8f-90f8-26bfdccf2d4b	X	2189	R	1	7693	4
d149006a-8164-4f8f-90f8-26bfdccf2d4b	X	899	L	1	7	4
723a1bfe-ff27-4657-ba7a-3f047ae9df4c	X	899	L	1	7	2
85edf9a3-bc8d-4cd8-9ec6-ce25a712d97e	X	2436	R	1	1838	6
87a7ef07-f1f6-45ba-a054-45dd8b06fc29	X	2325	R	1	3662	200
af2b1f45-c7e2-4660-9656-fb4de643d627	X	2383	R	1	174	3
4c231631-1c61-4bfa-adc2-3a992a6c43e0	X	2277	R	1	1842	8
4147c2ee-0cac-44a6-80b8-d6dbbe4f893d	X	2038	R	8	1848	5
d81f4ded-bc92-4366-a11c-0cb177eb6c74	X	2618	R	1	7637	6
42c3ff5c-67ca-4017-b49a-647c25a573fa	X	2582	R	12	269	2
515570ba-b9e4-4540-924f-26dafda0702b	X	2065	R	4	293	5
e12c25ec-a072-4fc6-b0bf-10f372735579	X	2158	R	1	2428	3
86e5eef2-51bd-46d9-a14c-e5d743ce7f04	X	2703	R	1	2527	3
9fc22c9d-3615-4e80-821a-c1ec4988e128	X	2007	R	1	1825	3
0f8a2a4a-0132-4c84-991a-53a3cad19000	X	1989	R	4	229	8
0f8a2a4a-0132-4c84-991a-53a3cad19000	X	904	L	4	-1380	2
1cf2e584-6376-4f04-b577-075c496380da	X	2467	R	1	3444	2
9709a6f5-7ea3-408b-ae83-64fac9c3f91c	X	1883	R	1	5841	3
cc71bb65-6a33-4451-b384-86baed622c26	X	2021	R	1	1835	7
c2b31d6b-09fc-40a5-9579-ff1357623146	X	2101	R	9	13297	5
7de9cbd9-1235-46fa-94a9-5201850fc4e8	X	1898	R	1	2944	2
5cf71b12-76bf-4002-bf01-53d81cea3532	X	2056	R	1	5813	5
e3a6eba2-ce08-46d9-bd8d-7a572b5a3d39	X	5339	R	2	1039	8
4467db12-d939-4b9a-8074-8d1855284e99	X	2534	R	1	2915	3
672ee654-a1de-4b3c-8217-e5f91dcdec6e	X	2343	R	1	14728	3
d31f7b86-3f93-4e44-9b64-ff0f99f9c8d7	X	2466	R	1	3135	8
e7f38f36-3b1e-4e48-874e-65ae332c04fe	X	2289	R	1	2960	4
a802be84-def0-4cab-9ac7-f32f64ab7a7f	X	2185	R	2	1854	4
6c3106b2-2982-43b7-8cf4-faf68c9184a6	X	2259	R	9	1838	2
5af01b40-4537-4347-b9d6-36fc0246efba	X	2133	R	12	4312	3
33fefacf-32c8-4182-9478-7256eea0d00b	X	1989	R	1	2537	5
dd8e2879-c1ee-4b10-b21f-aef1bab25793	X	2289	R	1	3112	6
dd8e2879-c1ee-4b10-b21f-aef1bab25793	X	914	L	1	-4684	6
33b3221c-8aae-48c8-8428-8060642ddb65	X	1711	R	1	1827	2
2239d912-eeb8-4c65-89f7-f712152de792	X	916	L	1	-143	2
996bd953-9759-4033-a76d-296290046b44	X	2387	R	1	181	4
f7e8640b-acba-47da-b039-0e61781e3448	X	2234	R	1	9621	5
5df14724-2cd6-41d3-a9bc-7aaa5e52c5e5	X	2094	R	1	6041	2
a954d765-9934-413a-b808-edd79f9f36af	X	2461	R	0	277	5
5d445396-cf52-4a65-9dc7-1b37b4d3a79e	X	2337	R	1	2935	4
98beb2d4-c25c-41f0-9d1a-c4a635530d03	X	2745	R	1	142	3
a90f953e-5e66-424a-9f58-9565f4df8f98	X	2352	R	1	174	5
839d3441-f7aa-4a6d-b6cb-2356253606d2	X	2168	R	1	6021	3
a17762cd-af3e-4f1d-ade3-b4240f5ae6cb	X	1697	R	2	270	4
998371ad-3ab0-4dde-9938-03e9e51a40bb	X	1697	R	1	1259	4
967e4ffe-89cf-4ad6-9b2f-a533f3d70ce0	X	3453	R	1	275	4
f61735d9-e30f-4ffc-92a4-e26c815c394d	X	2246	R	20	2404	11
413fe487-a69d-4105-b94c-80b0f0dc30c0	X	2398	R	1	2374	2
f2f162db-fdf0-419f-878b-84412fb20602	X	1942	R	1	4808	9
49c094b8-fa8d-49e2-80cc-b1177dc91bcd	X	1910	R	1	4810	4
34d79001-7be9-4769-8a5d-c5aa53eedd31	X	1673	R	1	18687	6
dc5303fb-5189-4216-bbf2-64bb005e9051	X	1909	R	13	1854	2
740edef2-5e2c-46a3-ad69-ee30e9fda4f9	X	2295	R	1	4432	5
79454d89-3951-4f03-8913-fa71520f61f4	X	2114	R	8	6133	2
98a7eb84-49c9-4d22-b36c-054847a20c4c	X	2158	R	1	1818	2
1b9ae17f-3d53-4d6a-98ce-cce4a0289608	X	2516	R	1	2918	3
1b9ae17f-3d53-4d6a-98ce-cce4a0289608	X	929	L	1	7	2
9ed0f775-3b65-409f-ac14-43bb9e051028	X	2266	R	8	514	2
8b73329a-c164-4714-b9f1-286908e839b1	X	1988	R	1	1843	5
8b73329a-c164-4714-b9f1-286908e839b1	X	930	L	1	6	2
beab6933-c85d-4bd9-a67a-6d7a5ad2449e	X	1627	R	1	16718	3
df2e69f0-db72-4f94-953f-ad389aa7e472	X	2397	R	1	1845	9
c11f3bea-3cff-4bd7-9b37-a78e52c6c8d7	X	2297	R	1	230	3
c8037287-adc8-413a-a0e5-7c4dfad4bebf	X	2558	R	1	1833	2
58cb105a-bfda-4dc1-b58a-c7449456e228	X	2437	R	1	8107	2
4d083328-106c-4773-91e0-3d57ee03edd3	X	2197	R	1	5884	5
192094b0-e67e-4b5b-ba8b-52fb4a929042	X	2128	R	1	2669	150
2e5ed91d-5040-4f8d-94c1-a0453c93bcc6	X	2158	R	1	4851	9
2e5ed91d-5040-4f8d-94c1-a0453c93bcc6	X	933	L	1	-8050	6
9e13930b-b0a4-4afb-a1d0-b6d553cba946	X	1843	R	1	1841	4
5ec7880f-d33c-4bd3-ac41-d97105d01214	X	936	L	1	-156	3
11a40074-8fc5-47ca-9644-1d462c02f314	X	2528	R	1	273	5
bea76b15-2c70-44c1-a20b-e95f62ab0545	X	2645	R	1	6140	4
2907e5e6-c561-4f0f-b4ab-7e261f03b3ac	X	2397	R	1	6026	2
59ca44e1-6a6a-476a-be70-657ca8e515ca	X	2122	R	1	7122	4
cfaee31a-6acf-4256-8f95-a9db04307b38	X	2259	R	1	1867	4
da6b84a5-ca5c-4ca9-b01b-bea23167dec0	X	2187	R	1	5878	3
1fc50f07-f201-48a6-9c44-8a1067dc1cc9	X	1691	R	1	13355	5
eccf7bf6-a811-4b3a-b3e7-3a1ecaaefaf6	X	2194	R	1	6004	2
fbbf6906-e266-4620-bca9-d80ede21c5f8	X	1989	R	1	10424	2
8c4e4cf0-4391-4d08-9ce2-c37e5140eaaa	X	1374	R	1	4841	8
abe781e9-7449-47c8-a8a9-809d14591636	X	2478	R	1	6868	5
402b5e56-7605-4dee-9d03-2ffbe89058de	X	2411	R	1	266	2
402b5e56-7605-4dee-9d03-2ffbe89058de	X	940	L	1	-2048	2
94b2e25e-e138-466a-9fc0-eff796fdd52c	X	1924	R	1	3130	2
7b142262-cfd6-47ee-90bf-e18ef7088c27	X	1579	R	1	3063	5
3c4c3c26-50fe-4073-b383-d63bee15b4d0	X	2113	R	1	2916	5
4300dfde-f996-45a4-a16c-7b978d1e3c3c	X	1807	R	1	1817	4
69ccc58a-f309-45c0-8135-cff488611b1c	X	2095	R	1	2411	2
0bf360ed-caa9-4b6e-8ccb-392a818466f3	X	1917	R	1	4370	2
a60ce64d-67e4-4024-a3d7-99925de24192	X	1977	R	1	4797	3
bd4811e0-ede5-488c-9282-1f844b08b69b	X	1606	R	1	16708	9
506a8b1e-3ae6-4265-a107-2439600300a4	X	1814	R	1	18756	2
56dd4e3a-810b-4fdf-a42f-aed30117eef9	X	2361	R	1	4745	14
c68e5e5a-19f3-470a-bca2-90a5e2d9c7c4	X	2209	R	5	142	3
9c52ca8a-c9e1-40a3-b593-1e9b996dfe94	X	2555	R	1	18056	3
daef5088-63e0-4bf3-b016-8bdb1ef7faad	X	2414	R	1	265	8
d764b936-fb09-4868-b969-e90e31ce1f3d	X	2442	R	8	231	5
a83a87f6-a018-4c09-9fff-c128c102e7bc	X	2134	R	1	13329	2
e9dd63d7-da42-4450-98c3-532e7afe3007	X	1748	R	1	16666	10
267cd30a-827b-49d9-994e-e4b55432c6ed	X	2380	R	3	10256	6
f364f892-27a9-42bf-aa7e-ad6e2c50ef74	X	2389	R	1	16573	4
119a0bea-f5b5-4c65-a1fa-556134fe4ef3	X	2133	R	1	233	2
6de86548-e986-4b83-bc97-fca67eddd8a8	X	2625	R	1	276	4
8ee3544a-6280-48d2-b925-a25f5eb53dd7	X	2266	R	1	3507	4
24d7c9d4-12e3-41fd-b0b3-a1d00ef6b686	X	2164	R	1	1836	4
6c312a12-79fe-4b60-81c6-19872511c923	X	1986	R	2	175	5
6f122450-0c7f-426b-a601-45df9348e8f7	X	2660	R	6	18759	6
be9e00a0-468f-4f00-903c-ada6bb036a56	X	2089	R	1	1812	2
c2e583ac-811e-40a3-a895-179acc3c6b52	X	2346	R	1	6113	3
13f73a43-3950-45c3-8c58-ac1ca209d5eb	X	2110	R	1	173	4
156afad3-2f89-4d62-8a64-f247f1a6d154	X	2069	R	1	6021	6
eae99390-e98b-4d5b-8c0c-fecaf67011e1	X	2856	R	1	2920	2
a46b65b3-04db-4012-8417-4f8b8faa360b	X	1837	R	1	2192	2
eaac62ac-57c9-4de7-a6a1-2c3fccde830c	X	2141	R	1	1930	2
106e06e3-afd0-4a6a-9f44-19274696a549	X	1997	R	1	3681	2
258f307a-a437-4342-9f8d-229489f141d3	X	2187	R	8	4189	2
b1124e7b-7a3c-42c2-b130-60f9aebdc665	X	2492	R	1	2926	5
7de30845-c6a1-4649-a2da-8507fe58203a	X	2206	R	1	16611	6
865d790a-31f0-4ac0-890d-af962c0b7d44	X	2613	R	1	3420	2
7a2203de-69e0-4656-a227-feedf7592ba8	X	2190	R	1	4810	10
b1c2ef6a-7d16-4d07-929f-b913af411b5a	X	2402	R	1	1833	6
473475f4-0359-4e6a-9611-1327b76d4c9a	X	1910	R	8	168	2
453413b6-dc44-4b26-91ad-ce1343078118	X	2636	R	1	1841	3
febdb397-a139-4f43-ad70-8c3a7e36ac9d	X	2422	R	1	4818	6
08a01376-ad5c-405d-a19e-683376ec2897	X	2214	R	1	3602	2
146cc8f1-dd66-42c9-9e9c-13eba005c3eb	X	2113	R	6	2845	2
1d775c5b-34ab-4bca-a1bd-35892445ce97	X	2127	R	1	12840	2
d419ca3e-9d6f-4e17-beff-5e49c6f33b51	X	2436	R	11	13534	3
b9d5d1c4-63e0-40eb-b45c-7d849f9a1934	X	1566	R	12	24730	2
55cf3449-a667-4493-8d8d-616725aea5be	X	1905	R	1	16382	3
ad9df01d-811b-4519-8f98-6a69fe7e9e49	X	2716	R	1	5933	5
3ab4f5bb-5c2f-44ca-ad02-8fc8009dbfaa	X	2660	R	1	4377	3
4099c0fa-9c6a-4294-9b48-b574e7e5bcf0	X	2402	R	3	2922	8
4c892deb-677f-4741-b62d-edb99f514828	X	2127	R	1	3112	6
f428e4af-9b2f-4bfb-911a-222f5020a768	X	2158	R	12	46	2
09bda7d9-3ab6-45ae-96ee-24f565f0c87e	X	2033	R	1	4799	5
28308fae-1209-4efe-a891-1010a44a91bf	X	2115	R	1	2392	4
e6a5d446-3e96-44e6-9aa6-72e3fac2424b	X	2347	R	1	6026	3
707e4a19-ccfe-4c68-a261-1e7692782910	X	2116	R	1	2934	2
3bec2f9f-66cd-46ad-b68d-b17a76ad2633	X	1578	R	1	4846	4
89a4f902-5345-4fd6-8610-8c497a4c7072	X	1717	R	1	24	2
cfc9f085-8627-4c14-830c-7643c79343fa	X	1573	R	1	7447	2
cd00f48a-d7b5-431e-b8ce-1511641b6dbc	X	2386	R	10	276	7
0308c9ac-c5ff-4cf5-9b56-510a5ca75c94	X	2107	R	1	13367	3
a93adf67-453c-4abc-9c8d-2a871de597b9	X	1956	R	1	6092	5
e2856e75-7fd5-435b-bd06-64431d63946b	X	1435	R	1	3188	2
c15db4ee-851f-415b-a287-e90b3d867e3e	X	1748	R	3	408	103
84ca04ed-cd3b-4f1e-bb45-10c4ba8c813b	X	2152	R	29	4397	2
5a640e5e-7235-4380-89fe-597e37f9c08e	X	2100	R	1	6051	3
562be195-d4d7-40b6-b738-69601479fb30	X	1778	R	1	1859	4
bb9fe974-4216-4a36-94fc-b32060772fed	X	2374	R	7	4399	2
8419c663-6f0e-40d5-b505-15bf5e207742	X	2622	R	1	6022	4
feeb94fb-0206-47b7-8dba-13bc6bd38914	X	2062	R	1	175	6
f7a7f867-95de-4c6a-be12-2e2e7bcf9b37	X	2392	R	5	2945	2
f7a7f867-95de-4c6a-be12-2e2e7bcf9b37	X	973	L	5	6	3
63859b16-f25d-4c81-8399-6b828a08300e	X	1595	R	1	2952	3
d7dccb58-db97-4853-80b4-884c92b0b166	X	2283	R	1	170	2
aa212b96-c96b-484f-a249-eddc939b6ce6	X	1729	R	1	7459	2
8bab1481-2940-4f64-8eb2-3b211bdf326d	X	1807	R	1	4445	2
ba7e5090-ade6-4ca5-bd45-508a4781722b	X	2358	R	1	16684	9
bdc4ab43-bbf4-469e-8b6a-e4833d87cc09	X	2552	R	16	2516	5
8e2c8f25-a12f-4b88-ac55-c5c65bf8c048	X	2862	R	8	2501	4
d514c7ca-b1c1-4ee4-8baf-8c24495ad17a	X	2406	R	1	1879	5
30338335-cde6-4db7-9ae8-daefa6634947	X	2445	R	1	5785	3
4c6a5d8c-636c-4e07-8201-55e639338a62	X	2209	R	7	2945	2
decce35d-085f-4a97-9c3c-dc838913ac81	X	2095	R	1	4519	3
d0ec614f-304a-4d67-bd0f-9ca8354625ec	X	2104	R	1	4876	10
07a6c3cf-8fd0-4dd5-b4cb-098aad7bcd86	X	2430	R	1	1847	4
41c2ffdc-5772-4f13-a5f6-44ed11c41e0f	X	2381	R	1	16674	6
2b2ca7b6-f702-481d-8ed7-e7508e52058c	X	2657	R	1	175	5
bbf960f5-bb9d-4f9b-ba6f-4b374cf64848	X	2196	R	1	4086	5
309b5940-199d-49dc-ae8d-383c54d91ea5	X	2033	R	2	271	3
8595b7fc-01d4-4738-88e2-605c9e93a393	X	2376	R	3	2642	3
b818ce0b-56ca-42e9-aacc-abb2f0e016e6	X	2411	R	10	268	5
4265b1e0-3558-4f70-9a18-c6d79e8d7f65	X	2387	R	1	247	4
a2ca4c92-bb89-4f9a-bce2-bccac7fc90c4	X	2134	R	1	5835	7
13220545-c2e3-460e-b5f3-a6d03f0829be	X	2313	R	26	1862	4
c760d136-265e-43d0-93db-4fc20b2723a9	X	2466	R	1	25042	3
c015c618-f26c-4450-9b95-506d54f01467	X	2168	R	1	2922	2
2991341f-8a77-48dc-82d2-708443af3be0	X	2282	R	1	13494	8
3169b826-d7c9-4888-9d5d-3bdb0d4bc38e	X	2121	R	1	147	7
de7abb4e-8fab-46e2-b72e-5c854d31bdca	X	2083	R	9	2502	2
1f5c8fa5-4ed5-437f-b8f2-f8ab038398e6	X	2158	R	11	2404	2
7c60f8e8-8b88-4aa2-bc8b-b94ea6280d8c	X	2105	R	1	10340	4
65b19e9e-c48e-4b70-a011-cc081152c8eb	X	2077	R	5	1852	2
274fd02e-be92-492a-92e6-25b279443089	X	2283	R	9	149	2
a2afb891-7309-41a3-82fd-6b4d2c8bda00	X	2337	R	1	4806	7
6a995e94-3f95-44d2-817a-e00280290b79	X	2033	R	1	3671	6
1e435527-92f8-4575-b1a8-31bc65fe8559	X	1801	R	2	676	7
72e8730f-e6c2-48eb-b4ed-13e8c19e1649	X	1977	R	1	14676	2
18f6c420-d229-4200-b6d3-0b962804cdb5	X	2036	R	1	6284	5
4149cd06-a213-4e49-819e-4606056e9e78	X	2331	R	8	8222	2
a51beb6f-28c4-4604-b29d-cb7602862be4	X	2170	R	1	4375	4
c9d89eee-4a2e-40ac-95b4-8e6fe67ec801	X	2380	R	1	29	3
4ea81a03-fd40-4764-83db-0279ccdc7e5b	X	2204	R	1	3667	7
9d72eb03-5fd3-4b3c-b750-315843b63889	X	1923	R	1	4804	10
01508f95-3314-408d-a576-693fe2021320	X	1930	R	8	12221	3
01508f95-3314-408d-a576-693fe2021320	X	985	L	8	6	3
92cb9f15-98fc-4881-9129-bd1d6c453934	X	2543	R	1	5880	4
0aa19f5b-bcd0-41c6-b816-a4e38b2a4ab0	X	2540	R	0	4828	4
89a2fa33-53be-4ca7-bda5-6683ca973620	X	2361	R	1	5959	2
b50e1522-f35a-4591-90ee-ce7f15c45579	X	2228	R	9	2388	6
1aa87c5c-fb4b-4591-a6e1-a2997cb53e0c	X	2170	R	5	2497	6
3734774a-339a-47b5-9e22-6c958cb488d9	X	2398	R	1	6056	5
27a3c632-7a93-48b0-ae6b-05ae610cda03	X	2113	R	1	7686	3
8e9acaf3-0762-4ea6-a4fb-59fa915ce78b	X	2283	R	1	219	4
aa835bac-884e-4fa8-b6be-3523030cfd74	X	1561	R	1	3402	2
510b9490-99fa-407a-861d-9cb8f41fed10	X	2472	R	1	1852	3
5c68439c-d7bb-4a1f-9af4-230a18bb6390	X	2446	R	1	5984	4
17b7921d-a14b-46c6-b6bd-4860c345cce0	X	1595	R	1	2916	2
8a9bf509-750c-45f7-b5fd-3c74f69a405c	X	2587	R	1	10763	2
a53116b9-7321-48a0-ad6a-d0bc1673afdd	X	1615	R	1	1833	3
945174c9-aa64-45b4-8a22-2d6bea291500	X	2263	R	1	5992	3
0116b58f-c8c4-45b1-9373-9c6331f10d54	X	1630	R	2	16566	7
c2c44d57-0f18-4f3e-8efa-87df063cdb62	X	2636	R	1	230	2
b4dde0ff-2d33-43a8-bf93-770c2a7d48c0	X	2365	R	1	1836	5
9a4040ce-9df4-4404-a91c-e1040d14de67	X	2113	R	1	2868	8
fa9af5c0-5fc0-4c69-b2d9-5d932d950351	X	2487	R	1	180	5
e7e875b4-1bfe-42c3-abcb-cdac1f793eb4	X	1846	R	1	16553	7
af2f8782-b8cd-4ea7-b336-4f7d74bdc5e2	X	2478	R	1	1839	4
2b2a60f9-5456-42b7-85ae-3c0821069f80	X	2196	R	2	7510	2
5254768c-cf3b-4582-be00-8b2ca723fe32	X	2309	R	19	280	5
f5f9a3e9-80cc-4522-ad30-ada4776f3ef9	X	2411	R	1	1868	5
61c3ed58-fc55-4e53-bf86-b64b4beb99f3	X	2277	R	35	146	4
c4eb3933-6dd2-4e9f-8ab5-8788b66d1c29	X	2110	R	1	5847	4
a3b261af-e7d1-4c83-9622-ac819e9c3fe4	X	2504	R	12	1822	5
dfe563bc-31c2-4ef5-9289-9490d0184375	X	2267	R	1	1249	3
a2d3dbac-1667-4662-9e07-e016a705b1d9	X	2630	R	1	4760	8
b97ed50e-bbfb-46f8-a261-3a9f8e389376	X	2194	R	1	1923	3
c4f073ad-0db7-4d1d-86c7-45f71cc6a189	X	2237	R	1	6857	8
e3d48dd7-8fad-4837-aa26-4626a1beb6f4	X	1892	R	9	1937	2
b22702b6-e306-4c28-a5e6-68c321e899e3	X	1995	R	1	2930	6
a0af0fee-46b2-41d8-be8e-1642bb3758c5	X	2817	R	15	5852	2
068f512e-73b7-4fa4-bee6-33a5e3f5f58a	X	2386	R	2	4593	2
9c323a8f-2378-405c-9578-a667387b651c	X	2807	R	1	231	2
4c3bf827-f485-4e10-92da-99ac1e6d6765	X	2149	R	3	6337	3
6c0cdb3c-5c69-47bb-9f67-7f7553bafb9f	X	2177	R	1	284	4
4d5659ec-b51b-462d-aa8f-128eb0c177c7	X	2121	R	1	271	6
2652d8bc-4197-4bb0-8bc8-7d513c53ae39	X	2325	R	1	18732	2
968ad810-6e8e-438d-9f6c-fea3dc6e714d	X	2313	R	17	3095	4
a44606a6-a89e-4f47-bb7d-a77952d5cb6c	X	2100	R	1	3113	5
a26957f0-d4aa-4979-91fa-9bde5dd346cd	X	2433	R	1	16708	4
2e25a00a-49e0-4b56-8929-eec6f94509ca	X	2228	R	14	123	2
bd72e89d-f75d-458a-9506-2d08c9af90d6	X	2392	R	1	4759	4
46d50558-4a4c-405e-a34e-cd4843e26786	X	1586	R	1	15879	8
ec920396-8c6c-435c-b835-3fddc21e32f1	X	2504	R	1	2397	2
ad171454-a04d-4446-9647-d676b8d9bb4e	X	2190	R	8	4823	15
1c57a03a-6368-462e-a628-512524ad3aee	X	2247	R	4	16376	6
1c57a03a-6368-462e-a628-512524ad3aee	X	997	L	4	6	5
6ad7982d-4bb4-4866-a18b-854666ce2f97	X	1744	R	1	1286	4
cfcf2e71-e732-4487-913e-e7a8d67893c1	X	2360	R	6	4399	2
0d503eb7-64d5-4c06-adfc-4843e8770ded	X	2108	R	1	2943	4
6df4a9e6-4359-405b-b1ad-4976d08bbfa3	X	2368	R	5	1843	2
f039ba14-ff3b-4a56-a411-d960eae31862	X	2362	R	1	176	5
53bbc611-3e55-4d31-a14f-021be8c342fb	X	1904	R	5	1848	3
4d3dad97-0ef2-44fb-99fa-ce6437d5c53f	X	2240	R	1	790	8
077ed88f-a0c0-449b-9bdb-8303203762ad	X	2158	R	1	2507	4
7204d7df-6b73-4c21-9584-d391a9775528	X	1771	R	1	638	7
626e98ce-2e5d-4ace-85ad-4566d46696cd	X	1879	R	1	2916	2
7ed37976-e18b-48ef-b346-c80e2e4f5b17	X	2817	R	1	155	6
f888709b-dfb2-4957-b9dc-96f81afa6a5c	X	2405	R	1	269	6
2a95adab-cf3d-42e2-ab94-da1643002e05	X	2307	R	1	1853	4
f8a21c32-6e43-405d-b818-cc4f877cc251	X	2277	R	8	2525	5
2837551c-3214-4d4a-9d0e-8d5d02ac7494	X	2781	R	7	4421	4
cd2da40b-5f04-43a9-8b3c-17b67e5ad928	X	2178	R	1	2958	3
d5138d86-e740-4540-9927-6b82e1ba74c9	X	2460	R	1	1850	3
c5d7f2f7-1035-4550-81cb-80027f59ae9a	X	2111	R	1	16796	7
d201da35-ef8f-4f8d-a214-56af59772145	X	1747	R	6	7449	3
6936350a-5972-4a97-acc1-2b9e452f3aaa	X	2463	R	1	16647	6
5ab39490-56ba-4767-a7e9-a3ac3a03617b	X	2141	R	1	2535	158
e714144c-efea-486b-a032-ed1b69923005	X	2357	R	1	230	6
c1efb075-5c56-4f61-9b4b-7ddf29ffa914	X	2460	R	12	139	6
a7efb798-06de-4192-8751-96e0a55d5121	X	3088	R	14	4407	2
37b2d3d8-63af-4fb0-8d99-a68dc830ac56	X	2177	R	1	678	2
cbec8489-2d45-4b2e-84bf-b2fced7831fd	X	1560	R	9	141	2
439f987a-72bb-4f80-b0b5-1e0b89e0b162	X	2316	R	1	16527	4
cb57348d-2836-4ace-a6d6-a9fdddff8637	X	1862	R	1	171	2
5246f837-b3ee-4411-bf42-67b8da90f6e8	X	2033	R	1	4748	3
abc5561a-f5df-4566-a838-57493531ade6	X	2665	R	1	10329	6
f39fef1f-ae86-44c3-b52e-eb59971c1e1e	X	1862	R	2	2445	3
4f477752-b04c-47b2-b9ba-25a6a8bbfde6	X	2289	R	4	3662	6
c4941d61-f4d9-485e-8cb9-09f8ff1060d6	X	2190	R	5	1824	4
ca9ad747-3cff-40d9-84a6-8b5ff63b1fd8	X	1772	R	3	11490	4
e911bc64-e865-4d58-bf69-8092468477fd	X	1697	R	8	5954	4
6e5eb179-6ef0-4943-8d6d-6cf8ab638cab	X	2171	R	1	16547	3
88585149-bf7a-4e10-a8bf-32b315ad2f49	X	2734	R	1	2011	5
700c7199-f9a7-4bca-a69f-7c589043dba1	X	1595	R	1	3380	6
dbd5a629-be32-4e6e-9130-612dcf1448a1	X	1452	R	3	6898	2
ee051fff-a942-4cc6-a0b4-2a10a75e90d5	X	2127	R	1	1859	6
ee051fff-a942-4cc6-a0b4-2a10a75e90d5	X	1008	L	1	-3988	5
51843c82-92b7-44f5-a403-b7c760cd1156	X	2460	R	1	7007	2
adf9f61e-cf99-4bb7-8bb6-6a841a1efb6a	X	2022	R	1	4772	7
4fa9a189-02bb-49a9-a3e9-eb259b879e29	X	2739	R	5	1870	2
9f592fc7-ed59-4947-aa47-1794e72bd5c7	X	1723	R	5	2542	2
4d72d58b-2c79-40c6-a334-46a38e157117	X	1009	L	5	6	3
166b6b67-7b2b-4dba-8198-ed5f540d2b3b	X	2038	R	1	1840	75
1d67b184-a621-4284-910e-bbfb3a2f1f3a	X	2478	R	1	276	4
32b4d624-49ab-4397-be13-8220bbe6f7e7	X	2540	R	7	269	4
4916a29c-a232-4cc3-97d8-3ed9f36f10a0	X	2441	R	1	4807	10
750df744-b746-4f2d-9737-3f61de653810	X	2616	R	3	4828	4
71aa5e1b-0b0b-445e-961e-5a91608e9853	X	7050	R	1	863	2
c602ee5f-e949-4f2a-831c-e18744982046	X	2307	R	1	5082	2
811e83cb-2300-42a5-ae2e-74469e691ac6	X	1868	R	2	144	7
7680a0c0-7eda-4d43-afa0-5b17905a2849	X	2033	R	14	1843	4
ac84fd3b-3ad3-4054-8e5d-f12593c90915	X	2190	R	1	2426	2
2ccab60a-95d5-4f55-971a-060b77719448	X	1969	R	1	5939	3
2d40820c-b108-4799-ac1e-21ea1b462f3c	X	1899	R	6	7485	2
e41cbb08-4df8-46e6-bdd3-8387873466c5	X	1771	R	1	7476	2
93aca105-aebb-4417-9f02-4bb0c813cea1	X	2475	R	1	175	4
0875982e-8655-468b-b7dd-340cedb03754	X	2466	R	1	9220	2
d5eb5675-57ad-49df-bf19-5cbe05d1e515	X	2223	R	1	9628	2
f9623612-bb44-4d3e-89c7-c92a8a2a40f8	X	2053	R	1	179	3
348179bb-0676-40f3-a24a-0ae4a083137e	X	2044	R	1	5855	5
261ffb79-8764-4beb-9ccf-919cfd2a4c18	X	2185	R	1	4850	7
94a89328-1fb3-4976-8001-7b2729b25a10	X	2440	R	1	1249	8
ddbbd436-e7e2-419d-b83d-283f575991ea	X	2654	R	1	226	3
1fc89915-d049-4931-b11d-353728314025	X	2624	R	1	6983	6
5e3d988a-c3d3-4b2b-94e1-46585ded19b5	X	2375	R	12	1845	5
a274dd09-4cef-4db4-87a7-c225a3754201	X	2164	R	11	278	6
9a1718ef-b4c2-432d-90bf-7873fefc24ef	X	2277	R	1	7461	3
81f7b658-5642-45c3-b60f-c0abc62d1d10	X	1732	R	4	6330	3
cb329ebc-f958-4cf5-ae60-8bb43bcadd30	X	2148	R	1	4803	9
53f48a28-457d-4c57-b388-50b727165fe5	X	2350	R	1	12289	4
67fb0bb6-421e-4aff-abbe-813da3aeb173	X	2455	R	1	1794	2
dc9b35d6-a235-4078-8f35-cb772d62c14a	X	2086	R	1	16578	2
67d3ca29-b57a-4f28-8a81-0c80217658e6	X	2113	R	1	2901	2
2b6a1917-803d-406d-b3a8-fe484292453f	X	2343	R	1	1825	2
95382c3f-e105-4acc-b592-c29ac621c3aa	X	2222	R	1	7477	2
4a759155-e3ab-46a7-aac9-faee9df76bb4	X	2170	R	5	2499	2
7428d8bd-0ba5-4279-ba4a-aa1930e31580	X	2685	R	1	22717	3
0c3e5197-6182-4926-b686-aa270fbf5bf4	X	2074	R	1	6322	3
0eb085b8-e64a-4cb6-95cb-047276634988	X	2153	R	1	1930	3
6e0dad83-be2c-4d7f-b405-0ef49d6eef0b	X	2524	R	4	2910	3
dcbc0835-075c-4d65-85ff-a81108103120	X	2063	R	1	2902	2
0620981e-7d88-4c7f-8c2f-2deccc59565d	X	2193	R	1	1829	4
e79ca7c8-4344-4d82-8ff4-5d1b15b30485	X	2361	R	1	174	4
fdf680b7-7ca0-4313-b82a-44285a48ba19	X	1021	L	1	6	2
77d64885-71af-40b8-8db0-dd39e3e00f24	X	2209	R	1	5366	7
c19fa5ea-f1fd-4dbd-8748-16e163dc3656	X	2059	R	14	1864	2
615a71ad-2b78-4a9f-9a4c-990c0912997a	X	1862	R	22	3598	9
50b6aef1-79d9-4fe4-ab83-3f30c41ead28	X	2469	R	1	176	4
ffa684ca-d617-4a8a-92ba-285574df108c	X	2355	R	1	7359	7
9a215460-3a8c-4380-8513-6878465dd51a	X	1837	R	1	4797	12
5714adbe-547c-42a7-b2b2-a21d1cdf5340	X	2196	R	1	4410	2
725b98a9-ec45-4870-8464-ce7b29b95372	X	2724	R	3	175	3
9f425493-93aa-419d-a0e2-bf074ba37532	X	2192	R	11	229	2
fdebbed5-c83b-4f8e-a7aa-83e6c8090cbf	X	1953	R	1	2903	3
07268ea4-a461-4c01-8d86-081205f8f04b	X	2160	R	1	10403	2
84ad235a-50c5-4f94-9c10-5439d65fd4d0	X	2157	R	1	5965	2
1065f583-fb4f-4905-b0cc-cce38516eb7e	X	2821	R	2	2911	4
cd9994a4-4c20-407a-b236-7b2578128298	X	2417	R	23	227	2
cd9994a4-4c20-407a-b236-7b2578128298	X	1026	L	23	7	4
13d071f6-b711-4fed-a719-a8054cd45060	X	2266	R	1	291	5
13d071f6-b711-4fed-a719-a8054cd45060	X	1026	L	1	7	6
03636a52-a51c-44b8-8a19-d9ff96892192	X	1971	R	1	3811	2
0e518f58-a531-41bd-b0f6-67d28af69280	X	1771	R	18	4838	3
0e518f58-a531-41bd-b0f6-67d28af69280	X	1027	L	18	6	7
71aa1634-0c10-4a17-821d-9040f74a3525	X	2805	R	1	6673	3
07d84293-de42-4892-8fea-474aa06be332	X	2697	R	1	142	4
b58d2723-8d9a-448d-803a-03b3210a79b6	X	1819	R	1	7673	2
d8942033-bada-427d-a496-2afea6ad0bad	X	2089	R	31	13350	3
302a98b3-c9a5-49a3-83af-7117796d2faf	X	2349	R	6	2910	2
aff1bffe-036b-4f74-a980-01111f9bc4f9	X	2139	R	1	2915	4
d7b10ef4-92f3-4857-948e-6193773da56b	X	2154	R	9	228	3
09f903c4-d5f8-4afa-b376-198b00a91870	X	2101	R	1	4822	11
085a5239-77c5-432c-9d1b-99f0407d8aed	X	2038	R	19	13163	3
ee1b79ae-3d9d-4325-be02-32f2b8912084	X	2792	R	1	308	3
fcf59cd0-d2ee-4871-a68b-19f6820a10ba	X	2313	R	1	11938	6
ee22ead6-956d-437d-9963-713d845df0f8	X	2014	R	24	2937	3
4ee2adeb-9f75-4053-8ce2-c96854d30a76	X	2121	R	1	1834	2
4ee2adeb-9f75-4053-8ce2-c96854d30a76	X	1033	L	1	6	5
41131e35-089a-4282-b033-2fd5b69e1dc4	X	1941	R	2	1275	2
f549688c-1c9e-48db-9bec-d2f4b192afc2	X	2240	R	16	1843	6
bf44819c-dc28-40e0-b4a4-01fa74751a37	X	2436	R	2	1968	5
352a4a8d-84ef-4d43-95fd-44809a06cbdb	X	2508	R	1	7577	4
7e791b03-7cde-467c-952c-6fa138d7d317	X	2543	R	1	16598	5
0bc7715f-bd74-4622-b18c-8b4138614a4d	X	2388	R	1	5870	7
93a033e9-2081-4b67-995f-cb4b5d8f176a	X	2665	R	1	2378	2
f2b94319-526a-4571-8605-1951327d1d5b	X	2727	R	1	25215	3
1fdcf740-7051-4113-809d-0292eac1487d	X	2086	R	1	5837	5
201e1d79-b3b5-4cf3-a770-07a6c93afa33	X	2417	R	3	1845	3
d3df8476-08fd-488d-a855-f4a2c6518374	X	2171	R	1	25107	4
2ad872a7-0edf-4f8d-8751-e1ad466f306e	X	2319	R	1	5864	5
e2ad6a59-802d-427c-b75e-46f6d8cbaf11	X	2313	R	0	8260	2
18d64966-c919-4f5b-8da6-8033965cd6c9	X	2289	R	4	3688	4
6a2dbc84-64d4-4f94-81e0-5a9f3541b89a	X	2821	R	1	7107	5
e8b72a9a-2dfa-47dc-96cb-5ce1b7f66b74	X	2095	R	1	4823	8
d365afcc-cce7-479f-ae54-45f6f06a2167	X	2240	R	1	2937	2
8e74a96f-e215-4190-9883-dc7b4f0c9047	X	2422	R	1	3038	9
cbc228b1-6c70-4327-8680-84a0034afda2	X	2133	R	7	1862	4
c46d4d97-a8d2-4ae3-836b-a391991e8cd3	X	2088	R	12	10463	3
ac23fdc7-3a59-408e-92ef-e24d9dfa7ff8	X	1841	R	5	1898	3
22631d46-79f8-47be-8576-045d8f56a3ad	X	1917	R	15	136	3
0e6a6094-6b3b-4947-98f0-f8aea2ec264d	X	1886	R	1	1841	6
825b4747-d4bc-4614-a9af-b835c9e2702c	X	1753	R	1	6635	4
58b6a8b7-0d63-4348-a90f-beeb0c00089a	X	1831	R	1	5362	4
7edd556a-584d-4756-9212-33a54def338e	X	1723	R	1	2915	4
741dcb7c-3941-42b2-967c-445b2d9fc7b9	X	2374	R	1	763	7
01101fd1-c4b6-4b3c-8965-1955a0987fed	X	1868	R	21	155	4
98b2a89d-c144-494c-9a86-9510e9456622	X	2587	R	1	5905	4
98b2a89d-c144-494c-9a86-9510e9456622	X	1042	L	1	5	2
f11ea842-3360-41c2-b643-d684371e3481	X	2445	R	1	7065	6
412901b2-2245-4909-908b-0cf9769d8f2b	X	2582	R	1	1853	5
412901b2-2245-4909-908b-0cf9769d8f2b	X	1042	L	1	5	7
c1b6d9e7-e9ce-40b4-b430-fc9f14109590	X	2642	R	1	3120	5
36d197dd-13fe-4141-a3b8-a948c512db58	X	1042	L	1	5	2
313ed214-9e92-4aae-a1c0-20bd32980c78	X	2265	R	5	3089	6
44487a72-7d6e-45bd-91ca-e06c41d17967	X	2146	R	1	5804	3
da7918c2-2ee8-4be8-9ae2-e06cc0a2b046	X	2246	R	1	2517	4
239b8654-f561-4450-a714-e3e6846d71b3	X	2214	R	3	2538	3
cae4a260-a16c-487e-9cb9-d70a33f2eabd	X	2322	R	1	175	2
af201f76-b5f8-4d98-a5f3-47614eb20087	X	2127	R	7	16268	5
11ee0051-33d9-4a48-b840-e44259ce2d56	X	2278	R	1	5850	7
58023cda-95ba-4ba0-82d4-8b670e977fc3	X	2289	R	1	14850	180
e9a96230-ad1d-4096-8ac8-cf79dce51669	X	2038	R	14	3077	3
90c792e6-8fd1-4b61-91d2-599c994dbb37	X	2152	R	1	271	5
ee4473c1-e1d2-499d-9bf9-6d2c0407118a	X	1831	R	15	7470	3
e2ecf0c3-98d9-4e76-9d9d-4531bcb0640b	X	2850	R	8	1862	6
375642b4-3b26-4997-a2c1-03dad166de95	X	2361	R	4	2413	2
833cda1a-3719-4043-807f-cd0e01ce5de1	X	2170	R	1	2942	4
6bbb7324-c09e-47ce-9360-b9c3931695a3	X	2008	R	1	13252	4
6bbb7324-c09e-47ce-9360-b9c3931695a3	X	1045	L	1	-14084	3
bb87d48e-ff72-4796-8797-d7ba4c18f9b8	X	2234	R	1	1856	3
fe33c7aa-e52c-4396-b137-d13407a2ee54	X	2053	R	5	271	5
6e12c82a-321f-4edb-8d23-2001d637cea5	X	2408	R	1	2811	5
2de1b1d1-d6aa-4a23-921f-89fdd1c0d31d	X	2096	R	1	6051	4
3224e5cb-c108-4e4d-a7e3-5ef8ca190417	X	2665	R	1	4229	9
10d70c40-e2cc-4493-b55c-2667b4fa8ad0	X	2374	R	1	2946	4
23d9a325-a84a-43e4-9d3c-00dc1b1e1def	X	2454	R	2	4405	5
911df0d1-ddb1-474a-9213-d584346720e9	X	2442	R	1	11971	4
52fabb6e-7aa2-4592-b9fe-69f7638dc862	X	2265	R	1	2228	2
dd1ffa22-a05a-4734-9ece-259d62ff2bde	X	2976	R	1	3656	4
251d372c-5756-4e21-8805-07eedb7eb61f	X	2235	R	19	7394	2
ed9db427-9776-42bb-b317-c337058c7c5c	X	2349	R	10	7287	5
7e20af0b-f3da-47fc-ba9f-a7412cbf0802	X	2330	R	15	2388	6
88a1610c-7442-41e7-9d72-bf79e4559dd3	X	2355	R	1	1847	3
0d0356b5-bedb-43b8-b4dc-b0394d13d539	X	2203	R	1	1841	6
0d0356b5-bedb-43b8-b4dc-b0394d13d539	X	1052	L	1	-4793	5
fdf84608-0b63-4f79-a994-a7f3ff203152	X	2106	R	1	4794	6
f8e3a2ed-c1fa-461d-b968-22d5f8f6eb30	X	2349	R	5	273	3
448fc757-7842-4d41-8cb1-3bef83a6e92b	X	2260	R	10	12857	4
b3298070-9e73-4250-ba8f-8dfa229b97fa	X	1915	R	1	1236	5
ecfb4813-b973-4872-aa2b-cec942c08184	X	1883	R	1	763	4
13ede842-23c3-4736-b0b5-b94080143905	X	1807	R	2	2606	7
13ede842-23c3-4736-b0b5-b94080143905	X	1052	L	2	-462	3
44f5d881-eddd-4d51-82da-cf0ec46b6a66	X	1783	R	2	2093	2
2b564b36-869a-4869-906a-0f6712f5bbe9	X	2624	R	1	609	3
2b564b36-869a-4869-906a-0f6712f5bbe9	X	1053	L	1	7	2
983832ef-dbce-41ef-8107-0cab46bed1cc	X	2313	R	1	279	7
983832ef-dbce-41ef-8107-0cab46bed1cc	X	1053	L	1	-4143	4
3fb1e18f-84a8-4e69-b852-eea77eee7466	X	2197	R	1	3686	4
3fb1e18f-84a8-4e69-b852-eea77eee7466	X	1053	L	1	-5855	3
f7b22419-af4f-4f28-be76-bd9d020d2660	X	2325	R	8	1348	3
10c37470-541b-4840-bcdd-d9c000823885	X	2564	R	0	3106	5
10c37470-541b-4840-bcdd-d9c000823885	X	1054	L	0	6	3
0e4a7260-56cb-49d1-b680-0ec052f1bbc3	X	2171	R	1	1844	2
067a65cf-34b4-4752-b263-f0665e8ceed9	X	2660	R	3	2511	5
8447c5b6-663a-43e7-ac9f-7228b14a5ea2	X	2418	R	1	1572	2
fb7545d7-c379-465e-8975-db7adff24417	X	2564	R	1	4440	2
bb1b7d52-2447-4eb6-a3f3-3c73b63eeadc	X	3205	R	1	7701	4
740d2785-251b-4059-b13d-469865d311ac	X	2594	R	1	2946	5
183a8071-9417-4acf-8a02-b21a5cab2623	X	2283	R	1	1835	4
ef6e4103-5e6a-4ac4-97d7-919571fb5960	X	2226	R	11	4776	5
75ec0e9c-19db-474d-88c5-f84e76859dfc	X	2295	R	1	1847	4
d39ec0b7-e8fe-4744-85ef-ce5812c9cacb	X	2249	R	7	5827	6
06c9b48d-545c-48ca-b58e-8de6827a3aff	X	2089	R	2	1865	3
ab9b939c-7bdf-46cf-8ce9-b60115fcf2ee	X	1886	R	1	2880	2
a87d1433-a2cd-48c2-8751-d9b1c06bdbca	X	2648	R	1	5961	4
f106332e-8ccf-4ee4-95db-cae3bb33285b	X	2265	R	8	4904	4
da33789d-f557-4d16-b692-cd86604f24b6	X	2330	R	1	7666	5
c0bdfa3a-d7d6-40a6-932b-51241dfb5ad2	X	1729	R	1	3638	5
8d193354-8c37-4b3b-8039-f0c673c56c9b	X	2209	R	12	280	6
34528fc8-5e0c-45d6-bc0b-ebd31bebac0c	X	2366	R	1	1245	6
2ece613c-1528-47e1-9aa8-d384b9a7093b	X	2158	R	1	1853	3
1c7bb35d-965c-43ff-b805-b538b3267aa0	X	2128	R	1	2839	8
1b3fb3ae-cdeb-46ae-8fed-5ebe500fb7ba	X	2077	R	1	1846	4
57221bd6-ce35-4149-9bf4-0154768d4bd6	X	1892	R	1	1149	2
1116ac06-c750-4c43-8e2a-150bb769d939	X	1059	L	1	7	6
b180fc62-27cb-4203-a194-63cf1f011aea	X	2534	R	1	146	2
130705cc-2cca-44c7-a93c-987f598827ff	X	2113	R	1	4815	10
130705cc-2cca-44c7-a93c-987f598827ff	X	1059	L	1	7	4
5dacccd4-e43a-4554-a101-15e7995a4206	X	2113	R	1	1807	4
92b80447-8571-45bc-86fa-ce48edbe069f	X	2285	R	1	10387	4
28c31f2b-4a11-466a-8b7d-eaefe4b8b635	X	2214	R	1	12594	3
757a80b0-2635-473c-9efd-a62f4dcb0133	X	2071	R	1	4942	2
c0f72af8-0c3c-4ca2-816a-f4ddd0a03434	X	2594	R	1	2947	2
6078b235-db49-4133-8763-762d73dbbc20	X	2252	R	12	3611	2
fabf6799-c585-4923-bbfd-a2fc467cebf9	X	2355	R	1	7492	2
67cbb6d6-3d6f-4f31-b3a5-c43890f1b8ca	X	2245	R	11	233	2
5735b8e8-9a2b-4691-9b33-ec7e82808964	X	2332	R	1	3396	3
4a7cd882-8653-4cac-abc6-c8381e32730e	X	2246	R	20	7471	2
54a0de59-4ef6-4505-ba28-21916edaaf67	X	2301	R	11	13141	4
6567bde5-484f-4fe9-9309-51600956d1f7	X	2410	R	6	3683	6
9468f927-7555-4658-9202-fceb9f9f5cfa	X	2159	R	1	3652	6
d1ac131d-dc13-422c-b8fa-53bb850bb8d4	X	2209	R	3	1843	2
20f1561c-ff37-4074-9d1b-bc44ea3a8632	X	1862	R	1	4230	2
c839705a-3141-4876-bb0f-33d1da2d8470	X	2121	R	1	264	5
7f3adead-1344-4a14-98a4-ff0d2db11220	X	2158	R	1	2906	5
a056faab-0a8d-46d8-bee5-d617f15315a5	X	2386	R	17	267	2
abb53a6d-95b7-47e9-a564-30f847a7a83b	X	2092	R	1	6123	3
fb6945ff-5dfa-4e47-9cff-52e1fe54f4e5	X	1789	R	1	4108	108
bd9ca360-0f36-4b91-be92-eac2e550122d	X	2032	R	1	4838	7
70f45dfc-972b-40a2-8876-457b35b9deb3	X	2361	R	1	16620	6
b98dea25-e5c1-4878-b31f-fb71c48f2ad2	X	2534	R	1	1842	2
d8ddd7ec-1f6c-4f7f-a891-4e885eb3983d	X	2374	R	8	2726	4
c7d23166-23c6-4a11-a263-223039dc60ed	X	2516	R	1	59	5
8a3e21fa-f24d-41b5-82f7-cdc7f069e3f4	X	2114	R	9	174	4
0a051ec2-aee0-4c01-a79e-266fe17dca95	X	2286	R	1	5867	4
6b898236-6e9c-41a6-939e-092492ba934c	X	2259	R	21	1848	3
506bcb38-b479-41ff-a722-ea5b25746cfb	X	1894	R	4	4825	6
6c50d8cc-712a-43f7-9370-47364878de5d	X	2328	R	6	175	4
2028362f-b6d9-4bae-b8d7-2d5b6e43ea02	X	2448	R	1	1762	7
66291340-776c-4d46-b068-e74bcfdde7fe	X	2448	R	1	4831	9
b6bea943-9469-49af-95cf-4324b60c8f71	X	2398	R	1	4144	2
708ddeaf-0643-4102-b76b-1330fc6deb4d	X	2349	R	1	7459	5
4b31c0bc-6407-4190-b47e-2da94076e532	X	2613	R	2	1292	11
5e21be38-42c0-470a-8270-a8c7ec59eebb	X	2565	R	1	225	3
b3247433-0471-4cbd-a986-8462180d56a8	X	2505	R	12	235	5
4985848e-651e-417c-9f48-16975faba08a	X	3282	R	1	3108	7
43352e9e-a0f3-4b16-a088-ab32f614df2d	X	2342	R	1	13346	4
a2710123-7990-4980-b694-6b6bce2d8329	X	2108	R	1	4401	4
9a4e8ea4-4ad1-4fba-987c-6b2c76309db6	X	2187	R	1	13342	3
07246235-2c56-4cb2-8df6-07a02f4cb7b4	X	2507	R	1	16499	8
b61439ae-fffd-44ff-a89f-d6cb5ca486c3	X	2655	R	1	1860	2
dadb0f11-a53b-4158-b69d-3d50b1ff5a17	X	2709	R	2	276	4
2d87437e-eb2e-4c9e-8f5f-1d2e062f8e17	X	2349	R	1	2950	2
2d87437e-eb2e-4c9e-8f5f-1d2e062f8e17	X	1069	L	1	-3618	3
1ff60a3a-7cdb-475b-80fa-07f9bfebb4a5	X	1837	R	16	4417	3
4de30df7-cc60-4d23-9b22-2de90c0a0b08	X	2209	R	10	1831	3
f2072b5b-01af-434f-9285-423463375ebc	X	2497	R	1	1903	2
f2072b5b-01af-434f-9285-423463375ebc	X	1072	L	1	6	2
7d71da26-f27d-4630-b9a2-2e2bafa0410b	X	2203	R	5	4820	9
e7fd5553-986f-4668-806c-863f879440cd	X	1984	R	5	275	3
e7fd5553-986f-4668-806c-863f879440cd	X	1073	L	5	-26	3
b4be71c0-abfc-4614-93ee-ed7172145132	X	2609	R	1	172	4
b40313d4-d8c0-4e97-a031-324961c06822	X	2479	R	1	198	5
02b0cca6-5bd4-441b-ae9e-adc76d3051bd	X	1077	L	1	-38	10
36b40645-d69f-44da-970a-94815fad04ed	X	2411	R	1	2950	2
34c1dd4d-9af3-496b-b8b9-1651d133b267	X	2478	R	1	12127	2
34c1dd4d-9af3-496b-b8b9-1651d133b267	X	1077	L	1	-5937	4
4c66f55d-a4e6-44fa-8895-b9253f22f867	X	2443	R	1	2630	4
5b9a3bce-a099-4a53-905e-95a8af4851a0	X	2484	R	1	1234	4
6e3c7a8d-0ac0-4d3b-820b-0785b55b2bcf	X	1077	L	7	-75	6
a7952676-c291-4667-b452-786f38506050	X	2077	R	35	4415	2
c57357d6-36a8-44c3-80fd-257d3aef59fa	X	2487	R	1	1577	7
e3e7ce33-cbe7-45ae-bb12-2c954882a3eb	X	2466	R	1	7526	2
6aff7d77-d98a-4d8f-bae8-fd0ea8ad7378	X	2528	R	1	4807	14
c35c3b2b-fa63-496b-80ee-e0de59ce2099	X	2370	R	1	230	3
d849dbbe-33da-4450-a87f-fe036fd69745	X	2685	R	26	10278	3
29a47749-1602-4eeb-a68c-fe300fe58801	X	2319	R	1	18680	3
5f3551ac-dda8-49f3-939d-f4e57f215d66	X	2356	R	1	1247	6
b1d0c51a-5762-4687-89fc-f6cff58bd598	X	2158	R	10	3708	7
e65633b9-92c8-4286-aec8-282d1e0edd1f	X	2113	R	10	7973	4
5c2f3e3a-5fc8-439f-8912-44d4d9bd47a6	X	2417	R	1	266	5
6b3e3163-a8fe-4481-9d4e-2059f34e2add	X	2313	R	1	337	5
b1c589b6-0fc9-41e1-a11b-2de820733ada	X	2038	R	1	1836	5
8b3082af-c4b1-4713-bbc8-615adff4b098	X	2214	R	27	678	2
2a4885bc-ddeb-4a40-b020-3a4bd0746559	X	2310	R	1	12825	5
5762f261-8506-4e1c-851c-ee74346998b9	X	2168	R	1	6014	4
65ab9374-5095-4dc5-aee2-a2235bf37d84	X	2107	R	1	6193	4
0d6def67-a479-4ac0-9a68-4df936acbe50	X	1867	R	3	4517	5
a4b55846-a655-48ca-aeae-5b8c6a5fc97f	X	1908	R	1	5219	3
b53169e7-b2e1-4b3f-87d9-b9811e0d57ac	X	1844	R	4	3419	7
1e84c426-6816-4c52-a46d-cfd2d5e6a7b4	X	1997	R	1	6691	2
52765e83-844c-4945-a12e-b9d98360094b	X	2811	R	1	13299	2
c8e7721f-cca7-4874-bd53-59e95738a919	X	3265	R	1	9693	2
f2fce727-554c-46c1-bf21-0bc21e3201cb	X	2534	R	1	1272	6
076465e0-4ca8-4a90-98d8-34695a8de5cc	X	2407	R	1	276	4
51778203-a512-4646-96d6-ea033e3475f6	X	2441	R	1	2803	7
51778203-a512-4646-96d6-ea033e3475f6	X	1079	L	1	6	9
9ae25afa-a014-4553-9aa8-daa9aa7fcdb4	X	2504	R	1	2943	2
2992076d-5083-41af-a058-92cfa44ee13e	X	2319	R	27	25209	3
569f1e6b-ff61-4926-b614-a5b5ba2731a1	X	2345	R	1	229	4
569f1e6b-ff61-4926-b614-a5b5ba2731a1	X	1079	L	1	6	2
060a0b1a-3a3a-417b-a01d-3b5edc2b4918	X	2382	R	1	654	4
7d519c80-d344-49a3-bebd-62cc485ff167	X	2095	R	3	3054	2
77bc39a3-01ae-4415-8522-e88f88e95532	X	6845	R	1	625	17
f57c0c0d-c84a-4711-9f0e-5ff2944d1bd4	X	2466	R	1	4793	10
3bf0da19-a002-435b-8c0f-971792c08019	X	2710	R	1	2243	2
20701514-80a7-4278-8175-a3ea6a61faf9	X	2328	R	12	812	2
20fbfacd-974b-49a3-a892-c51ad7e9b257	X	2417	R	1	1850	4
2760f1d5-9981-41ee-bfc8-901b300eff22	X	2625	R	1	1907	3
7c4c136e-fe29-46ac-b26f-fa17a41dc881	X	2265	R	1	14384	3
0516f809-f0e9-418d-87fe-39494701099d	X	2266	R	16	4070	6
ff889f81-606c-46e4-a486-9df1e6623086	X	2331	R	1	7344	141
73b72838-256a-4f15-8381-5f93b6a031f6	X	2228	R	38	14741	4
a2ca702a-6667-4195-b614-61968765b70b	X	2283	R	21	2403	3
f0148fb6-572e-4d3c-923a-11a0ebcfde32	X	2219	R	1	5890	4
1fd0ea6e-329a-45c4-874f-697c11944d71	X	1838	R	1	3677	8
3f0aacc2-8b1e-4add-b1bd-8d698fedf460	X	2059	R	1	142	5
708fca58-5656-46f5-a408-90a5e01c03e6	X	2053	R	1	7494	2
81325d71-52e2-45d0-b6fc-a5cce24f03cc	X	2214	R	9	1820	2
9f2ab1b7-3318-4a98-a646-70245b8cac1c	X	2033	R	1	3565	3
846237c5-e1e1-4d80-95bb-6816438c15fc	X	1825	R	1	2959	3
6c1dee4c-fbb5-4a39-8a82-008611e5beeb	X	1910	R	1	5998	3
afee585e-be0e-4cf7-a66f-6c6f284d393e	X	2107	R	5	1835	6
eb084e7c-bd93-4e5f-ac33-4dac503c00b0	X	1434	R	1	5769	2
528724ed-56dc-4e31-b5f4-51f9ec586ea8	X	2534	R	13	7258	3
0533b318-b9fc-4f98-a7f7-4b780e7acc50	X	2489	R	1	173	4
7ca41173-6975-444c-939c-b2ddc7ca1b24	X	2571	R	1	3097	6
6b6f5f1a-a929-4c88-9b58-c21172f15f3e	X	2522	R	3	274	11
50db2db3-0748-4a16-aad7-d5522935e7ee	X	2204	R	7	1835	3
2cb155d3-5ef2-47a6-8353-5adc7c2eb772	X	2383	R	1	16527	5
0df244ab-3b32-480d-a86b-3f36c813b8a5	X	2226	R	1	1311	6
8ed3dd97-eb32-4f4b-bf47-3c0e4f94bcbf	X	2349	R	1	2915	2
6abb7d3c-b3de-4966-88ac-1d218510aa81	X	2362	R	1	13268	2
3a655b94-61db-43c5-a510-323b3875f2eb	X	1730	R	1	4165	4
f2f5bc41-0939-4532-b6ea-93b395f4e490	X	2240	R	4	2482	5
a74f476e-bccc-427e-af0b-4ca2fa4271a8	X	2259	R	27	1858	2
1bd3d40e-6576-4c86-bd3b-d0ebd25be6d4	X	3030	R	1	1857	3
d2d42324-3c3c-460d-b2a0-e09c482ceff1	X	2618	R	1	270	8
a6dd7f0a-a4df-4277-b26c-15bb84839022	X	2346	R	1	14143	11
a6dd7f0a-a4df-4277-b26c-15bb84839022	X	1084	L	1	7	2
df6fb8cb-77fc-4801-9593-8cf9eea8299b	X	2281	R	6	6030	4
fa392418-ea8a-467e-8ee7-e15659612b5f	X	2228	R	1	4323	3
79e7aae9-4a2f-4b8f-bbdc-e214f0459c33	X	2071	R	4	7655	2
79e7aae9-4a2f-4b8f-bbdc-e214f0459c33	X	1084	L	4	7	5
a9bbd612-f581-49c9-a894-79ce18657b0a	X	2569	R	1	3503	3
bb1deef5-3d12-4c80-9bfb-d909ecffd662	X	1085	L	6	6	5
7e8e84a7-b4c1-4a25-94c1-86a7c94711f8	X	2411	R	1	7721	2
88efd39a-696b-46d1-8ffa-aca89f42b8e6	X	2164	R	2	3677	6
88efd39a-696b-46d1-8ffa-aca89f42b8e6	X	1085	L	2	6	8
55db0fcd-e42f-4f44-9c74-a9e266466969	X	3151	R	1	142	2
fb5c9ae6-ef20-4d5c-b562-668c402d0fee	X	2448	R	1	269	5
08438413-320d-419f-9ed0-f2129c70e5ac	X	2883	R	1	5801	2
8fc34223-85f6-4ec3-bf25-14a2bc1adac1	X	2380	R	14	2517	3
a2eba1cd-b4fb-4da1-a299-c79c7a1ea817	X	2071	R	1	7453	2
aba0526c-b8fb-48ac-a774-485e42c02ee4	X	2196	R	1	7697	2
d73c53e7-6137-41fd-87d2-ca1225909fa2	X	2492	R	25	268	6
2e97938b-b834-4f74-9f34-6e0e355dc600	X	2392	R	1	9026	4
62626115-368e-4172-a2e3-0e4db89e2446	X	2462	R	1	1874	3
04ffa37b-8385-4392-8585-4ef3328d538a	X	2234	R	1	7667	4
2e7f3dca-132c-4559-8070-38b3e2c0fc25	X	2295	R	1	142	6
bf45ae7b-0eae-4149-bd84-df919ae5f062	X	2197	R	2	236	2
abbf2ab7-5738-485b-9681-de8b1e2d4a81	X	2001	R	1	7670	2
dfbddadb-0231-4b4b-b5d0-804083fb8a20	X	1924	R	1	10591	5
4d44d2a6-bea1-47b8-876a-3bac1c111c97	X	2107	R	1	1268	6
a08620c4-7507-4288-901e-375ba6343bd0	X	2090	R	6	3076	5
8aaf1fc1-168d-4f90-a760-d3748552e8a8	X	2448	R	8	1247	8
4837e876-f60b-4af3-8d93-b783165cbe80	X	2448	R	1	2414	2
567ad062-ecd1-4712-863e-129a4165c178	X	2209	R	4	3397	7
567ad062-ecd1-4712-863e-129a4165c178	X	1087	L	4	-4334	5
158f5c95-862f-439f-95fd-0f5e5b155618	X	2313	R	1	1542	2
4df2d7bb-35c7-4166-9376-e840cf40d7c7	X	2460	R	1	3547	4
0c45e1be-1b79-4c2b-8431-856f76730b0d	X	1868	R	1	178	4
579b4440-083d-404f-a123-2c155ca2f42f	X	2083	R	4	272	7
aff9f6ab-af15-4b4f-8a2d-0ea060b5f491	X	1746	R	0	11190	3
a327ead7-d339-488c-9ab4-96830d090ea4	X	2522	R	15	3728	5
31d1923a-779f-488e-9c7e-eb74a124a876	X	1778	R	8	18584	5
c4ed13f0-148e-4463-9d8e-2b586cc1ef86	X	2398	R	1	14567	6
c4ed13f0-148e-4463-9d8e-2b586cc1ef86	X	1089	L	1	-15528	4
3670ff22-b6bd-49b6-9177-ac0ba7424dde	X	2716	R	1	19088	2
5da565b4-3b08-437f-887a-fff6edd60742	X	2150	R	1	5990	2
adce1c74-7372-4325-9a77-920bd35912c1	X	2697	R	1	1224	5
b6af2e8a-947a-4dcd-8b0b-da47123d6faa	X	1089	L	3	-42	2
31aa6e7a-5bfb-495b-9e4a-06378d24539b	X	1523	R	4	3757	4
e8d180c6-c5b6-4580-82da-74aef9e70707	X	2187	R	1	6038	4
2bd47068-c69a-4097-b511-5741563a90cf	X	2641	R	1	3104	4
f0fb9c0f-4140-4ac7-ac9f-0ff3c091ba48	X	1724	R	1	1847	2
fd345385-fbcc-4402-b55a-ef2c217d6fbb	X	2214	R	2	2492	2
f58bb0d7-ab6f-4e3a-9a0f-49eab88109d7	X	1735	R	1	2475	6
54e177f4-8f00-45b9-b5c9-44535a0d59ba	X	2130	R	1	5802	5
018eba49-c9e1-4e4a-8058-e7ed8ab3f4b1	X	2053	R	1	2391	2
fd86959d-2145-42d4-b334-c3e57af1e9c3	X	2618	R	1	234	4
f11b7109-f5bd-43b1-96a6-0718dfa78c88	X	2265	R	1	3120	4
aeb3b7b8-9a30-40df-ac68-5bedeb1ada1b	X	2824	R	1	3405	2
9683ee97-07ea-4f7d-846a-3a3860b73df8	X	2479	R	7	18838	3
e011555b-4369-4124-b40f-60af7d5a090f	X	1621	R	1	145	6
dda55be2-747a-44f4-a7cb-af30cee4f1f0	X	2237	R	1	5893	3
e52efb7e-0b06-45d7-ac14-5a861008d082	X	2196	R	20	4338	2
cc515552-2b4c-4b1b-9699-ecb28e9dc188	X	2309	R	1	226	3
0e812b8d-8a2f-4333-9740-514378c7c80f	X	2152	R	1	4775	7
1917642c-c2c8-4f6e-bef3-4c6898da09e9	X	2146	R	1	3135	5
6acdaa83-d8fd-4bef-92c0-85e8255fb26b	X	2062	R	1	5811	5
68427dfb-11b9-4a90-ac61-b117e5a9ed55	X	2095	R	1	1815	3
704fd411-4d2c-4c29-84f9-c6e687bdac30	X	1615	R	14	142	4
300142cf-e211-46a2-8cdc-208e913d12b7	X	2386	R	1	18712	2
8e824bcb-f09a-4c10-a13a-e6dcd6c340f5	X	2190	R	1	10323	4
2948087f-9f5a-4828-8438-cd818cd641fd	X	2298	R	1	9848	4
fbe2cb9c-187a-4a97-8449-ca35d19971a5	X	2107	R	1	227	4
8b52488f-dec2-4e93-8a75-997075100b5b	X	2352	R	1	16745	7
28f0fc66-b035-49b3-893b-1c352f3b2c7f	X	2113	R	1	153	4
bf60cfdc-2110-4a30-81e9-e675204da671	X	1842	R	1	14569	3
358096ab-6919-4942-a6d4-31cda2fc4b5a	X	2728	R	1	4448	5
427f69e6-5d36-4e85-ab3e-b92e873b1bf7	X	1744	R	1	173	4
427f69e6-5d36-4e85-ab3e-b92e873b1bf7	X	1097	L	1	6	6
4e99082d-8732-46a2-b0d3-94868e2cc581	X	2265	R	1	9667	3
2ce94d56-c5d2-4491-bd23-d2080176c9c4	X	2703	R	1	18571	2
dad4e304-c812-4ebd-9906-b6db37f316ba	X	2289	R	1	275	5
ce3e9791-26cb-44b3-8266-6c1188fe7db3	X	2405	R	5	144	4
fb5406bb-0928-41b7-b5b8-89cca9d159df	X	2155	R	13	177	5
21dfce1c-418e-4e98-a874-4a9f19ac418f	X	2620	R	1	5931	5
85eb03bd-f80f-4614-858c-6037fceace08	X	2343	R	14	278	6
c157d0ca-371f-46ba-b324-c02253da65cd	X	2393	R	1	5812	6
87bcce42-4463-4a2f-83e3-de4e56693e6a	X	2558	R	1	1843	7
87bcce42-4463-4a2f-83e3-de4e56693e6a	X	1098	L	1	-2851	4
de497557-879d-4f5c-8146-3062cb296c15	X	2209	R	1	3097	4
bde76cce-74be-4d1f-8d33-d3dfd318b4fe	X	7068	R	1	305	7
0b2f09f6-169f-4caf-b658-1fe511142fba	X	2670	R	1	1852	2
dd739b98-c840-41ab-84e2-606575137acd	X	2417	R	9	146	4
a9d31ae6-c6a8-4623-b584-6f5c2719642c	X	1831	R	4	142	4
b277ec4e-6a8d-46ea-a95a-62b49e301e37	X	2507	R	1	5846	7
5f5e84e6-ae73-453f-bf6f-7d9b627c4477	X	2214	R	1	4651	3
f401be0e-ea07-4aa3-9890-ab3e842b0568	X	2060	R	1	23311	2
3d21c370-98a7-45ff-8d9b-b1573ec83a3c	X	2251	R	14	2403	5
6500b654-1592-4ef9-92f4-f99a32334131	X	1851	R	1	5971	2
a4f05928-dc0a-4e85-8975-c8202b5f228f	X	2222	R	1	271	4
b321c3ed-fc41-4bad-ba54-b2917759878b	X	2206	R	16	16677	8
a651992e-19cc-4d4f-884b-c7f37a79c6b4	X	1762	R	1	175	5
22ca1749-07a8-4932-abba-0451eefa8cac	X	1887	R	1	2389	2
80ad7315-a4f0-4ff5-8c65-6931882657fc	X	1998	R	3	2905	3
fef0ed42-8495-4d6c-8fb4-1096aa45a27f	X	1845	R	1	224	2
68ada1cc-9854-4c78-827a-1bceca2f3f7f	X	2413	R	18	1849	6
9be65db6-c0a6-4c5e-807c-9e1134d03e85	X	2416	R	1	338	9
e8ee3e90-e5ff-4ddb-ab68-4bed5b819cd3	X	2472	R	4	7490	2
e8617769-6530-411f-902e-6bb0fdf9cf7c	X	2055	R	4	150	2
ed0d439b-8943-4567-a931-75661a9b4418	X	1729	R	12	18790	3
5bf91b76-c1c5-48e9-9b38-366e20be1f3e	X	1560	R	3	6033	3
066c12d9-109a-4557-b173-194b3f8dc98d	X	2122	R	1	4826	5
d793bc57-c0ba-4f50-b0fb-70bf598e2535	X	2107	R	1	4174	3
4cef48eb-a69a-49ef-933d-d57950de8ecb	X	2319	R	26	270	4
a8103e42-e30b-43fb-8238-b4e4782b3745	X	2027	R	1	4140	2
6f1a5ba6-5a0a-40eb-a26b-3ad66c67a844	X	2152	R	1	3677	9
25f4b2ad-c64c-43bf-8c27-b476085cb66a	X	1977	R	1	2375	4
b06f87cc-7f3b-40ed-b7e1-93e721e5619d	X	1102	L	4	7	3
ae520b71-f761-43f1-9a5a-5fe28c690056	X	2516	R	1	7136	3
82913990-9460-415a-8d6f-93a0b3e394c6	X	2170	R	6	4413	2
82913990-9460-415a-8d6f-93a0b3e394c6	X	1103	L	6	6	2
5da80515-80ef-4d3b-a593-63b4e611588c	X	2033	R	5	2379	7
5da80515-80ef-4d3b-a593-63b4e611588c	X	1103	L	5	6	7
785318bd-7103-4ffe-beed-734a495798cd	X	1639	R	1	1838	6
785318bd-7103-4ffe-beed-734a495798cd	X	1103	L	1	6	4
1830f84e-d828-4031-a5e3-38daacf94dab	X	2096	R	24	164	2
7efc52e3-14ba-419e-a427-b2c9c2cf5780	X	2430	R	1	7488	2
fa70dd66-d51c-4ca3-931d-3eeab9eb58a3	X	2337	R	5	1838	4
3ff842d9-7e02-4582-a985-814c46d62abe	X	2471	R	5	2511	4
eb119ead-e543-4922-b146-6400c65c6b75	X	2313	R	17	1858	2
8bb40536-03a6-4bb6-8bac-36457461c356	X	2164	R	2	2913	2
12b1ea3d-bb7c-44c5-89fb-a7f7eb80ae30	X	2094	R	1	10372	5
7cd7f5b7-b9fd-45ab-89ca-c547ba782794	X	2141	R	1	12153	3
da112f14-c568-4e3f-b19c-61138bc0539c	X	2191	R	1	1264	8
0ae87292-df69-466c-aeba-25c139fe3608	X	2288	R	1	278	3
d5efe00e-bc71-49d1-9bb6-2ec9e02e7b5c	X	2121	R	3	1819	4
0b7458a8-c398-43c7-90ef-75f6fe9b3147	X	2113	R	10	10431	2
61ae11a4-a394-4c44-8faf-c6341ee28723	X	2708	R	1	274	5
545f8ec2-8840-41b4-9c26-266b0b9cce74	X	2654	R	1	2407	7
90150727-3e5b-48f6-a98c-2710cafc4cd1	X	3121	R	1	1858	8
2580d44c-bc7d-456f-88c2-36a06051c8f9	X	2398	R	1	2721	2
d3eec4a3-0533-4f01-9b39-5c79cf5810cf	X	2078	R	1	6104	9
38d4f920-bf45-4908-8d17-b4b367dd6eb1	X	2406	R	1	10494	4
a8a7a07f-a808-4085-8477-57aa51af6e43	X	2214	R	1	179	5
83d8c859-f137-4692-b474-be5232f2bc3a	X	2909	R	1	4915	3
1cd7ab3d-2131-4c82-b524-dc2153c5a0d7	X	1977	R	1	1835	3
71172052-3358-442a-8e55-d82b810467c3	X	1760	R	2	1925	2
b3e9f646-4a03-4145-97b0-c6873c00b96a	X	2187	R	3	1679	4
939f6560-caf2-4457-bd81-30a00e05bcf0	X	1549	R	1	1698	4
f8e4d55f-3c7b-4f8f-915b-7c226a4702ef	X	2970	R	9	7236	6
f266cc65-e3b5-4a4e-9d7d-0bcc066c1785	X	2214	R	1	205	7
152db613-db1e-4b15-85e2-3857571bd017	X	2375	R	1	1865	4
f1385baf-d39b-46a2-926b-1971f4fdbacd	X	2146	R	1	648	7
f1385baf-d39b-46a2-926b-1971f4fdbacd	X	1108	L	1	7	5
eb1f8cd0-f012-4234-898c-9b3a310661df	X	2305	R	9	6022	3
ea03514a-cd57-46ba-9c03-745d0e156f94	X	2381	R	1	3670	13
f9001084-18ab-40ee-842a-3b6f98f74610	X	2489	R	1	16581	3
82eb74dc-1ddc-45c1-af1b-71c131980559	X	2246	R	11	4380	5
2894f1c0-1ed1-4b93-9689-344f71f79f9e	X	2101	R	3	6082	5
f0ff899c-3e8a-48cf-9fc1-398bc917cd3a	X	2361	R	2	3698	7
b109f759-98f4-4085-bb58-5de2933bf41c	X	2545	R	3	1841	8
959a6afb-94dd-4ebb-bffe-f1de671e124e	X	2361	R	1	25089	2
d0ef09e7-22b2-4649-9d95-d0f0542a4142	X	2277	R	1	19401	3
b534cb72-79b6-49b2-b572-598b7573ef45	X	2314	R	1	26894	2
6b2339cd-1bb4-4d21-8b87-1ed674472232	X	2237	R	1	6130	3
50339883-9230-4ffb-a0a2-c5dfca28a695	X	2190	R	11	1864	5
02553b80-fbb7-4cc4-b85c-37ad931f4f6e	X	2071	R	1	180	4
3b5155ea-fb4a-4c7a-bacf-89547ce4b02e	X	1735	R	1	7675	4
174a8733-288f-49a2-9860-4ddef4c30ea7	X	2418	R	1	183	2
62152967-1d84-46fa-bf85-a022944eb56c	X	2183	R	1	4366	5
d46da6b4-0eef-4289-a710-472f6d49a005	X	2300	R	3	3663	3
3c26588b-78d8-4163-b8b0-c89fa6d72c95	X	2129	R	11	1226	8
9a63191d-61d1-44a6-9907-bbe2659dae46	X	1998	R	4	3058	3
faa22180-ee90-4130-985a-7ec5c97dd056	X	2213	R	1	6002	3
cf54d06a-1c30-4bf9-8a39-12d7809919d6	X	2048	R	2	4422	2
cf54d06a-1c30-4bf9-8a39-12d7809919d6	X	1115	L	2	-106	4
14e2f0a8-4b4b-4e9b-99e3-31ac1bd0d34c	X	2284	R	15	4424	2
7bd60e84-b065-4ce0-99c1-ef01295d1b61	X	2330	R	1	8118	5
187ff280-6580-4dd8-a461-b6287b27aa77	X	1723	R	1	3670	5
f68c6e3b-58c5-48db-b8f3-ae77a2a13679	X	1843	R	1	2474	4
f68c6e3b-58c5-48db-b8f3-ae77a2a13679	X	1117	L	1	-21	2
4a954e31-4e46-4c19-9ad5-cc0929438a99	X	2235	R	1	16191	5
d7574b8f-94c2-47ab-b516-1cf7583673d1	X	1908	R	15	5397	3
56a143e0-7c06-45cc-bc1a-a6aa74a3d600	X	1581	R	1	172	6
5ef59060-b52f-408b-8a5a-75b7a0455cb2	X	2380	R	44	269	3
49e129fc-aa92-4d0e-83bf-0da755ad2ea2	X	2417	R	17	3910	2
b08b8647-7a18-4603-b8cb-db88ea59188f	X	2195	R	5	3106	4
6d32896a-ed4f-47a3-b5c1-61da071ccc87	X	1953	R	1	3684	8
fa2c5643-fe64-40e7-bad4-e9f87bba98b1	X	2259	R	12	2938	2
f9057efc-27c5-4547-a28a-0f70652ed758	X	2095	R	1	272	7
712a9109-3541-4b2c-9a98-d5038297b619	X	1778	R	1	1954	2
26edf78c-dfea-4545-8b95-cd96374d498d	X	2292	R	1	18816	4
26edf78c-dfea-4545-8b95-cd96374d498d	X	1120	L	1	-31	3
bf6c33d8-b322-43f3-8735-b36d7905023a	X	2173	R	10	3649	5
9f08f689-7f08-45bc-b828-cde008a6ced2	X	2038	R	2	1422	3
f8f840b8-2b1a-4c56-bf28-2828ff5b42e0	X	2473	R	25	280	5
6171532b-04b2-4b7b-a2a0-d3a98e0202b3	X	2529	R	1	1838	4
50a8229e-1715-4879-8c83-ebe713ab7985	X	2352	R	1	10021	4
1a2374a7-37ff-4557-a7c5-7e4aac7729b8	X	2355	R	1	8253	4
a357c4c6-a0c3-4e8a-9bc7-b869fc7d2485	X	2095	R	1	5362	2
6dca00eb-1771-405e-a9f1-282f96f35fd3	X	2246	R	7	13325	3
fd1f1cc5-8dc2-4b2b-a418-7f0bca54cfe9	X	1998	R	9	1095	8
e0e3c0f7-71ff-4d9e-89a2-158531675235	X	2703	R	21	272	5
57b633d8-da11-4c9a-af1a-8898fd23beb6	X	2504	R	5	1845	3
12baa804-a1e2-4a3f-9188-3982e4ebf6a2	X	2523	R	1	1843	2
155a72b2-9ba4-4d83-8d9d-4aea074cd343	X	2632	R	4	230	4
2ea3e87e-1edb-42db-ab17-d19b8e951b4f	X	2721	R	1	7467	2
4d8c8f9d-ea1e-430a-ad26-0ecc1ced7365	X	2995	R	1	18750	2
4a840d47-b26c-4c3d-86c3-1c79fbb87068	X	2821	R	1	6928	6
9a07e9e4-bbd7-4254-bbf2-40226a7f043d	X	2133	R	3	2003	7
d6f7171f-8790-4a41-b067-d45bba17b836	X	2745	R	1	3664	6
e4c0edb7-da1f-47c8-9b48-8e0e7e36022f	X	2443	R	1	7520	3
1ca90df1-307c-42aa-a971-510241979611	X	2313	R	9	9649	6
19d4e9c5-de65-48fe-a102-09f1875bda95	X	2295	R	1	3112	3
ad6c57cf-a673-45cf-9563-1d89ae244598	X	2374	R	1	344	6
d75fda54-0f8e-4f25-95ee-6932c35b21a4	X	2171	R	11	19009	2
12e7956b-4bd3-4046-8874-def55455aaf3	X	2107	R	3	2972	2
c5da8581-4120-4cc9-bced-dea270e1a7e4	X	2171	R	1	13060	2
90cfa86a-d3c5-4bdb-9b45-e5e3adab2202	X	2241	R	1	183	3
14caa5af-b533-44ef-aa31-e158c44a2178	X	2194	R	1	15907	3
79b99b40-07fa-4a7c-84af-d7be6b3238d0	X	1950	R	1	6121	2
7069fb4e-777f-46c3-8c37-f39aec750e49	X	2782	R	3	5956	3
9950791d-53d1-4fc7-bdcf-833ff23ba02a	X	2209	R	1	11666	5
9950791d-53d1-4fc7-bdcf-833ff23ba02a	X	1123	L	1	7	3
ce28fdc8-bafb-4dae-85ef-0fa3150d7410	X	2588	R	1	269	5
ce28fdc8-bafb-4dae-85ef-0fa3150d7410	X	1124	L	1	6	2
47d1558b-573d-40b8-8840-1901377523ac	X	2673	R	1	4398	2
b5bc4f54-546f-4bd0-a1ff-f7b7fdc88fee	X	2337	R	1	4815	14
455a6435-e936-4c7c-a092-55dca3361285	X	2343	R	3	7446	2
ae242070-7852-4ab4-8237-59ccb6e5c6c3	X	2570	R	1	2931	2
6053397a-0594-42c4-afb3-eedb86eaf09e	X	2430	R	1	7464	3
9d3df90a-0999-4476-a319-38f58519e80a	X	2697	R	1	283	5
0a0350ea-4daa-4c85-9ba9-67b4d582f80f	X	2570	R	18	25208	12
9081c036-d82a-4925-80de-9382e0b8fd60	X	2422	R	1	3646	5
b61b3d7d-27c3-42d4-bbeb-2ef74b7855c0	X	2793	R	1	2934	2
08d8710b-bf92-404f-8dd5-dde84c13d5c0	X	3163	R	1	3141	7
8df3d7bb-6c78-4fe5-b1fb-d433b580ba98	X	2475	R	1	14562	2
0e43c075-a03a-43ff-8db3-2b60c60dc3c4	X	2454	R	1	740	3
9388b603-a3f6-4cad-b1f7-7a952835dff9	X	2209	R	1	3890	3
76816a4c-2c99-4fa2-ad03-2dae474a71b5	X	2282	R	4	10318	3
a229f275-3828-4d2b-9869-1f90d4d63947	X	1875	R	3	1921	4
0fb96e6b-7875-4458-a261-c379df8ac9ae	X	2459	R	1	10237	8
e3d6f576-b59c-46ad-a992-521cbab372da	X	2038	R	1	4854	7
976e627b-b230-4109-8d2b-64ff36490dbb	X	2071	R	1	16040	7
2612931b-e1d8-40d8-9546-f2332a69651a	X	2089	R	1	1841	8
37c9b8c6-3fb9-476f-8c21-926f4f993e66	X	2096	R	6	1915	3
a70bcc01-32ae-4791-afb3-64497ad9c492	X	2197	R	5	7683	4
9ed4c0af-94ad-4995-aa8f-762d061610cf	X	1997	R	1	2514	4
f40eec07-1d08-47bd-a10f-155c61ecf74a	X	2269	R	7	6003	4
996c0be2-8d0c-4440-ad7b-167411701b7f	X	1989	R	2	2517	3
f4592f1e-986f-46d6-ab06-ba215c789d42	X	2259	R	2	254	6
919ff210-9fab-4442-b1f2-b7f91dacc261	X	2269	R	3	5998	2
3faaee04-a228-4b39-a7e9-d0f5dfd61301	X	2085	R	13	1845	6
f4afb47c-c76d-45b2-9766-d369d4846a2e	X	1907	R	1	172	4
cd56f4fd-3e54-4dcf-8f4e-68b5f432e306	X	1886	R	1	2485	3
d18a0f49-eb65-43ad-8e96-e7360774cd3e	X	2164	R	1	16638	6
f4e24792-1f7f-4730-ba81-93854b46e237	X	1894	R	1	4349	120
d0af6c2b-251a-4395-9a3a-4232e5e35226	X	2214	R	2	7507	2
87ac2a06-1e56-4ff7-afa2-fcf18e7f4636	X	1627	R	1	2959	2
9abb1ffd-e7b3-4451-844e-4ead68832eb7	X	1730	R	2	297	4
5bf42f67-a795-41eb-a5c2-d3e3af4d824c	X	2612	R	1	4812	7
56664f67-0a90-4263-9077-e147effbdfaa	X	1751	R	2	5906	47
116bad41-ac49-4078-ad0d-815a0115703b	X	2109	R	1	13367	2
731d4b0f-231e-485f-9774-704e410cf806	X	3012	R	1	5097	2
731d4b0f-231e-485f-9774-704e410cf806	X	1127	L	1	-1573	5
f32d9a44-94ea-4387-9796-97de341a0b20	X	2411	R	1	3075	3
2f671430-ae06-480a-a2f2-739fb4a0b3f9	X	2363	R	1	5990	4
f5594ca1-6aeb-4b10-969a-de94dd4f60ea	X	1880	R	1	9430	7
cdd17022-077d-44ae-9699-f8e1e6efd8f1	X	1997	R	4	2518	6
3a933459-bfe5-4d5a-8cc5-5801384af5a4	X	2171	R	6	2851	7
c2f94ed9-8b2f-46a6-839d-2772817f19c5	X	2368	R	1	14554	3
0a7a14bf-7a1d-4124-a349-c0ca7f037815	X	2141	R	2	13579	3
b1c4640d-2edb-480f-879c-6441dc336f80	X	2124	R	1	1821	3
fc0ee940-399a-460c-a7ea-52e85ca5f41e	X	1765	R	6	1829	2
a799339c-c553-452c-ac14-f8403c2c1a24	X	1702	R	3	11686	3
3ba373b4-ac36-4541-ba98-8aead59ef84d	X	2619	R	1	2926	4
2c391bfb-0ba3-4cf7-9354-fd21b3c08b6f	X	2038	R	9	2416	4
2c391bfb-0ba3-4cf7-9354-fd21b3c08b6f	X	1129	L	9	7	5
054df0f5-668f-40ce-b726-4663fa018902	X	3259	R	1	1837	3
04bd67c0-c6fb-4b89-835f-6be4f25d9ff8	X	2535	R	1	9438	2
18defe76-b6d9-43a8-9cad-0aa96dd17c10	X	2398	R	1	2912	2
a69b0044-eb38-4b0a-9f82-fa2febc3a803	X	2204	R	1	11681	3
a2cf45ac-a47a-4907-b66c-27e0c3799d74	X	2392	R	15	2408	3
67fb06fe-967f-45eb-be2f-e8ddb716a4b6	X	2570	R	1	16583	2
1bf283be-3762-48f7-89d0-448ca89a148d	X	2501	R	1	180	3
1bf283be-3762-48f7-89d0-448ca89a148d	X	1130	L	1	6	4
eb2ce15e-fa40-49e8-8159-bf99fa1edd68	X	2146	R	10	4402	2
2c5b1cd2-faf1-4c9b-bf31-52d1dd97a34e	X	1959	R	9	6049	2
940bc29b-4a48-419b-b78a-f7004ea2fb5d	X	2624	R	16	18715	6
d251ee05-55c5-4b2a-b0ec-8e13f4306377	X	2472	R	1	268	2
0e4c44ec-a1fa-4e51-950a-93282e8f3d70	X	3369	R	1	10608	3
cf9e5b4b-d04a-453c-b685-d516d90f2d77	X	2594	R	1	13329	3
94c26967-0b8f-4534-a695-b51f4525be32	X	2805	R	1	1928	3
c63c092b-e51c-4727-b27f-169c56b5d4f2	X	2679	R	1	13405	2
351f3a87-6579-48ef-95f2-e830fc86a67e	X	2466	R	1	4845	7
31d4f31b-399c-4e02-92f0-3355ad8e81c8	X	2367	R	1	1337	2
063df831-8875-4cbf-b916-bd20c45b92c5	X	2246	R	1	3694	9
4054310c-18ab-498a-baf3-20eb8837b61f	X	2008	R	1	16658	7
a1755de7-6abd-4088-9192-03ee8b130edb	X	2101	R	1	1840	7
62736cf5-3040-4779-b1c6-c7bd3d858985	X	2101	R	1	7665	3
de7dc647-3358-4c5d-8e78-5e6bb2b4b338	X	2140	R	1	7495	2
e02f3288-0fa5-4aea-b08e-8e641db6e759	X	2127	R	1	267	5
967aa41c-3ca2-4259-a293-4f578b508e35	X	2781	R	16	9768	2
aedabda9-246e-4aa3-8d4e-2690cd073735	X	2811	R	1	3654	5
9205858b-2d49-48ad-b6a8-952b685dd1d6	X	2358	R	1	16506	6
3c407381-2665-4f92-87d0-21a2c2ad99d9	X	2053	R	15	2410	3
1fc21647-557c-46fd-8e13-e463b037bd0d	X	2113	R	1	2379	7
edd74df3-c836-4aac-badd-de2aff2a5ed4	X	2600	R	1	2508	4
edd74df3-c836-4aac-badd-de2aff2a5ed4	X	1133	L	1	-11982	2
f1052355-4fc3-4d38-b842-cac6a45c6a76	X	3284	R	1	6354	8
961eb428-3770-4e43-8c4c-9d24b268889a	X	2361	R	1	3679	5
9c2c22cd-7e51-4e2d-9705-4432029c27e1	X	2402	R	1	4778	7
3fcf5534-346d-4b76-881c-ac620ea967a9	X	2203	R	1	271	5
d78c16ad-d476-4dd0-9fc7-6cde3d3a9ba1	X	2149	R	1	15741	7
02a9f47a-26c7-4116-9ff1-5e32682f8431	X	2552	R	1	18909	2
02a9f47a-26c7-4116-9ff1-5e32682f8431	X	1135	L	1	-14481	3
8285cd58-6993-449d-b226-1ccb22ea361c	X	2204	R	1	2001	8
fe6ffd4a-df53-4760-82ae-c65b2cde52cc	X	5815	R	1	2162	7
57b1e7c7-69c0-44ff-bb2e-d71a7433bb44	X	1789	R	1	2900	4
5b09035b-3c42-435b-a8cd-8a4207d00bd7	X	2240	R	4	3553	4
4a9702a9-0e5c-4079-be55-2a7362760e42	X	2478	R	10	138	5
d206bea0-8de2-47f7-9837-98f73f2b9eed	X	2277	R	1	1860	2
d206bea0-8de2-47f7-9837-98f73f2b9eed	X	1136	L	1	-2450	6
55472289-8b43-47bc-8fe1-a68dd15f624d	X	2522	R	1	1835	6
a1808d3f-d4db-4bdb-b9ac-a66943fef232	X	2733	R	1	5106	3
ac74d426-f33a-4f3c-96c1-77f2caf5e217	X	2886	R	1	3698	3
4d79457d-ea1c-401f-b2c4-c703f149fe30	X	2944	R	1	5999	3
dc0fa944-d31e-4209-96a4-ae21bda407ae	X	3268	R	1	2830	7
182ecc39-06bb-421c-9977-5484b085be02	X	2606	R	1	2922	3
7168fa7a-3b4e-4343-9ac7-e5f6a1c6e19b	X	2540	R	1	6859	4
29dd740b-637c-4461-bf64-898700041d7a	X	2271	R	1	1838	4
6da8856a-af75-4a1d-9cf0-11d945466d8a	X	2164	R	1	1812	4
ab71c4c0-2585-4ad4-b438-ab963a5791f3	X	1702	R	1	10391	3
4576c0e9-fcbd-413e-af12-325c02d25093	X	2405	R	1	2942	3
eee194a8-cbdb-4542-a3ce-a88de14006fa	X	1819	R	1	25107	4
f876d959-cbae-4f5f-8a51-4c9d18299488	X	2283	R	7	2515	5
a3a6df4a-0c08-4b1e-9c49-4d48cade53e9	X	2307	R	4	1856	2
35973fcd-8394-4b99-a004-c5583d557fd2	X	2283	R	36	146	3
e8ae2877-186f-4758-9c59-c6c25cedf650	X	2189	R	1	10404	2
33a33f45-5601-4b73-a3b8-7c438cd1dbb4	X	2083	R	1	2479	2
af34d3f9-4d98-4556-ae21-a9cc1d7ce5e9	X	2033	R	1	268	4
973d43ee-423b-440a-a445-ff7e96d87a2c	X	1511	R	2	5740	3
cf1a1865-68a5-4cd1-bd58-b88c5fdfe6ef	X	2433	R	1	10713	9
5a4b9a83-d878-40ae-840e-4d7cd0e333ab	X	2740	R	1	10760	3
4a9b5df3-eb93-40a7-b9da-ff4ea18e8ca0	X	2618	R	1	4208	2
3836b37e-89ca-43de-8cec-f928a628230f	X	2152	R	1	4842	6
22d1f911-2b9b-48d3-b4ea-4d5e045b705f	X	2170	R	1	797	2
9d599f7d-54c0-4d67-a5ff-df53632f657f	X	2101	R	1	2488	3
9d599f7d-54c0-4d67-a5ff-df53632f657f	X	1139	L	1	-498	4
f24873c6-c427-4c70-ba35-c2e333487de8	X	3423	R	1	2935	3
5d0d815e-66ea-4c7f-87cd-b8bae8e3e3fa	X	2337	R	1	5440	4
f38f085d-928a-4e6d-89c3-4f2bb61f7824	X	2289	R	2	1816	2
80be2b98-7c93-46c9-870b-89386a6cf187	X	2307	R	1	1933	2
9a836373-5f40-4665-90e7-0d8bcc30d473	X	1883	R	1	176	3
5d2f6f43-2795-419b-9cfc-281583a3caac	X	2099	R	3	5944	3
d162bc60-29e7-409a-8ff5-3d17e10bd265	X	1986	R	3	5940	4
f8e71fdf-6b89-4994-904b-7b35aa2bcd85	X	2184	R	7	1791	4
cd16b7ec-5813-4f31-8116-a785c5589756	X	2065	R	1	4848	9
2e483e54-2e6e-44f2-97bc-4192866b1b35	X	2454	R	1	6803	3
1c770325-5b5a-468f-9c98-f04f570a2a47	X	2295	R	1	4686	6
894f4b03-9f13-47b5-a994-ea8f376a6d13	X	2534	R	1	5838	5
a242ab3b-757c-495a-ad47-343e78c1e5e0	X	2582	R	1	2399	5
deabe1f5-c9c7-41ff-812a-e4dd40cc12c5	X	2646	R	7	6012	3
69df16e0-1044-44fe-a42c-20d17dc16e35	X	2121	R	1	8172	3
0b1ff1c6-2de9-4825-906d-d664641fe0f4	X	2504	R	1	5394	4
6da1e94b-abaf-452a-aedf-8cfb81a9bca7	X	2725	R	1	240	2
59041459-82c5-429b-bff3-51a04fab0842	X	2390	R	1	6003	3
1bff6e78-21c2-413e-aca7-21382bf08931	X	2666	R	1	3017	10
125bd34d-c2c9-4116-82ca-3f0ac54dfae2	X	1143	L	1	-13574	4
e5766eb2-53fc-4757-89e5-bee92a546c2a	X	2398	R	19	3134	5
18d46905-2e27-4dac-88c0-2f729a657651	X	2209	R	2	3622	6
6d9f3d7f-5c1c-4f56-bffe-058afb58aa35	X	2077	R	1	1853	9
59809c64-6b29-4c92-9a5e-19d9a7d6ee2e	X	2328	R	3	6143	3
b360ce32-3ee0-4675-bc89-839e01fc499d	X	2181	R	2	6132	4
cf71f7af-a703-4c6f-84ee-55d7cc659d42	X	2254	R	1	1838	3
72b0404f-9cd6-4c53-9a28-b163fee2ab42	X	2221	R	1	10442	6
9b49a7bf-4d19-44fb-9174-217d95ca6287	X	1977	R	1	1819	2
a8768cd9-6bb2-4401-9535-b919368e7c8d	X	1886	R	1	4205	9
fb10726f-cc65-4165-8db5-14ae1cc3efef	X	2179	R	1	180	3
d4d32a14-9f0f-4806-871c-f4717122b394	X	2038	R	1	1832	9
071a1c25-7420-4b6c-bf76-1a46655724d1	X	1917	R	5	1854	2
e79f039c-2cf2-427f-ae25-ea975db8f176	X	2606	R	1	3073	7
d967da27-3758-4e69-855f-6c35f205092e	X	3039	R	1	5800	6
623162cb-070f-4c36-b016-48aca4fdbb27	X	2402	R	2	2796	5
3e48fb92-a3a6-4da2-b941-a5805b814c69	X	2240	R	10	13255	5
905842af-f159-4ef6-b913-9e42c4a1da98	X	2392	R	1	3459	4
4e0cc51b-15da-415e-9db6-e7bdc28a63d0	X	2249	R	1	173	4
7b1e1195-584f-475d-801f-e1edb6b9c347	X	2229	R	6	6055	3
1c671566-e127-4dd4-9a2e-948efceeeb16	X	2504	R	1	23633	2
da58bd8a-b182-411c-b067-637d99d33a0b	X	2196	R	35	275	5
cac3a225-570f-4c89-bfef-d62f94e4f5dd	X	2164	R	2	1853	2
1e05c608-0b4f-481f-994c-fd244d0a20b8	X	2153	R	1	1250	6
606de819-9325-4db9-a5a7-967ff5701684	X	2343	R	1	1827	4
0ae3087a-438b-44f5-8f32-8ec8e3c8c912	X	2665	R	1	1827	5
0ae3087a-438b-44f5-8f32-8ec8e3c8c912	X	1148	L	1	-5632	4
39f7bc7f-ae20-43f1-9ff0-79fa8b71d8a9	X	2422	R	1	2953	3
b0e7dad2-a7ce-482b-be08-b605a4e05d20	X	2284	R	1	1260	6
b6a17ec4-7711-482c-97ca-c896a0cce997	X	2399	R	1	2110	5
7851cb24-15c7-4619-857c-cf79c6c7f06a	X	2766	R	1	16639	5
271cc0c9-2a7c-40e7-9ec5-ecf5f6906f95	X	2594	R	16	2512	5
77c33745-ddc1-41e8-99c4-ea9e6e408179	X	2698	R	1	5912	8
8e51fe09-e7c3-498f-a52b-e8bf3ed49657	X	2228	R	1	4758	8
7ac64c56-efc2-4dbb-9598-659c77343977	X	2442	R	41	649	2
e6452687-b875-4377-9ac8-6037bd1d31ac	X	2337	R	1	2374	5
38745954-e82a-44ea-8491-32265fd8baa1	X	2084	R	12	1831	4
4589ea27-5cd5-4a3a-b3d6-1a6edfa9e4f7	X	2307	R	1	1812	4
bf0e4c91-6709-49fb-9fa8-3d2005e274b6	X	2222	R	13	1856	2
50d028b1-b92b-41b2-a5c4-cca12b6ddd16	X	2152	R	1	3690	4
986f93dd-6dc6-4f27-a6d0-74adaf9914ca	X	2271	R	1	7489	2
bdce579b-405f-45f3-8b11-d4b573710613	X	2383	R	13	5762	6
326b0010-0533-42a6-af2a-ad345f2e999f	X	2183	R	20	1800	4
c0ff4ceb-db9f-4a4b-8cb7-da2c6b9335a8	X	1810	R	1	173	5
ab6d2448-db9f-46f1-ad55-2d6a15bbe759	X	2411	R	1	24470	5
6f6862e5-469c-4558-a90c-b9d3727b654a	X	2405	R	1	270	4
3e8c2260-1fb1-4f22-9d26-a9170a78e758	X	2437	R	1	31994	2
3e4345e0-6123-49b1-9e18-1b290c4d4334	X	2155	R	4	5776	6
9cc32f5c-dd2a-443d-ab2e-452ab545dcd5	X	1986	R	1	6097	4
29099169-c2e8-4721-9f55-f8c0ee483dc8	X	1996	R	1	284	8
e4281bb4-4b13-4d32-95e7-361c387e06e4	X	2630	R	1	1924	3
5b0014f7-590a-4fcd-86b2-e8bf4a4978c2	X	2319	R	1	18693	3
2e5ef803-ea46-43c1-ac99-2cf75e252104	X	1801	R	1	7723	5
a4498f83-7c02-4b6d-9f8c-075e6cc8c273	X	2191	R	1	1325	2
5fe901d8-165b-47cf-98bd-c1f322d830d3	X	2361	R	1	2105	5
4de54c23-3cb2-474d-9e7b-aa57b7a8fac6	X	1891	R	1	1939	3
548f0eed-5324-4311-95cd-43abc0473df3	X	6962	R	1	11307	3
f5164077-6ef5-4270-b922-52a2ecda03f4	X	2529	R	1	7526	2
4b13d8d8-0260-4b33-b2c5-b843c069e0d8	X	2411	R	29	1873	2
b9200d88-e2ef-45a4-85f7-042f1940a90f	X	2380	R	1	6659	3
b9200d88-e2ef-45a4-85f7-042f1940a90f	X	1153	L	1	7	7
afd2e911-7cf7-4ee6-93ba-14baa1100d1e	X	2558	R	1	7479	2
f005febd-5a09-4d64-937e-84f62e7ff51c	X	2133	R	2	2397	5
a04efbbb-af31-4d91-bc9f-5f997656f322	X	2193	R	1	5800	6
55ed9780-23f6-4a89-b339-04761e0f82b7	X	2630	R	1	2888	2
3e62ecdb-4649-4f2c-96e1-6f91b554fb4c	X	2769	R	1	12957	2
af599602-8830-442f-927e-c7baf8f73223	X	2554	R	1	234	2
4d24af72-8bc6-4950-8547-4c763195262a	X	2739	R	5	13285	3
883c0168-fd68-4146-9a1e-d7d53b061d6e	X	2636	R	1	2956	2
7f6892f5-b87d-498b-bac6-cd49c4aeb7b8	X	2388	R	1	6047	3
1adfe1d5-0398-4d17-929c-c37c130b4b89	X	2295	R	28	1848	3
6975cbdd-c53c-400e-a32f-224d322d3003	X	2440	R	1	1319	6
1c5e2496-f940-4b90-ac27-642fcd917622	X	2361	R	1	2909	2
6a76c7c9-8769-47f0-b0a1-0452cdd1e807	X	2301	R	1	7486	2
52aef21d-fb6d-4556-bd60-b79b5f954827	X	2343	R	25	140	2
316e3e29-6351-43e0-a9ed-07c6c4dc720c	X	2303	R	1	4854	6
316e3e29-6351-43e0-a9ed-07c6c4dc720c	X	1155	L	1	-7375	3
071c350c-88a4-4209-ad97-c1f2ec45edc1	X	2151	R	1	10401	4
0dcd44b8-2e1c-4cf3-880d-b0ae0db710d9	X	2307	R	1	3569	3
c8790740-ba01-4896-90b9-77fe2e3d9988	X	2510	R	14	7491	2
88c02081-d020-4ba1-a70d-d6f1256c12f7	X	2295	R	34	1855	7
68386543-7856-48e2-bbce-e550238d7eba	X	2145	R	7	25515	3
4dd23d5e-ba4b-4011-911d-39a335e1f005	X	2180	R	1	230	2
5a812979-82a3-4f94-8347-6185db8af913	X	1988	R	1	308	6
a5ce5a2e-0cb9-42d9-9247-eb996f8e4a9b	X	2100	R	7	3100	7
69730f71-3a41-4ba6-97a7-8e258134deea	X	2540	R	8	1722	4
e00c8b32-fecd-4e02-a26a-691047679cd3	X	2147	R	1	3411	5
48498fa2-2fc2-451b-bffc-62296cebb549	X	2127	R	1	7485	3
f16199e3-ba58-428b-92a0-d89b322313a0	X	2874	R	1	3123	9
6403cebf-2bb3-4bca-9ea4-99fd3e596700	X	2089	R	14	1834	8
3ab2b17c-8ed7-4bb1-8bf5-f4b2232df949	X	2356	R	1	1836	6
9b6cb63c-2fc0-4f92-aa59-7aa5b5d836e6	X	2365	R	2	5839	5
45b8d066-4fd7-4bfa-a5f4-638306d6c645	X	2355	R	1	4382	2
7c77f115-3b55-4f50-a11d-0ed320bcf418	X	2430	R	1	145	4
bc714ee9-fb1e-4cd9-a452-d35cd348b557	X	2362	R	1	6942	10
6748c430-c478-4b4c-9c86-b075e238b3c4	X	1300	R	1	1337	2
f2dcab7c-4150-4a33-a8fd-c68b380cb8fc	X	2385	R	9	670	3
472c6ec3-8da9-4e07-bc84-488fc0008acd	X	2209	R	4	1588	5
472c6ec3-8da9-4e07-bc84-488fc0008acd	X	1159	L	4	7	5
6353a38e-bbfd-425e-b4ca-3fb524d5a16d	X	2606	R	1	7696	3
3e66c78a-e7c5-4109-bcac-39668da94664	X	2519	R	1	5821	5
efd27771-95bc-4824-916e-05a241feb11d	X	2318	R	1	1899	2
06c921c1-6937-4f83-9698-5df5b1f00dac	X	1948	R	1	1084	4
cdd90056-e969-43dd-9e07-99ace36a7a99	X	1160	L	1	6	9
fd21db2b-ee53-438e-9741-a2368beea9d2	X	2634	R	1	6023	4
c38f9939-aae5-428f-9bd7-f72e9915c0e2	X	2733	R	1	15856	2
9220ee34-778f-4a39-bbc0-9faa8a418dcb	X	2874	R	1	2433	9
12ed6cd4-5926-496a-ac0b-762deaa3e96d	X	2745	R	1	3120	4
ffa59ee3-fea0-4655-96bd-229f7f0799f0	X	2448	R	1	273	3
a08804b6-55de-47b1-ad4c-b5026741a057	X	2559	R	1	3443	2
9cdcf476-a5fc-44b8-8c15-c518c0371dcc	X	2158	R	1	7983	2
cb6c4cc6-be77-4085-b16f-7b2a99c209cd	X	2643	R	0	7432	2
ea06ecea-d5ee-42a0-ba0d-1f8554ba3f19	X	2436	R	16	144	5
c6529cb9-06c7-4fa9-85d7-7410367b3966	X	2478	R	3	2480	4
4bec5423-1990-4ca3-a4d8-cad9ca71a9f3	X	2935	R	1	5423	5
b9b1d0ae-8ed3-4a11-9ca0-1f3fa730d20b	X	2479	R	1	18652	13
32acbf01-9ae7-4b8b-87b5-bc47da45c418	X	2660	R	1	7728	3
e5eb6568-cfbd-4b20-ae56-caebb764ee47	X	2318	R	2	235	3
76d33ea4-a98f-4c0a-b86e-2faa09ce0ede	X	2087	R	1	149	3
b9499286-54e9-4dd0-9fa0-f54fcffd9c03	X	2158	R	1	1835	4
692ec7d3-c274-443b-8ad6-9d9e5099d163	X	2088	R	5	6975	3
c7ab59b6-ba3d-43bb-981f-da3e756a487a	X	2152	R	1	2219	5
db04d1d6-ea27-4eab-828d-c818efe0553d	X	2361	R	1	6980	7
5da71bdd-dd48-40f4-8aa0-05731faba28b	X	2237	R	1	6107	3
54bf20a5-02bc-4a52-8ea9-d7a395171b70	X	2072	R	1	2318	3
e4496318-1875-4c74-8ab8-1c3a0bc3adbe	X	2398	R	1	1983	4
27e0b95a-f67c-4114-a41a-9a5178258cf3	X	2171	R	1	4827	8
9ccfb0f3-1670-47e4-a7b5-ab43816151bf	X	1953	R	1	1846	4
2fc46d68-7820-42c1-9eb0-f62745ebbe71	X	2153	R	1	5589	2
c2cf10ff-43cd-4aad-9feb-b8a482039392	X	1996	R	1	4122	3
9ecdcbb4-f2ef-40ff-81a4-51209c92385a	X	2982	R	1	278	2
ea85e6e4-b8d4-4197-9fde-31a5373e0ea5	X	3006	R	1	4820	6
ea85e6e4-b8d4-4197-9fde-31a5373e0ea5	X	1166	L	1	7	5
03143f51-3cf6-4516-9460-8bd80d1dab9e	X	2228	R	1	3669	5
279635e7-7fb3-4eaa-8142-6bea5bab62cd	X	2289	R	1	3094	7
279635e7-7fb3-4eaa-8142-6bea5bab62cd	X	1166	L	1	7	6
542b4bea-bd66-45a0-bb96-7db38d6efa2c	X	2319	R	1	5811	5
84b5b390-d993-4d51-8cec-c91c458001f8	X	2324	R	1	1849	6
84b5b390-d993-4d51-8cec-c91c458001f8	X	1167	L	1	6	2
7b3490a5-47ea-4876-9109-39d075983bdd	X	1941	R	1	3036	7
71c52fe4-2b4d-4042-a59e-8c86726cf046	X	2660	R	1	273	2
f1d494ad-af09-4968-8a02-e4416de2520c	X	2633	R	1	16516	6
33435ebd-ad47-4eb1-a6a1-304f173a5706	X	2517	R	1	7412	2
4c530649-afb8-47c0-9ad6-191cc91e9fdd	X	2516	R	1	655	3
5eae074f-5cd3-4f04-9cbe-085f1fe82dc9	X	2657	R	5	174	4
86f891ef-1fed-4577-a015-002c56fb72dc	X	2448	R	5	7518	7
bfade0cd-556c-4207-915b-510493fadee7	X	2386	R	1	4790	2
ce26a6f7-897c-421c-899b-af49b45d9e38	X	2516	R	9	272	9
72e7902b-2044-4956-b41f-8009d1fce2ac	X	2422	R	5	7092	4
4d31dd8b-9f5b-4c2b-9d99-f1b3c4a37d2d	X	2558	R	5	1832	3
47161956-37e9-456c-b08f-89aa59655c80	X	2398	R	1	9546	2
86593daf-c5dd-4b14-98be-bcddaac790f2	X	2355	R	3	4846	6
4579c65b-e5b8-4a95-8244-9f4bd1e263be	X	2411	R	1	18770	5
3f82f406-1156-4977-a5a5-50d581e97ee3	X	2133	R	5	146	2
a5fbe923-e28b-4935-bf9a-965d9f248518	X	2127	R	1	1875	5
d09b9d48-c677-4319-b768-b53e756db355	X	2167	R	1	6106	2
f6a5005a-5482-41f7-8a45-a4076b12088d	X	2600	R	7	2401	6
299808f4-1bb7-4570-bc99-1b5592c73a28	X	2196	R	5	4690	6
38e4db7a-77dd-4e7d-b5ce-f84d805b146b	X	1905	R	1	4988	8
db9c7e82-cae2-4039-97a7-efc13e52e209	X	2874	R	1	4805	7
ab6c9026-2282-4aea-a151-e535a1175ea8	X	2352	R	1	170	3
2c02db8d-f9e1-400c-bbbc-f498020cdb87	X	2365	R	1	1846	2
702342d2-cf0c-40b7-8276-f400b43c3e70	X	2158	R	5	13351	4
68fc6eb4-688e-4195-a052-d930f1d3e893	X	2095	R	3	6241	2
39d947ea-fdc1-4a23-9932-7b4235c69478	X	2568	R	1	6000	4
39d947ea-fdc1-4a23-9932-7b4235c69478	X	1172	L	1	7	4
dd6ada77-f68a-4129-8648-0e4b7009874f	X	2492	R	1	272	4
d4331689-1bcf-4cb4-bd77-d8705f79d18c	X	2436	R	1	2938	2
bf3f26c4-0f3b-47ca-85a5-fd4dcb159b34	X	2612	R	1	3613	7
bf3f26c4-0f3b-47ca-85a5-fd4dcb159b34	X	1172	L	1	7	4
b9fa8ffb-0f2b-43ad-b984-45e376bad8ce	X	2088	R	1	3122	3
f6c906e8-734e-474e-a20e-f4a14e8cb1ea	X	2313	R	7	140	3
1eee98a4-0921-4f5b-a3ad-b43b573dbe33	X	2113	R	3	2915	3
29619f85-46f2-4992-8b9d-39826fc0c333	X	2417	R	1	2381	3
104d32a1-1989-4641-80b2-f87253c929d7	X	2007	R	1	1857	2
b58c960a-39a0-411a-b6e8-66034e408a29	X	2262	R	1	18738	9
5d36c3c9-72f3-4e42-9247-64cbfce3a83d	X	2240	R	1	1809	6
97ed2c4c-de83-4118-a0d6-bdb60fa3cafc	X	2386	R	1	2944	2
e11a4639-2ef1-4ae1-89c0-b7be6ab8fafb	X	2133	R	1	3573	3
ff23b61b-0026-48c7-a565-e45db65e88d4	X	1175	L	5	-8356	2
d988c04c-174a-4085-a803-acab1b34afd9	X	2346	R	6	2504	5
0734129d-bf77-49ce-b368-e2e74a95788e	X	2251	R	6	7487	2
470b7e61-aff5-4457-a014-3aaff58d1ab1	X	2158	R	1	4819	8
63344a18-214f-41f3-84df-b01607d90938	X	1691	R	1	6571	6
283801e3-aa52-40d6-8f39-e9d50ef4d566	X	2850	R	1	13305	3
42fda18f-eded-4d25-b3f8-b10a9b4a16c5	X	2244	R	8	6535	3
235b833f-8826-4a03-bd7b-fcea29fd2b17	X	1923	R	1	1856	3
35c5eeca-8676-497f-b731-bb6e4e7cdd40	X	2134	R	1	3105	11
ebfc9cf1-8c61-45e8-af8b-dfe1be05e54e	X	2478	R	1	1842	5
17ab3327-014b-45c5-9f2c-94959292b79d	X	2916	R	1	3673	8
2d5e4ad9-5af0-4a1f-8950-65ded71761e9	X	2793	R	1	1799	8
572973c9-54bb-45a7-8c44-13496d74c69a	X	2083	R	1	268	7
25169afe-eca4-469e-9733-307abd22454d	X	2411	R	1	10141	3
e4a450b1-90ef-4d3a-975a-87645d4a1f45	X	2606	R	1	264	5
51fd042e-48a8-46f7-97db-4bbc2947e5ab	X	2739	R	1	1612	4
f671c21a-e0b8-460b-8631-726952dd8282	X	2515	R	4	9728	7
01d6f395-8bf8-4069-b925-053428db8987	X	2204	R	1	14940	6
6bbaa3c2-5ef5-4523-b791-c2b4d9b91e71	X	2420	R	3	5843	5
7486ba5d-29c0-418c-9e03-64d187dcb0ef	X	2249	R	1	11771	2
e84ebb0d-1710-447a-8bc1-221cfff9b443	X	2343	R	1	14724	2
551b854d-8877-42a4-bfb0-76c6906f0f19	X	2190	R	1	4848	10
094ddf6d-3c50-4997-abc4-7339ea05e226	X	2113	R	1	3685	6
e0cd9307-786e-48d0-b01b-db1d727ef4ba	X	2361	R	1	4792	7
dbd8cd0f-1f8e-4102-b712-bb470c5cf592	X	2386	R	1	4149	2
82251231-055b-42eb-ac67-8a7411c217f7	X	2422	R	1	1837	4
02ba4e13-f937-4a72-9ec5-a5b2deb03266	X	2295	R	12	2192	3
69fb9014-8d1e-41d8-bfe7-c05a602cddc2	X	2240	R	1	2572	3
5ee18431-33f4-4549-a611-3221e8719427	X	2307	R	1	2912	2
ba9816cb-4939-44e5-a9da-ebe7dce2a2de	X	2618	R	1	1835	8
796a4a77-fc77-424e-b644-6b8fa63735c6	X	2337	R	1	268	175
a3aec305-b997-420f-974f-0c2d466a99b5	X	2363	R	1	5862	3
81acf822-b9bf-43dc-b0c3-56ecdba48180	X	2214	R	8	2507	4
d9adb0af-4d78-4e6b-9e92-1f2bef2a4224	X	2171	R	1	4782	5
ed434350-0bdd-4ee7-b943-34fe57777e5c	X	1183	L	1	5	2
01aa30f7-9544-4cb8-80aa-b99631ef7514	X	2522	R	4	1854	4
c5bf2f42-7b22-42e4-b775-d9431c0bcd06	X	2486	R	1	4824	9
6cfcd751-df9c-463f-9cc9-f26a022e3861	X	2441	R	1	1858	2
b357236c-550b-47f8-a298-1dfa9bc795b6	X	2478	R	3	177	4
ca8067aa-00bc-4fa2-b929-2dd5ca6d92b6	X	2358	R	1	16756	2
03dd8184-4fc5-4e80-8d29-dee308b84106	X	2817	R	1	1435	7
7e4fe652-e8b9-44a5-a50a-84366ac8d34d	X	2613	R	9	16595	3
a7405125-b316-463a-9000-fc188472651a	X	2209	R	15	780	2
3140ec26-236b-45a5-ab62-d945e5133070	X	1183	L	1	5	2
0343caa2-806a-453c-9de1-07eadfa87432	X	2472	R	1	5264	127
1f0b758e-77b8-48da-a0b7-4951b59a5355	X	2547	R	1	1829	2
048d2f60-ce97-4f08-8d4c-f8773559d5ba	X	2307	R	1	1816	3
d7045bdd-80c2-4ec5-b29b-debf3904369b	X	2341	R	1	2888	2
dbdbf013-168e-4425-8c39-10f9e268b790	X	2359	R	2	5808	4
9333e893-ca6e-4467-8af9-983c0d0e3aea	X	2240	R	8	1854	3
fbe32526-5a43-4828-a21e-db7bd8d90b2b	X	2191	R	1	3661	3
3c889ec9-0431-4750-954d-782d73411323	X	2164	R	13	4815	11
1471a8a6-518e-4f1b-9001-cde41c68c617	X	1917	R	10	143	4
218ff8e8-01d1-4d00-a3d7-0300e3febf83	X	2297	R	1	1258	7
33d0b60c-936d-43fd-8c5c-812dc7aa9342	X	2184	R	9	1864	2
33d0b60c-936d-43fd-8c5c-812dc7aa9342	X	1184	L	9	-11473	2
776fa0b8-8d9e-4169-ab3d-410a96dc3d7d	X	2283	R	1	23310	4
82cab726-5eae-4e9f-8693-36bee6f2af6a	X	1184	L	1	-6803	2
3278e836-b5d6-44db-8de2-39fab5ca0787	X	2454	R	1	2870	3
d3396fb0-a2a3-461e-9a3a-5d2ecbc2e6db	X	2593	R	1	21654	4
c9306d22-5b47-47ac-a1b8-47d8aa441a3f	X	2566	R	1	224	3
8d4899bc-9f2a-4823-94a9-82c6ecee57f8	X	2184	R	1	3146	6
adedff03-2d6c-4a56-9ab8-37d8bb4bdeaf	X	2214	R	1	6015	2
12e431c7-6505-49d1-a046-89bec9fae06f	X	1807	R	2	2562	2
f29d40b8-638d-4ec2-aaec-63c24fb97259	X	2325	R	21	7365	5
1ef5d245-83e9-46bc-b4aa-55fd374ec0ec	X	2517	R	1	181	5
95d742d6-b19a-4379-8028-528dc00ce65d	X	2535	R	1	279	7
95d742d6-b19a-4379-8028-528dc00ce65d	X	1188	L	1	6	2
f1599564-f163-4ccf-8f68-ed5b507403e8	X	2355	R	1	2510	2
2b0cd7d1-7c44-443a-a137-22909081e8d2	X	1983	R	1	4444	3
0213f248-db61-4f5c-85af-7b8a53179a95	X	2343	R	5	2928	2
ed88bb77-a4c3-48be-a628-1ae8204ee78f	X	2340	R	1	172	3
0d6ee2f6-9e12-4329-a61c-7097e981d447	X	2595	R	1	5055	6
8f4dd9f5-233a-41bb-985a-e108f362d73d	X	2319	R	1	2934	2
bafc0e11-4a9a-40e5-9282-384bcb261538	X	2265	R	1	2698	8
bafc0e11-4a9a-40e5-9282-384bcb261538	X	1188	L	1	6	9
b6c36794-f8ba-4717-a414-a3c8807fdb52	X	2656	R	1	1842	3
0f874f70-b34b-4907-b5ea-abd132d0befa	X	2717	R	1	229	2
a08626e5-2983-4c8b-bbef-bf649fa2b28a	X	2685	R	3	2391	4
a8f813c5-6417-4131-b3a9-b0ca7690e3de	X	2709	R	13	3633	10
a1f8bfd2-3b86-4553-8dbb-7f2feae0c643	X	2565	R	1	26763	2
2a89871c-bffd-440b-9cbb-c8cc4059fabc	X	2397	R	1	16637	7
4fffa889-4722-4b82-9fbe-cbcfceb0ccb0	X	2486	R	1	2932	3
7bbf6f46-e887-4c0d-98db-9168b4748582	X	2312	R	1	2911	2
26ef60e9-d922-4993-a260-e198e7211261	X	2209	R	1	1833	2
8302862c-3406-4a75-bd18-9c3222261f23	X	2417	R	7	144	2
0848c035-9870-4b2d-aa22-86621a205f14	X	2172	R	1	2375	6
561ac274-3bf2-4fc7-958e-2dbbb4b6c6b4	X	2313	R	1	4811	8
029659f4-580b-4cf9-81e4-f8f317d254c2	X	2398	R	1	150	2
950556d7-98d4-48b4-9bc0-aa45e0d43663	X	3196	R	1	16466	7
d0e8a8cc-5f34-406c-83bc-aa3f849ccdaa	X	2709	R	1	2380	5
e2eea932-0111-4b2c-91fb-029840148fad	X	2102	R	1	1876	5
34393fe6-2fe2-469b-b7d2-c7310f21880b	X	2398	R	1	1845	5
aebad7be-027e-4a50-8f40-77cddde36930	X	2398	R	1	2509	2
1093a101-79f4-4f98-b0d4-08cad4708337	X	2662	R	1	2534	2
8a5c20d2-c683-4389-8fb0-30cdca8b0c23	X	2140	R	1	4389	2
7403da68-6321-473d-960b-943a58dee44b	X	1760	R	1	7452	2
2781660e-9f78-4abc-a301-b1fed7f2638b	X	3088	R	9	270	7
e698dbfb-bafa-40f5-a41d-6675b073cf71	X	2316	R	1	14633	4
91927bfc-bd12-46a6-8cd5-d86abc0d9db4	X	2164	R	1	1865	7
388c5b5f-e15e-49e7-aed3-1756e97203df	X	2570	R	1	605	2
41b59a05-459d-40bd-8b9e-605834043f29	X	2312	R	1	27617	2
9e1db29e-9327-4ed3-8472-9cbc46184529	X	2194	R	5	3407	3
3a04de4d-d5ff-467c-94bd-3faa2e52e214	X	2624	R	1	6926	6
bca4abd1-79b2-4f99-ad55-6bbc18e243b8	X	2361	R	1	7407	3
fe533bb5-52ac-4a07-802d-f3f06cec6c95	X	2763	R	1	4372	5
10cf6a41-2ccd-453b-88b3-d67a2cd06f89	X	2529	R	1	458	3
dcd44c4c-8293-4575-bdf7-b1d57bb8e762	X	2349	R	1	6976	6
4147b6a6-32f0-4be2-869f-c48babfc4a8e	X	2392	R	27	4416	2
89c6aa3a-b8d7-4159-8bd2-3191e6ceeab9	X	2099	R	1	5998	4
fd953e66-10d0-498f-ad58-35aa697697c4	X	2335	R	1	5889	3
8fbab232-204a-43c1-8a5b-298f8f3f8532	X	2355	R	3	14683	2
75f4e27a-8ff0-4e0a-9242-369f37a0f3c5	X	2189	R	1	4957	4
75f4e27a-8ff0-4e0a-9242-369f37a0f3c5	X	1195	L	1	-3343	3
ddc01a12-7699-4186-88bb-f7fce7503aee	X	2083	R	1	18816	5
75653e72-f641-43a6-b5c8-4f87f89d644f	X	2600	R	1	1838	2
35a9cd76-bae4-4b7c-ae05-c414906ccf54	X	2441	R	1	3411	7
d272257c-f5c8-4bec-8d1f-f0121010311a	X	2740	R	1	4791	10
7ea230f0-bbdf-468a-9a6e-af33191e4e80	X	2095	R	8	1860	3
8d878683-3b16-4f45-9581-9f8deb40fe4e	X	2094	R	9	1840	3
332f3c96-00d8-4086-b860-ccf9c9f20731	X	1198	L	1	-12090	4
517f1762-49bb-4536-953e-908f25da8d21	X	2467	R	1	1834	2
3b4423e1-a650-45ae-9574-4860acdaf6bd	X	2228	R	1	1835	4
85a08bbb-ef18-4720-b2e5-dbeca8945ac4	X	2083	R	1	14873	9
c577fafe-41a7-4326-89ab-0cf6321a09cc	X	2498	R	1	2948	4
83ac151c-f319-4527-8b77-dd09b6b34bf5	X	2164	R	1	1608	4
1aa317a2-3f78-4f3c-acb4-c8d07caafcb8	X	2209	R	4	2496	48
28fdb1f5-3c7a-4817-839c-83b4ede48276	X	2374	R	1	13336	3
8b3acc9b-1854-486b-a2c2-1828bc86c604	X	2059	R	2	3044	3
8affd879-44ae-40a2-9b2c-3fe901f887f5	X	2660	R	1	1843	2
29245f3c-ef36-465a-9d51-82cc2afd9493	X	2163	R	1	1091	4
6b947428-74c2-4c3e-bf96-811f6ce2f8e0	X	2751	R	31	142	6
722cdbd1-eac0-491b-9362-36ae9f0e6699	X	2540	R	1	2510	5
88a5cadf-dc3a-4be4-9136-ff78cbdd0e53	X	2553	R	1	25196	7
b3c03c1e-2fa6-4608-bfa2-d356aa3696d0	X	2185	R	1	1838	5
6597394b-4c76-421f-9a3b-95864aa67b12	X	2727	R	1	98	7
295fbfb8-e4f7-4fe0-8821-49546f9944ea	X	2095	R	1	1840	3
057360f0-a502-47a8-aede-86b43491b808	X	2511	R	1	9391	10
a23ba98a-9a75-4007-9faa-1b74d078636a	X	2422	R	1	9367	6
f5c503b1-ed00-4cdf-bae2-ac185460f262	X	2240	R	1	13308	5
2a7e5f8d-bd7e-4fba-af22-62e48f8c5cd9	X	2196	R	1	2960	4
5bcda89a-17ab-424f-8f78-92929fb0c3f0	X	2134	R	1	4802	6
3fbbdb7a-13c5-413c-8c5f-70e4fc4defac	X	2543	R	1	16516	8
f52783ae-1f50-4a8f-8ead-ed3c4422362a	X	2454	R	1	3557	7
0afd0e07-942f-467e-83e2-4dc444770543	X	2128	R	1	645	6
9312e040-efa0-4d87-a53a-7ec83e839b7a	X	2223	R	1	6041	2
7633ac90-b8eb-40c0-93a8-4c8c6906f048	X	2196	R	1	2996	2
6f21ef35-945e-449e-af76-8d4e36878941	X	1760	R	2	5312	7
9bf4e5fc-c1fb-425e-85c3-88ba9aaa82c5	X	1983	R	1	1853	2
7437e2d9-a92f-4535-b405-86f17ce4c0b9	X	1880	R	12	1864	2
01cc8a3c-b320-4817-a1a2-7d948e0aa6ce	X	2582	R	8	1916	4
0cc292fb-fd2e-4742-942e-45fec1b643da	X	2952	R	42	2520	6
18955d73-66ca-4d68-9ba8-ee1a6f627216	X	2316	R	1	16589	9
10fec46d-4a0b-49a3-861c-bb5282945819	X	2164	R	12	2528	5
e4b10e71-2210-4683-8377-ba0e54356cb3	X	1942	R	1	10431	9
bd7eec55-b284-4e19-b3bd-be0e1dca3f11	X	2349	R	15	5395	6
e01da0ed-f48d-4180-8dc1-3a09a9ea00f1	X	2206	R	2	5781	3
6839e77f-bc9c-4250-9a95-52f7f9ba6c90	X	2349	R	1	2384	6
f4de5fed-b844-409a-9bbc-4bbec27530f8	X	2583	R	1	4666	8
acb2980b-5861-43a7-a54b-73c51001cb66	X	2762	R	1	2503	3
6f1bec91-f7f8-4c16-a455-b1c55fd3588b	X	1644	R	4	3099	10
c0c6fce9-0690-414c-8a6c-528445d94cf2	X	2799	R	0	1606	6
34c73437-572a-46b9-a8c8-75bba5157dae	X	2234	R	1	1916	2
ed2586ab-a8cb-41ad-a2ad-0fee2a445bfe	X	2516	R	1	3693	4
02438258-4876-4001-836e-3951256bb18a	X	2280	R	1	177	4
3e88c337-5f2a-4472-92d3-329499380236	X	1208	L	1	2	3
01b982b5-ea5d-46a2-8b07-bfffbaaa5ce3	X	2570	R	1	1837	2
097a5106-8162-4de2-bda3-9c226b050e13	X	2316	R	19	5910	4
62bfc428-d459-4d13-b85c-4fda0b94ccfe	X	2233	R	1	3136	5
62bfc428-d459-4d13-b85c-4fda0b94ccfe	X	1208	L	1	2	5
1f5a623b-089b-4716-8d6c-4a8fc5042d8a	X	2177	R	1	4800	10
b138be1c-70c6-4a32-a839-1436b07ba953	X	2128	R	1	14688	4
5f9961b6-2b0b-4385-8977-6bf370419243	X	1874	R	1	35	7
6b8f66dd-b8f5-4c17-a594-ac523aed2305	X	2478	R	1	4776	6
6b8f66dd-b8f5-4c17-a594-ac523aed2305	X	1209	L	1	7	3
16535e32-8716-4b23-a9ed-85e462c710d4	X	2509	R	1	5784	3
52e20c3d-db4a-4566-894f-2fbb93642176	X	2395	R	1	173	3
01f30b2e-8388-4390-a2f9-140061e4b4ca	X	2289	R	1	5965	2
01f30b2e-8388-4390-a2f9-140061e4b4ca	X	1209	L	1	-6100	3
2fc31500-dca9-4e51-9b48-a076f327ac02	X	2295	R	1	281	10
2fc31500-dca9-4e51-9b48-a076f327ac02	X	1209	L	1	-5485	8
f3b3a329-76a3-4c0f-84f5-91629f468d96	X	1948	R	1	7702	3
346e8e0b-4cb9-4fe1-bc27-062466493598	X	2728	R	1	10647	3
5c37dd41-d122-4b0a-829f-7b7db1c72f4a	X	2317	R	8	1903	2
dfdf5105-b367-40d8-854b-f6df18746819	X	2381	R	1	2744	2
dfdf5105-b367-40d8-854b-f6df18746819	X	1210	L	1	6	4
3ab6f987-3c24-42b3-879a-cf006fe3fc81	X	2099	R	1	5954	4
18ee8049-11a2-4d4e-8d84-f92a4d758f07	X	1210	L	2	6	2
eab7860e-3332-498b-a8fc-1155d1b865cb	X	2728	R	1	3663	10
19900b88-2693-4c76-8f91-72328f8fc7a6	X	2739	R	1	1843	2
1e6ebe52-5d78-4781-8ab5-13a2e4d62bf5	X	2594	R	1	2903	2
a8561fe8-8a21-4672-86ca-146a7f8919a6	X	2402	R	1	4824	6
f3dcda87-6b6f-409d-bd5e-5615a30880e8	X	2185	R	8	3257	4
dceb6b69-f4aa-4e06-9dc3-232400dda75e	X	2152	R	1	142	5
c93ca5d2-a6eb-4042-aad8-7dd9166614e4	X	2114	R	1	177	6
f446bc37-ba23-4c6e-95d4-be9bd4b1aee0	X	2074	R	1	5875	5
add13ce3-342f-42f4-94e9-5683fd9ce5ae	X	1953	R	3	1830	6
57a5e373-2522-45fe-b8aa-ba92ec83043a	X	1843	R	3	2384	3
9a1bd0d9-efc8-41c6-a6f1-618b8769bda6	X	2721	R	4	1806	4
d20f3af7-3661-4c14-a56c-10db11c71c3d	X	2246	R	1	3961	5
b72ea457-40d3-4c34-ae83-8a96667c8774	X	2392	R	1	2940	2
f8269c97-d55b-4642-9361-b5a3bdb87bbc	X	2497	R	1	5830	5
d8b9e89e-639c-431e-9c5a-81509960cc81	X	2325	R	1	1856	2
40b66d24-dca4-416c-a88f-f57fdaa016e6	X	2270	R	2	189	3
c14b6564-88b7-4f84-babf-98905bdce9ae	X	2127	R	1	139	6
4c5ada34-23cb-4155-a53d-69cfd49b039d	X	2715	R	1	6680	3
c3c50cb2-5e3f-4ca8-a3c9-81f87ee81f13	X	2642	R	1	1863	4
6342ed22-8cb7-43d2-bb2c-65222d8d75e7	X	2570	R	1	6149	2
408bf50b-08a6-4906-a80c-9e4a4fa29ec6	X	2149	R	1	5758	5
6b6ffc55-016e-4cf1-90aa-3dfb782dec9d	X	2362	R	5	18726	2
c13ac405-2571-4406-ba09-c2ca07bebe31	X	2349	R	1	4806	6
4594e4d0-9375-40c1-8ae8-d355a4977439	X	2352	R	1	11775	3
4594e4d0-9375-40c1-8ae8-d355a4977439	X	1215	L	1	7	4
4c172151-cb96-4740-9495-092480a9bfe0	X	2521	R	1	3699	2
2a42ae72-54b0-425e-8c21-aef7fd52c33d	X	2355	R	1	2894	2
9735e732-0b13-45e3-908b-fba21a124b3d	X	1216	L	2	6	3
7d3d5ca2-4996-4911-818e-852a3cd30f5c	X	3393	R	8	16637	3
25325baf-43f9-4752-a2fc-c08e11c5db83	X	3084	R	1	651	8
d7195c3f-10d9-4542-9299-8a77e90c728c	X	1892	R	2	1836	4
2f7c018a-3216-46a4-8baa-6661f26f149d	X	2558	R	7	19533	4
cbabe553-26a4-412a-b73b-29b650c6ab20	X	2283	R	1	4784	10
e31ba6fa-2eac-40d9-8503-63b07bca92e8	X	2437	R	1	1289	8
7995c572-71ce-455d-a9de-04ccfed86cbe	X	2417	R	1	3525	5
63b4f576-b762-491e-8c06-b001c907de75	X	2458	R	1	2840	2
1035368a-3290-4b0d-8d71-d4ff73a3e1d4	X	2422	R	1	2927	4
d4aeb0b6-a7f4-4819-b3f9-5f3f3d06e967	X	2246	R	1	1808	3
f769e1c3-b68b-44a9-9e77-eb950a10b49c	X	2422	R	1	4827	8
3cb03ff4-b158-42dc-b8e4-096df6574cef	X	2583	R	1	4786	6
f12c5b85-7fc6-4796-9812-f2f902199e84	X	2505	R	1	4829	6
494139b7-3177-420c-a8df-6fe7208c2864	X	2306	R	7	10420	2
3f60e9de-c64a-422c-b14a-7bf1a22acdbe	X	2361	R	4	1834	2
440fa570-d22e-4c2b-b2df-db4c06fc22d3	X	2089	R	2	2212	11
2cb1cafb-fbd3-4435-9c6b-67017a7b4de5	X	2171	R	1	11365	7
3bce3fbe-4dfb-424c-a69d-242ebc641d6a	X	2558	R	1	148	8
ae1e1982-848d-4984-aba3-406952ad6859	X	2552	R	1	267	4
aba4a3ae-e672-49cc-9187-fd9465921b47	X	2411	R	1	1839	9
cb254aa5-7fa5-4706-86d3-ec39ef8ee9bb	X	2389	R	1	171	3
cb254aa5-7fa5-4706-86d3-ec39ef8ee9bb	X	1219	L	1	-1324	2
ca37e4ec-fd65-4110-b403-dc78eddbaba0	X	2478	R	1	1828	3
7c282d0e-0f16-46ef-bdce-d6d2a668714a	X	2214	R	30	145	5
0371d941-9ee5-4f8c-a5d7-54f2f2f9fbdd	X	2307	R	1	269	5
06d34dfc-49fa-436a-8134-a566a2724143	X	2934	R	1	272	5
0ee10dbf-8c00-4c51-86fa-0638d8efc3b1	X	2392	R	1	3124	8
67a30b11-afcd-4bc3-ac7e-030b750f8f5e	X	2146	R	13	1839	2
30e140c9-9cf8-46ca-9d2c-8b7f3003f4e8	X	2289	R	6	13309	3
30e140c9-9cf8-46ca-9d2c-8b7f3003f4e8	X	1221	L	6	-2819	4
6fe70878-f23e-4334-949f-933df6c4521c	X	2265	R	1	1859	5
89c44606-9b73-4399-a890-eacccf604c22	X	2179	R	1	1251	5
cdff2499-2c2f-4e63-bf7a-b417abc595f9	X	2561	R	1	14722	6
ee625836-4749-4d0b-96dc-2e728799f8c3	X	2820	R	1	16579	5
8fef939e-cc8d-475b-aa21-56fa6bedc2c9	X	2685	R	1	18692	6
6086ec5a-80fa-4370-ae47-3357218d313f	X	2361	R	1	13309	2
40b94171-2c71-4658-8310-098b1cde2433	X	2111	R	1	1890	2
f898e2b2-0a7a-4ab4-ac9b-c9ed16cac2bb	X	2436	R	1	2369	10
c4d77199-2e29-4b62-b566-3de6e1b5522c	X	2386	R	1	179	7
26d89542-6fc2-4a9a-8bb7-ae7f6df98795	X	2140	R	1	1920	2
b94457cb-28be-4f16-8077-5799167bbf28	X	2510	R	1	3688	6
5f96b5bc-56d6-4897-833c-c193cd53c751	X	2478	R	1	7442	2
72948bdd-ff2e-4ac1-aedd-2822be904e24	X	2262	R	1	2015	2
e059822a-5b2b-4562-91fe-3f0b462130f3	X	2469	R	1	166	4
c5ff745a-e5ea-4121-b3e1-3983bb441fb7	X	2114	R	1	1262	6
0033c9bc-f6c4-4ac4-a053-18c52096f274	X	2548	R	10	2382	8
0e37217a-9ebc-4ad9-8e02-68e3a5764dc5	X	2493	R	1	2955	3
8b239204-ae3d-4244-8fcc-1fc85167715a	X	2202	R	6	10962	7
9ccafd53-b472-4ece-9b68-af08adf87704	X	2056	R	5	18748	3
a48af6aa-af8c-440e-b61a-1f195f982e13	X	3821	R	1	181	4
f2cf8c5c-882f-48b3-a161-f925201019d9	X	2910	R	1	4787	6
b06db461-d4f4-4d9a-ad00-3f4d6051f330	X	2546	R	1	25134	4
d8eb0ac9-0db1-4df9-80ce-9290f6a142da	X	2107	R	1	2510	3
915864b9-b245-48e6-8f8d-43c78409989f	X	2534	R	1	4826	4
46fa2059-bf24-4278-b643-9d0bacd797a9	X	2088	R	1	3135	2
3e55d459-5eda-451a-ba30-681df00975d4	X	2212	R	1	143	155
589ec78d-d166-45cf-8d01-bcc90f6b3c03	X	2618	R	1	2933	3
934d7279-b24b-4868-bf82-ece95cb2fae9	X	2330	R	1	1921	2
33785e85-3921-4b98-8251-0162baa8eea2	X	2558	R	3	1249	6
c9d17125-b6cb-48e8-85da-99c29abd5e89	X	2587	R	1	10416	4
24af5d8b-1122-49bc-b701-131ef0caa153	X	2157	R	2	1835	2
c37154c2-89a9-4fd2-ba68-0d392a5d7ae3	X	2354	R	35	2515	5
ad0c934a-6070-4a05-ab07-ceb47c482dde	X	2313	R	1	7797	4
a4205417-8403-49d8-af26-ae00a5edfa9e	X	2164	R	1	7680	2
936d591c-20f9-4719-8dbb-7eb01ad54235	X	2083	R	1	13410	5
7eafe1c7-2733-43aa-964e-ebffb2ef9967	X	2347	R	1	6037	2
a3a3d217-b5db-4c75-9f95-83b5398a8e4a	X	2564	R	1	5930	8
0612df30-0f59-4937-a56e-13b54226b467	X	2170	R	3	2035	4
d6b4931f-25db-494e-aafe-12ceefcffcae	X	2243	R	4	177	5
9d0d87ff-ec44-4dd0-9851-a09feffba5e4	X	2133	R	1	264	9
b5bcaefb-86d7-4700-8fe9-7fbff8ce07c3	X	2277	R	1	4841	7
b5bcaefb-86d7-4700-8fe9-7fbff8ce07c3	X	1230	L	1	-5182	9
bc19f66b-00ca-45cb-9186-d09c8e99209e	X	2153	R	1	6238	5
c0154d26-2687-4a76-9ef9-292405ece706	X	1935	R	2	6532	6
7e5bca13-9e01-47d6-a56e-b003e8683834	X	2240	R	1	3655	4
f5ac0c7e-cab1-47e8-8a81-dd8d804732c7	X	2307	R	23	5390	3
30ca6d6c-c252-4e9e-915f-88d42bd18dde	X	2277	R	10	5863	9
a9570e87-39d6-43b9-a95b-0b83070de2d7	X	2516	R	1	4363	2
b13ee0a4-7f58-44f8-bfcc-1719fba8145b	X	2331	R	1	1861	3
66e7f8ac-b27f-479d-bd44-f3f4d6b729a1	X	2209	R	1	5828	2
945dbe21-b1db-454d-ad37-456b6150bed0	X	2817	R	1	7489	2
875d6674-1746-4307-ac62-db434c414eed	X	2398	R	1	5851	4
041c7f2a-f028-41b4-a4e2-8176c35d8668	X	2601	R	1	1853	2
cb29f957-fb33-4e1c-9477-8b07fca1909f	X	2392	R	1	276	4
f939040d-79ec-4dce-a60b-bf6b7848dc18	X	2355	R	1	7463	2
51277213-cd6c-4107-bb19-d6609097ab3a	X	2338	R	1	13422	2
454aed88-7e8e-4b1d-84a6-a4d4363a285b	X	2817	R	13	10348	9
81fc5736-faed-46d7-be7d-64ce383e9532	X	2113	R	1	15925	3
b93ef4ad-5485-48b3-a414-a2939af136f5	X	2464	R	6	274	5
e2dd96e5-8d26-478d-9e07-4305ea6ead3f	X	2417	R	11	2602	3
41338865-2e40-4c7c-ab76-ac141f1d7c26	X	2319	R	1	2930	2
bdbdfe5b-5cc3-49e0-815e-ca06ca174b84	X	2443	R	1	3022	2
31f0c2b8-19ab-40f3-8563-d8221fe26f56	X	2505	R	1	7450	2
e4bd0302-b9cf-4616-a1bb-baa15e663c78	X	2799	R	18	1841	3
a8a54092-c8f6-4ff9-92ba-0fda4bd0efbd	X	2804	R	1	1906	2
67ad43d2-a39f-418f-bcee-c33e75d8e2ed	X	2626	R	5	224	2
c1358015-8131-4a0b-80c2-a29dc69be87d	X	2310	R	1	1253	6
a0d6c6fd-b2d6-487c-820c-1cca1a90978c	X	2251	R	3	1862	7
f7f09595-8d7a-4697-93fa-7a3994b11c34	X	2582	R	1	1827	6
f7f09595-8d7a-4697-93fa-7a3994b11c34	X	1239	L	1	7	4
32565edd-0672-4634-9fb7-5f8813c0af06	X	2417	R	7	1853	4
32565edd-0672-4634-9fb7-5f8813c0af06	X	1239	L	7	7	7
f7b31194-18d9-4bc2-832a-12f82fa426f0	X	2203	R	1	258	3
cc8bac3c-c6ca-4513-aed6-bb73d7b01fd9	X	3072	R	1	2483	2
8435464d-8911-452c-a2c2-983d091d2abe	X	3045	R	1	175	4
4d3147ce-6367-4575-b654-fd52371acaf0	X	2850	R	1	1838	3
8f3bcc45-417a-429b-beb2-ac40e574f6d9	X	2371	R	2	16531	7
81285629-49e4-4a7a-abc1-8957cbc6ba4d	X	2007	R	1	2226	2
81285629-49e4-4a7a-abc1-8957cbc6ba4d	X	1241	L	1	-57	4
0c28c97b-0d4c-4c2f-b3f6-885b872dcd66	X	2553	R	1	3125	10
28e35109-dcf0-4ec9-a505-0a3cb74712ff	X	2052	R	6	4164	2
0148455c-ac50-4a63-be03-1c3ab2014a63	X	2630	R	1	1860	2
4f83c2a9-fd3c-466a-88b3-54f40593a69c	X	2121	R	3	1839	5
32a01c63-6ebd-4d47-9bed-e5605d980fc6	X	2522	R	1	272	7
202441ca-091f-4afa-8534-984cac2210ab	X	2624	R	1	3680	147
2598c945-03e7-470e-9c83-1abf0504530d	X	2420	R	1	16347	7
2598c945-03e7-470e-9c83-1abf0504530d	X	1244	L	1	-31	2
0784f73d-bf6e-4b5a-a955-f35531d771da	X	2265	R	1	145	5
34518955-a925-48dc-8d83-157fa6ae4b31	X	2325	R	3	3656	7
4ae92120-9c8b-4fff-b75a-cd0faa291eee	X	2089	R	1	266	4
4a93f5ec-48f7-44c5-8280-96aeed49dd46	X	1246	L	1	6	9
02ff5752-532a-45d4-8c84-9a9edda07b90	X	2310	R	1	1260	6
e873b47d-5ddf-42e5-ba4b-eae73e7093be	X	2459	R	1	2901	2
0eef3efd-6acd-4596-b3d4-45dbe1c36d01	X	2127	R	1	2408	9
c6bb3d03-2791-4688-bd72-ce62e3f679fe	X	2296	R	1	1860	2
4e220ebb-4d57-4e3b-8c50-f677553358e2	X	2251	R	9	275	8
5f4027ae-2a4f-430c-b59e-ee917adcc76b	X	2251	R	4	10420	4
051fdfbb-9b88-4660-b35a-09773bd6cc22	X	2228	R	1	6898	6
f88ffec5-a42a-4db2-ba7f-1d2d214e9095	X	2461	R	1	6781	2
5c13e104-444a-457d-8bbc-5e1e899a186d	X	2856	R	1	5822	5
a834040f-2bef-4baa-84a1-8f0dc7a77a30	X	2431	R	1	2944	3
ec6a1a16-617d-4528-84d1-fc0cf66b6c84	X	1250	L	4	-1328	2
dcc77711-7817-485b-bdb1-941b0df96958	X	2426	R	1	17960	2
eb718774-ce4b-4643-87a5-b69d9c2eb1fa	X	1251	L	6	7	5
f38ce04a-612f-443d-8c6f-edfe7deaddc7	X	3078	R	1	1841	6
11af5978-b63d-4820-8fd5-b90130b6a0e2	X	2657	R	1	15380	8
069ac39b-713b-40cf-9f82-009ff8c22e08	X	2566	R	25	3907	2
328af9ce-898a-4093-acdc-cb26ee15405f	X	2262	R	1	5842	5
07d62fa0-53b2-4166-9d7f-c8bd6e3a19b8	X	2113	R	5	684	2
8894515e-3de8-435f-94b0-c5a9d5e90023	X	2489	R	1	5856	5
71ac85ac-289e-4114-8408-787902cfc3c1	X	2311	R	1	285	5
60081b8b-3979-4c25-8d58-aa1d9a0af71c	X	2721	R	1	19025	7
d979af9b-9e75-4d3c-a373-667b719bacaf	X	2661	R	1	1944	3
21b5e92d-c3b1-457d-9df9-d0596b511adb	X	2331	R	1	1767	3
2875fc2b-c94c-4062-9051-4f70274a6e5a	X	2424	R	1	19585	6
2875fc2b-c94c-4062-9051-4f70274a6e5a	X	1258	L	1	-1366	8
76c01338-39d1-4f09-a71d-98d158455c76	X	2442	R	1	1913	5
b67b9df8-a4de-4714-b01e-19d825df5948	X	2387	R	1	16570	7
8c9e46da-a7b7-4252-b8d3-96494f3f5783	X	2823	R	2	18669	2
48e4ba02-d587-481a-8ac6-32a3b8bb049e	X	2355	R	1	7677	5
c6642dd5-ee5d-49fc-a400-d76eb6f939cf	X	2178	R	11	7668	2
9304589e-1f36-48e2-b6e9-d12de7ddb005	X	2421	R	1	10733	3
910bbc64-610a-4289-8f42-29b614f7681c	X	2286	R	1	13713	9
9f1fbd24-19fd-4aa6-b48f-11afd5d60322	X	1758	R	3	16686	3
d337f937-1247-499b-950c-346ab8e43fad	X	2533	R	20	13289	5
56e84d70-8f12-42c6-976a-d0ba2a95f4c6	X	2660	R	1	142	2
8ab5bdf4-f4be-437f-ba2a-a31fe69abd54	X	2361	R	1	1835	3
ac92315f-36f4-42c7-bf0b-d378984673d6	X	2369	R	1	2411	4
3ce31844-3647-4455-910b-60413db67fb8	X	2420	R	1	16610	7
7ea49156-038f-4177-804c-24cef07f4891	X	2077	R	1	13241	3
a87f48f9-f992-4034-9fbb-7ff913628712	X	2679	R	1	13174	5
2c9b024b-750a-48f4-93db-7a54e70a7bbc	X	1265	L	1	7	2
046ed50d-e8c4-4682-98d9-b9c9a89540c7	X	2392	R	1	262	3
046ed50d-e8c4-4682-98d9-b9c9a89540c7	X	1266	L	1	6	5
8cc1d104-c64f-428e-b993-2b23f9277eee	X	3018	R	1	7693	12
0c75700c-7385-4982-af20-9859c191f3c2	X	2369	R	1	16391	5
0a319400-da9f-4fc2-bb4e-4624bf60df4c	X	2478	R	1	3707	6
05889bf9-e863-49cc-a5cf-aee181ca17d2	X	2486	R	6	274	4
1d25512e-932a-41d3-9953-04c58d2b1390	X	2472	R	8	2928	2
c4c6c722-b8fa-4656-a30c-9f4887ef5026	X	3067	R	1	7409	3
87a3fc04-7988-47bd-a1e0-5fc10a8a6e82	X	2209	R	1	4400	4
f31ca23a-ea22-4089-bc8a-9f17765745f1	X	5537	R	1	2114	38
f481e83b-02f4-4ee3-8ace-54910ee1c39e	X	2600	R	13	2401	5
745f7ab9-ef85-4d34-a67f-d7a0f0f2cfa1	X	2164	R	1	2930	2
df58ed6f-472a-4ea7-892c-c92a1941d24a	X	2386	R	1	1829	5
32640c77-909f-4574-a08d-1eb51d877bb4	X	2083	R	2	12084	2
d55ef29d-4df8-49e1-856d-42edbf488308	X	2214	R	8	7455	3
517778c0-be8c-4c6b-999c-fead8f269b26	X	2147	R	1	12149	5
30b6bbcc-2e28-4070-8da5-1234d8e21ce1	X	2564	R	1	2377	7
2c7e8d08-3a2e-4919-abac-f2479a000913	X	2365	R	4	1839	3
148e23a7-80f0-4245-91e9-c11cc845135c	X	2501	R	1	16756	6
148e23a7-80f0-4245-91e9-c11cc845135c	X	1271	L	1	7	7
dd9c4d51-94a0-4f14-ba02-a4e9f4a4b05e	X	2448	R	1	2938	3
dd9c4d51-94a0-4f14-ba02-a4e9f4a4b05e	X	1272	L	1	6	3
fbbeb0a3-e426-4005-ba73-b96ca80332eb	X	2850	R	6	1859	2
80575519-42c1-48c2-b38f-386021b2b40c	X	2534	R	13	4834	5
c84bc02c-657e-4949-ad9d-a0514a04a0ff	X	2952	R	1	1840	6
ee17628c-6723-4834-8f39-a80560718208	X	2153	R	1	13242	2
d6939a9c-2710-4f42-a2b8-417abf7d1d0f	X	2636	R	1	1850	7
fc1e21e8-9a7c-4f04-b76b-410f1d90fdb7	X	2657	R	1	14685	2
d4a7f4ef-d1a8-4b5e-a9a0-0aee95621f8a	X	2472	R	1	1840	5
b8527a14-83fe-4c9b-a2a7-7c68bf2a2138	X	2428	R	1	2947	3
cba64faa-1153-4faf-b350-222f84b12d13	X	2398	R	3	2512	4
5ecb8725-8a59-492c-a811-2c93ee36adae	X	2251	R	7	10336	2
3cee17c0-3e36-425b-9e97-5c0672d8c13f	X	2668	R	1	5823	4
f2743471-caf7-4550-813d-1cea41dc7ba9	X	2118	R	8	1810	2
49c7713e-2f8e-45df-881a-78b2e2ed72e7	X	2486	R	22	16531	3
72e1f9b5-2f54-4d48-8e0f-d3aed138066d	X	2469	R	1	16636	5
0a6a5631-baed-4bc3-998a-b56b1bea89a4	X	2802	R	1	175	3
64e25747-7c29-4f0f-b83c-ca4c7d51b517	X	1277	L	1	7	2
f905d009-e614-403a-a870-eba536dcb5e6	X	2203	R	1	1848	7
f905d009-e614-403a-a870-eba536dcb5e6	X	1278	L	1	6	6
e0d497a2-32f7-4eb0-8f67-c871ba369abe	X	2131	R	6	4732	6
850a22fa-36db-4f15-9f99-51aa5cbee7d6	X	2374	R	9	4826	3
3b821bfa-ddf6-42b6-a350-b05344235155	X	2307	R	6	13377	2
09564848-093b-4835-8880-f697122060d8	X	2251	R	1	24292	6
ea55e3ba-7283-4e65-8758-064c90cdf830	X	2398	R	1	12143	4
f24867ee-8d7c-4a74-af0f-65cc3807e9c4	X	2399	R	17	18417	5
b0a2bb30-d9a0-4492-8ec7-2389e46bfc56	X	2540	R	1	4806	9
c1e2fa5e-1c54-4390-a42e-e261def3755f	X	2271	R	12	5931	3
8e8ac806-a361-49e2-8499-485764f96730	X	2361	R	2	1838	9
39e7b0f3-db7c-4567-aa30-1c6b0a58a577	X	2096	R	1	1852	5
39e7b0f3-db7c-4567-aa30-1c6b0a58a577	X	1284	L	1	-2559	3
65274408-cb99-45fb-b15c-7bdbaff740c0	X	2466	R	1	1711	5
c79a0696-cca2-4cc7-8cf8-b61ab347ec1c	X	2478	R	1	265	5
ee9596f5-1589-49db-9463-8f644d69476c	X	2454	R	1	7487	2
1b8c4102-5049-4118-b393-15ba9426eead	X	2337	R	1	1860	5
2737658a-7dba-46c5-8a90-ef332390302c	X	2164	R	1	1780	4
26348d46-02cd-430c-9b20-e7ded392bf51	X	2564	R	1	140	5
09d7815c-89a2-4fdf-aa96-0a5aae99e7d5	X	2134	R	10	237	2
bfe5ea5b-5ffd-4e56-8efc-68c4a3fbcaa5	X	2710	R	1	1918	2
42de73f8-b5e0-4784-9754-fd2cc71ed23f	X	2554	R	1	664	2
56398573-43cc-4715-bcdf-7c15b6e131d4	X	2618	R	4	4815	8
620c29c4-ad5c-48d5-b427-3f822488cfc5	X	2295	R	1	2929	3
9871289b-fbe6-41ab-a2f8-f22e466ad2b0	X	2254	R	1	734	2
64b368d1-8d67-453b-b698-14345c4af288	X	2070	R	1	16638	8
1395268a-6e01-429c-b6e6-3ec2918cf860	X	2431	R	1	11857	2
0e4a690d-dbbc-4303-99f9-4940e0ab7512	X	2313	R	8	148	4
743f9f23-8760-4362-b04f-1012c787b3fa	X	2928	R	1	1835	3
e1f11ee2-a8ac-41c5-bdd5-5aeeae0ba9f7	X	2159	R	1	6028	5
80ed6bbf-e4de-4ff4-b625-8d5b4096a2ac	X	2443	R	8	161	2
95dd9e39-1901-41c3-9de2-84b9a46f853b	X	2420	R	1	5832	4
ff6491b8-c89f-4fff-b8f8-7ae70c40fe83	X	2325	R	2	2628	7
2e14a97d-2d20-4c78-b347-c47e46c8c234	X	2606	R	2	144	3
cebe0e71-5ad8-4247-a9ca-7b2edf2e1e06	X	2448	R	1	1851	2
a3adb3ce-e2da-4810-b0b7-d1e4ca9d9715	X	2380	R	1	1831	4
5b9b309b-3da7-4cc5-a98e-5dd58795c6a5	X	2265	R	1	264	2
0e840654-a1b7-432b-bbae-ad918889a565	X	2237	R	1	16595	7
36af3c57-3c5e-45ec-85c6-03bb7a7cf0d3	X	2287	R	1	1900	4
78a0685f-73f3-46b8-9b2e-b89f427b74c7	X	2787	R	1	140	3
00ceca7f-0d1d-431c-a675-759f5a5dd9de	X	2349	R	1	5355	2
e51fe997-6d9b-46f7-9712-3f2983c36ac8	X	2233	R	5	181	4
a4dcc673-349f-46e9-b219-4426f227cd4c	X	2271	R	7	273	3
b806f432-15bf-4c89-8dc3-25ef317373f9	X	2313	R	1	7482	2
fa6bb102-5055-4dc7-9f6a-6a8da57652de	X	2072	R	1	13285	3
ccca73df-2742-4dcb-96f4-39a1df457ad0	X	1930	R	1	3354	3
d39faf3f-d6bf-48c0-ad0e-07e7b8281e10	X	2171	R	1	4825	8
be16f096-3638-479e-86c1-dd51609e130c	X	2274	R	2	174	4
3dc1e7bb-0cdd-4d14-8bcd-f17b26a4e7ed	X	3207	R	1	281	5
23ff8311-ff05-4a8d-98ad-5af395caa0f8	X	2488	R	11	31669	2
6c2c23a3-14f2-47e6-9148-01afc10b29f7	X	2388	R	3	236	5
6c2c23a3-14f2-47e6-9148-01afc10b29f7	X	1308	L	3	7	4
3c76dde9-0a2c-48b2-b853-7badd9c6e32a	X	2355	R	4	3684	4
3c76dde9-0a2c-48b2-b853-7badd9c6e32a	X	1308	L	4	7	5
699ccfd9-80b5-480d-a62b-70669fdfb8e2	X	2485	R	19	71	9
79da9710-8745-466c-94ff-3c79ac12ae90	X	3567	R	1	1828	3
0fb50fa5-6186-4df9-bfa7-ed2901086ae8	X	2478	R	1	6023	3
c7d0d1dd-336e-4b97-b107-422bcd3d5053	X	2515	R	1	5988	3
1ee248d3-4913-4f9b-b1cb-819ea1525ff3	X	2498	R	1	1909	2
9be06c96-475c-4e0e-8916-1a4f39846168	X	2392	R	1	280	5
515e1c15-56e7-43c5-b505-74e8736ad6e3	X	2546	R	1	3105	2
bf029a8d-32cd-4e00-8a94-05ab55244856	X	2351	R	1	230	3
e27dba8d-cc9c-4e08-9d03-35a2e80f08da	X	2163	R	1	10708	3
138dd235-7391-4c31-ab9c-7af117ea7b74	X	2374	R	5	277	4
4e1969aa-4036-4fac-851b-2ce4d4c23222	X	2307	R	1	1261	6
66f1024e-b366-48d3-8055-285ec35d81c4	X	2433	R	1	172	3
87ca8030-9e27-424b-aa2c-e0bf6c545501	X	2565	R	9	1848	3
4ee1da6f-0e33-42e1-add2-4a481868a841	X	2107	R	9	1869	2
b6d078de-a1e5-4aaf-990f-00e5a4568e64	X	2552	R	1	3689	8
6ae6eb9f-ceac-4897-b471-26bbb6cdcf75	X	2453	R	1	188	8
759c2db3-fb5e-4636-9fed-ac60baab6a0c	X	3301	R	1	809	3
759c2db3-fb5e-4636-9fed-ac60baab6a0c	X	1327	L	1	-9433	2
a724e888-5ec1-4214-8b88-c0a828efceeb	X	2679	R	1	2398	4
dbab6cf5-af4c-4baf-a5ad-027bf8d03f59	X	2146	R	1	14595	112
065bad51-834c-4d5d-868d-d64acb0b88fa	X	2549	R	1	16655	9
0b7a8a02-04ba-4af0-bc37-cf59e9f7531c	X	2522	R	1	5345	3
c1be944f-0303-4499-a44f-34491843329a	X	2422	R	1	2185	3
1ad1f043-163c-4cd5-8caf-c9be12602e9d	X	2515	R	1	2952	2
bc959bca-b233-465b-ae14-f9afd36c9d47	X	2361	R	11	13086	4
4bf42a5c-6783-4db5-97db-e98baeb04a90	X	2223	R	1	4803	8
4e907def-e519-4561-839a-1bd6bf452275	X	2084	R	1	3112	11
54865677-4c65-422d-bac6-138a0db6e9d6	X	2357	R	30	231	5
821bd888-9380-44cc-8ff8-f2c4d5003074	X	2392	R	1	4869	5
b4f0a72f-f6f9-40e2-9a90-d490b596c7ff	X	2107	R	21	3122	7
3c145c4b-80a1-4b41-8da3-7be486d8d11c	X	2617	R	1	2390	2
a08884f8-6828-494d-8fb8-0b80b721525e	X	2214	R	1	2372	3
a08884f8-6828-494d-8fb8-0b80b721525e	X	1328	L	1	7	3
48f03f8f-67a0-4b84-acba-be0740e4e752	X	2498	R	6	1929	2
2f892e18-f085-4ad5-adce-b13835d7e15c	X	2973	R	1	13152	3
884b56a3-01e9-41a4-a147-72c9328e4e67	X	2805	R	1	3066	2
3a65ee45-253b-4504-bf08-daebf176c386	X	2642	R	1	2386	7
c4524e8a-0176-4198-a3c5-ecf9fd151eaf	X	2594	R	1	1839	2
bf0cfa94-fbe1-4e3c-b0a9-e0f18b4ec179	X	2503	R	1	2515	4
2163c4bf-f3e9-4246-97d8-425182d24e56	X	2337	R	1	1833	6
d92f33a9-70c5-4e13-aac0-f5f6257321ce	X	2414	R	1	11550	4
82374bd3-0bf9-4bcd-a0cc-dfa4004f175d	X	2259	R	1	3108	9
2284948d-379f-430d-b678-94de80faa1eb	X	2184	R	1	2922	2
ead87ff7-2d0a-4d2d-9195-e4aa01f1679d	X	2546	R	1	271	4
34117f14-e095-4e89-a4ae-07720684e583	X	2498	R	1	2920	2
67540b48-1e60-4b6f-b19d-c61d8788ba34	X	2411	R	1	1823	3
42294421-bee8-49e7-ac22-81c456c85398	X	2431	R	41	3803	3
ab0ed8cd-7751-4c61-89ba-02867b445866	X	2380	R	1	7217	5
96b71c6c-07c1-41c5-8182-457305517410	X	2398	R	1	263	4
376e04fa-84b6-4fd3-b410-3413d9811f8e	X	2301	R	1	1850	6
d6ed72f8-af9e-4bbf-9c9d-353f72e8320d	X	2823	R	1	1825	7
b95f4dbf-afc1-4101-bbf6-ab4da24b29f2	X	2540	R	1	1840	10
fa3b5c54-cbb4-4f9d-af07-e577ef348325	X	2352	R	1	5776	5
8ddc99a4-25ac-4374-be49-ed2f4c3044e6	X	2448	R	1	1853	7
e633ca3b-6ae3-4245-92eb-bb561e12ce21	X	2478	R	1	4194	2
450e3722-6c01-44ba-9775-dd8357ab8199	X	2850	R	3	7611	157
dac1ca0a-8aa3-4ba6-8e32-94eb02546deb	X	2416	R	1	16649	7
4e277884-68aa-4d22-82cc-8ad2f59e859a	X	2570	R	1	1872	5
aaa64e78-7946-4419-87c1-aa67e115d4e8	X	2234	R	1	4912	6
0c1454a4-e242-4e79-94b0-a061be42ff87	X	2113	R	1	2916	3
f9e3d271-a053-4d60-b71c-166671951a31	X	2606	R	1	7683	4
98b56e9a-8730-4d74-94b9-db6a238105b0	X	2246	R	1	4161	5
28bb27b7-1bac-479b-88d6-7f1a37053f4b	X	2528	R	1	2520	4
743afa84-d926-462f-9b94-03cd42db2fda	X	2651	R	1	175	3
b6ed795b-12c7-4a24-a365-6bdf195efd79	X	2200	R	1	2495	2
85c7f4b3-fbc5-46eb-bf79-ab93cbacd35a	X	2558	R	1	2951	2
b35ba354-8fc9-4e0c-bef2-74b79002ad8c	X	1340	L	1	7	2
10b6415f-e948-407f-acba-75ea0e8fbe80	X	2214	R	1	7461	5
82931470-e579-4925-a2d2-15bb2d79ccb8	X	2546	R	1	2435	5
40b48203-04d2-4dc3-99eb-eddc9d1bf681	X	1341	L	1	6	2
56235d78-9cf9-477a-a4fb-a9743b4e563c	X	2407	R	2	226	2
1ea4f715-c359-47ba-9c0b-e763045d6e7a	X	2383	R	1	176	145
e5a9839c-5411-42e9-9d70-57cd5c7c0cbc	X	2398	R	1	4260	4
e5a9839c-5411-42e9-9d70-57cd5c7c0cbc	X	1341	L	1	6	6
a9722f14-8566-45ee-b2a5-2bfed410ee1f	X	2497	R	1	2178	154
ee174399-71be-4551-86f8-c5c64b4a0197	X	2355	R	1	2844	10
f9f20899-af22-4167-bd8c-4ac3c2ed76a6	X	2268	R	1	16583	3
c01169ff-83fe-4c5b-b65e-006ccdf4b2b8	X	2114	R	1	2032	2
3dc5bf1a-a980-4ee3-8001-8d48e9056973	X	2241	R	1	3103	7
9de13e81-dd8c-4dc3-b6c2-0267f3441532	X	2988	R	1	2931	3
c31515b1-a170-4f70-b68a-28abbf71c449	X	2310	R	1	18047	3
ee3ba3f7-392d-4b53-ab3c-7d1f3ce0eb86	X	2691	R	1	1870	5
9e206598-7bf8-47ae-87b0-d7c09b0f573c	X	2685	R	1	1826	3
aa6e43a2-4763-44b3-a61f-5a0f56a41838	X	2546	R	1	8229	3
1fba000c-95dd-4ed8-a584-f9368c6f58c7	X	2065	R	4	2622	5
e342d32a-73d0-4c94-a0b6-f88e3f2102d4	X	1351	L	1	-20	2
df2597bf-83d1-44a4-aaa2-a1741faed213	X	2222	R	1	10664	3
207b025f-294b-4206-a983-5724ec43c48b	X	2915	R	1	5893	5
9f54cbdd-d86d-4a14-be9e-2ea6f1a14c19	X	2570	R	1	4827	8
6cf810d4-157c-40f1-a93e-777c4a9d295d	X	2534	R	1	1842	3
c1206ae9-5cce-40e7-9130-c796824d7680	X	2504	R	1	3576	4
23821a02-2e56-4ca6-817f-6473cf7589f8	X	2454	R	20	13352	3
e3a567b1-1cd0-482c-bc46-670a305ae621	X	2296	R	1	4659	3
8451e79c-1287-4bb2-86e9-b97671b86b93	X	2570	R	1	18812	7
99949d5b-b755-455f-84e7-dca952ccee9e	X	2127	R	1	2936	2
72b5d851-1dfb-4972-a8f6-72d9bb9bf78c	X	3025	R	1	13495	2
c4499d3c-485c-4f40-8ffc-c3b469fbe97e	X	2319	R	2	1835	2
c4499d3c-485c-4f40-8ffc-c3b469fbe97e	X	1359	L	2	6	6
37585e7f-3cbb-42d4-aacd-f87d442abd55	X	2316	R	1	16647	3
8eff1bdf-c218-4e7c-995e-d0cba70a341d	X	2922	R	1	2402	2
65afc551-1dea-4d19-b680-e35e0c173241	X	2375	R	1	2394	7
d3da1da1-43e3-4c49-bbed-132cdaba7d65	X	2209	R	1	4836	10
ed731a39-3bc1-4ca9-aa9c-34aeff68fc6e	X	2402	R	1	15041	2
a71948b9-d493-4781-9e28-c146844a337f	X	2368	R	1	1858	2
bd251d66-c70a-49f9-bc46-cc7846789bce	X	2380	R	11	18764	2
8339a9ec-ee2d-4a45-b88d-e1e570be6765	X	2618	R	1	1867	2
af659681-7399-4393-8915-846dede13e08	X	2754	R	1	16544	6
18a980d4-9b71-4111-a386-022fee3e0c0e	X	2859	R	1	5093	3
1a13a2f9-431b-4f5b-9c44-f36b4f7a48d8	X	2804	R	1	148	2
1175f640-3727-4b29-ba58-9403b477f8c7	X	2528	R	9	1838	3
3d6ffc88-6a6a-4300-bef0-4e9510806a3a	X	2420	R	1	175	5
3d6ffc88-6a6a-4300-bef0-4e9510806a3a	X	1366	L	1	-9395	3
e8e0c4e8-6bb5-4188-bebb-2487da443a16	X	2648	R	1	7703	4
3ab664e7-c98a-4949-9f24-e3fccde76d89	X	2510	R	1	2389	3
996354fc-d94a-43d8-953e-f4c5f1d63576	X	2349	R	3	4328	5
6a195bc3-f725-4ff5-b877-39e663a96f11	X	1371	L	1	6	2
6962e611-c9a0-4617-a33c-da009fea04fa	X	3134	R	1	282	5
1d143497-9e46-413f-bceb-c8676524bae6	X	2618	R	1	143	3
efe658e1-afdb-4377-8477-18352bc55f58	X	2988	R	1	3675	8
1c67ccac-0871-46d1-8f8d-55b53a3ec7ed	X	2392	R	1	7408	2
7294262b-524e-4262-b3fe-cc26035594af	X	2868	R	2	1821	2
78b5ff75-d067-4c0b-b872-adf29784485a	X	3580	R	1	524	8
67aef696-644f-4eb2-9ef0-de70667a1da7	X	2337	R	3	1807	7
cb0d86b8-b3d1-4bf9-8e35-e54f13095b1a	X	2746	R	1	306	3
f826d59f-7f9d-4cfb-98cf-e53719639a8e	X	2486	R	1	4380	3
a9711d06-cd92-4477-a688-16a05812d712	X	2644	R	1	152	3
a9711d06-cd92-4477-a688-16a05812d712	X	1386	L	1	-8438	2
c8562b2a-8af0-420e-b9d6-eee08c5aceea	X	2721	R	1	3672	4
1687f261-634c-415b-8fb2-cf35bb0bb51e	X	2221	R	1	13307	2
f78f6558-5ff8-49c3-b6d2-d077f3fe6210	X	2158	R	1	4809	7
b2dcd985-eeaa-4b7e-bece-b08b8eda157f	X	2325	R	26	956	6
f49759b2-7129-493e-9891-c4cc5b60d8f4	X	2661	R	1	3616	5
1176ca9b-8f11-49ea-a22d-da48447cdf38	X	2478	R	2	2498	5
1176ca9b-8f11-49ea-a22d-da48447cdf38	X	1394	L	2	-3088	4
2326ce95-6562-408b-97e0-a9fca9c6df03	X	2240	R	1	4186	2
7c7776cc-db7c-4433-8e52-dea514c69a8e	X	2197	R	1	267	3
339babd2-9d13-43f5-ae4b-ef53abbf9ed7	X	2585	R	1	5813	5
9166f5e1-408b-4924-8d47-d8be47b91b02	X	2576	R	1	1845	5
2603ef2f-7f7d-4773-8f56-4bddf38f5884	X	2307	R	4	1836	3
c480e0b9-691c-4687-beb0-8a39a08df077	X	2330	R	1	10408	6
c480e0b9-691c-4687-beb0-8a39a08df077	X	1398	L	1	-4029	9
494d32f9-5e15-4650-b00b-dc475640c41d	X	2946	R	1	3345	2
d64efc09-c0ce-45a1-b25f-f982511e3cd8	X	2361	R	1	24763	3
e699451f-3a7c-422a-9b3c-15700c8fe713	X	2430	R	1	7474	2
9c349a92-9e6b-4f09-8486-af384991dd54	X	2289	R	1	146	5
11ad061f-cc13-4dcc-8d66-016ae3cf1583	X	2283	R	13	278	2
c89ac982-f0b8-4f15-b93a-599d39b45d2f	X	2234	R	1	1809	6
0c545f51-7afe-4ab1-98e7-b7004aac59ed	X	2251	R	4	128	4
6434ab5d-a751-45f1-a6be-0c0d6ca58e32	X	2500	R	1	10650	2
0836d166-3799-4257-bcdb-926f43d35031	X	2411	R	1	2905	2
352beacf-0fc2-4619-8334-5b163eaa353f	X	2805	R	1	4414	2
5f8f8d7c-52fa-4ee6-bf4f-a0986c8b6c58	X	2621	R	1	6258	2
8f1aefd5-61af-4c28-8cbf-43a3f5b9a1b2	X	2606	R	1	4403	4
9594de60-994c-480d-a838-a8f6e18921f0	X	2368	R	2	7424	2
727ec3cb-9298-4915-bd64-03045fba5f60	X	2576	R	1	7096	2
b94c4e71-c411-43c4-aee6-eff5bc59f266	X	2559	R	1	3663	5
6c6bf8d5-a64b-4f6e-9234-0fa03c47b07e	X	2259	R	12	10503	2
f5ca0afb-bae2-4e74-9136-2654cc29a8b9	X	2570	R	1	3148	6
af292984-ea75-42bf-b392-8764e2d415f9	X	2534	R	2	14738	4
406fbd28-6e7a-45fb-aac3-956f79885711	X	2476	R	1	1824	8
10e906e8-6991-4f73-8c19-2fb066eb548a	X	2427	R	1	5811	6
5964e246-26a9-4487-9e18-017ec40f6b64	X	2845	R	1	2885	3
b588587f-115d-4239-86a0-3aec32f785ac	X	2588	R	1	1794	4
cf650b0a-71f5-4daf-a57b-c44eaaf37f93	X	2552	R	1	1264	4
2f236f85-284b-41ec-b4bd-f66788e8adca	X	1422	L	2	-101	2
1e3445a9-421f-406b-9cc5-631587c31a5a	X	2582	R	1	230	2
fe888a05-c45a-4beb-85cb-e56a30737396	X	2436	R	1	13198	4
834fb973-f970-4ec2-b495-cebf201d5222	X	2301	R	3	3104	7
834fb973-f970-4ec2-b495-cebf201d5222	X	1424	L	3	7	8
3c5aa3f1-a166-43ac-a5df-207f8eb64399	X	2791	R	1	6025	4
3c5aa3f1-a166-43ac-a5df-207f8eb64399	X	1425	L	1	6	5
90cffa30-4d2a-4cd3-adbd-fb688e982ae1	X	2540	R	1	1850	2
2ba867dc-98dd-44df-a916-5c35c45e306f	X	2164	R	1	1846	2
74d10521-6d04-4246-852f-6d1335bd6914	X	2374	R	1	2504	2
d032339a-d36d-4f89-bd9b-cde4e959482f	X	2455	R	1	1853	3
6f0ce621-536b-4a4e-8fbb-d43a14a322a1	X	2333	R	1	18967	3
795e5a4a-860b-421e-b597-69f77fa6f04c	X	2563	R	1	3071	5
cb48c134-18a0-4326-8967-4a5ab5c2d3ca	X	2845	R	1	239	6
cb48c134-18a0-4326-8967-4a5ab5c2d3ca	X	1432	L	1	-93	6
465fb189-3e64-47dd-87e0-3a18a00d88d8	X	2259	R	3	145	5
ff21602d-da12-408f-b6bc-f532b6a07251	X	2606	R	1	4413	3
a9e6d900-4de8-46a5-af19-572b3e2a925b	X	2313	R	1	7411	5
d7446093-9b5e-4439-9c50-0cce45ae983b	X	2307	R	1	7661	3
324dec2b-64a7-435d-97ad-0674b024c71c	X	2781	R	1	4753	7
76f9dd07-875a-4bc1-bdc5-783ce0314789	X	1436	L	1	7	5
00e99ce8-d462-42ec-898b-0cd495df78ea	X	2783	R	1	231	3
d0806a85-3abd-49ff-be48-633945bc8bcc	X	2295	R	1	145	2
b2996389-916f-46ee-aee2-42c3c715806f	X	2600	R	1	16738	2
cae13598-8441-4f9d-b265-a61b29cd710b	X	2334	R	1	6052	2
0b2d2c26-6b2a-419d-8a61-d52b14a16f74	X	2295	R	2	147	4
ae1fc421-8dd7-4c55-9acc-bc3547ce7053	X	2436	R	1	4123	2
ae1fc421-8dd7-4c55-9acc-bc3547ce7053	X	1439	L	1	-2741	3
c70f0a24-880f-4e6f-8d2f-824ee05c0c84	X	2346	R	4	16666	7
3fae8429-14f6-42d4-b5c6-5bb72c7fc9ae	X	2679	R	1	7694	4
a73d3db6-b1c6-4526-b30e-e63e57491668	X	2365	R	1	1838	2
bce96a34-1d67-484b-8e91-62ba0df8e679	X	1441	L	1	-87	4
35682da4-453a-44d0-a11f-c0432a5853a3	X	2811	R	1	4189	3
66b8ce16-e26c-4938-9563-46a66631416e	X	2113	R	1	18629	7
9359ddec-5c65-46ac-9228-fe8a62ef31ac	X	2466	R	1	7999	6
b4a5d1d5-c9e6-4560-8bd6-383559a223d6	X	2343	R	1	4388	2
e214f228-7cc7-4322-bac0-ad211beb52bb	X	3024	R	1	145	4
849c6105-fd04-4039-a80c-69d2d34acb4b	X	2805	R	0	4407	3
314102da-3019-41fa-9be3-74bac8c11ace	X	2868	R	1	2353	3
e71a24fa-34c8-4280-be44-2eda9c2b0cc8	X	2283	R	1	1745	5
ca9889ea-bbef-4064-981b-7f743c65a18c	X	2337	R	14	1852	5
c5526ea7-e148-4695-a439-92e7b4f89592	X	7066	R	1	1616	2
b98fdeb8-3d90-4dab-9b6a-7923d916b62d	X	2158	R	3	3750	2
4d48c75a-30d6-4d09-b6bc-039df0fa5b49	X	2301	R	1	264	2
1927c570-b8cd-47b4-a28d-c410d76f96a7	X	2380	R	1	1844	4
48df321d-8e2f-4022-b74e-5cbdd58241cf	X	2359	R	1	5747	5
e152ce8c-4769-48be-93c0-01a3f21d983a	X	2417	R	1	7694	3
8dbf956e-f528-4ca6-b8c5-12af8a4cd339	X	2543	R	1	16617	3
9979445e-d178-4645-b07b-0c0f0c6a76c3	X	2478	R	1	4271	5
e2fcbc13-e6b1-4254-a712-9ede67d332f3	X	2442	R	13	2489	4
c6d20950-3cf5-4cb0-ac30-4171e0fb3670	X	2072	R	1	10168	8
091d3f7e-ea1e-44c0-9e32-87d588c6e78c	X	2270	R	2	4732	4
d0e9976b-1ae5-4099-bb24-34a1d77a04e9	X	2557	R	1	6085	2
c970b9a2-b3fd-461d-b043-79f50277c09f	X	2805	R	1	7483	2
c970b9a2-b3fd-461d-b043-79f50277c09f	X	1460	L	1	7	2
c93771cc-70b2-4f6e-a9a4-d401b145652f	X	2254	R	1	4832	3
634cdef3-f406-45fd-8f04-3ee70c3afd5f	X	2854	R	1	3661	7
6e8253b7-b34a-4867-99bd-557a42045ea5	X	2780	R	4	10474	4
6e8253b7-b34a-4867-99bd-557a42045ea5	X	1463	L	4	-8593	3
a1d6d2fb-89f8-48fa-8e24-40ac692c9aeb	X	2392	R	1	2901	2
9e0bc9f0-6e20-4533-b19a-3ef3570114d2	X	2422	R	1	5828	7
5a4f7aad-bab2-470e-a3f8-766508b8e772	X	2265	R	1	7446	2
e9cc5844-42ec-48cf-96db-997fa2b7a24b	X	2436	R	1	1840	3
6a0495c3-7ada-4476-9f8a-84d1e122a902	X	2661	R	1	7636	2
a9662dc7-fe05-4cc6-ad9e-ee1ad7ebfa3f	X	2963	R	1	3434	2
97ce618b-266b-4be1-9443-652773011295	X	2361	R	1	4813	7
a8f0a9a6-0195-4ffa-be14-5ab60c0f9186	X	1472	L	3	7	4
e69be239-e208-4aab-9d10-2c61ecc14dd8	X	2361	R	1	1918	2
58bf4e9a-e1b4-4a71-b78f-6a07bbb7bfb0	X	2418	R	1	25184	3
4a8db301-abae-4fc3-9f4b-04490957d71b	X	2331	R	1	1806	6
8b7fc166-7c5a-45da-a701-4c6b81917f99	X	2276	R	1	2932	2
2c85bb26-b5e2-487f-affd-92c326b5cfe7	X	2728	R	1	2030	4
7656740c-68fc-47ef-8a19-2d610ca47618	X	2248	R	1	5987	3
7656740c-68fc-47ef-8a19-2d610ca47618	X	1479	L	1	6	4
3c9647b7-779f-40d3-a532-9dc99fb3b530	X	2478	R	1	274	5
ed565d90-8363-4268-8f0e-e1a3ab31ce6d	X	2849	R	1	175	6
c8835253-b559-4258-8e87-8d561c3e19e9	X	2610	R	1	6004	3
ee859ecb-972c-4cc5-a8fa-8006ff75076c	X	2822	R	1	2914	3
84a1049c-743a-42ce-a339-3945d69dc0d0	X	2663	R	1	5874	5
2a82e935-db2b-47cf-b30d-959214f990c2	X	2259	R	2	1812	3
4d40c434-a796-4817-a283-a8067f822d67	X	2636	R	1	274	3
a62bebc6-2e27-4fcc-a976-36ce2a7d8401	X	2113	R	1	6084	3
df6101c3-c15e-4cba-910d-f7743aa5adba	X	2251	R	1	13483	3
1a0971d7-1431-4e26-9cd0-ce6fda9840c6	X	2435	R	1	10386	2
f211e1fb-9fd7-4a93-9186-b1dc3c1f31eb	X	2736	R	11	175	4
05937f2e-ff2e-4946-9784-95b3e14fb3ed	X	1490	L	1	7	2
4024a2af-b3a2-4c1c-9106-7c18edb2688c	X	2343	R	1	149	5
f8ee0528-4fc8-42be-86ed-a31891cc6277	X	2821	R	1	18727	7
a4c0eb01-d90b-424f-bfaa-e02e1733e953	X	3005	R	1	6022	3
13f9f643-2f6b-4876-bbd5-d963a3160acc	X	2654	R	1	1737	7
1c023e35-311f-491c-8265-2db0f5aaca19	X	2337	R	11	141	3
653660d3-6463-4fa9-8474-6dc40ac6cd57	X	2818	R	1	1812	2
a63ba71a-f544-4b8c-8444-cde412054ed7	X	2649	R	1	25232	6
a63ba71a-f544-4b8c-8444-cde412054ed7	X	1494	L	1	-1191	3
c73362cf-94be-4e9e-ad47-56177d5cf705	X	2427	R	1	5894	6
8d5e129b-abec-4e46-9c77-ee92adbf654b	X	2507	R	1	6017	4
13a69e85-bfd3-4a36-b192-ba96311c1a87	X	2528	R	7	1262	2
88b55664-dc18-46e2-b136-c518146b706e	X	2630	R	1	1848	2
88b55664-dc18-46e2-b136-c518146b706e	X	1496	L	1	7	3
5b7c5bd4-b4fd-4ac4-b032-62db52a79e44	X	2648	R	1	7675	3
5b7c5bd4-b4fd-4ac4-b032-62db52a79e44	X	1496	L	1	-8598	2
9fee64bc-1906-46ab-b4d6-9bec0d3ed53a	X	2592	R	1	5939	2
d8adb31a-a010-423f-8e33-4ca48daace9f	X	2657	R	1	174	5
b17f180a-1cfe-4cbd-b9d7-074336d639f5	X	2209	R	1	146	5
560d7a43-794d-46be-b57b-2876df1e6140	X	2246	R	2	13040	4
853a1ad2-b794-4ac8-bdc8-d2c36a133431	X	2392	R	1	3655	9
3ebf972f-3f81-4ea2-8c0d-1c648174b650	X	3084	R	1	7077	7
2ca031c7-dd82-47e7-a819-9c65a32a02b7	X	2231	R	1	8612	6
70495e09-1449-4ced-925f-3ebb2bb95cdf	X	2259	R	2	6313	3
70495e09-1449-4ced-925f-3ebb2bb95cdf	X	1501	L	2	-41	4
094be8fe-92fe-4f0f-b13c-c778f8d437c3	X	1502	L	1	7	5
886c8337-4ebd-44b6-bd7f-fa8a2265163b	X	2955	R	1	5844	6
6962d428-bffd-4bbb-9dba-d6de9b46d7cd	X	3016	R	1	5960	4
0d2748f4-847f-47cc-82be-a487b405d316	X	2307	R	5	3080	8
0d2748f4-847f-47cc-82be-a487b405d316	X	1506	L	5	-55	3
a7ca4fac-2217-4e93-be00-d2849de89058	X	2413	R	1	2944	2
efc7529c-a16a-4ab2-ab15-dd2cca07f694	X	2214	R	1	3659	9
2e0d13d5-c0e9-467a-982f-d6780c2280d7	X	2943	R	1	16662	5
92759bfa-5fdd-4e62-9109-82033fdbbab8	X	2582	R	1	1846	4
4e6d45f4-8bf2-4584-908b-10604a063b0b	X	2403	R	4	25320	4
1f6495cb-f301-4919-a965-ddd94e883d9a	X	2289	R	1	4834	5
63b820f4-65f6-4ff1-b016-51735250fb8f	X	2466	R	1	1816	4
2292540d-01cb-4652-877b-254f066a91cf	X	2454	R	1	1851	6
2292540d-01cb-4652-877b-254f066a91cf	X	1512	L	1	-315	7
0f694881-833d-4ea0-8d85-0ff875db3861	X	2368	R	1	272	92
efe04ea6-2b1c-4044-a045-50c514bc5758	X	2292	R	1	9515	5
8de2cbef-65cc-4fca-aa11-bbae8e1008a3	X	1517	L	1	-2789	3
63f3dc32-3dba-4026-910d-63b4cb9573a6	X	2147	R	1	3441	3
1d71fc60-cc3a-4fc2-9239-9212f4439bf4	X	2331	R	1	14544	2
4087c704-150a-4ead-a2b1-719e8e908cfb	X	2478	R	1	6086	3
aa01efb8-5760-4ae1-9aed-4b82b8fd2368	X	2331	R	1	5644	5
1e0b4a38-8052-4411-b49f-c9401426363d	X	2682	R	1	635	10
93aafb17-84af-49c8-b9ad-ee4f0f460f48	X	2342	R	1	2652	2
6dc36e21-60dc-41dd-99b9-204d66f0668c	X	2631	R	1	643	5
fa949c34-8851-4111-a921-335fcc22650a	X	2516	R	1	13277	3
75edd7cb-3769-4b03-aa70-511dd4e06d80	X	2625	R	1	167	5
424573c8-0904-4eda-b4d6-df3dfbc14cb8	X	2448	R	1	2638	105
4743b1f0-ef29-42fe-b57f-aebd3909cb88	X	2430	R	1	2901	89
e77a8194-7339-4788-8277-4ae4b315f076	X	3073	R	1	3673	10
0949e457-06c3-4ce2-95bd-fff33eefafa6	X	2498	R	1	1855	4
f60855b2-2527-4c0e-8875-b84980a31f70	X	2437	R	2	4735	3
538d8b15-b240-4b7f-9124-1443180c8f4a	X	3089	R	1	5982	3
a1d8861f-6287-43ac-a303-7b8e9448ea78	X	2164	R	1	4799	4
fc444e30-16e1-4334-ae09-fe0b7f37e612	X	2398	R	1	4831	5
cce0216f-2e3b-494e-868d-f6f4ad128752	X	2510	R	1	7671	2
29a91af7-6475-425b-bdaa-89315670cb72	X	2420	R	6	5832	5
97e34a43-ff89-4186-a374-83cc14603708	X	2570	R	1	18706	11
40ffef62-9c1b-4327-8de5-26fbac86bb45	X	2693	R	1	229	2
2d789053-cc4a-4b45-b76c-f8dcb7909e28	X	2371	R	1	16551	9
a62482bb-a1c4-405b-b496-6916f28ecb07	X	2412	R	1	275	2
9370afa3-3fed-480b-aa2f-de8ef05f6929	X	2690	R	1	4842	7
9370afa3-3fed-480b-aa2f-de8ef05f6929	X	1544	L	1	7	3
d9c981ef-ea4c-46f5-8312-eab1c46ec75b	X	2520	R	1	16652	8
d3609509-c80a-4aae-a5c0-443b584367ca	X	2310	R	1	2523	5
a145b95d-9ca5-4c1e-8ba9-0341893dd6bc	X	2665	R	1	3628	7
94ffc64f-4777-4915-afdc-1cda80d11465	X	2546	R	1	4201	9
dca3f0c4-961a-4a83-9d9a-7b099cdde992	X	2307	R	1	4411	4
1f1a1a40-11ba-4073-a177-4c7bec5ad01a	X	2607	R	2	276	4
94c1d7f4-815d-4ef2-b0bd-802f19113b18	X	2642	R	1	1825	7
6aa8d909-235f-4ae0-9285-64218d6ff2ca	X	2624	R	1	3679	4
b43c81c6-f9a9-4050-a62e-516b0342a545	X	2466	R	1	13355	4
b2425b82-bb5d-47fb-9a69-2714fa0417d4	X	2289	R	1	10240	6
60c9d75d-fc6b-4c4e-adf9-91b7c2910160	X	2906	R	1	661	2
86964a20-4443-47dd-9e69-d9c564afa1a2	X	2565	R	1	7581	2
e425043e-497e-49fd-9e44-9fae80d5506f	X	2575	R	1	13441	2
aedf2fb0-0b4b-4675-b05d-11664b3d5de5	X	2929	R	1	7587	3
788a636b-389e-4730-9aff-4a1e52a03c88	X	2231	R	2	1464	5
788a636b-389e-4730-9aff-4a1e52a03c88	X	1581	L	2	-778	3
b508f928-fb3b-4e99-ac06-ea018710b6b5	X	2355	R	1	2913	2
87fa3d84-b1c5-40b3-8dd1-9e7896fee370	X	2331	R	5	1579	7
1daece2e-efac-4bfe-a47f-28b4eb6e8f83	X	2879	R	6	770	4
6b1ed782-5590-4247-8420-1e38431cdc13	X	2574	R	1	5932	3
e739943c-e328-4618-8cb8-f4ea85a95859	X	2716	R	1	4408	3
8c093380-e946-485b-b005-14f2948ca570	X	2238	R	6	7512	4
9d1d6636-14a4-4f3f-ab83-cd6600d7e26c	X	2368	R	1	2984	2
9d1d6636-14a4-4f3f-ab83-cd6600d7e26c	X	1586	L	1	6	5
9d62fe30-6916-4582-9ff6-cca519036da5	X	2392	R	1	7682	3
9d62fe30-6916-4582-9ff6-cca519036da5	X	1586	L	1	6	2
024dddce-0aa3-4ff8-af8d-29e450144385	X	2516	R	1	140	4
9c312a62-026b-4e87-930e-453d05f99a04	X	2790	R	1	2639	8
0667746b-85ca-4fab-bc07-8a1dd716eeae	X	2564	R	5	5866	5
e69884b4-5c7a-47ec-a37d-48152a30659e	X	2423	R	9	1904	6
3050d17f-8efa-4cf9-a6b0-b0827691a9ba	X	2946	R	1	7638	4
2756a651-8910-4946-9a8c-112e0564e2f0	X	3078	R	1	13345	2
a1e73eb7-91cc-4444-9bdb-a64503f1819c	X	2295	R	1	7483	4
8dce2d4c-60b7-4a65-99f5-1e5669d01bc2	X	1595	L	1	5	8
ea77c1f2-5732-4c09-a648-5a3e4318a4f1	X	2414	R	4	6136	3
c2c668e1-d2e9-42fa-8570-553eb9e0f78c	X	2392	R	1	24980	115
0e78e875-1f4f-48ea-b87e-4d5a772c39ad	X	2757	R	2	18660	3
15152835-c17a-42e4-961c-1665d5e71161	X	2319	R	3	278	3
eadfb544-b8ce-4afd-a742-bc2fd95a25ef	X	2817	R	6	13227	4
a6c5db99-178d-413b-b6c3-7b7c8f2abe78	X	2313	R	1	2404	6
7f728f5a-8626-4961-8027-70fe7dead9cf	X	2618	R	1	143	9
6052823f-8255-43ce-8516-0943b9c83aee	X	2302	R	1	3026	4
c7b0cd27-3473-43cb-bd0b-fd42cd8fd57d	X	2725	R	1	4218	8
223d3275-81f9-4c38-ae67-0118a689bf4f	X	2392	R	1	5776	4
0284d1bb-e57e-40db-89f8-fd04e53f8016	X	2917	R	1	1913	2
0284d1bb-e57e-40db-89f8-fd04e53f8016	X	1599	L	1	-2713	5
9cd9fd8c-5015-4d6c-ab0d-b488e283ffc9	X	2573	R	1	6124	4
9cd9fd8c-5015-4d6c-ab0d-b488e283ffc9	X	1599	L	1	7	3
212571c5-e95a-49ba-905d-7374003cddb8	X	2519	R	1	170	3
d5f6b31d-f9fa-44a2-97b6-49109655a7a4	X	2430	R	4	4404	3
51c920ae-2e97-44d4-a546-05ee4e583cb1	X	3115	R	1	2413	6
0f590cef-96d9-4841-9d3d-aed1f7d60b38	X	2649	R	1	1867	3
c3e81c18-1c0e-4af2-8b2e-61399dfe9be5	X	2478	R	4	3097	4
600dec00-1da7-4249-ba42-43737f6bb9ca	X	2386	R	1	139	3
7bfd7e77-a370-4a27-ba11-184b7e18a0b8	X	2204	R	1	15178	2
346c775f-f1b5-4bbd-9851-dca0eb52845a	X	2283	R	1	4848	9
da351e35-330d-46fe-91dd-9635d15808b7	X	2709	R	1	5988	2
bb994da0-f7dd-4672-bba8-ea1efcb74e3e	X	2766	R	1	5818	6
330011a8-06d0-424f-9a9a-026d9a2342f2	X	2660	R	2	1829	3
2d1a8d99-c418-4972-82a2-d602f8143075	X	2812	R	1	2888	2
d27855f4-f12c-4277-83d3-9e71f4d8cbbd	X	2368	R	1	4396	5
287269ed-34d7-45eb-8d64-d69cd3bf369b	X	2555	R	1	11539	3
3ba94bdd-83ce-4578-983b-ba8824b2df07	X	2558	R	1	4817	6
cbc8b350-84ca-497d-82c1-07e39b86dfdd	X	2540	R	1	2930	9
6313cda9-40b1-432a-abc5-ffdaa42b8c91	X	2203	R	1	7467	3
505e93ff-dcad-4554-87b8-97052468ec90	X	2405	R	1	7469	2
00ba1c6e-0701-42bd-b86f-b168abd78e46	X	2817	R	1	2981	2
00ba1c6e-0701-42bd-b86f-b168abd78e46	X	1611	L	1	7	2
4ddd39a8-13bd-460b-bf80-7e61c2b7bce3	X	2411	R	5	3111	9
df92d20c-cc61-4969-bca9-1ff91798602a	X	2565	R	1	4375	4
f5352fd4-e1a9-4b0c-8e02-a69ba617c55e	X	2799	R	1	1844	2
6b3f373b-04a4-47e5-8ce4-ea925ac912f4	X	2454	R	1	1809	6
0e5beef4-e122-4d49-99b2-1d092d49a41f	X	2235	R	1	3419	6
f803ad89-45b5-4d72-afea-ea1764df93dc	X	2739	R	1	1836	7
1f81a272-06a0-466f-ad63-fffed92ec7bf	X	2454	R	1	14733	2
5e4ba0c5-0b0b-4c90-a497-03252a171db5	X	2380	R	11	143	2
548c255a-5d98-4d58-97fe-78deb1a1e1fc	X	2489	R	1	14020	129
92425e40-5213-477d-992c-719b9e0dbc54	X	2516	R	1	1830	2
1729e520-987d-4d74-89fe-ee1cc8f43cb5	X	2398	R	1	3639	104
a72879c1-4596-4828-81e7-454e021f79ff	X	3187	R	1	20831	2
4bb4488d-4248-46e6-bac4-c993fbd98642	X	2472	R	1	2928	2
3abc1d81-6b2d-48b7-bfe0-e8cea32d6d0b	X	2576	R	12	1861	2
5f554695-65e9-4035-bf8e-0ee5ad7b9f86	X	2170	R	5	24557	2
7500a494-3f50-48cb-b40f-5350ea4b3fc7	X	2235	R	1	3453	2
db7b7fab-0151-44e7-959c-1797ae947e37	X	2344	R	1	11834	4
ec9e7c81-a4cd-41a0-b5bc-a18e10804123	X	2709	R	3	1845	2
44a76e54-e579-4dbd-a6ca-c3a2161e4e72	X	2343	R	1	3801	3
f06e3c2a-fbf6-4a52-80cd-d1d1df622801	X	2928	R	1	7507	2
d3276fd6-6229-4bf1-a62d-426d48f7a241	X	2234	R	4	4833	7
266f2f9a-ff22-405e-90f7-d1cb78c989a4	X	3519	R	1	2932	2
cb82b2e3-4ee3-4184-a00d-7d315dc9c567	X	2349	R	1	1792	3
cb82b2e3-4ee3-4184-a00d-7d315dc9c567	X	1628	L	1	-12430	4
002db338-2524-4f09-93cd-c08c49ece45d	X	2752	R	1	3534	6
83ee709d-35e9-4694-9637-6b3348bebcdd	X	3060	R	1	3107	8
d9151db1-495e-4ac2-ba5c-7dd6e1908e9f	X	2928	R	1	2907	3
ecb382dc-41c3-43b4-a5ec-9ec34e59af88	X	2775	R	1	2956	7
440f04cb-4171-4e09-8149-a369d052f270	X	2999	R	1	2614	6
2f239da6-0ae5-4677-ab20-23ca3b7ce298	X	2504	R	1	7474	2
b9dca0d0-f37d-463f-a320-fb5c4bdfd7bb	X	2769	R	1	1813	3
a78a39d5-e6fb-463d-af5e-7d35a76b2037	X	2307	R	1	2930	2
ccdb6c4c-5a0c-470c-988a-5dd1a72ad5cc	X	2474	R	1	640	3
a56f842d-31e8-4a51-8d29-84265160ed9a	X	2665	R	1	18742	3
07a1567c-d40a-4a19-bdfb-62ce209d16f0	X	2594	R	26	278	8
0d31ffc3-b7b0-48e7-9c23-cede853a60eb	X	2854	R	1	2401	4
b2157d66-6c85-42ed-8f54-1156f3b22a5f	X	2852	R	1	6050	8
4af9bd8a-d153-4efd-b933-29fbd32d8bb8	X	2751	R	1	2916	4
d65604e0-63de-45f8-84c3-d839de89b597	X	3339	R	1	2905	2
a8c1f62b-66a1-490f-b995-0983815a02b4	X	2958	R	1	2393	7
e6381bad-8456-474c-a30a-18b9863e418c	X	2805	R	1	1857	5
37fa1aa6-3715-4005-84ae-bb0d52d3530e	X	2472	R	1	13817	5
0dc9d370-e7b8-4196-a582-59ee835084e3	X	2844	R	1	3610	4
cf0ed54e-1c65-4897-8acb-8c2fcce3eb2b	X	2711	R	1	229	2
53f695d2-1f3c-46fc-ab26-493dfa62e5a3	X	2486	R	10	139	5
ed0feb5b-efc1-461f-b723-196b3cbc4a72	X	2277	R	3	3663	8
edca56e5-7a66-4881-888c-e17697cfa3ca	X	2568	R	1	1915	3
4dd6cc80-7dc7-4c03-960d-1ba10fc6fed1	X	2277	R	1	1853	5
d672f0fb-dd38-48ea-8696-988fb2af70f9	X	2417	R	1	2916	2
3dae610b-1939-4594-8130-1e939cd05f8c	X	2090	R	1	1290	6
58fe61aa-4689-45d6-9d45-aef9b6b87daf	X	2633	R	1	180	2
ac802d10-4f75-4b4d-8c4a-0a1d64f0b85f	X	2766	R	1	16595	5
02f0c967-9109-42da-a84d-1775cb7328c6	X	3199	R	1	1853	9
88b3a90d-b39a-4761-8dec-256308505f10	X	2534	R	6	1831	2
120c1c54-d2ff-46f1-91e4-3f4355fa4e33	X	2472	R	7	276	5
f2991c8f-e367-45bb-8917-a590205d3d42	X	2770	R	1	5842	4
5d81fd11-0ed5-4a61-b745-3bb2fbd16d3e	X	2928	R	5	1829	3
72ae8fe1-0d82-4de6-b5c0-3dfd8a7e5064	X	2259	R	1	10779	3
e0336822-138e-451a-9deb-42753be97b29	X	2892	R	1	4356	190
6d3a4553-666f-4181-8767-c413d2f759b8	X	2411	R	1	14585	2
2c49981d-8889-47cc-820a-f444ef519bc4	X	2454	R	5	2391	4
2c49981d-8889-47cc-820a-f444ef519bc4	X	1655	L	5	-2678	2
38e5774f-57f7-487a-82c0-47eaf537f249	X	2904	R	1	1848	6
a5f1562b-8f97-49e9-a721-febb59f33089	X	2768	R	1	9599	4
1bf6a18a-cf2e-464a-b354-a6cda2b960dd	X	2417	R	1	180	4
b2228b65-8c18-4e8f-a975-826dea7f3867	X	2592	R	1	5993	3
920fdfc1-2a30-4771-b103-622657f624cd	X	2089	R	2	144	3
d6209ec8-8e61-4f67-928f-17d8bcb6bc2e	X	2986	R	1	144	4
76cce70e-9180-47ba-a6c1-a953c5c54e4f	X	2757	R	1	7500	3
763b133d-ceef-4738-bb16-f1f687fe1384	X	2454	R	1	2508	2
2c457289-933f-4c1f-94fd-74bf4dad0514	X	2484	R	1	10278	10
d86fe237-63db-4c89-ac05-bc3f450e390d	X	2769	R	1	3556	8
3363a4a6-7a73-482b-ae4e-e6b855330cbe	X	2214	R	1	3054	4
3363a4a6-7a73-482b-ae4e-e6b855330cbe	X	1664	L	1	6	2
43005a95-7212-4b04-91b6-17c6ec79d455	X	2739	R	1	1857	5
1ca3c5fb-c3e6-4ac3-9da5-efbf66dc9e5b	X	2522	R	6	2526	4
e41d5774-64cf-4e9c-8289-2cdf022f6196	X	2600	R	1	7478	2
e41d5774-64cf-4e9c-8289-2cdf022f6196	X	1664	L	1	6	2
be1ccef9-9c98-45a0-a0c9-da2cf629b62c	X	2970	R	1	4829	8
00e8aad7-b76b-4818-84b4-8cccb3f0cb02	X	3139	R	1	145	2
bb12387c-85ab-45ea-bb2e-9abd9c2e3bb6	X	2934	R	1	1841	2
c39c0e40-0f8a-471d-8974-f8a17235c1b3	X	2650	R	1	16740	4
d5aa39fa-bf14-4660-a56d-0e11a96ceccd	X	2670	R	21	1849	2
0204f682-495b-41a5-b61d-87b15ec95b31	X	2466	R	1	16644	5
e7948a1c-2721-421f-aab1-1b0f51cad52a	X	2811	R	3	9677	2
2b25bddc-afb4-4037-a44b-ce62f12ac3c8	X	2525	R	1	16677	7
0216ab28-36f2-4101-ba12-3f223f0e7bfe	X	2886	R	1	3109	6
32ca32a4-72a1-48b0-a1d9-d77242f814b3	X	3405	R	1	2011	4
4026fcce-1e40-49f5-b5be-611cfaf9bff7	X	2249	R	1	5818	3
3515c862-9580-442f-8c2f-223304fb5fe1	X	2478	R	10	2500	4
ee3a5e3e-37e9-489d-84a4-8c9357b86255	X	2525	R	1	16586	7
49a34f3e-9cfc-4a48-9b8e-8eef0971cb17	X	2650	R	1	230	2
ea8d29d7-f5d6-41fd-b509-636adb1505b1	X	2361	R	1	4175	2
f1106a65-79a8-4797-bbbc-7bcc013f7ce5	X	2319	R	1	145	5
9a6ca849-27c0-44c5-ac91-0a28ae14ddb0	X	1673	L	1	-17	59
276ef6ae-c5eb-429e-b893-77b499ab722e	X	2326	R	1	1855	2
d3c0ecc8-6c8e-49ea-9d53-b4b2399a2a05	X	2892	R	1	4805	6
73729005-f289-4812-abc0-22e93c9fdee0	X	2398	R	1	5973	2
adf4fb15-4fc8-42c9-94cf-9f3da4033f32	X	2589	R	1	4795	7
214ff1d8-8328-4993-a3da-3c82379dad58	X	2471	R	1	3690	6
95e1ba27-6b28-403f-8c7d-e0eedf2f4861	X	2405	R	1	4940	4
0b602602-af33-4596-95ad-7a8a7224d61a	X	2527	R	1	16630	3
fc4cca1f-ea73-4e71-a7a4-0d517fe557e0	X	2386	R	5	279	5
45da8107-e0fd-4625-aabc-f6edb1be90fd	X	3418	R	1	1926	2
45da8107-e0fd-4625-aabc-f6edb1be90fd	X	1678	L	1	-442	4
47238d1b-e2c4-4610-a1c4-7a142ab3f817	X	2822	R	1	2400	8
3a7d3503-f777-4953-b10b-4978513807fb	X	2994	R	1	2926	3
d5b04e51-88a5-4c79-981f-207f0d94fc11	X	2958	R	1	2941	3
fa2ab69b-b040-4708-80cb-e3dba9ffdedd	X	2787	R	1	2980	2
48d84a9a-3831-436d-8478-e8fe0c2e3906	X	2399	R	1	10668	6
a852c636-4c77-4b35-a3bf-e84b045b3cec	X	2313	R	4	145	2
b161c206-64dc-4be7-8143-a3e2aab40595	X	2775	R	1	10408	8
b6f5d1cc-547f-44c4-9212-0134db9892c5	X	2802	R	1	176	6
06572a31-77a5-42df-8c5c-7b8b5dc94be9	X	2564	R	1	272	4
f218fe8c-60b1-44a9-8515-5e6254fab3ba	X	1688	L	1	6	2
d108c422-bde7-418d-8859-0b3236272795	X	3265	R	1	4835	7
92897fae-3fed-48d5-af5e-98f4d3ab6d35	X	2594	R	1	2930	2
824d3229-a474-4480-90d3-c5ef3dd5803e	X	2487	R	1	177	3
ce32655a-3b5e-4d84-b645-6089a61a5106	X	2594	R	1	1844	7
9a5432c2-68ac-4918-b42b-9cb259c27392	X	2753	R	1	172	6
0e216066-96fd-4b83-87ac-686db086c0db	X	2576	R	1	6934	7
e0e03d76-4fb1-4ed0-9b13-a410b0fc95a9	X	2472	R	1	274	5
0aa0f839-060f-4f1e-ae2b-0551f492cb2a	X	2361	R	6	4831	13
8799f84e-f898-49eb-a5f9-8f683c0d610b	X	2636	R	1	6359	3
fc2432a3-e1f6-4b75-bf6f-b845885b2dd7	X	2709	R	1	1813	2
37ee4e61-6041-4b1a-ada0-85a07e4eb0b0	X	2349	R	1	7485	6
3fdb91c0-a5df-416b-a9c6-5771f4a07618	X	1694	L	1	6	2
00ff32b7-314b-4826-8918-194095878530	X	3039	R	1	3161	7
0c15c692-9d81-45fd-986a-a9449d886302	X	2915	R	1	2039	6
4a504089-ecb5-4aa1-bb80-c41863e713e8	X	2624	R	1	4225	5
03f4ad6c-7a60-4d0f-9848-12c6a3835caf	X	2624	R	1	16674	5
29241860-b76d-473c-82fd-9414dcae6c09	X	2564	R	1	141	7
c529e87b-ca6b-4027-a720-5c22cdacde43	X	3012	R	1	5032	2
4406e32a-67bb-43a8-bd5d-2aec2efb86c5	X	2989	R	1	5122	3
6424b716-9ae1-446d-b36f-897e6f8dbae2	X	3295	R	1	3685	6
bbfbcbab-b44b-48c6-9e5a-593e47cd3a9d	X	2654	R	1	5753	2
591e840a-5bba-4283-8b56-23e7ce4dc9a0	X	2822	R	1	3312	160
e4bc9b37-8994-47e4-a9fd-f4a984875dde	X	2498	R	1	4836	7
4674b2a0-c3fe-4926-8fbd-ceddb67a954d	X	2799	R	1	16285	4
05d2332f-9b99-46d4-a5c4-c6e037e0e41d	X	2201	R	1	2934	2
81cb2f4d-a977-4469-b56d-fec4dea257f2	X	3181	R	1	2938	2
aab91f09-c0dc-4782-bbe5-528f5aa8eaf0	X	2911	R	1	1900	2
696d26d9-2752-47c6-bb31-cf20790fbc40	X	2322	R	6	5851	6
418e00b7-e46b-4cf1-9ba3-de63f0d9fdba	X	2355	R	3	4377	2
5ed4e4c6-f9bb-4998-969b-81eed6088d56	X	2821	R	1	18752	5
62f3b335-db05-4fa3-ae0e-8e30f4b52a97	X	2385	R	5	10255	2
a136741c-eab1-4ea3-8be5-c5ccf5c1d5c1	X	3157	R	1	7452	2
61aa7e7b-94d0-4434-a519-fb33a205ecd7	X	2661	R	1	271	2
e0cb5d64-4860-4308-9c57-7a208c709ac3	X	2551	R	1	10303	3
4a0dbbe6-ac25-4ef4-8caf-ed4a87f2d1c7	X	2442	R	1	25131	2
ca3cdad2-8a78-4525-96b8-0c47941944e6	X	3277	R	1	5787	5
03d66160-a8c7-48ca-8f75-53bc6db63661	X	2780	R	1	10431	5
20503d54-9816-47f9-b642-98e7f0ec73ff	X	2523	R	1	2949	2
8f0e88be-3418-4b94-ad5a-4ab61d7432fd	X	2546	R	1	4810	7
e4b3b02e-7633-4030-a067-213aad083743	X	2582	R	1	1910	3
851cc69a-e2e8-4d17-9892-511e324da454	X	2403	R	1	5937	7
3da5bbdb-d775-4f2c-9e89-5f9e2df88d54	X	3038	R	1	9079	2
21b48001-a87a-461a-92f0-65c02939ba7f	X	3327	R	1	2499	2
21b48001-a87a-461a-92f0-65c02939ba7f	X	1725	L	1	7	3
029c384a-ae4a-46c1-949b-133f42a42e86	X	2546	R	4	20	2
29bf1a47-9e8d-4798-a977-74e27729a83d	X	3103	R	1	7663	2
b4f29d0a-84e1-421a-a339-8413ffc2c25a	X	2398	R	5	7482	2
4673916c-296b-4b88-9807-5b783ba8d262	X	2537	R	1	16567	6
34241280-f5b3-4674-9ca5-4ff050e57f7b	X	3765	R	1	3116	4
f62f0564-6843-4afa-9412-9205a6459667	X	2614	R	1	3133	2
0ff28e4b-c920-4fc9-9d99-7a23391e5232	X	2378	R	1	13415	3
f602c56f-a82d-4865-bd91-2ce301f919c7	X	2928	R	19	13369	3
0941179c-82ff-4f6e-ae72-abd8ee07b191	X	3057	R	1	16682	7
4982ca96-a509-45d0-89ac-7090dbc5c3f9	X	2706	R	1	16612	2
149378af-ef31-43aa-8f2b-11ab9424b220	X	2757	R	1	143	3
891105ec-5cf7-42de-affa-e40042e79877	X	2534	R	1	25074	3
0e6d965f-2b5e-47db-83b4-ba32dd421ddc	X	2348	R	1	7492	2
1c0fdaa5-45a5-4c45-b82f-1e1bef619d85	X	2399	R	1	2833	8
fcaff8f0-37e9-4f32-8285-bbcfba758a50	X	3018	R	1	1850	4
4e72d10d-3f6a-403a-88b8-8f1e6b58c843	X	2654	R	1	2927	4
98370821-fd31-4c00-94f0-1baf273574a0	X	2621	R	1	15465	2
fd058a20-aa3b-4e97-8bcd-4ff95af58465	X	2222	R	1	1839	2
fd058a20-aa3b-4e97-8bcd-4ff95af58465	X	1738	L	1	6	2
c0c15f9f-2d33-49f3-8d08-f5ef016ab2d2	X	2651	R	1	5997	3
c0c15f9f-2d33-49f3-8d08-f5ef016ab2d2	X	1739	L	1	-1889	4
8fd82354-829f-4299-93bc-679cd467292f	X	2492	R	3	2511	6
96e41c40-12cc-4e22-a73e-7163f1c869b6	X	2985	R	1	174	5
8cf34f05-76e7-4bbd-ae3d-84ab0aea685e	X	2649	R	1	4172	4
50d914a1-387c-462d-8f1b-6fd5382fada4	X	2600	R	1	1790	7
d5dff9e4-e538-4e90-a48b-2accba425c1c	X	2534	R	1	1922	2
507c21d1-e17c-4de3-a9c4-4d28224e92de	X	2805	R	1	1850	2
2a220a0c-d77a-4eba-a999-297b9ec718fe	X	2467	R	1	6131	3
06178a3f-7c9b-4c70-a615-d7eb4c0b410a	X	2809	R	1	6014	2
b0d73c55-e178-4897-8e87-5726d631d43e	X	3423	R	1	277	2
753fc92f-37bf-4567-aaba-ac3e6928514a	X	3223	R	1	3422	2
912f9719-7e00-4872-a27a-6e748c681cab	X	2819	R	1	231	4
2abf6b4b-9bf7-4009-8773-ce0a8c71962a	X	2451	R	1	16650	4
846b0c1e-4aa2-4c77-8a28-aca8c58b400f	X	2892	R	1	3687	6
a83dc39c-eec1-4b56-8c90-359fc670931d	X	2956	R	1	825	4
69336bd3-2475-4069-b10c-4052017586dd	X	2325	R	12	186	5
2d576de8-628e-44da-82b0-61d384adb32a	X	2916	R	1	3681	6
cc992e38-5269-42a0-b2e5-81831ad9d102	X	2937	R	1	9456	9
c18ecbac-520e-44c4-8ddc-e5e2044ea934	X	2733	R	1	4805	6
51473f98-5045-4cd7-a218-0a06ff7824ae	X	3053	R	1	1927	4
6d4e49af-e257-4db3-a1e2-163e58500108	X	2739	R	1	13279	3
35d98ce6-f4e2-4266-9e75-db13485fe923	X	2811	R	1	1855	2
8637f3bc-14c9-49f7-affd-497d675df351	X	2564	R	1	7495	2
6dc21fe1-cb1a-4e9f-9a1e-e32bd921bac8	X	2697	R	1	2942	3
275c2a09-cbd4-4b88-b669-0684ab0ffb6e	X	2392	R	1	1844	9
d715f0fd-b3f3-4feb-9fa0-cdc6a10d89fe	X	2361	R	1	2945	4
f8100ba5-c406-429f-b4d2-0d48e269ce0f	X	3060	R	2	2570	5
ac5f53d7-8013-41b4-b3d9-6d3d31ccc30c	X	2709	R	1	5044	2
65db1e3a-f051-463b-9ff0-db77d5b31c92	X	2934	R	1	271	4
7fc5e3ce-edf3-4fb2-822c-1170d183bc7c	X	2880	R	1	1837	3
9fd879a9-1f60-4a47-b058-f3df79331094	X	2387	R	1	3132	5
14291c96-cd2e-4d76-a51b-85d986470b70	X	2728	R	1	3125	7
4fd9d69c-acbb-4896-9518-b35b20f814e6	X	2466	R	1	7544	4
28b9dd17-f5a0-47f2-9dfe-c767080712b0	X	3169	R	1	4142	6
9fb67041-6553-4760-a7fd-37bc4dd21d1b	X	2824	R	1	3428	2
25a8bb5a-7117-4240-b77c-dc3ec08342f5	X	3023	R	1	10381	3
875dacee-a7c8-440f-8a7c-60c1e1ed733c	X	2384	R	1	5998	3
1c31dccb-7ff5-4b73-836d-4ee8eea6f63d	X	2570	R	1	2410	3
59fa1090-dcd2-48b5-be66-919c9d4caff6	X	3084	R	1	7494	2
51c02902-34c8-4936-94ad-5b34370242a0	X	2466	R	1	4740	7
83ea2c03-fcf9-4e36-a6d9-59f1e92644a5	X	2763	R	4	1847	4
82898389-9532-4e44-a3a3-ad047e0f28f5	X	2761	R	1	5963	2
9462a8d4-5cb6-4cd7-8606-099e9ce71035	X	2776	R	1	9355	5
6edd8d44-b371-46a6-a0bb-6b077cb6edf9	X	2570	R	1	1844	5
078b73f5-e322-4c08-9f71-6081dff5d0fe	X	3148	R	6	171	3
ebe9fee4-62e0-4d01-8d0c-dbbccb4bc32a	X	2952	R	1	1822	4
83d053bc-fb90-4794-a93e-cc180208a775	X	3305	R	1	169	4
c9c79313-7a10-45da-9980-1c1fea925323	X	2721	R	4	5414	4
ba0d4f34-ef9e-4e35-b1e7-7cd508a6e7b6	X	2799	R	1	1857	3
794552a4-416d-475c-ab8b-3ba8dfa0343c	X	2868	R	1	3656	4
bc357611-d3ab-4c4b-a738-e0c0f5420772	X	2952	R	2	2520	6
9fb02b31-9d33-4ded-9c64-065eb1cfbebb	X	2448	R	1	4830	7
f375d8fd-b88b-4b0f-b194-93e680eb413d	X	2673	R	1	2389	2
a017d469-3f8d-447b-8cb1-6ead08ce7efe	X	2563	R	1	3093	3
f91acff8-3a8f-4776-9410-349b15cc8adc	X	2775	R	2	277	7
eaa21bb5-d975-4314-9ae3-74890e16a800	X	2478	R	1	5214	2
be738c4c-e43f-4ff7-b2ca-1ab8efada0a7	X	2673	R	4	1844	2
be738c4c-e43f-4ff7-b2ca-1ab8efada0a7	X	1796	L	4	-2434	5
2beb0bb8-7fb5-4dde-b7f7-1a17d40f0b07	X	2757	R	1	264	5
2beb0bb8-7fb5-4dde-b7f7-1a17d40f0b07	X	1802	L	1	-3198	2
baaeed57-2ae2-4903-a9da-5063d35765ed	X	2892	R	1	2920	2
baaeed57-2ae2-4903-a9da-5063d35765ed	X	1804	L	1	6	2
f214a765-5198-4458-a362-2e99744d1465	X	3598	R	1	4398	3
05f2512e-53bd-417f-bf89-9f31e2670b29	X	2751	R	1	1835	2
80a38782-e5bb-42e5-84b7-1f3ab3d7ea5e	X	2415	R	1	6018	3
e67c9d9b-b5fb-439f-b3e2-5779c02663d5	X	2970	R	1	241	3
c1f858b0-db95-4f1e-8cf4-ce369f3602e0	X	2678	R	1	3126	4
18cb3101-b481-4123-85e4-f33fbd7c7655	X	2703	R	1	18737	6
f5bbdd79-e539-4e68-b165-4275eb919892	X	3018	R	1	2409	2
76d6d483-5a24-4ad1-a961-0879bc415024	X	2766	R	1	3263	7
13b2a3eb-8cb5-4160-bf07-f06f5f7e3484	X	3066	R	17	233	5
6a8fbe21-b5d5-46ab-a44f-6b157ef39eb6	X	3115	R	1	142	2
4645b150-5c27-4daa-b4c4-68c781ce18fe	X	2624	R	1	2390	4
f3fbbb9b-9810-4660-b378-cb6d13cc5416	X	2815	R	1	6007	2
0e8ec87c-fc1f-4256-8f82-6c3fec15cc2e	X	3071	R	1	1932	2
ec4df706-57c8-403f-a934-ed7798dbc580	X	2769	R	1	4913	2
556d0884-3ebd-47a9-9e76-551eaefd045e	X	2948	R	4	230	4
39ac866f-f70f-479d-8b81-fa24b006f5da	X	1818	L	3	-3497	3
adb38d22-7ed6-4679-b019-d6521a182daf	X	3158	R	1	21770	2
1863a12c-cf87-49ee-8f78-839fc1e82488	X	2952	R	1	10239	2
5adc2bee-1463-4ee4-b199-c8704a12d95a	X	3369	R	1	1824	7
84e41b28-6e4f-4bcb-8280-67531e301f6d	X	3229	R	1	9183	2
1c00c45b-bfcf-47f0-93bb-0a78cc388056	X	2655	R	6	1867	3
7b96f50e-7699-499b-9ed4-c134bee7b886	X	2946	R	1	1817	3
d512d39c-8807-42f0-bd23-7a52aca5bb8c	X	2727	R	1	7484	4
f18c11bf-8284-4f0d-b6a2-68f32fb144e5	X	2498	R	2	282	7
86256323-9669-4e0e-b33b-fe16a4434925	X	2600	R	1	7661	2
0911c22b-7df4-4402-a9ad-53dbae15e5ca	X	2910	R	1	7513	2
3bc1a2f7-4d36-4cc6-a0b2-2be31e4cec87	X	2546	R	1	2391	2
b6f3eff8-ed15-4e7d-bceb-dcfa012adb02	X	2478	R	1	2913	2
02086ae2-f246-4cb9-8ac4-af04e7d85434	X	2843	R	1	10349	3
f9198a57-9bda-4ac5-8b73-23c3935efe55	X	3012	R	1	1836	4
5c6fb088-6460-46ff-b574-31976f4a77f4	X	3088	R	1	6097	5
caa1c062-c19a-45f5-85f2-f0cc41fc3d80	X	2552	R	1	2581	3
bbf173aa-279e-45ad-bec5-ece315358ac3	X	2476	R	1	5957	3
bbf173aa-279e-45ad-bec5-ece315358ac3	X	1845	L	1	-6365	2
5939183c-549b-4a7d-919f-01b3dfffc87e	X	2821	R	1	173	5
b17434c4-4657-407c-ae80-0f0cd6171442	X	3080	R	1	13301	3
812af168-c769-45e5-85d8-6236e7f81b51	X	2756	R	1	1949	2
fbdb7efb-147d-4bc0-9bff-00661dd64ae0	X	2709	R	1	6058	3
dc66fb3d-4a18-46e0-8afa-b5a8f41a94b6	X	2588	R	1	266	9
492842ae-651e-47bc-b397-430ca121976c	X	2546	R	1	1943	5
113083d8-eda3-42aa-9af9-372e3bd7ddac	X	2564	R	1	7648	2
3c7f33f8-76b4-47d0-8476-5bd7d6479780	X	2751	R	1	1861	2
f73bf082-0239-454c-a8a1-bbd910466e49	X	2820	R	1	16623	6
147f7987-439f-41f3-9f1a-38f21b524eec	X	2361	R	1	1847	4
0e54b5a4-7c00-4bf7-bc0f-4864fa993a65	X	2964	R	1	1838	10
27f10e19-6660-4a45-bf88-f49aa44c7b7d	X	2795	R	1	227	3
ed4b4c33-d13d-4bfe-9d7d-d3c34e2ff57e	X	2764	R	1	2378	6
9a6ead46-1e10-4314-af80-63f97d6e8324	X	2648	R	4	269	8
047924e9-49ca-4ce0-98fc-4af12f944d94	X	2600	R	1	2909	2
d0900f75-71a9-40bb-b001-18d032f2066e	X	2824	R	1	3419	2
37c05eee-a57b-4f24-aacb-e68a1d40e904	X	2952	R	1	3676	5
f2dc56ac-f121-44a8-9112-b2daf942434b	X	2856	R	1	2935	2
ebc4761f-1e8f-416e-b474-53db425b58d5	X	2868	R	3	1825	5
ecdea4ae-1125-4ca0-b1a2-539075d2a5c1	X	2570	R	1	1848	2
ff30b1b2-0502-43b0-ac70-6268a6575468	X	2558	R	1	1859	2
23aa3ed7-9bd1-468c-896b-a1add7b18eea	X	2976	R	1	4822	6
d3f627f0-6731-4fde-a0cf-da5cf4630693	X	3020	R	1	235	2
d3f627f0-6731-4fde-a0cf-da5cf4630693	X	1864	L	1	7	2
2a464f3b-6df8-47b2-b10b-9fab013666ff	X	2821	R	1	1256	5
faf2dad5-2b38-49c8-9050-7a8301db79f2	X	3746	R	1	6002	2
19057762-7954-4a94-98b4-5614cdf0d7af	X	3062	R	1	6006	2
b1d842ab-ee87-45aa-a19d-613ea3d31bac	X	3646	R	1	3682	4
71730bf9-a298-4f99-a4b4-3a68a8dff7d6	X	2886	R	1	1830	4
071a452d-94da-4146-abbf-aef8d1e6bcd9	X	2642	R	5	14703	5
1a11bb18-1314-4027-9d22-cea3817b85bf	X	2492	R	1	3682	6
d204de20-2ebb-4d44-a45e-d21dc5d767a2	X	2757	R	5	1830	2
85940675-185a-40d3-8505-89a9dad5d249	X	2817	R	1	1582	6
9832c874-0183-48b5-8923-08f259792276	X	3211	R	1	5354	2
2d32aa93-fca8-4ec5-b2d5-39a0e7877d3a	X	2355	R	1	3395	5
63b514b3-927d-41f4-bb79-acc98ac07ed8	X	3006	R	1	1847	6
c2ccd5ca-4524-4ec1-ad71-34b360c7cc93	X	2810	R	1	3715	5
b819909d-317d-4765-863a-25f8c0ab087c	X	2922	R	1	7473	2
df045ab3-8b10-471a-83e8-fb69894ebc21	X	2660	R	1	3577	3
275e86ce-4c0d-4e2c-b87f-913c05a01ec0	X	2821	R	1	4928	2
e86bda93-2548-4800-b900-50db1c1dba21	X	2925	R	3	11776	4
9c3c3d13-4403-4744-bd96-277f242956a9	X	2476	R	1	5961	2
9c3c3d13-4403-4744-bd96-277f242956a9	X	1877	L	1	6	7
e6a6c5df-92e6-4fa0-866e-7a583421fd7e	X	3525	R	1	1847	118
568fdd70-af25-472a-8d02-691096131402	X	2820	R	1	16670	6
f562e832-6c04-4217-a8cd-aaa4b5a0122a	X	3109	R	1	4766	5
aa4da8a2-9bd6-4ca6-87d2-62b521fa5f3c	X	2733	R	7	151	5
18e9c856-29a1-4d2c-a5a8-9fb38ce59695	X	2685	R	4	4388	3
cb7da766-71c6-4243-bf61-f16de8a64a01	X	2459	R	1	5803	2
cb7da766-71c6-4243-bf61-f16de8a64a01	X	1881	L	1	-261	8
db820c4b-1de1-45ac-b2e5-b53b0f3abc9b	X	3084	R	4	2897	2
72496345-4d7f-445e-9387-f1d4b7aae085	X	3495	R	1	269	5
7411f2af-ab09-453d-89aa-1c179582bf4c	X	2606	R	0	2932	4
93ae8ee3-a1fa-4310-966b-24070af51e9c	X	3406	R	1	1714	3
c16c9c6b-2d41-4821-883f-486cec050646	X	3089	R	1	4746	5
151b3371-751e-4484-bfc6-3e3a2cd9e0b3	X	2618	R	1	1391	6
a6b90c70-6418-416a-94c2-93a5d34dcb72	X	2886	R	1	2577	2
a5d5df96-71f6-4684-98f6-df17b0ddb903	X	3170	R	1	24878	2
82057e51-4b02-45c4-8e65-9b5edfc3d68f	X	2874	R	12	142	3
ba78c9a3-7c8d-43c5-8e28-2cd68097b5b2	X	3128	R	1	183	4
1a884d04-327d-415d-87b4-3808a38b37d2	X	2851	R	3	425	5
3490776f-7f52-4a6d-99c1-a86f1d20d886	X	3000	R	1	1850	5
f3fde03e-977f-499b-9fef-928db9609b66	X	2794	R	1	2940	3
39e38e85-9586-4420-9210-0b38edb1a613	X	2983	R	1	3422	2
6bbaa018-9e36-44b1-ad1d-a2900eec01c8	X	3012	R	1	274	5
a4d5147f-d2a1-42b6-83b5-71a36ba96709	X	2883	R	1	172	4
aa17aceb-bbb0-4c67-a8aa-db8bd01a92d7	X	2655	R	1	13430	99
36f916d9-6e5d-49e6-ab1b-5b3ccc6c9445	X	2844	R	1	1829	4
39e34045-500f-4721-84fd-49958c8f7285	X	2744	R	1	13384	2
3693e434-6213-41ef-9b73-3765a6098b78	X	2739	R	1	2959	4
2a0b41f7-75bd-4bc6-b417-85246d3b7df5	X	2420	R	1	174	5
d5166f77-7e00-4daa-9d27-42986a7c7f66	X	2799	R	1	4815	5
7723a427-e640-4304-aa13-5f421c797655	X	2769	R	1	1838	7
3f6feb11-75ba-46fd-9c3b-157dea829469	X	3182	R	1	1993	7
d885233a-4d8c-4e3d-bc78-545694214ac6	X	2934	R	1	7486	3
6728959e-c06a-4586-9b91-fd5a7d7173a7	X	2934	R	5	268	5
430d811c-ed5f-4b00-8b3c-92717e1b9f8f	X	2460	R	1	1828	3
48516dec-5d30-45fa-bcb1-e35434c612f3	X	2898	R	1	3663	9
9adab970-ecbb-4233-9bb7-7dfe0306bdae	X	2630	R	1	7437	3
21f11d25-6a71-4650-bcbe-a4887955915c	X	2886	R	1	646	6
c34978e4-9206-4bbc-bfcc-f9e020a48fbe	X	2541	R	1	174	3
4982544a-7ba0-4393-93ba-a6cfdeef6c62	X	3501	R	1	4377	2
59c0c2b0-534e-426f-9980-b911edfc2ebf	X	2598	R	1	17760	106
ae5ceb0d-bcfc-4bd9-8358-952bdfec773e	X	2733	R	1	3676	6
7bc1146b-7cc1-4bda-a587-5566454fbc8b	X	2209	R	1	4861	3
65bc6d92-617b-4064-929b-7f593f467f57	X	2810	R	1	1252	8
afba298e-9802-4844-a4c7-e3e4a4aad9dd	X	2648	R	1	6018	4
7e49d92c-1ab8-477a-8cb7-b2d113ddac73	X	3248	R	1	4849	8
3d042300-1f43-4fe1-a096-2a8741a564d3	X	3283	R	1	7658	4
b7f417f6-f962-4184-8572-fd041a232308	X	2815	R	1	6016	5
b7f417f6-f962-4184-8572-fd041a232308	X	1931	L	1	7	2
0f852cc0-b2f0-4ab1-aa44-f389126faeee	X	2821	R	1	2899	6
688c3839-0e34-4007-affe-ae15bd3d9adc	X	2724	R	1	175	5
eca4ac47-2e48-4754-8159-096298814c24	X	2545	R	1	2354	5
deda4bd9-a867-40d4-963f-11b05ce41ad1	X	2751	R	1	2418	2
680e50b9-ddcb-42b5-bd4c-75bcb7f8c72b	X	2733	R	1	143	7
7b21a588-05c7-4f9e-9a73-4f243cefae2a	X	2940	R	1	2956	2
9ad933a9-3106-43ce-b33e-37a395008880	X	2715	R	1	7726	6
9ad933a9-3106-43ce-b33e-37a395008880	X	1943	L	1	7	3
435341d9-0ec4-467f-864c-708b9c4203ae	X	2868	R	1	2859	3
22918aa0-f5c4-4cee-abfe-c25431cbe75a	X	3507	R	1	2939	3
f170cf4e-2c21-4760-8c1d-d8ab8f767143	X	2817	R	1	1904	2
8a5cf25a-c2da-428b-88d3-5d5dc81efa39	X	3211	R	1	1816	9
c9611973-809b-4b15-8071-0b2950ab97ff	X	2561	R	1	174	4
305b7ddc-af30-4e9c-aa87-95eb05157915	X	2659	R	1	5467	7
e9f70761-e358-46f0-8593-29604cff04ab	X	2982	R	5	2531	3
0a6a5e6f-f874-4e4f-b17d-beb3b7638f62	X	3235	R	1	6619	2
25586ca8-39ce-43be-9bf6-8bb309f8a1d7	X	3000	R	1	265	5
cb8812a1-3fb6-4ece-9146-8f561be2716a	X	2477	R	7	4156	4
160ecd30-d846-4d1c-bf68-91e1af60cff4	X	3084	R	1	1853	4
a1667e03-a6eb-445f-a516-235f69c050f3	X	3060	R	1	3090	9
f9553101-4a04-44d5-b5f7-4b8a0ab0e009	X	2976	R	1	4793	7
3b2abda5-55dd-46fd-b1e2-86b525d5479b	X	2772	R	1	5039	7
bc048651-2c1c-4285-8588-bf10fce6c4ee	X	3145	R	1	7493	2
c4b11ae8-16cd-48ef-9035-9bbfb4c9e5ae	X	3112	R	1	172	5
0fb95855-99f4-4a82-a2f8-0dcf854049c1	X	2473	R	1	4750	7
17fbdbf1-1b5f-412d-866e-9ca223f4fb47	X	3271	R	1	4758	7
84b5628c-c61d-47d9-98a9-4268b96539a8	X	2922	R	1	273	6
5edbd20d-3647-4248-807b-4c5bb021921c	X	3246	R	1	9052	4
10682e86-6a4c-40a8-b353-b419782d87a2	X	2946	R	1	2925	2
22677fe5-f5e3-4591-a597-609d60af913f	X	2727	R	1	2893	78
73dc9a17-987f-429c-8d04-681125da4288	X	2850	R	1	1848	2
04765675-f11e-4ec6-a7a9-33ce578c32ac	X	2534	R	1	5411	5
9f6bf700-4a1f-4c20-b049-b1f82284f00a	X	2234	R	1	270	5
9f6bf700-4a1f-4c20-b049-b1f82284f00a	X	1967	L	1	7	4
434c50ab-8187-4e48-b12a-5138228f7ad1	X	3643	R	1	16648	5
234db753-c4b8-4942-8b7e-5eec88fa20b0	X	2856	R	1	5847	5
8644b53f-57a2-4368-870f-f0bc23c11436	X	2567	R	2	171	4
6e9b5ba5-b8dd-4fed-a096-9042ddfdb8a3	X	2667	R	1	1854	2
b3873633-7c79-4c01-a753-b04438d6e537	X	2734	R	1	6188	4
a44c14ea-0f9f-4cd9-9cdb-5e3ccd628307	X	2805	R	1	2507	3
fa52ce14-74cd-4c44-ab94-96d1613d24f5	X	2688	R	1	16664	5
83201f18-039e-4419-b540-c6ad51a9e9ad	X	2695	R	1	5998	5
0b7b5117-5978-4d33-98ba-5eb6eae99e2d	X	3012	R	1	2393	3
e2540c4d-8bdd-4428-8a44-1aa5a11fca6e	X	3139	R	1	2247	3
73ae88e9-1dcc-4fd3-932e-127f3374fc50	X	2963	R	1	4832	11
ed5ddee6-c06c-44b7-b9fe-8e10afd65b85	X	3042	R	1	9112	3
5632a07a-b23b-4ec1-accb-9520a2fbb721	X	3447	R	1	1231	6
af1332ed-23e5-4ada-ae34-76e2166b1eb4	X	2710	R	1	3791	4
d2bf61f3-b822-4fcd-8849-f29b7a1c5a47	X	3163	R	1	149	4
6b03e7c5-bc43-444c-bf4a-93306ee6e2ff	X	2615	R	6	177	6
c1b3024d-4e00-4645-bdba-adc2649ea4a3	X	3348	R	1	5830	4
7d7c65ca-d309-48d7-a149-7eb063518123	X	2780	R	1	4827	8
29695f9e-3f8e-4abe-9655-d9a06bccffe1	X	2850	R	1	1855	5
29695f9e-3f8e-4abe-9655-d9a06bccffe1	X	1996	L	1	2	4
2da301fb-f8bc-40a1-a3e5-522b300b7f6e	X	2474	R	7	232	3
741155b0-adca-4cfc-8975-27571f3d6f48	X	2709	R	1	177	3
741155b0-adca-4cfc-8975-27571f3d6f48	X	1997	L	1	7	3
d3c3f5b3-6892-452e-96e0-8bdbff2efe04	X	3097	R	1	151	5
8b81f3fa-d1af-42af-8ddb-4b95fd713f56	X	3078	R	1	65	2
f1ed923b-6970-4faa-81f7-90196b9cc967	X	2888	R	1	237	3
c975f907-f709-46c7-b817-e6f37f50acec	X	2793	R	1	4436	4
fef73748-a9df-451a-8dac-2b0fa591a263	X	2851	R	1	5203	2
44f84e6a-5935-46de-9e3f-ea8129b2cf3a	X	2726	R	1	15474	5
44f84e6a-5935-46de-9e3f-ea8129b2cf3a	X	2009	L	1	-18653	5
0adcddcf-0da7-492c-b385-1205815ffebd	X	2787	R	1	4743	11
928ede5d-cba5-4784-b584-61f5dafc056b	X	3070	R	1	5998	2
5d2d8c79-ddf7-4190-9c02-47ab2423d4ab	X	3018	R	1	1269	6
f462735e-51fb-42cc-ad55-7780f5fa836c	X	2728	R	1	3700	6
192f54d6-f716-49e0-9b10-0281dcbc20db	X	3222	R	1	16601	7
7f47019b-6f02-4dae-95b2-ddbc151066c9	X	3199	R	1	138	5
b1ad10c2-50d3-481f-bd63-383515d5b636	X	3270	R	1	739	2
eb9069b2-87cd-49a5-ae75-81d28450aaf4	X	3289	R	1	7711	2
ed721f4e-b63a-4c14-96fb-5470cc2c05d0	X	3103	R	1	263	2
19ccb98f-d8b0-43c9-92fc-d98e92e1b954	X	3089	R	1	1252	7
19ccb98f-d8b0-43c9-92fc-d98e92e1b954	X	2038	L	1	-1926	3
1f7978ef-9c74-41ac-88d1-f6f4b73ef77a	X	3163	R	1	146	3
ec12620f-5d92-4ac4-b965-968459011b07	X	2493	R	1	4632	2
6966e379-c5be-4495-bcf6-3ee4f6180690	X	2940	R	1	4370	2
613498d4-7cf3-45e6-903d-8d2fca6643c8	X	3645	R	1	16523	2
7f77b898-f017-428f-b804-2adcc7e5778e	X	2660	R	1	19555	5
803a36f3-7fac-4e3b-b6e7-a7d047687b04	X	3084	R	1	10464	6
803a36f3-7fac-4e3b-b6e7-a7d047687b04	X	2060	L	1	-4493	4
d518d032-3b4f-4974-92ca-ad7370e646d3	X	3042	R	1	2530	4
6d44b713-763b-456b-9e42-abc0a4be9deb	X	2895	R	1	5887	3
6d44b713-763b-456b-9e42-abc0a4be9deb	X	2068	L	1	6	4
3150a7ea-1acf-493f-90cc-680d84ff9bf2	X	2997	R	3	5874	5
e4e3c4bc-907f-4036-b3fc-664feeab6d84	X	2964	R	2	1840	3
341be86b-1d59-427d-a359-8c64a46850d0	X	3537	R	1	2390	2
65b07388-b3dc-4f9f-8a0a-4955316c2aaa	X	3217	R	1	1863	4
8b51aded-070a-4fb0-9036-b45b889db1b8	X	3045	R	1	1862	4
b13dd918-e933-416a-8c02-fc10906b5986	X	3265	R	1	2922	2
4ec6245b-5161-47a9-8f56-2421ae9837be	X	2994	R	3	2940	2
511ed54a-faa4-42df-8bbe-16448ea11df5	X	2964	R	8	6072	4
8237238e-945f-40af-ae5d-2ed8c80dedc9	X	3851	R	1	3668	5
1b4e5b5c-fe6c-48ee-b920-17de5c60bb9d	X	2541	R	1	3687	3
2f03b453-be2e-472f-8446-d8eda076e6ab	X	3181	R	1	14730	2
635623da-38ee-47f3-ab34-362568172906	X	3103	R	1	2408	5
9fe70a32-3fda-4397-bad2-eb234374186d	X	3835	R	1	6129	2
01086aaf-ea5c-4b57-b9cf-aa8c0d3554cf	X	3253	R	1	6685	2
d6c89e1a-ecfd-435c-924c-d6bc2be8da4f	X	3417	R	1	26529	5
d3c571db-c5e9-4f76-a069-069052df3cc8	X	3273	R	1	239	2
1110e5a0-44f3-485d-bdd6-67b65b960985	X	3302	R	15	1737	10
be457545-54ed-4c25-8033-a577ce38f32a	X	3289	R	1	802	4
66deba9c-3c76-4e53-a0c3-fe8945a6c019	X	3030	R	0	1832	2
a22f17ed-fd40-487b-8853-c4ea3b9e3fd5	X	3640	R	1	1866	2
c1114c8b-7811-4a43-b1e4-d98a070d873d	X	3103	R	1	14380	6
d402a466-35df-464d-ac48-587638975f02	X	3295	R	2	2963	2
4d27e94a-aaa4-4fcd-bbb9-85cfe67f70ec	X	3970	R	1	1855	10
89d8bdef-fd8a-4dea-b503-c8d95eeab3a6	X	3994	R	1	4775	7
cd155280-ba18-48d7-b49b-e884d9e7d0e2	X	3450	R	1	6108	4
1d0df6f3-5766-415f-9bde-72a880be3150	X	3501	R	1	5416	5
0865127a-5538-4404-b89e-4a9e4b5827a2	X	3121	R	13	1857	20
3cd00fb7-f078-49c4-bbee-96081f3e7ee1	X	3772	R	1	7276	3
7ca00f14-b6de-4360-9be0-a87c17ba2e23	X	3434	R	1	1862	4
a09e10c3-3692-49a7-8eea-f4d1427c469d	X	3946	R	1	4852	5
940433fd-1080-4cb7-87ee-659011056886	X	3994	R	1	2373	4
71fdb2a8-d2f4-4269-8990-43dde6ad7ee4	X	4423	R	1	3110	7
bc2ea490-8091-41e2-872e-26b445fb3f69	X	4358	R	1	6786	4
8fedda89-7008-45c3-ad6a-d9b2f83f8fca	X	56830	L	2	-4048	71
e660428a-1fc2-4493-a626-4398ec071e6e	X	56831	L	1	-1778	80
f0f2b275-805e-4f81-a63b-dc24138e7b2a	X	56831	L	1	-1762	172
7eb551a2-1933-41f2-a3e4-ac936538c9a6	X	56831	L	4	-4087	176
917cc579-aff9-488c-a7b6-51ad31249b04	X	56831	L	1	-4067	132
6df5b49c-4bf0-4161-8990-f847cdec0acf	X	56831	L	1	-4051	92
7c70d40d-5d43-4a66-a5df-450d69f822a1	X	56929	R	1	1205	4
7c70d40d-5d43-4a66-a5df-450d69f822a1	X	56831	L	1	-4006	96
813d49f3-c22d-43c5-90d2-34d89b45241f	X	56831	L	2	-4088	100
86c042ea-0e30-41b3-ba6b-34c6e789b3ad	X	56936	R	1	10422	3
86c042ea-0e30-41b3-ba6b-34c6e789b3ad	X	56831	L	1	-3218	66
3021dd2c-def0-4fa1-837f-4a56bc72b77a	X	56936	R	15	1199	5
3021dd2c-def0-4fa1-837f-4a56bc72b77a	X	56831	L	15	-3927	29
c75b84d7-0b01-46d5-90af-8ed4039cca9d	X	56936	R	5	435	4
c75b84d7-0b01-46d5-90af-8ed4039cca9d	X	56831	L	5	-4086	148
9d48c38a-df24-4e8d-a0d5-5712e85ca9fc	X	56831	L	2	-1476	128
155fb417-4e01-49cc-8731-aa1823316bd2	X	56831	L	3	-4060	113
f46406a2-70c3-4a4b-bb8f-f1fd13d07838	X	56831	L	2	-4077	100
9569eb2e-2ca4-432e-8605-f92c750d4744	X	56831	L	6	-1763	81
b9efaa6b-3946-4cec-b18c-6f3c9052d704	X	56936	R	5	1220	2
b9efaa6b-3946-4cec-b18c-6f3c9052d704	X	56831	L	5	-4010	45
1da7807b-1e26-4bbb-803b-bf242e6c913f	X	56831	L	4	-3974	46
1edf4c2d-6457-4c89-8453-757ed5f06ae3	X	56831	L	5	-4088	50
d6ca9f1c-8bf8-4904-9cb1-7d7a34ea7422	X	56831	L	1	-4078	51
c8512e36-fb02-4f82-94f6-b54f5dd38d09	X	56832	L	1	-4056	177
1a194b63-543a-49fe-a0c4-2b6d1c6b92e2	X	56846	L	1	-4106	136
638c523b-48f7-4ca3-a687-887f6917068b	X	56936	R	1	7107	4
638c523b-48f7-4ca3-a687-887f6917068b	X	56846	L	1	-1168	72
6aa9f5ed-16e5-4904-aaed-dec86a8ea6e9	X	56846	L	2	-4092	78
cb712660-0a09-4bec-8568-d78008a06cba	X	56846	L	6	-4046	58
a6ded262-f0e5-4d9b-95a3-a921f5567af9	X	56936	R	6	1219	3
a6ded262-f0e5-4d9b-95a3-a921f5567af9	X	56847	L	6	-4076	78
cb9032a8-bc49-4039-8bfa-f50cc687bf09	X	56932	R	1	10653	2
cb9032a8-bc49-4039-8bfa-f50cc687bf09	X	56847	L	1	-1398	45
601c52a3-acc6-4704-ad57-d33c9d932fae	X	56851	L	6	-4081	86
863d0d04-c875-46c3-ab15-5dd650e0fa97	X	56933	R	7	10136	4
863d0d04-c875-46c3-ab15-5dd650e0fa97	X	56863	L	7	-4032	63
db06f831-eb3c-4849-8546-9252eda19305	X	59035	L	10	-2981	36
79f0aef2-2594-493e-8e9f-efed03a6c3c6	X	59496	R	32	6858	3
79f0aef2-2594-493e-8e9f-efed03a6c3c6	X	59037	L	32	-3013	195
972758f3-6cf5-42a6-8418-b8847d0637b2	X	59037	L	3	-328	68
7cfb1170-a063-40d3-b4c4-e33127e3263c	X	59496	R	39	6831	4
7cfb1170-a063-40d3-b4c4-e33127e3263c	X	59037	L	39	-2994	109
8869ec98-ba43-4552-8845-c7a88bc4e435	X	59496	R	11	6848	3
8869ec98-ba43-4552-8845-c7a88bc4e435	X	59037	L	11	-3015	165
9434c851-097e-4f17-8a2e-0ad403508dce	X	59037	L	17	-7176	140
ad8f5fc6-b76f-46d2-8971-309a866dc5b5	X	59496	R	14	6872	4
ad8f5fc6-b76f-46d2-8971-309a866dc5b5	X	59037	L	14	-3009	132
bc7c0a6a-bfc4-447b-83ed-a21b4a96e7b2	X	59491	R	22	10367	2
bc7c0a6a-bfc4-447b-83ed-a21b4a96e7b2	X	59037	L	22	-2980	121
105385a1-efcb-4d79-ab22-2297d8f80b7b	X	59037	L	14	-3042	111
58f1d2f5-9a17-4e73-82dc-27b6ec33526b	X	59037	L	2	-3017	131
f1bcaa1a-0e45-445a-9e11-f549f6d1e8a6	X	59186	R	28	7195	2
f1bcaa1a-0e45-445a-9e11-f549f6d1e8a6	X	59037	L	28	-3003	79
eb69a368-0770-4386-8e6f-b3accaf5b3bf	X	59496	R	15	6886	4
eb69a368-0770-4386-8e6f-b3accaf5b3bf	X	59037	L	15	-7241	99
961ecddf-dc5f-47cd-9630-5d30ed1ff411	X	59037	L	16	-2947	124
98346af7-ee34-4dce-adfe-84684de755e8	X	59037	L	24	-2996	118
68e2c061-c155-4f9b-8396-cc2206ef8d79	X	59037	L	11	-3001	61
70610485-239f-40c2-8037-1802fdf85d3a	X	59037	L	38	-3006	34
c0641b51-d608-42c9-8562-bc9b8e7cf000	X	59496	R	47	6867	2
c0641b51-d608-42c9-8562-bc9b8e7cf000	X	59037	L	47	-3007	30
0d5246d0-48e7-4149-89c8-911c15358b0e	X	59037	L	26	-3002	48
144bd5c0-05f9-45ee-a71f-4434e5cc8d62	X	59496	R	17	6870	4
144bd5c0-05f9-45ee-a71f-4434e5cc8d62	X	59040	L	17	-3007	118
767d27fc-0a60-428e-b85e-749abef26399	X	59496	R	31	6457	2
767d27fc-0a60-428e-b85e-749abef26399	X	59040	L	31	-2996	171
bf72ebf0-94bd-4658-9f9a-4f89433c4fca	X	59496	R	30	3166	5
bf72ebf0-94bd-4658-9f9a-4f89433c4fca	X	59040	L	30	-3016	101
16ac2073-d44a-4e7c-984b-7be74c6f22cc	X	59496	R	20	6901	2
16ac2073-d44a-4e7c-984b-7be74c6f22cc	X	59040	L	20	-3005	114
6a434de9-9046-4f85-9e16-eb196a817cf2	X	59496	R	22	6930	3
6a434de9-9046-4f85-9e16-eb196a817cf2	X	59040	L	22	-7261	118
800967d1-50f7-4152-b3a3-0e87fc131491	X	59040	L	28	-2965	78
777ba8a9-6de5-4faa-a303-f4c2a0559142	X	59040	L	46	-3001	122
067cd81c-bdc9-477b-9d9a-41e875af1b2b	X	59496	R	50	6859	4
067cd81c-bdc9-477b-9d9a-41e875af1b2b	X	59040	L	50	-2999	115
b3e659a1-fc31-43bd-bb21-83cac44fb086	X	59496	R	22	6800	3
b3e659a1-fc31-43bd-bb21-83cac44fb086	X	59040	L	22	-330	44
40af3031-ee7d-4651-9d38-80c242414108	X	59186	R	30	4152	3
40af3031-ee7d-4651-9d38-80c242414108	X	59040	L	30	-320	83
bdd3a9de-b429-492b-bd84-bdd1859eaf64	X	59040	L	15	-3013	55
c1186af0-2154-4854-be84-597cd39c2fae	X	59041	L	10	-3011	134
14fdb3b3-8f33-4e8a-8f7c-a8e8557275c5	X	59496	R	21	6777	3
14fdb3b3-8f33-4e8a-8f7c-a8e8557275c5	X	59041	L	21	-2972	81
fc364493-6e16-4778-8d3b-178346545029	X	59042	L	7	-3006	231
e68d7993-f3e2-469f-bb4b-b4a03c9f275b	X	59042	L	14	-3021	125
1e03a092-c303-48d3-a5a6-da8c5ed79256	X	59496	R	16	6799	4
1e03a092-c303-48d3-a5a6-da8c5ed79256	X	59042	L	16	-3006	229
dc7df182-5a7d-4cc4-9f24-3a59574a688c	X	59042	L	22	-7245	196
44a13e4b-95a8-4801-9bfa-52bbed6aaabd	X	59042	L	30	-2952	235
016c0a26-329c-4dff-9e6d-86ec952a5e08	X	59042	L	11	-2991	183
deb2fe99-8a10-4972-a95b-7a266abc54f5	X	59042	L	26	-3001	206
1a7805cd-818b-45f4-8f4b-822419198b05	X	59496	R	25	6851	2
1a7805cd-818b-45f4-8f4b-822419198b05	X	59042	L	25	-3006	104
4932dd41-a1be-4884-8d8c-241c553fe898	X	59496	R	38	6880	4
4932dd41-a1be-4884-8d8c-241c553fe898	X	59042	L	38	-3009	130
d3284d84-29f6-49bf-a0c7-f9c28bd0006b	X	59042	L	17	-2984	28
34f0dc41-2c87-4eb6-9fbf-c875c3525fea	X	59496	R	4	3089	7
34f0dc41-2c87-4eb6-9fbf-c875c3525fea	X	59042	L	4	-3016	182
f234924b-be1e-4af3-9ead-079810e258e1	X	59496	R	24	6872	4
f234924b-be1e-4af3-9ead-079810e258e1	X	59042	L	24	-3022	173
f6bf4b37-bcaf-4fb1-b84a-b42c97b084e1	X	59496	R	39	6868	2
f6bf4b37-bcaf-4fb1-b84a-b42c97b084e1	X	59042	L	39	-3015	187
c873ae22-fe61-463f-bc46-436b1809cf2c	X	59042	L	17	-3012	134
a5c5a768-cb39-4603-88d1-5a7930043cb3	X	59042	L	25	-7229	172
fe0fda02-cedf-40a8-96ca-2a96334de435	X	59042	L	31	-3003	77
5613dce6-32fb-4286-902d-796f0f8e08a4	X	59042	L	23	-3014	93
f11acd21-00bb-4ad1-83df-4c1f68247140	X	59496	R	42	6883	4
f11acd21-00bb-4ad1-83df-4c1f68247140	X	59042	L	42	-3028	166
9a3909b9-da80-4e18-8196-e928342a4b61	X	59042	L	45	-2969	111
edc8bc8f-5e05-48ef-b7d9-79842deaffd1	X	59042	L	36	-3014	125
1c3f5be2-cf40-4341-a36d-d172087acfe9	X	59042	L	18	-3007	130
90d3c88f-8395-42b2-b4e7-65fb08e7e1b2	X	59496	R	35	10355	3
90d3c88f-8395-42b2-b4e7-65fb08e7e1b2	X	59042	L	35	-3009	136
3780b8b6-31ca-4cdc-9435-97fc2660a4b9	X	59042	L	31	-3000	153
8eaae79f-091d-47e0-9e80-0747bb7758f9	X	59042	L	60	-3018	83
bf1ef736-df20-46f4-abc6-8a0821d0abcd	X	59496	R	43	6882	3
bf1ef736-df20-46f4-abc6-8a0821d0abcd	X	59042	L	43	-3009	121
6d1a9055-ca82-4145-b38b-c963e4ec9919	X	59496	R	23	6841	4
6d1a9055-ca82-4145-b38b-c963e4ec9919	X	59042	L	23	-2981	134
f5afe7cf-446d-4d29-996f-e27fc6403e03	X	59496	R	17	6838	2
f5afe7cf-446d-4d29-996f-e27fc6403e03	X	59042	L	17	-7236	87
abeed2de-5c35-402e-8f5e-4629da89e142	X	59496	R	21	10391	3
abeed2de-5c35-402e-8f5e-4629da89e142	X	59042	L	21	-7234	88
4886af1f-c2b7-4778-87bc-ec7bc3083e82	X	59042	L	37	-2974	67
6d7b200f-7d5f-4d92-8d22-ddd286d5083c	X	59496	R	8	6785	5
6d7b200f-7d5f-4d92-8d22-ddd286d5083c	X	59042	L	8	-3019	90
072e0acd-c5a2-475f-85be-48baa20a2380	X	59496	R	50	6836	4
072e0acd-c5a2-475f-85be-48baa20a2380	X	59042	L	50	-3016	169
f9f6df48-4d64-427f-85df-fea6659559fb	X	59042	L	26	-3002	139
3845f615-c34d-4610-948b-2851f8c2e718	X	59496	R	52	13264	20
3845f615-c34d-4610-948b-2851f8c2e718	X	59042	L	52	-3028	78
4e309dc4-742d-4c7b-afe2-40c8c5c7e488	X	59496	R	20	6862	2
4e309dc4-742d-4c7b-afe2-40c8c5c7e488	X	59042	L	20	-2997	105
f211bdee-e0d1-45a8-9009-8122af3c282d	X	59042	L	31	-2996	120
5660244b-fa10-4b00-b337-f2d0ab654bc1	X	59042	L	26	-7236	113
d5f69303-fcaf-48f9-825d-9295f908f3f4	X	59496	R	26	10446	3
d5f69303-fcaf-48f9-825d-9295f908f3f4	X	59042	L	26	-7208	155
518128fa-59da-47b8-8840-5daae300b912	X	59496	R	51	10370	3
518128fa-59da-47b8-8840-5daae300b912	X	59042	L	51	-2996	98
387c61a0-2fc8-4518-b062-6876387d4464	X	59042	L	8	-7209	162
50edb750-bcb5-4ee1-a6f6-3457cc264ea6	X	59042	L	5	-2966	80
2cc26761-edbf-4e31-8407-c344c68a1fdf	X	59042	L	24	-2994	165
040e6ba9-ca2f-43bb-ac6c-1bf7247ba19f	X	59042	L	38	-2970	73
c27e838a-3006-49bf-87b7-dcc73fe85f07	X	59496	R	40	6889	4
c27e838a-3006-49bf-87b7-dcc73fe85f07	X	59042	L	40	-3029	166
768b648f-3fc4-4124-8618-e6e7534185b8	X	59042	L	18	-3017	73
25dadc4e-8e55-4e4f-a562-32fd9d1e322e	X	59496	R	33	6754	3
25dadc4e-8e55-4e4f-a562-32fd9d1e322e	X	59042	L	33	-7185	61
99072c22-d2a6-4c6f-a835-8954647787b5	X	59496	R	46	6839	3
99072c22-d2a6-4c6f-a835-8954647787b5	X	59042	L	46	-2971	138
5a63a73d-a724-4387-88ba-2f0b119c56a8	X	59042	L	17	-3019	100
c9467057-fda7-4f64-a0c6-17ca51162afe	X	59042	L	38	-3025	99
fe73a9bd-5e1c-4f66-8c01-8e601955ad30	X	59042	L	14	-2996	80
cca02f26-97eb-4cc3-a35f-c3c487e97634	X	59495	R	44	6830	4
cca02f26-97eb-4cc3-a35f-c3c487e97634	X	59042	L	44	-3020	153
b729e9ba-80c5-4647-83a8-874fb4b62cd0	X	59042	L	2	-2985	117
9dd8e22e-5390-422b-ba78-7a090335719e	X	59496	R	23	6832	3
9dd8e22e-5390-422b-ba78-7a090335719e	X	59042	L	23	-2985	72
a2d04148-c174-4938-b84d-8a56b9cee8a4	X	59042	L	35	-3026	70
14624887-1ed6-46c8-b03b-9fd94199ad84	X	59224	R	27	2417	4
14624887-1ed6-46c8-b03b-9fd94199ad84	X	59042	L	27	-2986	107
e4c711b4-9003-4aa6-9067-12f725ec92b6	X	59042	L	2	-2997	59
56036701-272c-489e-8e5d-800f7edac2df	X	59496	R	28	6853	4
56036701-272c-489e-8e5d-800f7edac2df	X	59042	L	28	-3001	136
4bc079b1-85c2-462b-a304-83468ac8b1de	X	59042	L	41	-3002	126
b0b07f72-92f2-440c-a23b-bde461c8dd55	X	59496	R	34	959	5
b0b07f72-92f2-440c-a23b-bde461c8dd55	X	59042	L	34	-4898	71
a66ac0ed-ee62-4ae6-9e7e-344e125d51ab	X	59042	L	13	-3002	131
453f1124-c1c9-4ba3-b7ac-f68f9a4c4753	X	59496	R	46	6737	4
453f1124-c1c9-4ba3-b7ac-f68f9a4c4753	X	59042	L	46	-3010	145
b1802a3b-337b-45ce-a7ae-0bdc4e7cfe77	X	59042	L	26	-3012	145
ff74213e-4eb9-47ff-8723-6244e967f57d	X	59496	R	37	6858	2
ff74213e-4eb9-47ff-8723-6244e967f57d	X	59042	L	37	-7222	110
90134538-3119-48a4-a81b-29254b8ec295	X	59496	R	14	6873	4
90134538-3119-48a4-a81b-29254b8ec295	X	59042	L	14	-2992	140
cbbb527f-efe0-4f0e-bf0a-c01dc330353c	X	59042	L	35	-3010	120
34f3f8c7-5e3a-4732-9bd9-6030d371b03e	X	59496	R	18	6845	2
34f3f8c7-5e3a-4732-9bd9-6030d371b03e	X	59042	L	18	-3000	57
bec07494-c5e1-4ac6-aafd-8140e7c9b5ca	X	59042	L	18	-2978	105
56f98898-8abf-44ae-acab-6a40163e4aab	X	59495	R	11	2172	49
56f98898-8abf-44ae-acab-6a40163e4aab	X	59042	L	11	-2952	12
7c99063d-c418-460c-881b-589535dde9eb	X	59042	L	17	-2949	129
84e38433-11f4-4025-bb32-b807a06088ba	X	59496	R	9	6859	3
84e38433-11f4-4025-bb32-b807a06088ba	X	59042	L	9	-3012	134
f8ee06d6-edce-42b0-a2f3-c6c60c91c1c4	X	59488	R	14	6874	3
f8ee06d6-edce-42b0-a2f3-c6c60c91c1c4	X	59042	L	14	-3012	127
88d9033d-457a-4022-9c73-550b28146fc8	X	59186	R	19	10771	2
88d9033d-457a-4022-9c73-550b28146fc8	X	59042	L	19	-3019	117
18392a49-cf4e-4798-b3d1-469a95d36f02	X	59496	R	23	3769	3
18392a49-cf4e-4798-b3d1-469a95d36f02	X	59042	L	23	-3000	141
40dc08d5-7005-446c-8986-0286bac8eaaa	X	59496	R	28	6845	3
40dc08d5-7005-446c-8986-0286bac8eaaa	X	59042	L	28	-3002	100
304bbb2a-4a54-4fc7-9637-a6778006145f	X	59042	L	42	-2997	124
e7f71e5b-2d15-4cfc-8a04-26f293a83e91	X	59496	R	52	6763	4
e7f71e5b-2d15-4cfc-8a04-26f293a83e91	X	59042	L	52	-3024	71
4494018e-9d88-4375-bb39-a5b0feb0ea02	X	59042	L	19	-7260	109
31fd7709-09c8-4f61-bdbd-013d884ad450	X	59496	R	27	6853	2
31fd7709-09c8-4f61-bdbd-013d884ad450	X	59042	L	27	-3016	138
05550c63-f6db-4449-950d-e5e227c37b28	X	59496	R	19	976	4
05550c63-f6db-4449-950d-e5e227c37b28	X	59042	L	19	-7206	62
aedef87b-e37d-474e-9f00-2f34f0520789	X	59496	R	30	6875	5
aedef87b-e37d-474e-9f00-2f34f0520789	X	59042	L	30	-7279	130
177db6a5-86a9-4408-a476-7582d2260a3f	X	59042	L	27	-3006	75
3f47a21f-9849-427d-b64b-c8901153b96e	X	59496	R	27	6843	3
3f47a21f-9849-427d-b64b-c8901153b96e	X	59042	L	27	-3008	103
dbf50c7a-ef6b-4fc1-8042-7aaa5d0c238f	X	59042	L	38	-3024	40
40701388-1b8c-4042-a4a4-6a9fa89fe872	X	59496	R	19	3796	6
40701388-1b8c-4042-a4a4-6a9fa89fe872	X	59042	L	19	-3017	110
f81d1cc5-09ec-4172-bc6a-33966b0dd60e	X	59042	L	21	-2992	106
bd5aa691-d5aa-4863-baf2-42d6dda62260	X	59496	R	60	6880	3
bd5aa691-d5aa-4863-baf2-42d6dda62260	X	59042	L	60	-3012	55
cd01741a-d9ea-46f9-83c7-08ebdca95e96	X	59042	L	2	-2994	125
814c5c7a-bc85-4902-b782-0d3546615f69	X	59042	L	59	-3019	94
c5ab6d1c-203c-4477-9cab-5cad1b381546	X	59042	L	29	-2999	132
e46cde25-9fef-4937-9cda-6c99429633e8	X	59042	L	44	-3021	112
df0ffb81-2ac1-4eaa-8f5a-cef6b386291f	X	59496	R	41	6850	3
df0ffb81-2ac1-4eaa-8f5a-cef6b386291f	X	59042	L	41	-323	93
d8cee14b-7ba2-4437-97bc-f4ad37f6d4df	X	59496	R	50	6867	3
d8cee14b-7ba2-4437-97bc-f4ad37f6d4df	X	59042	L	50	-3013	95
e920a3ec-a81e-40ee-817a-544db58fef25	X	59496	R	16	6845	4
e920a3ec-a81e-40ee-817a-544db58fef25	X	59042	L	16	-3031	126
6a607e4c-c759-47dc-a51a-436e10d5477e	X	59042	L	9	-3006	120
2852ab87-f234-489f-8f1e-fdbc388b5035	X	59042	L	23	-2959	70
1407071a-a40f-4afc-a587-96ba1060e784	X	59042	L	18	-3007	86
0d5f0ef5-830d-46ce-aac6-0f95c3aa8013	X	59042	L	3	-1108	102
59934984-e191-40d5-9539-9264d6d7ee29	X	59042	L	13	-2992	108
13026ec0-d2d8-4383-b5ac-5f055a6f8bfd	X	59042	L	15	-2964	72
89321f26-dc05-422f-8545-5d3a99e0e567	X	59042	L	34	-7244	100
fcd1d46e-afea-4a71-b148-8804ea637a5e	X	59496	R	27	6891	2
fcd1d46e-afea-4a71-b148-8804ea637a5e	X	59042	L	27	-3025	53
43a0d9af-50e9-4196-9cdf-a4118cd8ddaa	X	59042	L	45	-2979	74
13343752-f3a5-4a22-8edd-6ba47117c91b	X	59042	L	33	-2997	93
12194b31-5aad-4fd5-9f84-60ed4367376b	X	59042	L	32	-2992	69
fd93d60d-40de-495d-a926-8783eaf0159b	X	59496	R	58	6895	2
fd93d60d-40de-495d-a926-8783eaf0159b	X	59042	L	58	-3011	93
65c307c9-7d26-4a1e-91fa-42a8134eabd5	X	59496	R	45	6837	3
65c307c9-7d26-4a1e-91fa-42a8134eabd5	X	59042	L	45	-315	55
92525b47-f981-4253-a3cd-922f5455bdf6	X	59042	L	34	-2998	25
5f10bfd3-6852-4163-8907-a01e8b20e9cc	X	59042	L	39	-7323	35
cb3d20c0-1adb-4bc1-856f-d5e43fa33b5c	X	59042	L	31	-3003	97
e06921fd-0fb7-41aa-97a8-6529be8c605b	X	59042	L	9	-2986	71
33eb245f-7d6d-485c-bb55-745957b77a64	X	59496	R	40	98	4
33eb245f-7d6d-485c-bb55-745957b77a64	X	59042	L	40	-3020	48
87cdaf88-8c8a-4f8e-904d-43ccfbcd3892	X	59042	L	59	-7215	26
6398ed91-91e8-4fc7-9425-54089f19ed24	X	59496	R	25	6864	2
6398ed91-91e8-4fc7-9425-54089f19ed24	X	59042	L	25	-3003	56
58f2d29d-0e2f-43ec-9580-ca3c7307bc30	X	59042	L	34	-2999	58
3ccb684d-7d6a-470e-a660-9112091b430c	X	59042	L	28	-2390	45
291d094f-0f46-4216-8cc5-9ee8d9ddee14	X	59496	R	15	6849	4
291d094f-0f46-4216-8cc5-9ee8d9ddee14	X	59042	L	15	-2998	78
260efa0e-4c10-475a-bef7-8a7fa8cd1d40	X	59042	L	17	-2346	32
c3505f97-d773-4ac1-b3cf-90e796408ea4	X	59496	R	25	10395	2
c3505f97-d773-4ac1-b3cf-90e796408ea4	X	59042	L	25	-3009	44
44482c47-ba1f-4968-8244-eadaa02bb2a4	X	59496	R	35	6865	3
44482c47-ba1f-4968-8244-eadaa02bb2a4	X	59042	L	35	-3004	42
80dd10ed-b7b6-4b3f-85b8-b1b9e1b1aeb8	X	59492	R	17	6819	3
80dd10ed-b7b6-4b3f-85b8-b1b9e1b1aeb8	X	59042	L	17	-3003	84
6831bd1d-633a-4b9d-8cec-d79f18748ef4	X	59496	R	27	6819	4
6831bd1d-633a-4b9d-8cec-d79f18748ef4	X	59042	L	27	-2993	55
d797f5c0-4e8e-4995-8ee8-b22f691cd0ba	X	59496	R	6	89	2
d797f5c0-4e8e-4995-8ee8-b22f691cd0ba	X	59042	L	6	-3014	39
4e1d07d7-137e-4b25-89dd-ce3495acadf8	X	59496	R	21	6833	3
4e1d07d7-137e-4b25-89dd-ce3495acadf8	X	59042	L	21	-3010	42
7224fde6-3921-4737-970e-d9f726578b4d	X	59042	L	60	-3006	41
f1915323-b864-4d80-991f-cb30aef66dd3	X	59042	L	43	-3013	58
8b785b9d-f779-4cab-ae02-032857464ea0	X	59224	R	35	10723	3
8b785b9d-f779-4cab-ae02-032857464ea0	X	59042	L	35	-3021	64
c19fc3d1-7c19-46ae-b9cc-cc4e5461fc22	X	59496	R	41	6827	4
c19fc3d1-7c19-46ae-b9cc-cc4e5461fc22	X	59042	L	41	-3005	51
88869223-982f-481a-b219-367b50860618	X	59042	L	45	-3014	32
24e69037-20e3-4a75-bc41-95eb32fc9e04	X	59042	L	33	-3004	44
e54465b7-489b-4d74-8708-6412cb265d00	X	59045	L	24	-3013	87
d544c8dc-c614-472a-8b8d-48ac8662e72f	X	59046	L	41	-3010	156
f9e56c91-d302-46d9-bc20-351ac068e26c	X	59496	R	25	3149	11
f9e56c91-d302-46d9-bc20-351ac068e26c	X	59046	L	25	-3017	141
c935c034-f684-4db8-80d6-684569d0882e	X	59046	L	4	-2998	80
e32dbae3-ec70-447c-8b89-722c1d0af2f1	X	59496	R	17	484	3
e32dbae3-ec70-447c-8b89-722c1d0af2f1	X	59046	L	17	-2534	55
1ec1d589-0947-4b1b-9722-f9ae04dc3329	X	59046	L	30	-3005	107
f64df337-10b8-4625-b316-b7cb3722dfc9	X	59496	R	16	6825	4
f64df337-10b8-4625-b316-b7cb3722dfc9	X	59046	L	16	-3011	98
b64d72b8-983e-469d-871b-5064c41ee317	X	59046	L	12	-3044	142
6a013507-22d6-42cd-a828-314d41e3c097	X	59046	L	22	-2993	92
b15a5940-9dcf-4505-a9db-3a716a36fd9c	X	59496	R	17	6821	5
b15a5940-9dcf-4505-a9db-3a716a36fd9c	X	59046	L	17	-342	116
1c50e0cd-0571-421a-b978-ba25b450de52	X	59496	R	26	5263	2
1c50e0cd-0571-421a-b978-ba25b450de52	X	59046	L	26	-3013	56
be8a894d-4f3d-4099-933c-815c38336f63	X	59046	L	27	-3023	59
fc88923b-afb9-42b4-ad5b-a1bf2abfe160	X	59047	L	47	-3033	73
04192e1d-29bf-4863-9ca8-cfb17a5c8976	X	59047	L	32	-2985	28
09d1a124-0851-4193-a9b3-e10f91b0ccbc	X	59496	R	47	6866	3
09d1a124-0851-4193-a9b3-e10f91b0ccbc	X	59047	L	47	-7235	108
b90a9509-4f66-4491-8956-5af98d055451	X	59496	R	23	646	4
b90a9509-4f66-4491-8956-5af98d055451	X	59047	L	23	-7199	90
66d7db0e-0021-4e65-aafe-73aa257623e9	X	59496	R	11	10358	3
66d7db0e-0021-4e65-aafe-73aa257623e9	X	59047	L	11	-3030	134
e51d922c-80ae-4e13-90e4-082b678830ed	X	59494	R	54	6860	4
e51d922c-80ae-4e13-90e4-082b678830ed	X	59047	L	54	-3012	93
4cb9d7c5-11d8-417d-93f1-2cc77b505eb1	X	59496	R	20	6763	3
4cb9d7c5-11d8-417d-93f1-2cc77b505eb1	X	59063	L	20	-2901	140
9865d6f0-a6bc-435f-ae5f-1af85fcbfb5c	X	59186	R	1	7157	2
9865d6f0-a6bc-435f-ae5f-1af85fcbfb5c	X	59063	L	1	-345	68
229dbd85-71c5-473f-991b-7a9e445b66b3	X	59063	L	13	-2357	115
92894b4c-5116-4f57-b8d8-049eac917634	X	59063	L	33	-3034	68
004a19e1-5a32-4514-95d7-493ec8f81b59	X	59063	L	33	-3040	27
5e0f90d8-2f7f-4401-a3d9-bd7068c4dcfc	X	59496	R	32	6850	3
5e0f90d8-2f7f-4401-a3d9-bd7068c4dcfc	X	59063	L	32	-3046	65
a4b87362-714e-46df-8ee3-3e2c452b5a40	X	59496	R	34	6534	4
a4b87362-714e-46df-8ee3-3e2c452b5a40	X	59063	L	34	-3021	67
d077b513-3a69-484a-8ea7-b75192c9fb1a	X	59063	L	9	-3018	54
47174689-a758-4523-9a95-074d3e3422ad	X	59063	L	42	-7213	54
fa9abedb-df30-418a-bb92-47fb81c71332	X	59065	L	7	-2957	13
56f5e962-8321-4f6a-a9f4-7f7236360b00	X	59224	R	2	7076	4
56f5e962-8321-4f6a-a9f4-7f7236360b00	X	59066	L	2	-340	39
8235f34a-c13a-4a79-be12-6880d170713b	X	59067	L	20	-3012	73
73c558a1-fdb9-4559-9eaa-27a24d7108bc	X	59067	L	33	-7294	51
268f6e2d-44b8-4465-949a-2e4fe82e18c4	X	59496	R	46	7655	3
268f6e2d-44b8-4465-949a-2e4fe82e18c4	X	59067	L	46	-28	47
0bebf9fd-1637-476d-bd4c-6d6c4943c208	X	59072	L	2	-3000	189
c5368513-80fc-4040-bfcd-cac29d3bcd38	X	59072	L	4	-3026	89
e59f66cf-20c8-4794-9deb-709ea7a9edc8	X	59072	L	48	-2959	36
3f8793d8-a24e-45c1-b988-4f01158eebb9	X	59487	R	8	7088	5
3f8793d8-a24e-45c1-b988-4f01158eebb9	X	59072	L	8	-6997	34
3a4d4a35-85e9-4411-b7fd-d85272edbcd1	X	59073	L	3	-5547	53
9631ce4b-c110-448f-82ec-e1652a743e75	X	59496	R	13	6773	4
9631ce4b-c110-448f-82ec-e1652a743e75	X	59073	L	13	-2986	81
21ec66fe-e63c-45ef-8b37-6a2ea940ec74	X	59496	R	41	6832	4
21ec66fe-e63c-45ef-8b37-6a2ea940ec74	X	59076	L	41	-368	40
e44ed6ef-4d3c-470f-9093-00315e68b503	X	59078	L	22	-7172	42
05a09e2f-710a-4187-8c98-04cca7887bf7	X	59082	L	6	-3020	61
65cdafa7-5f36-4bd3-8fb5-e391a5693e9b	X	59369	L	13	-703	92
4f30c246-5328-4a35-8777-5dcda052fcae	X	59496	R	19	6850	4
4f30c246-5328-4a35-8777-5dcda052fcae	X	59374	L	19	-3377	152
f1a6b372-2a49-4f9e-8981-ca8004383318	X	59375	L	40	-3412	41
a7cfa536-bc72-4bab-bb8f-2923cedbc59b	X	59375	L	24	-3405	121
1a0f0074-ddec-4c80-a01e-749fc3c17629	X	59375	L	21	-3332	65
b0f3b1c7-fe20-44ee-8467-811a458cd169	X	59496	R	24	6237	4
b0f3b1c7-fe20-44ee-8467-811a458cd169	X	59375	L	24	-3156	105
e3b8b507-7732-45c9-ad26-ec514ea35382	X	59375	L	32	-719	96
9a48dc99-4c90-437f-af5c-1617f066d08b	X	59375	L	10	-464	162
de5e83a1-993a-4587-977a-908b5cd60571	X	59375	L	1	-3363	68
d5623197-a333-4b51-9aeb-582e9e6884c4	X	59496	R	14	6327	3
d5623197-a333-4b51-9aeb-582e9e6884c4	X	59375	L	14	-3366	87
0992bf14-575f-41c0-b270-069927498ac8	X	59375	L	10	-713	74
a6ba4faf-f38c-442a-997f-fc49a4d82dfb	X	59375	L	11	-3248	37
12569ac1-f3b9-44b2-b439-723e09462697	X	59522	R	28	6464	3
12569ac1-f3b9-44b2-b439-723e09462697	X	59375	L	28	-2763	46
7246003d-d611-4464-a2f8-4939fbc6cfc6	X	59496	R	22	1737	2
7246003d-d611-4464-a2f8-4939fbc6cfc6	X	59375	L	22	-3382	82
af3eb0f8-3d40-4893-927d-e5d7952a4f86	X	59496	R	31	2478	4
af3eb0f8-3d40-4893-927d-e5d7952a4f86	X	59375	L	31	-3357	37
e8f7d6c2-af88-48a7-b4ab-4ad040743b00	X	59377	L	3	-3340	91
51119f0e-2738-4e72-b064-2f261403af0a	X	59496	R	22	6862	3
51119f0e-2738-4e72-b064-2f261403af0a	X	59377	L	22	-3436	101
94038d61-9802-419f-9489-bf4a7e9147e2	X	59377	L	9	-7493	39
cdbf556f-ee33-430b-8bde-ae7e5a5c0c3b	X	59393	L	20	-3383	147
d183bd32-a899-4d7a-bb0b-ce37b5d4eaae	X	59496	R	9	1140	2
d183bd32-a899-4d7a-bb0b-ce37b5d4eaae	X	59393	L	9	-7586	124
dc93c195-82c7-4918-87ac-4e79eb3e3fdc	X	59496	R	11	1959	5
dc93c195-82c7-4918-87ac-4e79eb3e3fdc	X	59395	L	11	-3327	38
0bf316be-53f5-454e-870e-73a88cc4ac46	X	59397	L	13	-7450	53
b06a970b-b486-44af-8702-0a1ef646b43a	X	59414	L	5	-7645	116
7bfdc60f-9fba-4f0b-8dd3-f026153ea071	X	59414	L	23	-3387	185
e9c0df35-2904-497d-a35e-2f8fc6f07fdb	X	61413	R	20	4727	4
e9c0df35-2904-497d-a35e-2f8fc6f07fdb	X	61019	L	20	-1054	110
16fb06f9-3f11-4dcc-876c-0ea5368dc49c	X	61019	L	51	-1046	70
a59f2269-dd99-4a4a-9d9a-72bd126eb609	X	61413	R	30	4723	3
a59f2269-dd99-4a4a-9d9a-72bd126eb609	X	61020	L	30	-909	102
6d0f61c8-ed54-4ad2-9529-54e040e46bd0	X	61234	R	39	4888	3
6d0f61c8-ed54-4ad2-9529-54e040e46bd0	X	61020	L	39	-1055	129
cf5bee10-cd81-496b-bdb7-f57c6df72dc7	X	61240	R	55	4899	2
cf5bee10-cd81-496b-bdb7-f57c6df72dc7	X	61020	L	55	-1056	39
987c981c-b6e6-48b4-8d2c-491213862ab7	X	61240	R	38	4932	3
987c981c-b6e6-48b4-8d2c-491213862ab7	X	61023	L	38	-5243	196
b3abfe65-306d-475c-950c-b0eeca721850	X	61240	R	24	4942	4
b3abfe65-306d-475c-950c-b0eeca721850	X	61023	L	24	-1060	115
05bd70e5-1679-4403-89da-33dcbec2c9ab	X	61238	R	14	4801	5
05bd70e5-1679-4403-89da-33dcbec2c9ab	X	61023	L	14	-1055	131
bb139331-07d5-4349-99cb-811141fd48dd	X	61240	R	11	4899	6
bb139331-07d5-4349-99cb-811141fd48dd	X	61023	L	11	-1052	87
47e8d617-ed43-43f5-9059-25a9b4b6fd99	X	61402	R	30	4734	3
47e8d617-ed43-43f5-9059-25a9b4b6fd99	X	61023	L	30	-1055	145
0bac6c92-354c-488f-8cda-6caae2d89c4d	X	61413	R	55	4747	4
0bac6c92-354c-488f-8cda-6caae2d89c4d	X	61023	L	55	-1066	155
13abea7d-dd6d-4a8e-af57-8e8df9c2e9df	X	61240	R	11	9719	2
13abea7d-dd6d-4a8e-af57-8e8df9c2e9df	X	61023	L	11	-493	67
884b0327-77b4-432a-bbb5-a4d382afb68d	X	61023	L	29	-1059	85
48939ce9-9f57-4110-9adf-2ccccce6bdc4	X	61413	R	11	1359	2
48939ce9-9f57-4110-9adf-2ccccce6bdc4	X	61023	L	11	-1061	55
e8b76c00-8db6-4ae2-b3fc-ff3dc6bd63d8	X	61413	R	8	4675	4
e8b76c00-8db6-4ae2-b3fc-ff3dc6bd63d8	X	61023	L	8	-9498	74
4901fa8b-6be0-4018-986b-c81fceebbac5	X	61240	R	26	9002	2
4901fa8b-6be0-4018-986b-c81fceebbac5	X	61023	L	26	-1055	70
360be6a7-b3f6-48bf-a528-382a17687bcb	X	61240	R	26	1496	4
360be6a7-b3f6-48bf-a528-382a17687bcb	X	61023	L	26	-1061	41
f2eaccfa-861a-4e50-bbcb-d1f17468a730	X	61413	R	53	4730	4
f2eaccfa-861a-4e50-bbcb-d1f17468a730	X	61032	L	53	-1064	85
1a443d6b-e976-4e9c-bd98-67a2a54d0218	X	61413	R	19	4704	4
1a443d6b-e976-4e9c-bd98-67a2a54d0218	X	61032	L	19	-1065	118
1e6d4634-5846-459f-90d3-8564001cc675	X	61033	L	5	-1061	50
07355521-b547-4182-b0fc-a8ae2550592e	X	61240	R	20	4914	4
07355521-b547-4182-b0fc-a8ae2550592e	X	61033	L	20	-1060	53
0a6ef881-13f5-46bd-b5db-e2ed0d355a18	X	61402	R	23	4738	2
0a6ef881-13f5-46bd-b5db-e2ed0d355a18	X	61033	L	23	-1073	57
3e3ab231-6d51-4658-b2ae-1812f0febab7	X	61051	L	46	-1090	104
22d54659-d123-428c-8250-76278318e7a5	X	61240	R	19	4887	3
22d54659-d123-428c-8250-76278318e7a5	X	61051	L	19	-1089	141
994928c1-fb9d-48a4-afce-465fb300b24f	X	61240	R	33	4903	4
994928c1-fb9d-48a4-afce-465fb300b24f	X	61051	L	33	-1084	118
fb5d63b0-3c3a-47b1-b4d2-abe0173cb6b6	X	61236	R	3	4498	3
fb5d63b0-3c3a-47b1-b4d2-abe0173cb6b6	X	61051	L	3	-752	31
2145682e-856a-44c0-84c4-3984630032be	X	61051	L	36	-1082	34
6fa1a1e9-e2ca-41be-95b7-cf67786a33c0	X	63074	L	16	-668	53
62a55df1-ad87-4f1e-a5a3-31738437026a	X	64085	R	7	5049	2
62a55df1-ad87-4f1e-a5a3-31738437026a	X	63077	L	7	-667	141
d1794817-ec46-4329-a6c1-fb80c3976d28	X	65171	R	33	416	4
d1794817-ec46-4329-a6c1-fb80c3976d28	X	63077	L	33	-687	103
5a282501-d0ef-40ac-b3e0-2bef00b6f66c	X	63100	L	2	-704	81
59199890-b05a-46bc-bfdf-309bcf1a6857	X	63100	L	21	-3167	106
60d4bef0-1b86-4738-b1a6-c3528e26f60a	X	63142	R	1	2856	4
60d4bef0-1b86-4738-b1a6-c3528e26f60a	X	63100	L	1	-182	81
6b2d5be3-ac3b-426b-ac6b-d3663ed56670	X	63197	R	7	2889	3
6b2d5be3-ac3b-426b-ac6b-d3663ed56670	X	63100	L	7	-697	51
a75204dd-89d5-4d04-b517-f38c0254bcee	X	63103	L	53	-697	86
a3359fc5-7c81-4a6b-b19f-e50d1a403998	X	63197	R	3	2917	4
a3359fc5-7c81-4a6b-b19f-e50d1a403998	X	63105	L	3	-3163	164
2e28cc64-1412-46b6-af93-46481201ca68	X	63901	L	4	-534	47
0a972e77-de41-41b1-9ad3-cce538c75fbe	X	65171	R	16	3936	4
0a972e77-de41-41b1-9ad3-cce538c75fbe	X	63905	L	16	-558	166
80004a4a-6bbd-439c-a98b-b3fcb84d9976	X	65171	R	33	424	4
80004a4a-6bbd-439c-a98b-b3fcb84d9976	X	63905	L	33	-559	161
fef47a27-f65b-4bfc-9691-19478f9fb7b6	X	65171	R	29	422	5
fef47a27-f65b-4bfc-9691-19478f9fb7b6	X	63905	L	29	-559	102
fc940537-03b5-4177-92af-7071864bc56f	X	64085	R	1	1616	3
fc940537-03b5-4177-92af-7071864bc56f	X	63905	L	1	-549	87
e4972a86-fe11-40fb-adfc-f3e9d0b09226	X	65171	R	38	422	3
e4972a86-fe11-40fb-adfc-f3e9d0b09226	X	63905	L	38	-556	82
4d97f3cf-ab8c-4aa2-9828-082191808bbd	X	65171	R	34	415	3
4d97f3cf-ab8c-4aa2-9828-082191808bbd	X	63905	L	34	-548	75
ddd0a2a7-387c-4718-9ffc-d0d14895ead8	X	65171	R	25	428	2
ddd0a2a7-387c-4718-9ffc-d0d14895ead8	X	63905	L	25	-555	107
56891d5a-cd49-4cc5-a8e4-1ee84b0278eb	X	65171	R	9	431	3
56891d5a-cd49-4cc5-a8e4-1ee84b0278eb	X	63905	L	9	-553	81
2ca7e4be-bfb8-43e3-9a56-31e3d18a2ba4	X	65170	R	16	420	4
2ca7e4be-bfb8-43e3-9a56-31e3d18a2ba4	X	63905	L	16	-554	96
9978ef5d-7024-4152-aa12-35337f80ec5b	X	65171	R	23	421	4
9978ef5d-7024-4152-aa12-35337f80ec5b	X	63905	L	23	-552	84
2fa88458-2712-47dc-9e69-2bbd6f6f9192	X	65171	R	34	3990	3
2fa88458-2712-47dc-9e69-2bbd6f6f9192	X	63905	L	34	-566	56
24275c27-69ad-45ff-8202-a9b34e003bf3	X	65171	R	28	119	4
24275c27-69ad-45ff-8202-a9b34e003bf3	X	63905	L	28	-666	75
40a76d31-caa4-4c90-af6e-93952445ff1b	X	65171	R	6	997	2
40a76d31-caa4-4c90-af6e-93952445ff1b	X	63905	L	6	-538	33
13facfe9-68ba-4217-aa5c-23013f148a1f	X	64823	R	1	780	2
13facfe9-68ba-4217-aa5c-23013f148a1f	X	63948	L	1	-694	66
db405059-4f12-4b1d-8128-b9f50030e55c	X	65170	R	6	419	2
db405059-4f12-4b1d-8128-b9f50030e55c	X	63949	L	6	-610	142
0470755b-eed0-4dc4-8c90-e994e582e873	X	64887	R	9	735	3
0470755b-eed0-4dc4-8c90-e994e582e873	X	63949	L	9	-601	136
15299a6c-0dc2-41b0-8dda-4cc9cdc621b9	X	63949	L	21	-590	73
de13370d-41df-401a-9360-6850f7582d46	X	65171	R	17	426	4
de13370d-41df-401a-9360-6850f7582d46	X	63949	L	17	-605	142
03e5fd16-2e40-4d38-b993-74f8d1895172	X	65171	R	5	3924	4
03e5fd16-2e40-4d38-b993-74f8d1895172	X	63949	L	5	-475	61
19441c9c-939c-4cae-993a-08526481ad4b	X	63949	L	8	-595	80
0f2cee6c-9a8d-42db-90aa-4979398503be	X	65171	R	10	3956	2
0f2cee6c-9a8d-42db-90aa-4979398503be	X	63949	L	10	-607	137
b2399ee1-8264-49e7-bc89-8e49d5c0b03f	X	63949	L	11	-612	91
52d40e0c-2364-4317-9466-2369bf0ffbed	X	65171	R	12	417	4
52d40e0c-2364-4317-9466-2369bf0ffbed	X	63949	L	12	-693	55
f01a7f9a-d9ad-4155-8ef8-4a8881811e4f	X	63949	L	11	-1916	45
67f5e555-15f3-49a5-9e5e-e220781cc1af	X	65171	R	4	427	3
67f5e555-15f3-49a5-9e5e-e220781cc1af	X	63951	L	4	-595	61
b8affc24-3355-4f47-8497-7ade256a99f2	X	65171	R	19	420	4
b8affc24-3355-4f47-8497-7ade256a99f2	X	63962	L	19	-608	134
bd24bff3-3fa2-4157-88f0-22ac7c9de8cb	X	65171	R	3	3923	2
bd24bff3-3fa2-4157-88f0-22ac7c9de8cb	X	63963	L	3	-612	58
d7376b90-014b-4da4-8e36-06aabc38a31e	X	65171	R	16	428	4
d7376b90-014b-4da4-8e36-06aabc38a31e	X	63963	L	16	-624	140
341c5b59-8841-4bb9-a774-bf246bc71812	X	65171	R	4	422	3
341c5b59-8841-4bb9-a774-bf246bc71812	X	63963	L	4	-4386	105
70633f42-564f-48f8-a70a-8cb9162a9cab	X	63963	L	5	-1940	108
90644ddb-d6fa-4bf3-8e12-e13cc2dfe679	X	65171	R	3	2315	4
90644ddb-d6fa-4bf3-8e12-e13cc2dfe679	X	63970	L	3	-713	56
dd3cc05b-2104-4f5d-b049-cc9851fdfcf6	X	65171	R	6	3894	2
dd3cc05b-2104-4f5d-b049-cc9851fdfcf6	X	64008	L	6	-641	106
129ad7c5-42a0-4d3c-b011-8406acaf53a2	X	64012	L	15	-640	154
36388a8c-4c9c-44de-92e2-8ad9541ca713	X	64887	R	2	730	2
36388a8c-4c9c-44de-92e2-8ad9541ca713	X	64546	L	2	-9094	138
79cdf1f4-e476-475f-a595-d70771ee8515	X	65171	R	3	4014	3
79cdf1f4-e476-475f-a595-d70771ee8515	X	65015	L	3	-1815	98
99c72a15-863b-46ea-aa57-cd43f3a07044	X	91306	R	35	1665	9
99c72a15-863b-46ea-aa57-cd43f3a07044	X	84607	L	35	-30	209
ee7801c9-599a-4f93-aaa7-ac45e5882e42	X	84607	L	60	-31	201
6d76ac27-0979-4b20-8063-9f99bd210b9f	X	84607	L	34	-31	213
198b9b3c-1d01-4fe8-9c37-27aa09804fcf	X	84607	L	2	-10365	175
d0f5fcd5-76b9-4350-a591-37488a307a3b	X	90340	R	22	2545	3
d0f5fcd5-76b9-4350-a591-37488a307a3b	X	84607	L	22	-3532	185
9034542d-7ab9-49e3-9bdb-5ec4fd781873	X	84607	L	18	-30	86
0b3d18a6-f7ab-4c61-8446-57211468b024	X	84607	L	45	-30	229
6c675ffd-31b3-4b6d-a93c-f7a4ea2bf30b	X	90330	R	48	2551	2
6c675ffd-31b3-4b6d-a93c-f7a4ea2bf30b	X	84607	L	48	-30	210
f5e3eac6-e24b-4d97-b24f-783cfdc47db1	X	91307	R	60	1644	2
f5e3eac6-e24b-4d97-b24f-783cfdc47db1	X	84607	L	60	-28	202
7c8309c9-6f05-4a96-bffa-706f50620307	X	91307	R	60	1654	2
7c8309c9-6f05-4a96-bffa-706f50620307	X	84607	L	60	-30	169
cc6b6e3c-b027-4a22-9803-feb5dcbdb76a	X	91307	R	60	1662	5
cc6b6e3c-b027-4a22-9803-feb5dcbdb76a	X	84607	L	60	-30	197
725973da-e8bf-4154-93bf-96d5158858a1	X	84607	L	53	-30	78
37f1ae69-6525-4809-8e70-2af0d50aa637	X	84607	L	60	-30	136
0bc8919a-1a9d-4119-95ab-f8bd9ae2a959	X	84607	L	48	-30	94
77421698-6a6d-4be6-bea2-95e5a7333742	X	90340	R	60	2527	4
77421698-6a6d-4be6-bea2-95e5a7333742	X	84607	L	60	-32	134
3c734860-d37e-4049-ae03-b4190cd0a155	X	90340	R	60	2537	2
3c734860-d37e-4049-ae03-b4190cd0a155	X	84607	L	60	-31	158
f50809ae-7f5d-48d3-ae88-0a90062d13e1	X	84607	L	45	-30	136
54389c0a-0a5b-4ada-b627-fe57f5c85bbe	X	84607	L	39	-29	46
a8b5a394-3efd-4cff-8079-2ce2318cf8c7	X	88671	R	43	2261	87
a8b5a394-3efd-4cff-8079-2ce2318cf8c7	X	84607	L	43	-29	168
a3d2330d-1830-4e33-9c97-0575faaaa3ea	X	84607	L	36	-31	170
dabb1da8-7959-4829-9b83-95fd22841ca0	X	90340	R	52	2564	3
dabb1da8-7959-4829-9b83-95fd22841ca0	X	84607	L	52	-30	185
0265c99a-0396-4e20-ba44-a9e0edb273b7	X	91306	R	60	1669	6
0265c99a-0396-4e20-ba44-a9e0edb273b7	X	84607	L	60	-29	142
48f9fb24-9fd6-4bc8-8a3a-f7d4aac1eb71	X	90340	R	37	2554	4
48f9fb24-9fd6-4bc8-8a3a-f7d4aac1eb71	X	84607	L	37	-27	96
00453d9e-c13a-4ba3-a9a4-ec2509344db5	X	84607	L	59	-30	51
28508704-362f-49fb-b1cc-96356a331159	X	84607	L	44	-31	122
db525172-b68c-4dbf-adb1-d3619759fc1d	X	84607	L	10	-27	139
74e818f9-ba14-4590-a1d9-c8deaee9a30f	X	84607	L	22	-32	79
04ec75e9-3f0a-49db-b2f1-0718984435d8	X	84607	L	23	-32	90
8a3101b9-fbf1-4ca2-afb7-9de83165a4cf	X	91307	R	23	1653	2
8a3101b9-fbf1-4ca2-afb7-9de83165a4cf	X	84607	L	23	-29	78
63fe1445-658a-40d7-9bfd-df3b62561981	X	84607	L	19	-29	94
67810cd0-abe9-426c-b604-be8e17a7d024	X	90337	R	60	2535	7
67810cd0-abe9-426c-b604-be8e17a7d024	X	84607	L	60	-31	172
78e2b678-f1bf-4656-b4ed-e09e57968bc7	X	84607	L	25	-3514	142
99960af9-ef7b-4566-b50d-d2877c81ca2e	X	84607	L	40	-3540	129
9f01a484-c6f3-4a9a-b735-bb367fa02d56	X	91307	R	53	1665	14
9f01a484-c6f3-4a9a-b735-bb367fa02d56	X	84607	L	53	-31	126
f571533b-843b-42c1-89a7-f4e953825985	X	84607	L	40	-28	114
97cf89a8-e885-4947-8d68-1f80f1e36403	X	87353	R	13	730	67
97cf89a8-e885-4947-8d68-1f80f1e36403	X	84607	L	13	-30	104
942a2fd6-03a3-4bbc-9977-acc524023558	X	90334	R	22	5102	43
942a2fd6-03a3-4bbc-9977-acc524023558	X	84607	L	22	-29	108
93b16737-1793-4fde-b111-d30aabc95ae1	X	91307	R	60	1671	2
93b16737-1793-4fde-b111-d30aabc95ae1	X	84607	L	60	-30	179
b608433a-3b25-4c01-a871-fdc31202cf19	X	84607	L	39	-30	151
15a83d5a-c4a3-4425-bd33-257e46491cf7	X	88994	R	22	3690	23
15a83d5a-c4a3-4425-bd33-257e46491cf7	X	84607	L	22	-28	165
23c2a4e5-e1f3-43df-a7c4-2fe74264175e	X	84607	L	60	-30	172
94b5a527-ca27-4a1a-8a50-c6c3848d0e9a	X	91307	R	44	1649	4
94b5a527-ca27-4a1a-8a50-c6c3848d0e9a	X	84607	L	44	-3476	128
21b1c456-4de5-447b-ba8a-2b4d732449ea	X	90340	R	60	2575	3
21b1c456-4de5-447b-ba8a-2b4d732449ea	X	84607	L	60	-32	181
ffc40c6f-ec1c-44a4-bad5-6538bee662a2	X	91306	R	44	1657	4
ffc40c6f-ec1c-44a4-bad5-6538bee662a2	X	84607	L	44	-30	105
10a82835-05e0-490e-8d03-2e7cfe852a09	X	90340	R	60	2551	2
10a82835-05e0-490e-8d03-2e7cfe852a09	X	84607	L	60	-28	178
13640f71-9906-4fa2-a804-e072c3dbecc7	X	84607	L	36	-31	141
30ba1901-e200-49ac-8fc4-c2e4e7ac191b	X	90340	R	10	2557	2
30ba1901-e200-49ac-8fc4-c2e4e7ac191b	X	84607	L	10	-30	92
7a07e3be-6b6a-43d6-abfc-8f70529acc9c	X	84607	L	60	-31	108
e0c3a945-16e8-4237-9693-f3f0dd1f6cf9	X	84607	L	32	-29	123
14c830fb-77fa-455e-8650-cb1b5ac064a8	X	90340	R	34	2548	2
14c830fb-77fa-455e-8650-cb1b5ac064a8	X	84607	L	34	-27	149
db4f53ff-d249-4139-9a37-182be68d73af	X	91307	R	45	1657	3
db4f53ff-d249-4139-9a37-182be68d73af	X	84607	L	45	-29	118
ac7d8a64-9629-4442-9781-9ccddfbc2b32	X	90340	R	56	2527	2
ac7d8a64-9629-4442-9781-9ccddfbc2b32	X	84607	L	56	-30	138
3234b975-0269-4511-8997-46674657c1eb	X	84607	L	50	-32	123
88c5f064-2a51-4840-8467-37fbb9dcb538	X	91307	R	60	2237	2
88c5f064-2a51-4840-8467-37fbb9dcb538	X	84607	L	60	-30	90
d1fd8443-79af-4132-8358-e96ad45dc3c2	X	90340	R	55	3118	4
d1fd8443-79af-4132-8358-e96ad45dc3c2	X	84607	L	55	-30	77
f4b18412-5830-4733-adc9-611f6b3584b1	X	89577	R	47	703	3
f4b18412-5830-4733-adc9-611f6b3584b1	X	84607	L	47	-30	140
69a75fa2-6f05-42b6-b788-f0c751f7a01f	X	84607	L	1	-3455	113
f08dcc40-1065-4e20-959e-572863eead73	X	89011	R	16	193	5
f08dcc40-1065-4e20-959e-572863eead73	X	84607	L	16	-28	73
9cd7ec3b-ca53-4d2b-affe-1b28eb57a82e	X	91306	R	50	1666	6
9cd7ec3b-ca53-4d2b-affe-1b28eb57a82e	X	84607	L	50	-31	123
d5bdac0e-b6c4-41ed-ab2f-fb0c05094d09	X	90337	R	35	2540	2
d5bdac0e-b6c4-41ed-ab2f-fb0c05094d09	X	84607	L	35	-30	104
2bcc300e-981f-4ed6-945b-356f4918c4fe	X	84607	L	60	-29	105
3c3f1cf2-6964-4efe-b750-ccecc30284d8	X	84607	L	55	-26	143
24ea6ff6-a406-4c8a-a670-4e85090c7d13	X	84607	L	38	-29	94
1307c7ee-a8ff-4792-9df5-3b90cd1778e6	X	91307	R	60	1653	3
1307c7ee-a8ff-4792-9df5-3b90cd1778e6	X	84607	L	60	-31	134
449e6f8c-5451-400a-aea0-cec1d69c5505	X	84607	L	43	-31	144
f9d53b1c-a595-478a-aa1e-2001b6070a0c	X	90339	R	43	2571	3
f9d53b1c-a595-478a-aa1e-2001b6070a0c	X	84607	L	43	-31	102
4d01916d-93ee-4f32-8c69-fc522cd19709	X	84607	L	33	-30	41
289b081d-94f5-4c8f-8747-3df96dc3ebf2	X	84607	L	40	-29	115
c46c683c-f19d-46b8-b927-43e95f079cf6	X	84607	L	60	-32	128
adfb3175-af29-421c-a51d-d22c73ab06e8	X	84607	L	53	-30	103
a994f869-5440-48ac-8f26-76288c21a61e	X	84607	L	60	-30	157
ecaa6297-067d-4ca1-a79e-018dcc116454	X	84607	L	37	-28	133
0466cc07-4f3f-4bc1-9bdd-0f1ef1c75072	X	90340	R	51	2519	2
0466cc07-4f3f-4bc1-9bdd-0f1ef1c75072	X	84607	L	51	-30	74
1c6868f3-9382-4a9d-af3a-de99dab12cdb	X	91307	R	49	1672	2
1c6868f3-9382-4a9d-af3a-de99dab12cdb	X	84607	L	49	-30	97
3d675525-e623-4377-b7fe-118d8852bce2	X	91306	R	60	1661	2
3d675525-e623-4377-b7fe-118d8852bce2	X	84607	L	60	-31	115
577878c6-e40f-44b4-b07d-7a188dc6aa5e	X	84607	L	60	-29	116
7fa320fc-594e-4f04-82ad-d7395ad5d2ab	X	91307	R	53	1682	11
7fa320fc-594e-4f04-82ad-d7395ad5d2ab	X	84607	L	53	-3529	94
b89644a3-4324-4868-a442-86f506d876a4	X	84607	L	49	-30	72
607478c7-75eb-4c8e-9508-492b0bdd7855	X	91307	R	60	1649	2
607478c7-75eb-4c8e-9508-492b0bdd7855	X	84607	L	60	-31	141
f4ba0634-6890-4e78-9676-1698b1b5565a	X	84607	L	60	-30	94
8c80cd9b-db8e-4a69-aa43-9919246c659b	X	90340	R	60	2563	2
8c80cd9b-db8e-4a69-aa43-9919246c659b	X	84607	L	60	-30	140
920b9815-b45a-48cf-a104-c8f130d6864a	X	84607	L	53	-1842	113
fa408475-679d-4aed-adee-b6ea7f713cb4	X	90340	R	32	2502	2
fa408475-679d-4aed-adee-b6ea7f713cb4	X	84607	L	32	-30	61
bc11cd49-2e06-4a32-828a-57df5ea439d4	X	84607	L	60	-29	72
ae37553e-0802-4179-9164-c9d70024690a	X	89016	R	17	13779	4
ae37553e-0802-4179-9164-c9d70024690a	X	84607	L	17	-30	111
1a1d6018-4399-4ce3-8263-592e49df2e60	X	84607	L	45	-30	92
d9ac157f-15a7-48ff-a78b-fee2277e7973	X	84607	L	60	-30	128
6fa739a8-1c52-4cae-aa69-9d13ec224bfc	X	89016	R	49	3703	4
6fa739a8-1c52-4cae-aa69-9d13ec224bfc	X	84607	L	49	-3559	52
78cbd30b-9ee7-4192-afab-f3c718a03435	X	84607	L	60	-30	60
6667ba55-38fd-4bf9-b4a7-e480b667eb77	X	84607	L	21	-3513	69
f0f50c8c-f4d8-4f09-a4ca-2486d23b5c30	X	90334	R	38	2544	2
f0f50c8c-f4d8-4f09-a4ca-2486d23b5c30	X	84607	L	38	-31	59
0aacc87f-fba8-479f-a87d-8f585877926e	X	89016	R	29	3671	3
0aacc87f-fba8-479f-a87d-8f585877926e	X	84607	L	29	-30	92
2e57f9c4-4f1e-4029-a372-520abd0b92f1	X	84607	L	43	-29	106
715ae412-6da4-4c2f-a989-ac9dec4419f5	X	91307	R	60	1654	4
715ae412-6da4-4c2f-a989-ac9dec4419f5	X	84607	L	60	-31	48
0d5296b0-5910-4b8e-83da-b20f561edf93	X	91307	R	45	522	3
0d5296b0-5910-4b8e-83da-b20f561edf93	X	84607	L	45	-30	63
789decf9-803c-4688-8caf-bcb290c599e9	X	84607	L	60	-30	115
1cccd3f3-c539-4780-a853-d91e5025db7c	X	84607	L	39	-31	93
0d521238-6d1c-4e6f-9e55-d30bdb0d18a6	X	84607	L	60	-31	125
c5a3f78e-28db-4073-9d3e-f46651edd473	X	84607	L	60	-28	93
1e3e1708-a983-40e4-9e60-eedaa280e405	X	84607	L	6	-30	79
6d4e4915-4272-4275-8ce3-f0181010e53b	X	84607	L	15	-30	96
e06a9979-3010-4a80-95cf-933a8c39dcab	X	84607	L	49	-29	101
06eaf7e9-17c3-4823-9537-e327d2a2d5e1	X	90340	R	51	5337	47
06eaf7e9-17c3-4823-9537-e327d2a2d5e1	X	84607	L	51	-31	97
58dbad74-8768-423f-b7b5-8c716e15c6e8	X	90340	R	60	2557	3
58dbad74-8768-423f-b7b5-8c716e15c6e8	X	84607	L	60	-28	62
e6e90e51-f688-4f33-baea-06033aefe1da	X	84607	L	37	-32	41
5d8d4742-2f1f-4fd1-ade3-4c0ae258395d	X	90340	R	60	2539	6
5d8d4742-2f1f-4fd1-ade3-4c0ae258395d	X	84607	L	60	-30	53
bc416b80-48cc-4eda-8f88-39794b570092	X	90340	R	37	2550	4
bc416b80-48cc-4eda-8f88-39794b570092	X	84607	L	37	-29	65
f4e8b3e7-0c9f-48bb-a0ab-d8768a693d4a	X	84607	L	60	-34	71
abad4f55-1a5d-4d5d-9798-3859117572ca	X	84607	L	60	-30	65
3ea09d66-3de4-4a52-a3bd-a71ea31cc940	X	84607	L	22	-3485	53
811918fe-4ef0-4949-990d-9a0f86b4a21a	X	84607	L	53	-3525	50
928021a1-71b3-43e2-a8a0-c745e47638aa	X	90339	R	60	2541	2
928021a1-71b3-43e2-a8a0-c745e47638aa	X	84607	L	60	-30	73
7bc1b52e-08c4-4d04-96ac-288fcf54fac8	X	91306	R	60	1676	3
7bc1b52e-08c4-4d04-96ac-288fcf54fac8	X	84607	L	60	-29	65
29003dce-95ba-44d8-b65e-f7fb379cb053	X	90340	R	31	2557	4
29003dce-95ba-44d8-b65e-f7fb379cb053	X	84607	L	31	-3524	122
b6cf3cf2-a2d8-41c8-899a-c2b5fa4273df	X	84607	L	28	-29	46
a45bdc70-7131-436e-82ec-389d9783e455	X	91307	R	58	1661	4
a45bdc70-7131-436e-82ec-389d9783e455	X	84607	L	58	-28	74
444abf95-c492-468a-8a6e-41f036622944	X	84607	L	49	-27	83
36c2f610-9c26-48df-8eae-663a5e09a3f3	X	90340	R	50	2562	4
36c2f610-9c26-48df-8eae-663a5e09a3f3	X	84607	L	50	-30	120
bd7f1ad2-bdd0-4c38-9609-3052234fb88d	X	91238	R	60	1747	2
bd7f1ad2-bdd0-4c38-9609-3052234fb88d	X	84607	L	60	-31	66
40bf81e4-c0bb-48d2-9905-fd47673bae10	X	84607	L	60	-29	82
044c0a8d-8fde-4969-9cb9-3d1bd0f325f7	X	91307	R	60	1687	3
044c0a8d-8fde-4969-9cb9-3d1bd0f325f7	X	84607	L	60	-30	101
cd319efc-f573-411d-b1ee-5b19863ad144	X	90340	R	52	2556	4
cd319efc-f573-411d-b1ee-5b19863ad144	X	84607	L	52	-29	53
0b5dfb05-e2f7-4a31-bfab-2f05b0d8ef01	X	91307	R	21	1663	3
0b5dfb05-e2f7-4a31-bfab-2f05b0d8ef01	X	84607	L	21	-3543	135
b808795d-5eb6-40fe-9d90-00fa930cbf9c	X	90340	R	44	2544	4
b808795d-5eb6-40fe-9d90-00fa930cbf9c	X	84607	L	44	-31	121
14449f21-e312-43fd-9d68-66a7ca903632	X	91305	R	42	2255	3
14449f21-e312-43fd-9d68-66a7ca903632	X	84607	L	42	-30	63
7fdb9e2e-9fe7-452c-852f-c6bd0984e81e	X	91305	R	32	-2	3
7fdb9e2e-9fe7-452c-852f-c6bd0984e81e	X	84607	L	32	-30	91
e203df17-939e-4dad-8abe-e208054ba995	X	90340	R	60	2559	2
e203df17-939e-4dad-8abe-e208054ba995	X	84607	L	60	-28	95
e2a7bd7f-3d0a-4f98-9971-41adfb347f44	X	93698	R	31	2573	2
e2a7bd7f-3d0a-4f98-9971-41adfb347f44	X	84607	L	31	-32	109
d8e66c95-02de-456e-b175-8e0761917bd1	X	91307	R	51	1673	2
d8e66c95-02de-456e-b175-8e0761917bd1	X	84607	L	51	-30	114
b18da110-fafb-49e2-a14d-02814a3668b3	X	91306	R	60	1658	3
b18da110-fafb-49e2-a14d-02814a3668b3	X	84607	L	60	-28	37
529bfe3a-10a2-45ca-bc7b-2345697aecfd	X	84607	L	55	-31	42
9dbae13f-aee7-4e74-bde6-a2eeddf0880b	X	90340	R	47	2553	4
9dbae13f-aee7-4e74-bde6-a2eeddf0880b	X	84607	L	47	-30	96
c32861c9-393a-46a7-b38a-f32a5e182fad	X	91307	R	60	1648	2
c32861c9-393a-46a7-b38a-f32a5e182fad	X	84607	L	60	-32	95
b82866d6-277c-435f-a75a-9c53701ca5be	X	90340	R	49	2541	3
b82866d6-277c-435f-a75a-9c53701ca5be	X	84607	L	49	-30	94
bcb10ba8-b341-4f5d-95a9-cd2140f70bed	X	84607	L	60	-31	101
694b61ff-d770-4806-82fa-7b52422b4a7f	X	89016	R	24	4244	2
694b61ff-d770-4806-82fa-7b52422b4a7f	X	84607	L	24	-29	51
09c92c6c-34fe-4f16-8e3d-6ba85203c9a8	X	84607	L	47	-31	91
95d0f25c-21b4-4119-bd36-53af81d19e2b	X	91306	R	60	1196	4
95d0f25c-21b4-4119-bd36-53af81d19e2b	X	84607	L	60	-30	111
0e3bbf94-0c42-4ece-801e-ae487cf3e713	X	84607	L	28	-29	110
9faadeb3-f8a2-4249-9622-3a70db82b618	X	84607	L	11	-30	66
b5d3ae4a-f04e-4804-9331-8c42fe535577	X	84607	L	60	-30	75
8c77a273-56b5-476c-80ea-1c5d7856492e	X	90340	R	46	2585	3
8c77a273-56b5-476c-80ea-1c5d7856492e	X	84607	L	46	-30	102
0a52084f-d910-4516-9d1b-3a519c3ee74b	X	91305	R	22	1673	5
0a52084f-d910-4516-9d1b-3a519c3ee74b	X	84607	L	22	-3513	106
a1fc79bb-b5d2-4dd4-ac2c-8becc1e9abee	X	84607	L	7	-28	50
1007213d-36bb-4c6f-8330-3fe4d8c8fa81	X	84607	L	46	-30	87
3b362b0e-2e24-4b4f-a67f-41149f05d0bf	X	84607	L	60	-28	63
1b459127-805e-4dfe-bd40-1fd9fb7acfd2	X	91307	R	40	1672	2
1b459127-805e-4dfe-bd40-1fd9fb7acfd2	X	84607	L	40	-32	62
20aa331b-f88b-4277-ac7a-01160d056277	X	84607	L	28	-30	99
596ff62a-5982-4b09-8741-ee4cdb75ef36	X	90340	R	60	873	4
596ff62a-5982-4b09-8741-ee4cdb75ef36	X	84607	L	60	-32	65
d616be0a-b88b-4ff9-b8fa-4209396b3d18	X	84607	L	31	-30	74
92c0a120-ed9b-4a06-a2ea-3e56b4c3d850	X	84607	L	60	-29	76
a875e74b-ef99-43b4-bab1-647bb9245c46	X	90340	R	60	2511	4
a875e74b-ef99-43b4-bab1-647bb9245c46	X	84607	L	60	-30	88
6c675080-687d-4a66-8455-ea57938a7898	X	84607	L	47	-29	72
27f5a1db-2d3e-48e4-9536-b66aaedb08ea	X	89577	R	19	3252	2
27f5a1db-2d3e-48e4-9536-b66aaedb08ea	X	84607	L	19	-27	57
44e990e4-ae2b-4a90-aae0-a8822c887f9c	X	90340	R	60	2550	4
44e990e4-ae2b-4a90-aae0-a8822c887f9c	X	84607	L	60	-30	90
7814ebcd-ac5d-4ef4-9b23-02bb389b60f7	X	90340	R	60	2535	2
7814ebcd-ac5d-4ef4-9b23-02bb389b60f7	X	84607	L	60	-26	44
40fa2fd4-3ef8-4d13-90f8-f399f677ab0c	X	84607	L	7	-30	86
ce177255-6daa-4c5a-8861-7c6d716c3077	X	91307	R	26	1664	3
ce177255-6daa-4c5a-8861-7c6d716c3077	X	84607	L	26	-29	65
24ea582f-d000-4073-be72-4b003953a9c8	X	84607	L	13	-30	88
3587d85a-6543-409a-9539-b10b34dde5c8	X	84607	L	41	-31	59
82b0e423-6303-4dca-9bfa-80b70679a7da	X	91307	R	60	1665	5
82b0e423-6303-4dca-9bfa-80b70679a7da	X	84607	L	60	-3471	55
9ec9744c-2c6f-49db-bf2a-850d309fd89e	X	84607	L	54	-30	67
df088e41-d5ef-4517-9386-30dc8548d847	X	91304	R	60	1652	4
df088e41-d5ef-4517-9386-30dc8548d847	X	84607	L	60	-30	110
87a39b02-12b3-4646-ba07-60a8f2edf731	X	84607	L	60	-30	78
50d03ddf-50fc-48da-a444-bed8a4b2e810	X	84607	L	60	-3528	65
b7bb84b9-1b87-47d2-a775-e2cf0e4203d6	X	84607	L	60	-30	67
22e38738-2ba7-447d-84cb-7176d7ee2d49	X	84607	L	60	-29	53
e359f153-0411-4dd4-bb94-f1c281fa6280	X	84607	L	30	-29	51
a17db47a-e803-4470-a08f-234757f850be	X	84607	L	52	-30	60
73435c92-be91-4f63-b2bb-d0251d277bdc	X	84607	L	26	-29	45
68299155-de7e-41a2-a4b1-8705d553c8d6	X	84607	L	60	-3528	52
a369ba59-e4c9-472f-81cc-2dee45cea421	X	90340	R	60	2551	2
a369ba59-e4c9-472f-81cc-2dee45cea421	X	84607	L	60	-30	93
db061a80-0605-4f22-9fe6-4da451b0c80d	X	84607	L	56	-30	58
61b9725c-d948-4c34-a17b-8bd0431583eb	X	90340	R	38	2500	2
61b9725c-d948-4c34-a17b-8bd0431583eb	X	84607	L	38	-30	52
28f7fd2e-4559-476b-ae74-082e2a95dabe	X	91305	R	60	1661	2
28f7fd2e-4559-476b-ae74-082e2a95dabe	X	84607	L	60	-30	78
baa40998-d109-402e-aae9-2b17a45aa525	X	84607	L	26	-30	45
fe1cacda-7bc3-41bb-9f02-593ee1413321	X	89016	R	38	8779	3
fe1cacda-7bc3-41bb-9f02-593ee1413321	X	84607	L	38	-3505	51
ddd4f347-077d-4f75-bffa-41d132c4b43f	X	90340	R	56	2528	4
ddd4f347-077d-4f75-bffa-41d132c4b43f	X	84607	L	56	-30	78
77b75773-8346-48f1-8d0d-a7e0a3d5bdf8	X	84607	L	38	-28	56
bb08b9bb-6097-4d93-b969-3d422dfc7aa9	X	84607	L	39	-29	67
53f95594-2d0f-438a-a81d-4ab61f2090af	X	91307	R	60	1654	3
53f95594-2d0f-438a-a81d-4ab61f2090af	X	84607	L	60	-30	74
292ab3d0-38f9-4907-9609-dd404231d9cc	X	91307	R	45	2240	2
292ab3d0-38f9-4907-9609-dd404231d9cc	X	84607	L	45	-28	82
c2c0743d-6db5-410e-a3a7-720bb6ceeb89	X	91307	R	44	2236	2
c2c0743d-6db5-410e-a3a7-720bb6ceeb89	X	84607	L	44	-30	90
b85d46f1-3bde-4e36-a32b-7f498b3378cc	X	84607	L	47	-30	44
7b264a9a-4d2d-42b1-8462-56075ed28ff1	X	84607	L	14	-31	31
e0250721-b2b0-4837-9d9e-fbd28482f788	X	84607	L	43	-6263	61
71943f53-9e3d-4693-83e1-a98772b1eb48	X	90340	R	60	2534	3
71943f53-9e3d-4693-83e1-a98772b1eb48	X	84607	L	60	-30	58
def7de87-e5f9-4753-8977-48a74f3cdc60	X	84607	L	17	-31	56
bc4b7956-38b6-4a05-9d32-630581344370	X	91307	R	60	1666	4
bc4b7956-38b6-4a05-9d32-630581344370	X	84607	L	60	-29	69
ad13499e-922a-4df0-8993-be7e1ad5b5b2	X	90340	R	43	2516	4
ad13499e-922a-4df0-8993-be7e1ad5b5b2	X	84607	L	43	-3461	35
9ca6e023-02e7-47e8-94a2-92a8071bf55a	X	91305	R	60	1664	3
9ca6e023-02e7-47e8-94a2-92a8071bf55a	X	84607	L	60	-30	47
0461f830-4a80-4d9c-b189-61d0b6af7457	X	90340	R	43	2511	4
0461f830-4a80-4d9c-b189-61d0b6af7457	X	84607	L	43	-34	38
206ea526-f2ba-42c9-8938-87cb9b21146a	X	90340	R	20	2533	4
206ea526-f2ba-42c9-8938-87cb9b21146a	X	84609	L	20	-31	152
5c4f3435-4083-45a2-a097-d4968b1cd75f	X	90340	R	16	2541	2
5c4f3435-4083-45a2-a097-d4968b1cd75f	X	84611	L	16	-26	103
1484ad8b-a8d6-4048-bcac-aa7be8a4e014	X	84612	L	60	-31	135
e1c5fd62-b3d2-4318-a985-875db7e1b678	X	90340	R	54	1204	5
e1c5fd62-b3d2-4318-a985-875db7e1b678	X	84612	L	54	-33	104
b15514a4-a606-4912-8610-5996e0f997eb	X	84612	L	56	-35	151
ed5d23fd-3b3b-4948-9f52-fba2d1994c22	X	91307	R	36	1683	3
ed5d23fd-3b3b-4948-9f52-fba2d1994c22	X	84612	L	36	-36	85
ef3a8af5-4eb6-4598-b9a9-a33031ff7c84	X	91307	R	60	1664	2
ef3a8af5-4eb6-4598-b9a9-a33031ff7c84	X	84612	L	60	-30	121
3e80c8c9-4682-4657-a58b-9578a3b1706f	X	84612	L	57	-37	173
c3a1ad4f-b420-416e-95ab-796ee7f81086	X	84612	L	29	-3490	161
08eb53af-a9b7-45e3-adbb-1b69206c57c3	X	84612	L	60	-35	64
4323fb0b-2824-42d6-a942-e64f3d46c38c	X	84612	L	60	-34	125
235b2335-499f-4d7f-9d3a-133b936b8bc0	X	84612	L	52	-10401	62
10217392-d2b0-42bf-9f15-cea3d185872f	X	84612	L	1	-34	100
580e5528-b5dc-4691-91ad-0bcf905c46f1	X	84612	L	60	-36	133
c493e487-3c94-4247-bacd-c24a2fd2fa9a	X	90340	R	14	2555	2
c493e487-3c94-4247-bacd-c24a2fd2fa9a	X	84612	L	14	-35	80
4d7ba34b-2316-4423-8aa1-8ebd51450c84	X	90340	R	60	2558	2
4d7ba34b-2316-4423-8aa1-8ebd51450c84	X	84612	L	60	-34	114
8be72df9-78c7-4f52-91e1-a3fe87ee694a	X	90340	R	26	2515	2
8be72df9-78c7-4f52-91e1-a3fe87ee694a	X	84612	L	26	-36	62
d14dc7d1-7ab2-4300-a0e0-1b73ffa5d90f	X	91305	R	27	-2	4
d14dc7d1-7ab2-4300-a0e0-1b73ffa5d90f	X	84612	L	27	-36	86
8b1270ab-4af0-4d7f-9acd-4a082346e92f	X	91307	R	60	1654	2
8b1270ab-4af0-4d7f-9acd-4a082346e92f	X	84612	L	60	-34	45
a3074fe3-4f8f-4a5c-ba57-6e4755a04227	X	84612	L	7	-3338	78
dea76c78-2361-4be6-85ed-b7366c198e7f	X	90313	R	49	3150	2
dea76c78-2361-4be6-85ed-b7366c198e7f	X	84612	L	49	-34	72
2d816356-561c-457a-be33-68b59fd92fef	X	84612	L	49	-29	69
a5cc2350-2290-47ff-a7dc-fb5ecf8f7ce7	X	89011	R	1	2018	6
a5cc2350-2290-47ff-a7dc-fb5ecf8f7ce7	X	84612	L	1	-33	54
33774dc5-8bb3-42cc-bedc-993ee1da1098	X	84612	L	11	-42	50
a6b5386e-7c1c-4218-a893-a89892e008ef	X	84613	L	53	-38	150
50bde8cb-a545-42f0-97ad-a9ad5585587b	X	84613	L	10	-35	88
a02d7e52-8ce4-4b34-a55a-703bbddee50b	X	84613	L	35	-35	56
7f5b0b0d-ceed-4115-ac31-d026cc261e72	X	90340	R	45	2515	2
7f5b0b0d-ceed-4115-ac31-d026cc261e72	X	84613	L	45	-33	75
fd0c0e52-9532-44d2-b8ab-43197f6b0115	X	90340	R	60	2542	4
fd0c0e52-9532-44d2-b8ab-43197f6b0115	X	84614	L	60	2	50
9afd6d2f-39d0-48b8-bb39-504d966212cf	X	90340	R	50	2482	5
9afd6d2f-39d0-48b8-bb39-504d966212cf	X	84614	L	50	-34	63
8efabec4-eefc-4961-8de4-d945901d9540	X	84614	L	60	-40	55
88bd67c8-715c-4caa-9408-8a1a7e7cd216	X	84614	L	60	-38	64
7d8364a8-4a10-44dc-bcca-249a8e52cc5c	X	84614	L	5	-3514	39
5dd38c38-767e-482d-bda1-2a541b52f8e4	X	84614	L	60	-39	41
bcdbef49-badc-4ffc-ae80-1ad2ce57c69e	X	84616	L	54	-9822	83
d72de9b5-9b39-41d2-940a-033e07110648	X	84616	L	19	-9874	54
db734323-2878-4306-bf8e-be91326fefcb	X	90340	R	40	2498	2
db734323-2878-4306-bf8e-be91326fefcb	X	84617	L	40	-40	58
8439fe8c-fe20-48e7-8847-1d7030595f59	X	84621	L	57	-42	71
d469e51a-87ad-4889-aea8-964f356ee928	X	92363	R	52	610	2
d469e51a-87ad-4889-aea8-964f356ee928	X	84621	L	52	-3467	120
927e3750-1174-4e93-baab-58743120196b	X	84621	L	60	-10286	38
38edf84d-fd26-4a5d-ad89-c4bf021da7a5	X	84621	L	60	-1825	48
ea1f226b-a755-4ee1-b2e4-43df3bd2d687	X	90340	R	24	2528	2
ea1f226b-a755-4ee1-b2e4-43df3bd2d687	X	84622	L	24	-3553	115
3950ec56-b103-40f6-9b88-de80062f22f5	X	84623	L	26	-41	79
6f984a2f-9333-4011-81e8-27153da9a43c	X	89577	R	47	885	2
6f984a2f-9333-4011-81e8-27153da9a43c	X	84630	L	47	-56	206
bde00a84-3326-47a8-8503-5b18c370e7a4	X	84631	L	33	-3543	103
0cef0d38-b3bc-4cd5-8805-88deaad6bb34	X	84861	L	13	-3727	77
26ae46ee-d5bd-41a6-992d-0042cc80f6dc	X	84870	L	19	-3749	84
abc4f1b2-d19f-4a85-a530-f9ba0d9563c5	X	84900	L	33	-1706	45
5976d963-8f9d-4dbf-80c1-cc99e90c6d2a	X	84975	L	1	-397	66
8f372e45-3e46-4554-b748-a5102228d3da	X	85792	L	34	-1247	103
131fb5ca-ffd5-42f9-8716-7e09436b73d2	X	85849	L	17	-11027	21
251993a1-ee64-49c9-88fd-d9467c52b05b	X	85855	L	9	-1271	89
e06aa4ea-c0ae-41a1-8602-eab1eda8fdc7	X	89006	R	1	5351	2
e06aa4ea-c0ae-41a1-8602-eab1eda8fdc7	X	86710	L	1	-2172	31
0f249551-4c75-45e3-ab0f-d9596071eabc	X	86837	L	1	-11937	24
877f7c72-674a-43e9-9e87-e1ff9c72bd59	X	92109	L	12	-1934	65
f9b282eb-0771-40a0-9074-19258c0c9573	X	196332	R	0	1908	75
a867e3f2-cf8c-4458-83a7-3bf968ee0d8b	X	847309	R	1	16521	42
a867e3f2-cf8c-4458-83a7-3bf968ee0d8b	X	847227	L	1	-197	2
5c7f949e-379a-45f6-87b0-0cc5c8c8becf	X	847307	R	0	12868	116
8b396f43-54fa-4b38-ad97-0e6fc256cf99	X	1340855	R	0	3127	2
8b396f43-54fa-4b38-ad97-0e6fc256cf99	X	1340771	L	0	-12267	268
36cf42f3-3c72-411e-87f9-8d5e34718f12	X	1340852	R	1	3133	2
36cf42f3-3c72-411e-87f9-8d5e34718f12	X	1340771	L	1	-12850	73
1866d3e3-6d68-42b4-9cec-a8d9d8e90b59	X	1340855	R	1	4004	11
1866d3e3-6d68-42b4-9cec-a8d9d8e90b59	X	1340771	L	1	-12816	129
ad8d683c-75c4-4e3f-8f2c-cae681a60681	X	1340855	R	1	2135	2
ad8d683c-75c4-4e3f-8f2c-cae681a60681	X	1340771	L	1	-12697	109
324d4062-17e3-4336-9ec5-6a43a898b50f	X	1340855	R	1	3041	2
324d4062-17e3-4336-9ec5-6a43a898b50f	X	1340771	L	1	-16300	99
721cc682-24ef-4cb0-b3c2-f1ea2f70d586	X	1340771	L	0	-12712	44
7b20ce37-1a24-4463-88e4-8fda309f7472	X	1340773	L	0	-1523	209
eb626211-e7d4-4ab3-8bfe-510c9f7c3d23	X	1340773	L	0	-2752	139
3bda49c0-569f-4d3d-81af-2948980b4faf	X	1814115	L	1	-1166	92
192ebf0e-ede1-46bb-be3f-2b969d65d48b	X	2068613	L	1	-8082	42
8e9a47d7-3341-46c7-95fd-a896769c2a99	X	2068619	L	1	-12191	220
5df6a457-4d19-4fd9-a2e9-6a362677895b	X	2068619	L	0	-12328	221
2c82bf8b-4424-48a7-9bf7-1d003f7adfe7	X	2068619	L	1	-26269	148
b7e323b5-be6a-4556-8371-078ad22e73f1	X	2068703	R	0	3016	4
b7e323b5-be6a-4556-8371-078ad22e73f1	X	2068619	L	0	-25678	145
1a29772a-fac1-414c-a330-98782740299d	X	2068703	R	0	3114	3
1a29772a-fac1-414c-a330-98782740299d	X	2068619	L	0	-12815	161
ad99d95c-d1c6-4933-b5d2-5abd9b41ef62	X	2068703	R	1	3117	3
ad99d95c-d1c6-4933-b5d2-5abd9b41ef62	X	2068619	L	1	-12341	133
99da8959-f2ae-4b63-bb2e-dad90a1a73c5	X	2068619	L	1	-12743	113
0b989bd3-5a22-4d30-a0b3-4cfe0e6fbc0a	X	2068619	L	0	-12293	146
07155b25-b929-4c9f-9ece-c14f317c7384	X	2068619	L	1	-12849	142
881699c0-e5d4-4d0f-a33d-306f614aca56	X	2068619	L	1	-1494	129
996ac01a-e245-40dd-a878-afcab5ec32a7	X	2068703	R	1	3111	3
996ac01a-e245-40dd-a878-afcab5ec32a7	X	2068619	L	1	-16610	128
9f291199-165f-4d0b-ab38-6c4c8fe3a671	X	2068703	R	1	3126	2
9f291199-165f-4d0b-ab38-6c4c8fe3a671	X	2068619	L	1	-12761	109
7693d59b-3c4c-44ff-933e-1b3e7841b75d	X	2068703	R	0	3393	2
7693d59b-3c4c-44ff-933e-1b3e7841b75d	X	2068619	L	0	-12229	122
da6f504d-51e4-42ea-b465-3a6bba74b77a	X	2068703	R	1	3143	3
da6f504d-51e4-42ea-b465-3a6bba74b77a	X	2068619	L	1	-12827	108
676cd264-041e-47c3-8f6d-8793503b7bdc	X	2068703	R	1	3107	2
676cd264-041e-47c3-8f6d-8793503b7bdc	X	2068619	L	1	-12785	114
fdf68627-176c-4473-b018-ef022e6b08a0	X	2068619	L	0	-10067	50
07da0b75-ebb5-496c-9278-49e7cbbcfc28	X	2068703	R	0	3138	2
07da0b75-ebb5-496c-9278-49e7cbbcfc28	X	2068619	L	0	-12806	42
b702c0cf-5142-447f-8554-11e3b770d2f6	X	2068620	L	1	-12954	64
ae6d30b3-9af7-400f-9434-00711fc3f49e	X	2068703	R	0	3136	3
ae6d30b3-9af7-400f-9434-00711fc3f49e	X	2068621	L	0	-12848	148
b735acd4-e6a6-4499-8e31-ea12802140bc	X	2068703	R	1	3118	2
b735acd4-e6a6-4499-8e31-ea12802140bc	X	2068625	L	1	-12744	38
4dd5a0ee-2c2f-4e54-aa8d-f6dfb7922b4f	X	2322398	R	1	7885	4
c2b80c1e-c6e2-4e37-8823-c2da713f6a23	X	2602768	R	15	8777	53
c2b80c1e-c6e2-4e37-8823-c2da713f6a23	X	2599156	L	15	-5490	3
c147aab2-bafa-4425-b4ed-b87ca4a786e7	X	2760789	R	33	3416	146
c147aab2-bafa-4425-b4ed-b87ca4a786e7	X	2758457	L	33	-27690	2
60cf1093-9a4b-4fff-9b06-99d596c80488	X	2957450	R	53	2341	87
1bf402d1-f474-4b25-9602-8938a9acd81a	X	2957450	R	52	2320	66
141f80bf-704f-4b88-8c37-48776f2461ce	X	2957450	R	60	2329	48
18994d19-0d9c-4f95-a1f0-bd676c15f641	X	2957450	R	60	2337	159
051ecf80-d256-4a8e-adc3-a5fe7a09d71d	X	2957450	R	59	2324	99
051ecf80-d256-4a8e-adc3-a5fe7a09d71d	X	2949839	L	59	-411	2
e21ee284-b2b2-4d14-a9bd-ea2468dd05b6	X	2957450	R	53	2339	164
ab48f431-beb9-4087-aa93-2332ceb5f43f	X	2957450	R	60	2342	94
81691807-1406-46ef-b537-be667235fe60	X	2957450	R	60	2342	54
81691807-1406-46ef-b537-be667235fe60	X	2949915	L	60	-478	2
08bfd052-3752-46f1-9d29-4e041b7cdb86	X	2957450	R	60	2337	56
956c80de-9f82-43e7-8252-af7604995acd	X	2957450	R	60	2350	65
956c80de-9f82-43e7-8252-af7604995acd	X	2949915	L	60	-494	2
fc70f9cb-0610-42e7-8de3-023a6390c57d	X	2957450	R	33	2335	111
fc70f9cb-0610-42e7-8de3-023a6390c57d	X	2951181	L	33	-5576	4
91e28213-ac48-4c40-8fbd-56e17a830be3	X	2957450	R	19	2328	64
91e28213-ac48-4c40-8fbd-56e17a830be3	X	2951198	L	19	-621	2
0551feeb-b717-4c92-a875-216449a33ba6	X	2957450	R	50	2348	87
cd869638-6c05-48a1-9c59-e839e25002a0	X	2957440	R	16	2288	67
cd869638-6c05-48a1-9c59-e839e25002a0	X	2952005	L	16	-2552	3
582c8263-071b-4d63-b0dd-e17088d7a768	X	2957450	R	16	2325	138
ee5dd3fc-3016-44a9-8b40-0151217ed990	X	2957450	R	16	2313	108
ee5dd3fc-3016-44a9-8b40-0151217ed990	X	2955792	L	16	-93	2
8bfcc54a-3070-4af2-b613-16577a612444	X	2959445	R	6	132	137
b73e3c9c-3dbb-44e6-b1d1-699ca4b94695	X	2959445	R	27	142	72
66444a0c-39d6-4882-90f1-4b604cbd3430	X	2963341	R	1	10509	93
82766429-a729-4221-a22f-5d4fff3c954f	X	2964298	R	2	7449	35
22d57d79-2eb5-4c01-b00f-9d92434c4a23	X	2975177	R	60	3049	35
22d57d79-2eb5-4c01-b00f-9d92434c4a23	X	2968538	L	60	-5133	2
ab74a648-8587-49ca-bad1-5d508c5411b3	X	2975177	R	60	3032	57
ab74a648-8587-49ca-bad1-5d508c5411b3	X	2968538	L	60	-9816	2
ae374887-4935-41f3-8849-e754fa5e037e	X	2976014	R	60	1953	78
ae374887-4935-41f3-8849-e754fa5e037e	X	2968538	L	60	-5145	2
96579524-7acb-4879-9748-aa79abd936c8	X	2976017	R	60	1937	56
47dd47e0-83f5-446e-9bb9-543a4fc27f17	X	2975177	R	60	3065	52
47dd47e0-83f5-446e-9bb9-543a4fc27f17	X	2968538	L	60	-2773	3
1635ca14-4986-46ba-8450-1286b563f662	X	2974532	R	54	181	70
2ca0b16a-6c52-4e27-bcec-7cedcf46613d	X	2974532	R	50	179	76
653f6205-4741-4cb8-81e9-4e70ad1cad51	X	2975233	R	60	3016	210
4563db68-9e2b-4281-aec6-cb5ac1329abd	X	2976014	R	38	1949	193
6a44e9ac-10cf-4686-9d6a-9542bf0b6ef5	X	2975177	R	43	3023	139
156570d0-6e21-45dc-b150-9e5d775b8c07	X	2974081	R	10	752	135
156570d0-6e21-45dc-b150-9e5d775b8c07	X	2968538	L	10	-9849	4
6e651f24-67de-4b47-b1cc-55a90c95c1e6	X	2974339	R	52	457	135
6e651f24-67de-4b47-b1cc-55a90c95c1e6	X	2968538	L	52	-3766	2
1f68b81e-7bf2-4213-b763-d7ca63b12dce	X	2975177	R	60	3028	102
9af750f7-55da-4dd9-a5e5-c20fa320726e	X	2975177	R	60	3023	173
514eb415-e9bb-403e-83c4-af43cfbb4508	X	2974339	R	60	453	152
514eb415-e9bb-403e-83c4-af43cfbb4508	X	2968538	L	60	-9898	2
b451e426-2ba3-455a-9392-16fb6205fb05	X	2975177	R	60	3054	168
b451e426-2ba3-455a-9392-16fb6205fb05	X	2968538	L	60	-9975	2
4ebd1cf4-3b43-4a92-9547-80b251569c65	X	2975177	R	60	2038	95
49692673-099b-4600-8da5-80bdc0767509	X	2976014	R	47	1938	90
00e74545-1dd5-4eb9-94aa-123c3a039bcc	X	2971205	R	7	75	60
fe5676a8-f1fb-4b0c-bfbf-a0ccd9d93716	X	2976014	R	44	1947	85
fe5676a8-f1fb-4b0c-bfbf-a0ccd9d93716	X	2968538	L	44	-12008	79
9c09ce99-7974-4eca-bcb9-2169fd66e9d0	X	2974339	R	60	4076	29
9c09ce99-7974-4eca-bcb9-2169fd66e9d0	X	2968539	L	60	-9816	2
fc09d2d8-ee4f-4ba7-8010-c0072d5e7fce	X	2975172	R	40	3043	98
5fbcd942-b2a7-4eaa-b131-cf75964a11c6	X	2974339	R	33	440	53
5fbcd942-b2a7-4eaa-b131-cf75964a11c6	X	2969675	L	33	-4792	2
da0d21d6-3504-4458-b1f1-752a1bf30aac	X	2974339	R	25	3987	109
6bbca0b4-9ddb-4d77-95d5-83a2984f00bd	X	2976014	R	38	1927	54
6ee13772-1407-48cd-b81a-d92ed098bd56	X	2974081	R	41	758	101
4969c255-5415-4afa-9028-56a5fbeca042	X	2971205	R	24	75	50
337abe5e-746f-46d6-8ec9-e5e1a3b84dc6	X	2976014	R	60	1935	52
ad95279c-8d8d-4ac3-817f-200b088963ac	X	2974339	R	60	454	50
ad95279c-8d8d-4ac3-817f-200b088963ac	X	2970562	L	60	-11841	2
95fe6b5f-a53d-4b42-87ef-11a7d5c00849	X	2975177	R	44	3040	45
470252aa-e86f-4086-9055-bd71498523fa	X	2974532	R	45	183	77
013abf1a-51f2-4ab1-ae91-ab256b381c0c	X	2976024	R	60	14275	33
11d41b11-5fb5-46a1-bdcd-06106e1bb302	X	2975177	R	42	3057	54
4e9338d7-2a25-4fd8-9aaa-b37c01748398	X	2976014	R	39	1941	79
1d0ab41a-4dfc-44ed-ae4e-ba86b3495d98	X	2974532	R	53	180	65
2301dd35-eecf-4624-8d93-bc3873c4be18	X	2975177	R	55	3073	76
2301dd35-eecf-4624-8d93-bc3873c4be18	X	2970562	L	55	-873	4
ef49c50d-9329-4ab4-b61b-7a49254996a5	X	2976014	R	60	1938	41
7f7f0226-1ab4-47a9-a267-dd1e5f8efb25	X	2975177	R	60	3038	49
54421513-e6ce-432a-ad4c-e6e1a09e543b	X	2975177	R	60	3039	60
f18081ad-8e23-4876-a943-0e82b4c3b084	X	2975177	R	60	3050	72
8a00be5c-8041-4e0a-a946-8a336bdf0d4e	X	2975177	R	60	3043	52
09c4d1e0-703f-4431-8b8f-9e24530a863d	X	2974532	R	60	182	58
09c4d1e0-703f-4431-8b8f-9e24530a863d	X	2970562	L	60	-1431	3
8a1eee70-9f1b-4efb-b5ed-3d349a58721a	X	2974339	R	50	447	63
b13d0af2-0eee-4415-b14f-bb1c3ebcd1f2	X	2975037	R	60	3207	37
311d3d41-3bd3-466f-a3af-10b3431f3717	X	2974334	R	60	447	44
311d3d41-3bd3-466f-a3af-10b3431f3717	X	2970562	L	60	-484	2
21fcbb2e-d815-4091-8687-d506fbd2b604	X	2976023	R	60	1940	29
2fd70fe2-2ad9-4191-a3c8-08dfb15da719	X	2976014	R	58	1929	46
8a2c959b-10bd-415c-9427-b3a9171db4fc	X	2975177	R	54	3051	72
72318ee6-3475-4bfb-ad89-ca788970e9f8	X	2976011	R	60	1926	20
72318ee6-3475-4bfb-ad89-ca788970e9f8	X	2970562	L	60	-1411	2
f748cd06-2b4a-458f-a040-2034b060314b	X	2976014	R	60	1936	47
f748cd06-2b4a-458f-a040-2034b060314b	X	2970562	L	60	-11785	2
55d415ef-2ba7-4cfe-a46f-11dbb110ec89	X	2975175	R	60	16278	39
a8309cf2-a182-409d-92d2-407ccc4046bc	X	2974532	R	60	3787	21
13d91a76-f831-4393-9493-27fc04f9e2eb	X	2975999	R	60	1965	227
d6ff863f-8e1c-4fe9-89a5-aaa972479b29	X	2974532	R	31	182	231
73aebd14-8142-43a0-9122-582cbf6e975a	X	2974339	R	41	457	125
1bde1fd7-ad41-4550-8ebf-3d16db0e6f62	X	2976014	R	20	1944	151
241c94cd-3550-458a-87be-61167bb2561f	X	2976014	R	36	1933	185
5838273d-349d-46ef-9a42-e84feefe78ff	X	2976014	R	60	1947	167
00763519-22e0-4394-9697-3e935f39437f	X	2976013	R	60	1939	75
f9c99913-1c85-4804-a0d9-de45667a3b8d	X	2974532	R	48	177	95
66181cf5-3962-4534-bf81-92f26d6ece91	X	2975177	R	33	10952	163
fda3be12-08d9-4716-a00d-8d68661c1901	X	2975177	R	48	2974	57
a91f5515-9fac-45ac-a25d-47e6c46f576e	X	2975037	R	18	3136	79
edababd2-6c97-4edf-8f3e-1e29378fe84e	X	2974331	R	31	464	69
38c5498a-aeec-4455-8cbc-8f58a54fb09c	X	2974532	R	25	181	141
ba8a9883-64fd-4805-9485-856196e4444f	X	2975177	R	60	3046	122
cefe6bf8-fdb4-407d-8582-7d8943e13ed8	X	2975177	R	39	3034	151
8690c2f4-a8f6-404a-b211-63de2e3b81d5	X	2974532	R	39	3777	99
d09dea21-0545-44a5-a508-74bd8cc8653c	X	2976014	R	60	1959	178
0c9e03c5-5be0-41a6-9cc3-16dd67fcaa1d	X	2976014	R	37	1932	96
0c9e03c5-5be0-41a6-9cc3-16dd67fcaa1d	X	2970562	L	37	-12886	2
0181650c-4156-4f32-9946-0bf0190456d3	X	2973533	R	32	7854	54
0181650c-4156-4f32-9946-0bf0190456d3	X	2970562	L	32	-2794	2
084a292f-e6e8-4e87-b8ea-271518de3a69	X	2975177	R	60	3029	30
10d79e81-54ec-4a1e-aa30-ca2f76da34ac	X	2972936	R	47	1952	52
5cb070b7-63e1-4ae9-a082-e926eaf5d43e	X	2973533	R	29	1	114
5cb070b7-63e1-4ae9-a082-e926eaf5d43e	X	2970562	L	29	-7514	2
10803b74-bc29-47b4-8471-39d307b6fc4d	X	2975177	R	25	2990	119
10803b74-bc29-47b4-8471-39d307b6fc4d	X	2970562	L	25	-5661	2
3fc3408a-6268-4d50-ba86-55477af6bc61	X	2975177	R	16	3043	119
44586b90-b95e-42ad-b853-619756280e49	X	2976015	R	37	1953	131
43a6f7d4-326b-458f-a82c-33aacc6a6fe2	X	2973923	R	29	955	73
789a36d3-c4bd-477d-b05c-3ffbc005da6e	X	2975177	R	58	3067	79
2900087b-dc5a-41d4-9275-dccd7fdcaf66	X	2975177	R	33	3042	99
1bca20ff-ca27-4353-b1de-39766c145187	X	2976014	R	41	1963	110
1960a0cf-5015-4b60-96a2-f43064f6b54c	X	2974302	R	42	477	72
ca3dd218-1419-4bea-bf36-a337c03ea19c	X	2974081	R	32	742	113
5c0c315a-e97e-4511-846c-f7510abb0ef6	X	2975177	R	59	3024	111
9358fb6c-7214-4239-a8aa-e7ac448d793d	X	2976014	R	32	1942	76
2faf2f01-fff1-4300-9538-ceba661ffd8a	X	2976014	R	56	1941	129
e5b58adb-520d-430d-a340-616376cbf157	X	2975177	R	30	16189	61
c7d53060-57ab-477a-8d63-cff508d441fc	X	2973533	R	14	1	61
559c284d-41fd-4b96-8118-36671dcc16c4	X	2974532	R	43	893	48
559c284d-41fd-4b96-8118-36671dcc16c4	X	2970562	L	43	-3282	4
76143595-fe8d-4c29-be67-8088891ffbbd	X	2973923	R	34	959	60
5cd3b5a3-7168-49e6-8ffd-5b137643ee33	X	2976014	R	37	15343	91
c9a5e53d-35d9-491a-9988-726b9fda3b09	X	2975177	R	60	3048	126
a1339ee2-7b7f-4b48-85ba-91aaead5769f	X	2975177	R	45	3023	82
ab0abcb7-ece0-4125-9a6f-fa017ed824bf	X	2974339	R	28	455	97
6bda9371-2322-4137-9461-f42fa7619020	X	2975996	R	38	1948	88
c2ba64e4-873a-409f-8b0a-9f4f4d1f0369	X	2975177	R	42	2399	116
221e99de-6b90-460f-bde6-5230f6b775bf	X	2976014	R	60	1941	91
48d020f1-761b-4f01-adfb-e3ef41a370fd	X	2973923	R	41	961	107
883f0797-8a9e-4021-acc3-ce9286d065b3	X	2974339	R	37	453	66
809280e8-5e7a-4035-8258-b55de2982eb0	X	2975177	R	48	3052	79
5c4a87e1-0691-4f2b-925f-73712080a4b1	X	2974081	R	52	746	78
3be97384-3a06-47b8-8e29-dbc48db30662	X	2975177	R	25	3567	71
c5f270de-9fb9-4d94-b0b9-20f441cbe7a4	X	2974339	R	60	453	105
1d4f513a-d0c4-446d-b958-d4e6f68bbb16	X	2974339	R	24	4020	67
c8f6b98d-2528-406c-a2c1-f4a33b745f90	X	2975177	R	46	3016	71
2c6918e3-378b-4407-a08a-a70f07f5967b	X	2975177	R	27	16282	64
218e761a-49eb-4f01-88e7-2d174f8fabbc	X	2974339	R	43	455	43
c79d0425-c731-42b1-ae57-0b4e69bec7ee	X	2974286	R	31	509	59
6ec61759-d555-4279-9d8e-0586ef90bae4	X	2973533	R	30	1	43
6ec61759-d555-4279-9d8e-0586ef90bae4	X	2970562	L	30	-9814	10
2bd95542-0da2-4538-bfb3-d6c1a48bf9cc	X	2975174	R	41	3023	67
8c4f6f0e-e921-4fa8-a306-764ff59251c0	X	2975177	R	60	3041	45
50baa232-d4f8-4559-b234-af63c684ee8c	X	2974532	R	38	3745	52
fae76ec9-dc32-47e8-8236-daca18b01213	X	2975177	R	54	3041	68
9c48f260-4b6d-4d71-aade-38074e461adc	X	2974339	R	54	457	74
9c48f260-4b6d-4d71-aade-38074e461adc	X	2970564	L	54	-1416	2
5f7afd20-f0eb-4e7a-bcdb-b5443a120222	X	2973923	R	38	945	88
394839cb-471b-48c0-8d07-89a4e1901b89	X	2974532	R	60	181	39
78a1efc6-de0e-43c4-8555-5c4a882d84a2	X	2971190	R	3	3826	25
76f89978-66dc-4f70-b2c4-9cb8f82badfb	X	2975177	R	36	3029	104
9f531124-f0a2-4eb2-a647-f6e1d8d43fc2	X	2975177	R	28	16298	146
974dc747-668b-4e01-b774-4bcbae17f84a	X	2976014	R	11	15202	143
53e6b804-f477-404e-b3ea-8cf1b82d2f6e	X	2976023	R	60	1911	53
0623a42e-c18d-4adc-8353-97613436aac6	X	2975177	R	49	3053	29
27adb710-6b72-43b8-b2f7-8b042a12077c	X	2975177	R	60	3044	49
27adb710-6b72-43b8-b2f7-8b042a12077c	X	2970872	L	60	-12073	2
d4224570-8e06-4274-83dd-1def7cd07166	X	2974532	R	27	191	47
7282ad4b-31ca-4f15-bf59-ea19f8353078	X	2975172	R	60	9638	32
a843f81b-bc38-4798-8410-e933a8176453	X	2975171	R	60	3048	48
5cff412f-bfff-4177-ae9b-541e60b1614f	X	2975177	R	37	3025	62
652107cb-90b1-47c6-a3a8-670bd5991b24	X	2976014	R	55	7054	43
384ef5bb-92d6-4f2d-92fa-2cbb7edfee2d	X	2976014	R	58	15187	195
c6678fd7-3286-4fd1-8667-935f907d799d	X	2974339	R	16	447	214
afefe3a6-ae42-40ca-82da-8cff3826d290	X	2976014	R	60	1945	98
a2ead0f2-1c51-4909-a00b-642f3be3f9b3	X	2975177	R	33	16370	76
01686063-5288-4613-9245-647e557abb38	X	2976014	R	52	1943	96
4332ac1a-8239-4942-98bf-52b54ffc5c5b	X	2971281	R	12	0	122
0966627c-e072-46db-9def-7d98913e539b	X	2976014	R	19	1925	123
d4c5fab3-6594-4d27-8114-c2635c123b31	X	2975037	R	20	3146	110
844a7e1f-fc27-4552-98a8-02d9f773eba2	X	2975037	R	23	3176	80
f0097199-d173-4c28-8879-7c906095a45c	X	2976014	R	28	1942	93
7095afc9-5aa7-46fc-829d-c88bf5de1002	X	2975177	R	30	16241	170
94e4a636-f5d2-403b-bad3-fe5b6e326ea2	X	2974339	R	45	468	138
94e4a636-f5d2-403b-bad3-fe5b6e326ea2	X	2970872	L	45	-26614	4
538280c2-ca19-47ea-821b-be6cd60a2155	X	2975177	R	21	3036	102
758bcff2-5a96-4d94-b2a1-89339cdc6c9d	X	2973533	R	37	1	128
666fdf17-547c-4d57-a863-0c7462f247b0	X	2976014	R	53	1934	76
8b831dea-66f7-4d1d-ad62-e50c3c1d4bcd	X	2975177	R	60	3067	101
eb88ac9c-62bf-4f9c-95e8-58ec03f13d74	X	2973533	R	27	1	35
eb88ac9c-62bf-4f9c-95e8-58ec03f13d74	X	2970872	L	27	-43171	53
bdb280c7-8dfc-4b05-ae1b-871b3cc15ed3	X	2975177	R	37	3009	89
13855153-1f1e-47a3-8ba5-6f6886525655	X	2973533	R	20	1	133
df94eab7-25d3-4892-8bf9-279951ef7f9e	X	2976014	R	60	1945	137
bf69ed11-e52a-444a-8bd9-7000abd92a4d	X	2975177	R	25	3053	107
29880cff-cde5-4600-8c26-6a2e218fc5b7	X	2975177	R	60	3079	150
f71bd4ca-bede-44a8-98f3-4b18a248440c	X	2975177	R	57	3055	105
51dfd5fe-179a-47d0-9ded-ac2ff9c03c8f	X	2975177	R	41	3051	139
422c178a-ad6e-4d65-a4e8-3f973eb73b9c	X	2975177	R	60	3052	104
6044d1ad-3d31-43d5-9650-4275c66dfd98	X	2973500	R	48	1357	82
344d7d26-0274-451b-9437-36bfd956c0c6	X	2975177	R	21	4917	54
6b1f4409-ea05-46d4-8109-d41f15935911	X	2974302	R	28	508	102
1373f744-fd3d-4fc8-bb71-15604ba8acff	X	2976014	R	50	1968	98
eb133249-31f0-41e5-b64d-9bb3150f707d	X	2974339	R	28	452	77
2d9ff982-7c99-4747-9c91-14a02c50878f	X	2976014	R	38	1666	78
9724ad78-6e99-48cc-9ce4-28a26c6b6405	X	2976014	R	60	1939	90
1bf1bf5d-e16c-479d-aa35-b0f99d92ab0b	X	2973533	R	8	1	67
826a31a3-e21a-493a-bdbe-0df9e7154a8b	X	2975037	R	42	13741	83
0e58dbb6-6d5b-4beb-a703-509f0d2c9a54	X	2976009	R	52	1936	48
0e58dbb6-6d5b-4beb-a703-509f0d2c9a54	X	2970872	L	52	-5929	10
84ee53a5-a7ea-4bdd-adff-0ae21963d897	X	2974081	R	32	745	82
84ee53a5-a7ea-4bdd-adff-0ae21963d897	X	2970872	L	32	-10201	11
06defbdd-6e17-42df-b56f-ae8e7e900b3c	X	2975174	R	60	2877	88
06defbdd-6e17-42df-b56f-ae8e7e900b3c	X	2970872	L	60	-2247	59
672d91b9-4c48-4f06-b6b8-b982a5d295bc	X	2976014	R	33	1947	65
09e17d30-71ce-4b5e-9d94-f82ac8cc3f66	X	2972105	R	22	1390	44
53d2714d-17ac-48ee-851c-92555b694d7f	X	2975177	R	58	3016	113
3d1df18f-6a8c-4f7d-a2a9-0402506d5a28	X	2976052	R	35	1853	54
a1fba864-b254-461d-a055-0e02c30d8983	X	2974339	R	19	429	103
35d89bd4-da17-4bbb-b6b4-ff37a02de7e3	X	2975177	R	60	3028	123
2d8a25cb-5aaf-45ad-9119-36645e3dea6d	X	2971281	R	33	0	59
abbf3fdf-00d0-4927-8984-a791c5d7c1ce	X	2971204	R	9	86	84
9d0c6985-eb8b-47ff-888c-25bb07e790c3	X	2974300	R	24	487	43
8089a8af-8acf-4761-a71e-179deb62e1ff	X	2971205	R	19	2470	39
8089a8af-8acf-4761-a71e-179deb62e1ff	X	2970878	L	19	-1400	2
16b23f48-7ca3-4755-a26f-6a2a6ad80430	X	2975177	R	33	2217	96
1833a4ad-33b7-40c1-9123-034be23477b2	X	2975156	R	38	3079	99
3c03f2ef-9ed5-4761-9bba-7b19bd2697f3	X	2973533	R	24	1382	148
58564d5d-9885-4e90-a626-c372be0c7e76	X	2975172	R	27	3040	157
a92fa5be-28b5-44d6-8f5f-af0a94d21f0c	X	2975177	R	22	3909	69
08416971-2c0d-4a9c-bed8-74a34626e64a	X	2975177	R	35	3033	102
5e55d864-39e0-4425-b4fe-d406bbf9d016	X	2975177	R	34	3041	46
1b48e4d5-7648-498e-8443-4e0589636d3f	X	2975177	R	39	3016	53
51870b86-965e-4299-82a1-bcf32263415b	X	2976014	R	20	1934	46
45fe11ea-d440-4914-9864-2e57b027d6d7	X	2975035	R	12	3230	144
97b8a024-5e38-42be-b157-a6f59e48bfa2	X	2975177	R	27	3048	149
6a85395b-2299-45a6-a282-ade8d350ad16	X	2976014	R	25	1942	174
dc58b7b2-d2bb-4a86-90b0-7f0da85f6e57	X	2975037	R	14	16334	48
983e7097-4e70-48ee-8e2b-6a18a408bc70	X	2975177	R	50	3055	89
3caff4d9-19ba-417f-a0fa-43124f7bf96c	X	2972671	R	5	864	24
1ece4068-aedc-4a01-a2b5-18e3eee5a73d	X	2973923	R	24	935	25
1ece4068-aedc-4a01-a2b5-18e3eee5a73d	X	2971935	L	24	-2922	4
51b68d3c-bc0c-4f44-9006-17986fade35a	X	2974339	R	15	451	54
9061b72d-7678-45f5-943f-887af4c71962	X	2974339	R	15	456	152
30489a5e-f35d-4bc9-bd33-ff6d693f16d9	X	2975177	R	58	3034	105
75593cf8-9230-4292-8bf2-17662c07e1c0	X	2976014	R	21	1904	152
c53d4df2-48f6-4708-98e5-985f0c90970d	X	2974339	R	21	456	70
ec94ad88-61ec-4d66-87d2-c9c8a8418780	X	2973923	R	1	935	97
53e4264d-dfc6-4117-9d2a-c000ce2dcb8b	X	2975177	R	45	3045	28
5552323a-bd63-4da7-9a30-225bf70bf48f	X	2975177	R	35	3045	111
7f5a9d83-7cff-4691-afca-d543f95afb70	X	2975177	R	10	3064	50
f8343980-aa3d-44a5-8227-764eb60af05e	X	2974079	R	4	746	69
f82d4db9-9f65-4f75-80fa-48d3f2b939fd	X	2974339	R	9	448	50
52002ae4-61f1-4674-bfeb-cb04ee4b47f6	X	2975177	R	11	2994	38
23975991-4131-4146-85e8-63cdce418425	X	2973533	R	14	1345	27
0700810b-8236-4cd7-a714-1521e8b601bb	X	2975177	R	35	3050	70
4a2986ee-f43e-4aad-8107-190fbd6dfb57	X	2974532	R	6	18	161
8f52bf59-92e0-4d36-b88f-77c295f97bc5	X	2975177	R	20	3053	56
e58aba57-c358-4b64-8d0b-54dfbd5fbbec	X	2975177	R	12	3026	149
cbfd6bce-b71b-45ec-a9d9-9e659274d346	X	2974079	R	1	4363	41
8cb337d2-aba8-4f41-b2f3-db6b4a6df45c	X	2974081	R	10	746	151
78def2ce-114a-455f-9820-dc2f95694f0b	X	2975177	R	7	3069	80
a181d399-18c4-4590-b806-bcc665f5158a	X	2975233	R	17	3003	169
f93960b7-aab7-4d35-98e8-f5aec367a055	X	2976014	R	10	561	90
7e0af508-3cbd-4f71-82d6-0ba48e13c16e	X	2975177	R	13	3025	178
7e0af508-3cbd-4f71-82d6-0ba48e13c16e	X	2973140	L	13	-1763	17
9b6d31b4-ae9c-4dd0-b6a3-83d0cb10411a	X	2976014	R	5	1935	25
1f080d24-520f-429d-9c8b-1c209f245b11	X	2974532	R	5	3745	40
9b5c3260-73c4-4231-9769-a7c6b7ef0746	X	2975177	R	1	16271	107
88acf5c7-d75b-42b2-aee6-f026718ce95d	X	2975177	R	4	3055	53
3d15dc9f-08ac-4e70-97a0-33f6994ec546	X	2974532	R	1	177	46
409682e1-2a7e-446f-940b-038f83f68e6d	X	2974532	R	1	177	42
871d4dfb-e8ca-487f-86b9-054a6525d326	X	2975177	R	6	3032	98
c052dd56-fb5b-4058-9118-0f28541d3c42	X	2975182	R	7	3013	62
895a75c8-9ffb-45b6-998f-65bb2a2a42a6	X	2975177	R	1	2108	55
f8559d9b-5a55-48ed-b8db-8dabc5446052	X	2975177	R	2	3013	87
b10646c7-a712-4cb0-9a7b-9773dc2c5499	X	2975172	R	1	3017	62
186cf43e-687f-46e0-b185-d4d6449aee03	X	2975177	R	5	3052	138
f3ed3094-2878-4e57-aecd-ffbdd40cfa3e	X	2975177	R	7	16291	49
56a6983f-46a3-4b50-bbfd-a097ad9f78c8	X	2976011	R	2	752	66
7ed81f67-d889-483c-a751-bd9954e228d9	X	2975177	R	5	2971	64
4f05358d-947f-4482-b07a-af9320617797	X	2975177	R	1	2981	85
9b493a77-5b53-4a40-a27f-e6036603607c	X	2976014	R	1	1919	51
2f4c9ca4-dd8d-41f5-b307-aad04ea04c4e	X	2976039	R	1	1895	37
16fad99e-6caf-46e7-a858-2e571c629385	X	2976014	R	1	1939	61
4b2e8c2f-99c0-4349-bf25-2ca97cb88e6d	X	2976014	R	3	1952	48
a8308028-db7e-45b3-ac22-20da6ac4b988	X	2976014	R	14	1939	65
a56091da-13c3-4b30-91c7-949e09d176fd	X	2976014	R	2	1939	145
da3c3ca8-d814-4d2f-acf8-376b27c7b2f3	X	2976014	R	1	1947	114
bc21fc92-902a-4714-a753-f1981b52b1e4	X	2976014	R	1	1942	53
de058593-c12a-4c6d-b641-1b1d0097d5c3	X	2976014	R	6	1942	73
27f8aa4c-bf15-4562-8744-dd8484e10059	X	2976923	R	3	675	40
6d5af5a4-b416-4d0e-8a06-3f796fc32744	X	2976910	R	1	11350	51
07faeb72-e066-489b-96c0-cd09101ffbee	X	2976923	R	4	678	101
99b5971f-9ea4-4fc0-aadc-c8a8121c17d7	X	2976926	R	1	8701	110
e290e55e-1b2b-4ab2-8994-d21ea8a9f614	X	2976923	R	1	669	42
8aaf68bd-48f7-4c8e-89dd-30e4b7f3c846	X	2976923	R	1	670	129
6be39ca9-2910-4b1a-a22d-0f62e3b8f4c8	X	2976923	R	1	669	55
6be39ca9-2910-4b1a-a22d-0f62e3b8f4c8	X	2976447	L	1	-4192	17
5dea4f4e-7210-4fc6-a201-a1fa7daa4ef8	X	2976923	R	1	683	132
db5644de-4b26-49a2-b980-9907bac77a88	X	2976923	R	1	680	134
81ee4c0c-6dbe-4ae6-8c73-5c98bcf447fb	X	2976905	R	1	696	60
cd4e09a6-90a9-4d4c-99be-ce08298629d2	X	2976923	R	3	663	35
a4245312-25b6-4db8-bd04-e77749882b83	X	2977574	R	1	12840	136
002f1082-d917-45ff-96c4-4dc85a9584ba	X	2996125	L	18	-7113	182
13026ebb-60e6-4255-8d0b-6ef71d70ccd5	X	2996125	L	6	-7119	192
3c71752b-f13e-40b2-bb85-45f8ba9eb1e3	X	2996681	R	1	5371	8
3c71752b-f13e-40b2-bb85-45f8ba9eb1e3	X	2996125	L	1	-7037	156
88779019-5fb5-418a-ac8c-c834bf721d83	X	2996125	L	21	-2432	119
04c99ab9-ec7a-408c-a818-3cb43c0c9d33	X	2996125	L	7	-2455	86
a473d5e4-217e-4fda-8719-760a3d27f7cf	X	2996125	L	1	-1554	149
78010307-74d8-4377-8f65-427cf10e9105	X	2996125	L	17	-7089	164
15c2db69-ea48-4784-956c-845250b52fad	X	2996125	L	51	-7080	73
79592998-63e7-4252-ac44-45e6044bfde0	X	2996125	L	41	-5798	32
ee9aaaff-106b-4600-9a0d-6d73e9a2872e	X	2996125	L	60	-7107	82
af2d5b82-74fe-4aa2-9c25-9683a9f00d71	X	2996375	R	19	1873	11
af2d5b82-74fe-4aa2-9c25-9683a9f00d71	X	2996125	L	19	-7089	180
e2615722-b473-4b9c-9854-242346e67c3a	X	2996125	L	3	-2410	96
264868e2-d401-4949-aedd-8b79e8fd32dd	X	2996125	L	3	-7051	89
d2e23f14-aa9f-4d40-9000-28bd33cf8421	X	2996125	L	3	-7107	153
efd105d2-dda1-4343-a456-9e10131e3b19	X	2996125	L	11	-7072	152
46a6678f-4e76-4c3f-b574-c82842b06e32	X	2996125	L	2	-7171	155
f1d0f90d-2e48-408b-9925-922292f7412c	X	2996125	L	12	-2755	130
139fbba0-df06-4e29-9075-4bb61ba019a4	X	2996125	L	7	-7114	113
61f45264-ee71-4897-adc1-0af4d72301b4	X	2996125	L	10	-7098	128
308fac35-4fd3-49bd-bdc2-fff5936ad600	X	2997230	R	7	841	2
308fac35-4fd3-49bd-bdc2-fff5936ad600	X	2996125	L	7	-2435	95
4308cf86-726f-42d2-8870-7169f16dad22	X	3007116	R	60	4519	3
4308cf86-726f-42d2-8870-7169f16dad22	X	2996125	L	60	-7102	92
1acbfa72-149f-4df5-963d-1e3908bc75b7	X	2996125	L	10	-7130	107
35f36c76-18b6-45c8-9556-cec9c4686892	X	2996125	L	12	-1822	115
28795e80-6956-4010-bd0b-d43cba19563f	X	2996125	L	4	-7134	81
1db0cedb-c7b6-4786-ab52-dc3b7f02a9d4	X	2996125	L	6	-10449	65
ee3c9d19-45dc-426a-ad8a-53f50c88d1cc	X	2996125	L	13	-7085	41
f2e4cd1d-2987-4beb-912b-2c8c8d8aaaaa	X	2996342	R	15	1706	3
f2e4cd1d-2987-4beb-912b-2c8c8d8aaaaa	X	2996125	L	15	-6972	61
e8894900-cd7e-4abf-8f97-3387c73abbb6	X	2996125	L	60	-7082	55
037cdde1-0b68-4348-be95-f0cdd672fcc2	X	2996125	L	9	-7138	134
1d7183ac-b3d8-4a98-9d37-5b71e7399b95	X	2996125	L	17	-7125	56
a0fceea8-2d2b-4a54-83cf-5ed4e709a682	X	2996125	L	60	-7101	43
7eb85661-995a-4387-83bb-2d8c2efb4b58	X	2996125	L	6	-7117	35
fb8f6302-4d03-488e-a151-625e4ca2a372	X	2996125	L	6	-7103	30
b2966291-60e1-4e78-acb5-89356bb1052c	X	2996125	L	5	-7305	39
0d68ae7f-ed7c-4bed-aef2-60c90fba2171	X	2996125	L	2	-7065	74
7ce31f9a-0f86-42c3-b48c-ee4d2bcf14ef	X	2996125	L	3	-7118	58
68c1db11-8813-4ab1-8640-d2a348e31f5b	X	2996126	L	8	-7082	166
bd210415-6663-4bfa-b3fb-a7129f40cb3d	X	2996126	L	60	-7087	64
7921d29a-baa8-4454-adc9-ba526fb8bcd2	X	2996128	L	6	-7115	95
a4656094-8272-460e-a697-d3321c3870a2	X	2996128	L	5	-7071	46
1a0b0f59-8746-4388-aa47-8a3e547f72f5	X	2996129	L	1	-2447	40
2ddb071d-b289-4b02-a2f5-65a7f5e520bf	X	2996130	L	19	-5027	40
3073db54-2147-4656-bd7d-e4d9849b0747	X	2996131	L	7	-7158	156
bf4a63b5-0465-484a-b7c0-9d6f1fb8476a	X	2996146	L	8	-6994	93
945134b7-77b5-47cf-91a3-8bcb9daeabe9	X	2996348	R	7	1706	4
945134b7-77b5-47cf-91a3-8bcb9daeabe9	X	2996156	L	7	-6921	57
646f51e6-1a8b-4bb7-8033-ba68b11a16a3	X	2996161	L	23	-7143	137
c417f6f3-3cee-41f9-98a6-c47cc1f1d86a	X	2996161	L	2	-189	110
72c6e9c0-d612-4b3b-96b4-8942c268c870	X	2996174	L	7	-7024	106
090f5412-8d97-4d04-829e-71c515cebfd8	X	2996174	L	1	-2432	151
08ce35fa-fd38-4125-81bc-5de8bdd18437	X	2996174	L	5	-7100	129
938a8632-194f-4e4c-bf3c-44f49793381e	X	2996174	L	5	-2459	101
09830d17-a2e6-4035-90e8-1672f2ff2732	X	2996375	R	9	1718	2
09830d17-a2e6-4035-90e8-1672f2ff2732	X	2996174	L	9	-7045	78
cc89afa9-14a2-4508-bb76-399f3e965a2c	X	2996174	L	10	-6852	50
e732e568-f647-4c18-9506-f99c24f699d2	X	2996191	L	2	-2501	106
1fcfddd8-fbf7-40a9-b186-5c4bb88b96d2	X	2996646	L	60	-1797	31
05e4e79c-28c2-4fbd-971c-ec9daa7fce20	X	3000902	L	60	-11970	201
db7dc414-c6f6-435f-934b-77a6506f3f3a	X	3000902	L	60	-11880	182
5a4fbc0f-1160-40c3-9acb-7ca7ec0b18d6	X	3000902	L	60	-11854	82
71f05740-4a1d-4ec7-8b80-8c9df31eac63	X	3000984	L	60	-11972	66
ca5a87b3-d5d5-45b4-94d1-7d01b27897a2	X	3001053	L	33	-12092	182
8d33bf7b-098d-4a57-9529-35499b523d72	X	3001053	L	57	-12060	80
0afc4f37-b1cf-4133-b1ca-b903d2936aad	X	3001055	L	60	-12042	24
7bb9e596-d8fb-4296-99ee-c9b8239cbb62	X	3002652	L	60	-9088	124
28f9cc4a-30eb-4e0e-8ab9-cdfe64585dfa	X	3002653	L	60	-9090	105
2f4c1a03-69c9-4dc4-a562-c5750c2df276	X	3002653	L	60	-13708	116
9511ad0b-e54d-45af-86c0-ea6f1cffdb0e	X	3002653	L	60	-9070	77
5773c0d5-7a9b-4a2f-a12f-dde8fa26338a	X	3002653	L	60	-13753	169
857efca6-eafa-49d2-a198-efd34444f0bf	X	3002653	L	47	-8693	96
bcfc37c8-2b67-482f-8361-2b4f2cc22feb	X	3002653	L	60	-13731	151
4ccd6384-09c9-48f1-94f0-e762d9adbd4d	X	3002653	L	47	-13736	110
88195100-d91c-4e3f-b685-03445069a872	X	3002653	L	47	-13703	93
a871b7c9-6f09-4802-86ef-dabb7626be83	X	3002653	L	55	-585	115
57cb8a29-2e87-4afc-a729-140249fbfde3	X	3002653	L	60	-13667	77
fd1ceb4a-49b9-4441-9329-bb0bf1e99ecb	X	3002653	L	60	-13723	60
1324740d-f8d7-4e48-bb30-5ebda5373be1	X	3002653	L	60	-13715	68
a6e169c3-5d6b-4fff-8574-8f56492f4f27	X	3002653	L	60	-13708	43
2d7770a3-9e88-44e0-84ae-152a3a0ca730	X	3002653	L	60	-5888	78
f4dca4f4-f0a3-495c-b236-18ef6b343276	X	3002653	L	60	-13716	82
ac3dd0f8-417c-4700-bd87-031a5c38abc3	X	3002653	L	60	-13748	41
afd8322f-80ed-46d5-a49b-c262898d35c1	X	3002684	L	60	-8216	155
99cf01f3-32c5-4cbc-aca7-7a188b13f434	X	3002688	L	60	-13793	129
480f371a-56d6-42cb-ad61-dc1a3b03021b	X	3002688	L	52	-13823	71
60dbbc8f-bb40-4e05-873d-9ef13dc8441f	X	3002691	L	60	-412	89
cb5739c9-c6df-452c-92fe-d55ea12ed86f	X	3002691	L	38	-9024	118
b4d42bb4-a8e2-41cb-904b-5a6e5e5d071a	X	3002691	L	54	-13775	153
ac8ac148-bea7-4a38-a9de-8dfc32052d48	X	3006051	R	57	4255	2
ac8ac148-bea7-4a38-a9de-8dfc32052d48	X	3002691	L	57	-13710	35
db280ceb-1e43-40ea-b213-3937db007b5c	X	3002691	L	60	-13798	46
387a2c23-940c-41bc-997f-f628a98c74d9	X	3002691	L	60	-6834	104
161f3fc6-d1f0-4292-a88c-0282a8697879	X	3002691	L	60	-13786	112
c5fee5e3-68c2-4f41-b9b0-f0a9e937df76	X	3002691	L	60	-13764	91
26386349-50be-4654-8ae8-6b7f743bbe7b	X	3002691	L	60	-13731	44
a2583132-6fbd-4874-9fbe-5906da3fda0f	X	3002691	L	36	-13765	41
cf7d2e08-a297-45a4-b604-cd8bd18b3363	X	3006051	R	50	1985	2
cf7d2e08-a297-45a4-b604-cd8bd18b3363	X	3002691	L	50	-13719	85
89df9892-b94a-4317-b07c-02f734300e1f	X	3002691	L	60	-13731	42
07d85061-5d7f-48ab-be33-32d90db13333	X	3002691	L	60	-12612	61
f008e4b7-b120-4511-a430-abae349aacf7	X	3002691	L	60	-13764	64
34b7f9dc-24ee-475c-bc7c-3ee730870700	X	3002691	L	60	-13196	16
268c4fd6-1677-427e-b953-a1dfca49959d	X	3002700	L	58	-6806	53
f095bd05-60d9-44a1-a8b7-e051ebc03caa	X	3002704	L	60	-13687	29
7eb45329-f55b-4c79-ab58-7f863bd6e043	X	3002749	L	44	-13821	59
3fff11de-fb0b-4530-a6b2-f5e10560abda	X	3002998	L	46	-559	28
03e7b8ad-e3f8-4c4a-a4f9-c56a3303ab28	X	3003003	L	60	-14092	52
feeddb9b-0af1-4e4e-bc76-48553cc27453	X	3003006	L	60	-13785	48
0476c02c-c7d9-47d4-9e6a-47203b17c63f	X	3003007	L	56	-7064	129
3767d0f9-b7f5-49ec-adfb-12b2691cf616	X	3003007	L	57	-9368	210
eb619e3c-18d1-4376-a1c0-38449a722eb1	X	3003007	L	60	-8990	130
4f220e7b-8aca-4599-90ac-9e10bd6036ad	X	3003007	L	60	-14033	213
5ed01d49-d0da-4bf1-a15c-e0ddce93cff0	X	3003007	L	60	-9370	205
a9c338d2-8d2a-4782-beaf-b1f86def2dd3	X	3003007	L	56	-14040	202
fdfe9ed6-18b5-4b2f-8f8e-761f594d1619	X	3007116	R	47	3929	11
fdfe9ed6-18b5-4b2f-8f8e-761f594d1619	X	3003007	L	47	-14032	224
5cc8be05-88d0-4b73-9d43-78f22a1a1724	X	3007116	R	60	8671	2
5cc8be05-88d0-4b73-9d43-78f22a1a1724	X	3003007	L	60	-496	137
92ae3c8c-6b04-4cf4-a586-878c98176aba	X	3003007	L	60	-14076	183
273a4ae2-3d02-4903-b232-447f09db49e9	X	3003007	L	60	-13808	188
802bac48-1573-4c89-8b93-8b860c18907c	X	3003007	L	46	-13912	131
84e84629-5feb-41a4-8072-90ceffbf74d7	X	3003007	L	60	-9286	148
dccfe83e-c8ad-47e8-a315-7c6dc3718a99	X	3003007	L	60	-9250	68
9f6d0cbc-8e3a-4340-a832-a16b1ddd3aef	X	3003007	L	45	-9368	159
5db369ba-da86-4099-b593-14e8bb4995ca	X	3003007	L	48	-9342	172
dcbc1f09-6fb7-4cd5-8cd9-ac9cf52106aa	X	3003007	L	60	-14072	125
649b050b-8a18-4f95-9a30-0d30cfa9fdd6	X	3003007	L	60	-13989	143
b944ca89-4ea3-44f6-8e26-9abfe883d823	X	3003007	L	39	-9293	97
d2fcbce4-8fa0-487d-a010-d1976097e27f	X	3003007	L	60	-14061	163
969fe794-5306-43aa-9ef3-f5ceff1c6c83	X	3003007	L	49	-13954	69
b282c9b9-71c2-487b-9a8e-69bca9001d16	X	3003007	L	23	-4597	91
b9850b8f-5eca-40c2-9f29-5d4d1bdaee8b	X	3003007	L	60	-14038	155
eeb61562-ce5a-4c70-a965-ae6594702211	X	3003007	L	52	-14051	161
35e63e16-d043-45cd-8ead-f187be9b6664	X	3003007	L	60	-13978	70
a20a5663-92d5-4ac6-a61f-2f1aff1ced32	X	3003007	L	26	-1386	128
736e0d0b-b8a3-4282-b238-e5aa03b2b040	X	3003007	L	54	-14047	126
5d58b396-b1ed-4a87-ab28-164ecbe59385	X	3003007	L	35	-14032	101
749ba7d2-0a05-4236-9c9b-b660f6a468a0	X	3006006	R	41	6203	9
749ba7d2-0a05-4236-9c9b-b660f6a468a0	X	3003007	L	41	-13907	75
05b2c181-8ed8-4739-9d80-b0fb4406b662	X	3003007	L	60	-9318	75
2a834806-b2cb-4c50-b956-d0fae5369c7e	X	3003007	L	60	-494	176
a219683a-30a9-4c18-837a-42085b02b2af	X	3003007	L	55	-14020	164
f3442671-b3d0-469d-bbe4-26b94eaa6428	X	3003007	L	60	-14014	117
2f4dd91d-8b83-47e7-815a-3f95c092ad53	X	3003007	L	29	-14040	157
ef32f191-789b-44cd-827d-b2ffb7d2956f	X	3003007	L	60	-14030	101
c8748724-6ca5-4cde-a27a-057871a83b52	X	3003007	L	60	-1400	100
88508509-3037-4d03-9440-179fd7e95297	X	3003007	L	29	-9228	121
2449e3a8-17eb-45c5-8645-90ee6ac59899	X	3003007	L	27	-8877	124
50b5a787-e6f9-47f7-88c3-72a04000f26a	X	3003007	L	60	-14031	167
9554e339-9a56-4c94-9427-5ed24a76f12f	X	3003007	L	50	-13976	145
3f59e275-5dd1-4653-a035-c09c3d89b552	X	3003007	L	60	-9335	137
301dd202-66fa-40eb-beda-4178027d5278	X	3003007	L	48	-2724	155
4a072055-9b5b-4514-add2-a95478e6fa0e	X	3003007	L	60	-14015	106
291d58ed-efc7-4040-9246-bf5d460685ca	X	3003007	L	52	-9280	81
58d94ee4-dcc6-4264-bdc9-6ed87d27169b	X	3003007	L	60	-3776	44
9c952afb-6b80-47c3-ba89-e0dd62ba7dbb	X	3003007	L	10	-12122	84
2be23f99-aec3-4e49-a16c-4bdccdba17ec	X	3003007	L	60	-14044	134
a911c668-032f-42d2-b9fb-c2d07227f51e	X	3003007	L	44	-13825	106
0eaafeee-710e-41d4-aead-5cb58fa95a95	X	3003007	L	47	-13932	143
c46f011e-d4f2-4f9e-8d68-7e75fe73f288	X	3003007	L	60	-9132	131
7407d598-c7e3-43d0-b595-fe57317d859c	X	3003007	L	48	-9342	101
537d3374-2880-416c-9fb6-3619e308519f	X	3006051	R	43	14257	2
537d3374-2880-416c-9fb6-3619e308519f	X	3003007	L	43	-9164	100
3998afa7-af74-493a-a139-5b5698f580f5	X	3003007	L	60	-9359	84
760cce0c-b7b9-44d2-8f78-2e1ccf7854cc	X	3003007	L	49	-9377	124
79fcdb34-d26a-48ac-ac53-884db33745e3	X	3003007	L	60	-13977	138
b6f105d6-b403-42e0-96ba-7060d7b07ca5	X	3003007	L	60	-9392	151
f67890e3-95a2-4ed7-922b-debaa26c41ac	X	3003007	L	15	-3796	81
cb2c5800-8430-405c-a7d9-0c6e81eb92f0	X	3003007	L	60	-14027	143
bf6e638b-ab06-401c-8bb0-6b71fc9501c9	X	3003007	L	60	-14027	162
3c25ce70-9f3e-47a5-90fa-5dfe8f3216a1	X	3003007	L	60	-8950	137
698058ba-5108-40f3-adbf-59efad6aed89	X	3003007	L	60	-14021	144
2a227a3b-0b28-48bb-b89b-256963a7e514	X	3003007	L	60	-13999	114
25f57473-f627-4d72-9ff0-b325629a6fd0	X	3003007	L	60	-9313	134
cccc4f78-a407-4b03-afd9-283abaeb9238	X	3003007	L	60	-14029	92
e0b4425f-dcfa-49ee-a242-7542b3e25dea	X	3003007	L	51	-13979	97
b8bff803-3680-44eb-9ac9-22381a064b80	X	3006315	R	60	2309	3
b8bff803-3680-44eb-9ac9-22381a064b80	X	3003007	L	60	-14061	120
8b054410-bf4b-4eb3-9e15-7d6a68db3a74	X	3003007	L	48	-13970	90
b8174d92-f071-4165-812b-7c1a40de5497	X	3003007	L	60	-9363	140
80953c28-d542-4726-a453-848a628eb245	X	3003007	L	60	-14032	45
230dba35-5f71-4689-91f6-dbb46cd1daf3	X	3003007	L	40	-9294	61
f95e74fe-c728-40eb-8504-b04d57c87bec	X	3003007	L	38	-1385	92
dc6e97f6-b604-46ee-9713-16f7d3af5ddb	X	3003007	L	25	-9295	72
aa0990b4-fc49-4486-a948-3fa54e7a652d	X	3003007	L	60	-9383	93
1d37cca2-b438-4287-85b4-6e8470b6f652	X	3003007	L	49	-9352	83
e42aa0b1-430f-441f-8fdf-649218728de3	X	3003007	L	53	-5907	87
03a46138-2f10-463f-a749-2261318c6f02	X	3003007	L	60	-14072	83
f16e1520-6e18-4bd2-8f1b-5189c6eb5efc	X	3003007	L	60	-14016	100
614936a9-7518-411e-88bc-6ab5bbff2a90	X	3003007	L	60	-13978	104
7c2d1cac-68d9-4e9b-bc15-502f238fd18a	X	3003007	L	60	-14008	98
33c80925-b326-4dad-95c6-7c0d2df4a8f4	X	3003007	L	50	-14019	83
ea7dfc6a-a005-4a77-a8c0-b721d7ff51a3	X	3003007	L	60	-12992	80
5bd65b32-9199-45b9-8914-e2dfeec68f2c	X	3006022	R	40	5598	2
5bd65b32-9199-45b9-8914-e2dfeec68f2c	X	3003007	L	40	-13833	59
6fa6a0c7-d1e5-47c3-853e-07bea67b7fab	X	3003007	L	60	-14046	35
d8a3aafb-006a-442a-9949-3e0c0113b0fa	X	3003007	L	32	-6757	41
f489144e-71ab-4fbd-99c4-5b3049113ba7	X	3007116	R	60	14899	87
f489144e-71ab-4fbd-99c4-5b3049113ba7	X	3003007	L	60	-14026	93
399a85e1-7054-42e1-a0c5-d32147c492f9	X	3003007	L	54	-9054	47
c4d1265c-b44a-489e-835b-599ee9ab698c	X	3003007	L	60	-14057	78
4cebc31b-baca-444e-ac2a-1e4ecfee0b64	X	3003007	L	25	-488	49
fff64f4e-8cbe-4747-a81c-2536cad06129	X	3003007	L	60	-13966	48
e8deb637-bb43-4716-8d5c-583b61efd56d	X	3003007	L	60	-10378	30
801c238b-9a0f-42ac-975c-cbff444d1197	X	3003007	L	20	-13964	35
ffb9bace-584e-4006-830d-86f0b301b3ab	X	3003007	L	60	-14041	58
cf7b717c-a681-439b-932e-6b8c9da8ba68	X	3003007	L	60	-14049	115
0cc5c180-8540-4d89-9efd-a2e58fa9f6f0	X	3003007	L	60	-9706	92
a3da8268-0e89-4659-836e-0521acf69ff2	X	3003007	L	60	-14076	77
679fcee1-5957-4415-bd49-6ddcd0998fa9	X	3003007	L	60	-14072	71
f0dfac08-a3a7-467c-a19c-cec7e334a5e2	X	3003007	L	60	-14052	31
f1fe2ef4-d543-464c-8c97-904840556540	X	3003007	L	53	-6020	83
e5a6b7f7-0870-42e7-b178-95452eb887ae	X	3003007	L	60	-14072	59
06332b7b-a675-474e-be13-e47519d6a336	X	3003007	L	55	-13930	67
c571bd9e-42e7-43bb-8c3e-c804bc79899d	X	3003007	L	60	-13913	51
873edabf-69f3-4795-8f4a-54687db81f17	X	3003007	L	60	-14058	71
a74b68bf-28c5-4aeb-a905-67a5e779a001	X	3003007	L	57	-14034	43
f5b488e9-7b54-47c9-b59b-24763328a221	X	3003007	L	56	-13992	54
84762249-c038-4973-837a-48b088b309e9	X	3003007	L	60	-14033	55
53231288-0b21-4dd3-a5c3-56cc1181aa8b	X	3003007	L	60	-2202	44
a499593a-b264-475c-9bf1-acfd55426e80	X	3003007	L	60	-14054	55
2a1b8659-8c2d-4886-8846-bfcde66682e6	X	3003007	L	60	-9482	43
2ab72db3-0063-4a21-bc13-a26a46168d02	X	3003007	L	60	-11822	51
85b4959b-e951-4c6a-844f-72a6ae1dccea	X	3003007	L	60	-14074	46
c6ca16fb-efad-4110-9764-dfade1f069fb	X	3003007	L	60	-1396	38
b2867434-41a0-4c63-bf02-6d29a9643155	X	3003007	L	60	-13934	63
1717c304-3780-4b53-bd57-98e35a6a3039	X	3003007	L	60	-11505	53
2ef8f258-48f3-4aca-bb70-f34099216d4a	X	3003007	L	60	-14001	48
1c13cda5-2325-4cda-ae2e-cb283a492972	X	3003007	L	54	-14037	71
b908cf7c-b749-4b66-96cc-b1e7463a51f4	X	3003007	L	52	-14023	36
32875b2a-604b-4601-b026-03b1202ecd1f	X	3003007	L	60	-14055	60
ead3b1ec-5fc0-46a0-9d90-5d90d66d5af7	X	3003007	L	60	-13829	22
8080a1d5-85f3-4fdd-ab02-31d1a46311dc	X	3007084	R	60	7359	2
8080a1d5-85f3-4fdd-ab02-31d1a46311dc	X	3003007	L	60	-13873	52
31d3acc4-9697-4e3b-b3e2-53d9e2d1919f	X	3003007	L	60	-14003	66
de3296f5-b521-49c1-be80-a42792f793fb	X	3006051	R	52	11565	2
de3296f5-b521-49c1-be80-a42792f793fb	X	3003007	L	52	-13987	36
94fcbe01-7ad6-4960-9754-1ca017e1e773	X	3003007	L	50	-501	49
bd7a0b76-5cf8-41fd-941a-6a627c4b2073	X	3003007	L	60	-13973	60
0e447c2a-e018-421b-84a0-f70758ca76f0	X	3003007	L	55	-14052	59
69c99283-df82-4790-a9c2-8b19229294b5	X	3003007	L	60	-14052	41
1e8c9e22-0b66-4187-af06-b4413c5c9855	X	3003007	L	60	-13924	30
7064308c-3e19-410c-9913-481ab6b62446	X	3003007	L	60	-2745	37
8e0285b0-7d8b-48d6-90ac-270041439361	X	3003007	L	60	-13696	25
5f92e4b4-4dec-4416-b3c4-60ce3cd92eab	X	3006054	R	60	56	2
5f92e4b4-4dec-4416-b3c4-60ce3cd92eab	X	3003007	L	60	-12841	29
3f7f06b0-f32a-4170-9562-e2a7818ee4c6	X	3003008	L	30	-14004	59
acaeeeb2-ba66-4087-a132-327b21346cd0	X	3003008	L	60	-14017	41
bdb7ec31-3b91-4732-b220-dd96f28e13c8	X	3003008	L	59	-14012	86
968e6ee2-f1a1-4b57-abac-ace106e1523d	X	3003010	L	53	-12	64
ea71e16f-951a-47b0-8d00-6ed1f4582fb2	X	3003010	L	60	-12765	176
59d79e21-9ee0-49fb-846a-dddbb3809b33	X	3003010	L	60	-14020	110
8e5cdcf6-73d0-4fa3-95be-7c2994db95db	X	3003010	L	38	-9347	130
2c6c0ee6-b0d8-4d15-9484-6f5749780b7f	X	3003010	L	60	-13975	37
f95dbeb2-32fd-4ff8-b0fa-1a793aae53d2	X	3006051	R	60	13599	2
f95dbeb2-32fd-4ff8-b0fa-1a793aae53d2	X	3003010	L	60	-14161	62
9588150f-a23d-48b5-a200-7cc099a604e1	X	3003010	L	55	-9371	93
ce5cae55-e945-4009-af3a-01525f95687e	X	3003011	L	55	-14006	71
9b5eec2d-ec2c-4a36-8d98-aec6fff3e9fd	X	3003011	L	20	-12348	89
29bcacd4-c130-4e5a-866d-2cd291562f6c	X	3003011	L	42	-9295	71
c8257907-8ae7-4514-870d-f69094a71b1e	X	3003011	L	60	-14025	51
60d7a16d-9847-4df7-adf0-898ffd26224a	X	3003011	L	60	-13978	45
94bf6af3-9bb0-4639-876c-39e11c459743	X	3003011	L	60	-13966	41
4147c99e-126c-402e-a722-2902e24c6a59	X	3003012	L	50	-13933	73
3af6b348-ebec-4e3d-911e-eabc67c38a0b	X	3003012	L	60	-11531	25
077e3aa9-25f2-45b9-95e0-182273cd10b3	X	3003012	L	60	-14011	50
9c7c8883-c585-449d-af8c-1bb54f72bade	X	3006051	R	23	25964	6
9c7c8883-c585-449d-af8c-1bb54f72bade	X	3003013	L	23	-14008	161
42ad1db4-033a-4b3e-8c6b-f9aa6066f5f9	X	3003013	L	57	-9291	39
b7f83f1b-0658-4d37-ae55-8b08e305cbf4	X	3003013	L	60	-14064	147
cda10edd-1c23-45e5-b390-f80d1bb5e9af	X	3003013	L	60	-876	132
24f0f640-4024-45f9-928a-96b08df3217a	X	3003013	L	22	-3721	60
6ffde6c7-c500-4e72-bd4c-be4de293d6d6	X	3003848	R	60	9303	8
6ffde6c7-c500-4e72-bd4c-be4de293d6d6	X	3003013	L	60	-14069	104
a9bcbf42-4ffb-4f91-9bcc-9d1963b1962a	X	3003028	L	23	-9246	92
eea32a42-cbf2-4928-9908-6c6072543806	X	3003028	L	33	-9252	125
6167aee6-b961-4842-8d45-574739412783	X	3003028	L	21	-25	110
f70152cc-c9b4-42f0-aa8a-235d26ed5c0c	X	3003028	L	60	-14052	66
3e94acc1-92af-43fc-a1d0-77d239daee63	X	3006019	R	24	4298	2
3e94acc1-92af-43fc-a1d0-77d239daee63	X	3003028	L	24	-13867	57
11b09263-b577-4d2e-bf9c-7ed81447f493	X	3003028	L	60	-14058	81
c035d680-f739-41c3-838c-836e27f30322	X	3003028	L	60	-14020	58
c1b6698b-94e4-4f82-bdaa-2ae4db132d29	X	3003029	L	60	-12578	61
11fb3418-9032-4870-a401-79417533ab5f	X	3003033	L	19	-12698	137
edeed1d4-c3ff-4b0b-b31a-f293eb03edf9	X	3003243	L	16	-9656	45
2466e466-d8db-45fc-a397-51b8035e4459	X	3003243	L	46	-14097	46
46451935-ba74-4042-86e7-725349ca356e	X	3003247	L	60	-1818	84
8d6b89fe-6bc8-48fc-ac70-06587c0c62aa	X	3003248	L	6	-3980	112
79c6e9ab-0268-46b1-ab35-51d47c4b9594	X	3003848	R	2	16562	2
79c6e9ab-0268-46b1-ab35-51d47c4b9594	X	3003248	L	2	-6059	60
2f2c0b85-3312-44a0-a9b6-7fb372f96273	X	3003248	L	25	-12115	65
9bd61ff8-6659-47ee-a14d-f4eec6030e5c	X	3006051	R	11	7592	3
9bd61ff8-6659-47ee-a14d-f4eec6030e5c	X	3003267	L	11	-13070	42
865a6f1b-6dc7-47f5-b741-8bee5155292b	X	3007484	L	13	-20485	79
d7bdf284-fa48-4253-861f-8616fda05cc8	X	3007484	L	8	-1235	97
7efdbedc-acb8-4030-a32a-fa4599f96876	X	3018135	L	60	-3139	64
3157f34c-6be1-4cde-8b87-b56484b937fa	X	3018576	L	60	-3548	230
5910ee5e-705b-4772-8f73-f37c532e7ae1	X	3018576	L	60	-3579	136
53747004-9606-4b3b-a356-467935284bb9	X	3018576	L	60	-3568	171
335e2242-5f84-4015-8d00-5799cafd8702	X	3018576	L	60	-3128	136
4e98be4f-21da-4ebf-886d-6485684aa2d2	X	3018576	L	60	-3550	180
86952b15-40ac-4a28-a690-166651dfcec0	X	3018576	L	60	-32399	104
b9391f58-ca8b-4133-92fb-2deeeafebd86	X	3018576	L	60	-3013	91
61440d99-825a-4cc0-ad9f-aacafd86e386	X	3018576	L	60	-3552	118
0fefc011-d991-4267-b25f-8a6d4ab98bc8	X	3018576	L	60	-3547	107
6fd78d05-6cb3-495b-9fd9-7e2c0e7a32cf	X	3018576	L	60	-3563	81
bede9f3e-3e32-4c91-989e-37e923c7d3cc	X	3018576	L	60	-7802	121
7a83eb4e-2627-416c-ae86-2c8e2673ecf8	X	3018576	L	60	-3553	56
e5c2418c-6191-4ac3-9d81-33390514036b	X	3018576	L	60	-32619	75
ce72bce2-87bf-446c-8caa-0079feab5b1a	X	3018576	L	60	-3495	44
dc4bf702-2875-455b-9389-91353c3ae483	X	3018576	L	60	-3555	68
498a7330-a11d-4086-9a81-cb098e743784	X	3018576	L	60	-32423	48
610e24ac-8e3b-4706-873c-09c019bf8f41	X	3018580	L	60	-32688	142
3c762995-e83a-40ac-8297-e06df3c3c4f6	X	3018618	L	60	-3573	92
60028334-0633-4c3b-a205-9cc7977e18c1	X	3018622	L	60	-32657	35
cc1a3a2e-80ca-407b-87a9-3c102250ceac	X	3019539	L	60	-33785	52
76786146-9b99-4804-9698-cfaa945ecca6	X	3019540	L	60	-4607	138
0eb7fe80-fabd-47b6-bccd-1334656acf09	X	3019540	L	60	-8960	169
d7d45192-3431-4d03-bbbe-869a98b97470	X	3019540	L	60	-4579	180
85b4c41e-23d8-454d-9761-d41eb8b98ef2	X	3019540	L	60	-4598	107
ca6a4796-068f-45a9-be35-ebf4c426b3b2	X	3019540	L	60	-4600	140
c22e294e-88d9-4176-a1a1-231ac747a4bd	X	3019540	L	60	-28814	103
2ea2c660-0bea-4e59-8da6-011a9027ff6e	X	3023175	R	51	3914	2
2ea2c660-0bea-4e59-8da6-011a9027ff6e	X	3019540	L	51	-33283	72
99c3fee2-0ecc-4a41-b62c-a72684ad17ba	X	3019540	L	60	-4522	113
ccad4a30-04f6-4613-9fcd-6ce5c49b6b33	X	3019540	L	60	-4587	101
f95b493a-1831-442e-8d80-25cc55cf4367	X	3019540	L	60	-4606	90
c9dbc349-fd32-4071-a528-6b46aafe2489	X	3019540	L	60	-4567	90
3deb7f6f-47c4-4a58-b10d-a5815b38ad8a	X	3019540	L	60	-4593	60
759d44cf-723e-4b53-9d91-5e2133010659	X	3019540	L	60	-4581	63
57fdd7ba-c292-4389-b993-69b94fd4c5b9	X	3019540	L	60	-4583	41
a1203fa6-652f-4b71-9ad3-dfa1b1c4526c	X	3019540	L	60	-4573	48
3e8284f1-a1e9-4692-846e-8c2f39da90ce	X	3019540	L	60	-4579	53
1d3be719-c90d-4575-a704-faad96c69e66	X	3019541	L	60	-4571	154
67b6ad94-ba95-4da2-95a0-2fc70a344258	X	3019542	L	60	-2431	181
9c656f4e-9fea-4d3e-baaf-24a399453a45	X	3023175	R	45	3698	5
9c656f4e-9fea-4d3e-baaf-24a399453a45	X	3019576	L	45	-2584	61
223f8cbd-679c-4713-aeed-a4da2259fa4b	X	3019603	L	60	-4611	101
d491a0b7-e3b8-4c3c-a1a2-ea0ff22c047c	X	3019612	L	60	-4604	51
6285e8b4-bd4a-4ebf-bc10-19f34a735c7d	X	3020126	L	60	-12156	70
be9bc132-94d7-4159-8eb8-10e445075b8c	X	3021164	L	60	-6174	83
b8019bad-ec9b-4cce-870e-38d982d00c5a	X	3021164	L	60	-6207	49
1ffede0b-c6d5-4a56-a08a-da12918d371a	X	3021164	L	46	-10854	89
3fb2ef40-bb5d-4783-909b-3bbf7c1e9185	X	3021164	L	60	-683	31
dbd55eb2-9d6c-4236-8b72-6bb36741ba43	X	3021168	L	60	-6212	65
d5a606a7-4625-4518-ac41-448732dea8a2	X	3021793	L	60	-6691	170
e6d53ae3-a315-444b-920a-f19382c3f6b5	X	3021793	L	60	-12682	95
7e553b15-b2a4-4167-bc4a-71dad7157adf	X	3021793	L	60	-10934	42
081c71df-d8b3-4ac1-81fd-4569e5069dfa	X	3021793	L	60	-6692	84
1df9db6d-5607-4305-a182-696d4bd411be	X	3021793	L	60	-6663	53
f8836f10-8157-40bc-ab49-badff053a9d9	X	3021796	L	60	-6674	148
8c624f09-77d0-402c-88d7-6172c27c23a6	X	3021830	L	60	-6642	76
0003c470-bd0d-4b9b-9200-bf27de3641fe	X	3022052	L	8	-1561	53
d10aad9c-a7b2-478d-910c-e82c1e3e912c	X	3022256	L	9	-6988	59
711ddd2a-a55b-4017-b170-75ecbb146960	X	3165331	R	49	523	3
711ddd2a-a55b-4017-b170-75ecbb146960	X	3163539	L	49	-2068	151
d7eebec8-bd96-4ab5-a732-92e35b3d7368	X	3165314	R	60	-4	35
94d02e12-86c9-4cfc-8155-78de35421d6e	X	3670691	R	60	13903	2
94d02e12-86c9-4cfc-8155-78de35421d6e	X	3663913	L	60	-7965	3
c17deaa7-699d-4555-8ed8-b6ce83abcaa2	X	3715186	R	8	10463	5
c17deaa7-699d-4555-8ed8-b6ce83abcaa2	X	3713179	L	8	-3013	4
d80a68c7-92da-4c08-a525-e0ff39859250	X	3965890	L	10	-2577	2
e7d41c9f-1230-49ce-b3cc-417e45a42dab	X	4372371	R	60	1101	3
e7d41c9f-1230-49ce-b3cc-417e45a42dab	X	4369153	L	60	-4766	152
fb8409f0-125f-435a-a3ad-cbd7a37f53cc	X	4726780	L	60	-3614	4
50505bae-d945-4b0c-ae23-48c76264e5a8	X	5079680	L	3	-2335	87
4898c35f-717c-46bb-b397-4042535ca6d7	X	5504174	R	3	2312	59
d8d59247-e9fb-4eb5-9508-e620c6754ca7	X	5516064	R	10	17471	169
d8d59247-e9fb-4eb5-9508-e620c6754ca7	X	5512884	L	10	-5780	2
e4aec564-71ee-4271-886c-742985212c99	X	5516064	R	21	5890	77
166c3549-2402-456d-b399-f5e735e912a9	X	5516064	R	18	5928	124
9042e9b1-c454-4db4-97d7-5819fe7e06b3	X	5516064	R	15	6824	51
9042e9b1-c454-4db4-97d7-5819fe7e06b3	X	5512916	L	15	-7332	2
622ab793-44a9-4918-b60d-8637e9ebafa3	X	5516064	R	18	5933	55
622ab793-44a9-4918-b60d-8637e9ebafa3	X	5513209	L	18	-5310	2
a959a33f-32de-4eb8-9f47-9dcf826b6249	X	5516064	R	8	6886	58
b1cc7ef0-9f4e-4854-84cd-fb44a3c22fc0	X	5514547	R	7	7220	157
61bbaeb3-120e-4235-a87a-2946e4507e2d	X	5516064	R	7	3269	146
23b1522d-86a2-4389-9664-14694fd30ea8	X	5516064	R	3	6884	231
1771c177-62c3-4174-8402-d36f8a64a6d8	X	5516064	R	20	5959	133
657b6801-a30c-40f9-976a-b8fd0b29197f	X	5516064	R	12	5923	182
a458d3ff-457c-48a0-971b-fd430576c796	X	5516064	R	4	5864	142
ef6eef22-5335-464d-b3b5-222ae2ec88de	X	5516064	R	8	17486	166
9d35c1a4-8e91-4032-bb8d-1e5a42687e92	X	5516064	R	6	2470	138
e02bb627-2a7c-4cf0-8ecd-a63be4416ad9	X	5516064	R	8	5925	116
971bb2fd-3403-45b2-ac3c-b6e714a9467b	X	5516064	R	5	5975	89
eb1ebc6e-2463-47cc-a70d-982e285153dd	X	5516064	R	9	17440	59
eb1ebc6e-2463-47cc-a70d-982e285153dd	X	5513911	L	9	-3918	5
db9847ae-ab86-4843-8a8f-3fb8f5e197d3	X	5516064	R	8	6883	70
2de568da-6eae-49c0-8f7b-2c4dd9287ce9	X	5515481	R	6	6452	137
2de568da-6eae-49c0-8f7b-2c4dd9287ce9	X	5513914	L	6	-6954	66
9b11149b-8857-4387-965e-80bfe2582c6b	X	5515384	R	5	6511	117
82fa566e-61c3-4e4b-80f1-c7838754658a	X	5519515	R	3	2046	74
289e9a6d-4257-48f3-ae19-daba6569a2d1	X	5519231	R	1	2361	25
a4f88530-907c-4fd0-bc41-583ae1aab2b9	X	5519488	R	1	2058	21
1b0c0e8a-ae39-44ee-ba8a-7dfcc372c50f	X	5519515	R	8	2064	147
c622f462-16f7-4eb7-94c0-a02e425d1878	X	5519515	R	18	3009	192
eb2686e2-3b5e-44b7-b242-46eb27a727b0	X	5519515	R	7	2032	62
eb2686e2-3b5e-44b7-b242-46eb27a727b0	X	5518802	L	7	-10963	2
1f7569c0-c20b-4d38-83ef-c646c1ea504b	X	5519311	R	11	2213	77
f926cbab-eafe-473a-8b22-18b546ec58c0	X	5519515	R	10	3013	121
5110eead-a9f9-42e2-9059-669199159030	X	5519515	R	37	2060	100
e3a1489d-8862-46ee-acd3-e28851b41a97	X	5519515	R	22	1976	45
d91e16a2-373c-4e27-a4ab-edc97c8e34fd	X	5519515	R	2	3011	201
959cd864-0693-42f2-a80c-e6965570a4a5	X	5519515	R	34	2058	115
e1ba6a13-20fc-486a-86d6-95515dca05c2	X	5519515	R	6	13499	64
abc8b134-2a18-4744-b39b-936e06de2e80	X	5519515	R	24	2918	22
1f3ef7fc-61eb-4918-993c-da96dd917e18	X	5519529	R	23	3028	62
8dc7e862-a0d9-479e-8312-eaa382ee4b4c	X	5519515	R	15	2036	73
84cdd0d6-9a8d-4bdf-9b83-3c2e9703941f	X	5519499	R	28	2064	50
feff5f32-fc94-4c83-b380-4c796217406f	X	5519499	R	10	2074	215
913d7da0-9ff3-48d7-aaef-8aa5204c0a9e	X	5519497	R	12	2059	204
30e589fa-77c6-4f03-8f8d-e83772d116e8	X	5519515	R	8	2041	152
30e589fa-77c6-4f03-8f8d-e83772d116e8	X	5519087	L	8	-9403	2
367b0b98-f521-46cd-9a5e-c539c40644ba	X	5519515	R	3	3021	94
367b0b98-f521-46cd-9a5e-c539c40644ba	X	5519087	L	3	-12339	2
5a3babdb-38a5-4dc6-b55f-62af1bf7e7f4	X	5519499	R	15	2067	104
0efb11b2-8693-4aa3-9f52-6dc8e7efc0bb	X	5519515	R	13	2043	92
49fc81e5-589d-4caa-8874-3de5b580c826	X	5519499	R	2	2018	23
db645546-bfd5-44a3-8d23-a2b908249a20	X	5519497	R	2	2034	63
b90a7ab4-8940-45e7-9ffc-1656568fe9c6	X	5519515	R	6	2054	71
0d420b77-c8c8-4e7d-8df5-c9f35a115052	X	5519515	R	20	2070	174
9d8308b9-3e98-41bb-bbcb-581d2c941ef5	X	5519515	R	1	3034	70
0247f712-7352-4af5-b3a6-c3e7b1cf2436	X	5534942	R	1	1529	3
0247f712-7352-4af5-b3a6-c3e7b1cf2436	X	5534334	L	1	-2993	188
c9dc4953-6bae-4415-a750-ad0ae795fc37	X	5534753	R	1	189	4
c9dc4953-6bae-4415-a750-ad0ae795fc37	X	5534334	L	1	-2970	162
5cfce229-68ff-4a53-bbc1-ad9b9e3042a1	X	5534968	R	1	1509	3
5cfce229-68ff-4a53-bbc1-ad9b9e3042a1	X	5534334	L	1	-2965	160
52f65cf9-795b-48d4-a515-b38ce312c22d	X	5534870	R	1	60	4
52f65cf9-795b-48d4-a515-b38ce312c22d	X	5534334	L	1	-2971	187
e504f9e1-0cb8-42ca-9ab2-7cc3a03f41b3	X	5534870	R	1	1597	3
e504f9e1-0cb8-42ca-9ab2-7cc3a03f41b3	X	5534334	L	1	-2966	174
8b7e4c5f-4ff7-42f4-a9b6-b3577f61a1e2	X	5534753	R	1	192	4
8b7e4c5f-4ff7-42f4-a9b6-b3577f61a1e2	X	5534334	L	1	-2968	167
8e048156-77d3-49c1-bce0-36e2d2c68da0	X	5534334	L	1	-2962	150
2ee8057e-ffd6-4ca5-b797-1b20ed8dcfd9	X	5534733	R	1	214	14
2ee8057e-ffd6-4ca5-b797-1b20ed8dcfd9	X	5534334	L	1	-2938	76
7e134819-a552-4a0c-908a-9179e9384b00	X	5534870	R	6	62	5
7e134819-a552-4a0c-908a-9179e9384b00	X	5534334	L	6	-2914	62
31741365-b7fc-4966-95ae-51644103c77e	X	5534753	R	1	1708	2
31741365-b7fc-4966-95ae-51644103c77e	X	5534334	L	1	-2949	60
900273a8-7472-4530-9a24-8e1eee90c250	X	5534870	R	1	63	4
900273a8-7472-4530-9a24-8e1eee90c250	X	5534334	L	1	-2945	152
82abf8c3-6410-42d4-9cc1-417466200317	X	5534870	R	1	60	4
82abf8c3-6410-42d4-9cc1-417466200317	X	5534334	L	1	-2960	144
93e6a0f1-9b5d-4b8e-b1d5-93ee5a2ae9c8	X	5534753	R	1	190	3
93e6a0f1-9b5d-4b8e-b1d5-93ee5a2ae9c8	X	5534334	L	1	-2956	146
d17639ef-379e-4ebd-86a2-cd41a835fe21	X	5534870	R	1	1607	2
d17639ef-379e-4ebd-86a2-cd41a835fe21	X	5534334	L	1	-2975	69
e1636af9-fa25-45bd-88bf-6fe9f6cc1449	X	5534942	R	1	1525	4
e1636af9-fa25-45bd-88bf-6fe9f6cc1449	X	5534334	L	1	-2980	134
3b2bb151-0f9c-44e8-9658-c0dcd3c7fb97	X	5534870	R	1	61	4
3b2bb151-0f9c-44e8-9658-c0dcd3c7fb97	X	5534334	L	1	-2966	131
0290b2af-bf20-4848-8b39-24ef836b378e	X	5534870	R	1	60	2
0290b2af-bf20-4848-8b39-24ef836b378e	X	5534334	L	1	-2947	81
329b4b7b-233d-4e5b-9fc3-ba2aa378328b	X	5534753	R	1	191	4
329b4b7b-233d-4e5b-9fc3-ba2aa378328b	X	5534334	L	1	-2943	54
bd80524a-b6fe-47a3-b9c4-bc5d356e94b7	X	5534870	R	4	63	3
bd80524a-b6fe-47a3-b9c4-bc5d356e94b7	X	5534334	L	4	-2965	22
a7159e66-bafc-4010-aef6-ae7d3b998148	X	5534942	R	1	5008	5
a7159e66-bafc-4010-aef6-ae7d3b998148	X	5534334	L	1	-2973	96
2e6e4ecf-8512-42e2-ad4c-56f3858331f4	X	5534753	R	1	194	2
2e6e4ecf-8512-42e2-ad4c-56f3858331f4	X	5534334	L	1	-2955	59
ac39b8eb-9901-409d-889f-136eb176f323	X	5534753	R	1	1742	3
ac39b8eb-9901-409d-889f-136eb176f323	X	5534334	L	1	-2978	34
b7eef76e-c67b-489f-8ca2-2b8e2d333b0a	X	5534870	R	1	64	5
b7eef76e-c67b-489f-8ca2-2b8e2d333b0a	X	5534334	L	1	-2933	42
9536e23d-6a42-4d76-9a5a-c5d80f58799f	X	5534334	L	1	-2945	36
d837b0ac-f7d2-4de7-a684-f7860e99dc34	X	5534870	R	1	61	3
d837b0ac-f7d2-4de7-a684-f7860e99dc34	X	5534334	L	1	-2977	39
1676585d-25ec-4008-9689-e1b7d60f4979	X	5534346	L	1	-2924	94
eb4e96cc-3ea5-4f11-907c-3cbab8cc1911	X	5534870	R	1	1603	3
eb4e96cc-3ea5-4f11-907c-3cbab8cc1911	X	5534346	L	1	-2971	82
40156f0b-b1ba-4186-a630-c0d700e1d5fd	X	5534870	R	1	63	7
40156f0b-b1ba-4186-a630-c0d700e1d5fd	X	5534348	L	1	-2999	175
bded8c6b-c7b1-4953-8330-3b0f7057b3e7	X	5534348	L	1	-2966	112
ef4ded9a-089a-426c-bada-8d12e71eecb2	X	5543771	L	4	-11905	116
247ca4bb-70c1-4fbc-8af8-c21b21cd365b	X	5545963	R	14	14973	3
247ca4bb-70c1-4fbc-8af8-c21b21cd365b	X	5543798	L	14	-11969	210
10318c79-9658-4cce-9a41-1fa29fa5b574	X	5543798	L	1	-11972	209
4d45b23a-bd02-4eff-9787-3753f5e72895	X	5543798	L	3	-4607	152
8c20eefb-6ec0-419c-9ec7-8ed0dc812e11	X	5545963	R	7	16613	2
8c20eefb-6ec0-419c-9ec7-8ed0dc812e11	X	5543834	L	7	-11993	108
36f3c5ca-59a3-4f9c-a2fa-e9606202caef	X	5543834	L	1	-12023	151
2666c8da-b443-4951-b672-8fbc9b763ac9	X	5545210	R	1	14162	3
2666c8da-b443-4951-b672-8fbc9b763ac9	X	5543834	L	1	-11976	183
7f8da277-e854-4669-96b4-76d9e2ac1c96	X	5545963	R	3	15043	3
7f8da277-e854-4669-96b4-76d9e2ac1c96	X	5543834	L	3	-12018	136
d50dcf06-413c-48ee-9c8f-d34c0ecd0b8e	X	5543834	L	1	-11976	160
f62819f9-3678-4952-851b-35bf78240960	X	5545963	R	4	14948	2
f62819f9-3678-4952-851b-35bf78240960	X	5543834	L	4	-11936	77
dcd4a092-cb34-4fd9-b70b-986d692e7384	X	5543834	L	1	-4632	79
5186dfc4-6caf-47dd-b448-7c661cea4abc	X	5543834	L	6	-12042	165
628dc1e8-ce1f-473f-bd9d-9de94bd46a57	X	5545098	R	1	15657	2
628dc1e8-ce1f-473f-bd9d-9de94bd46a57	X	5543834	L	1	-12043	64
05bc0a98-1ece-4b3f-b0e0-755617d8241c	X	5543834	L	5	-12001	161
e74e0825-c6dd-4382-9e5a-5bc00430bda6	X	5545963	R	5	14974	3
e74e0825-c6dd-4382-9e5a-5bc00430bda6	X	5543834	L	5	-6508	115
59e70ad4-29ca-4e3e-a986-a6c6e1b0ba30	X	5545963	R	2	14998	3
59e70ad4-29ca-4e3e-a986-a6c6e1b0ba30	X	5543834	L	2	-12004	88
d562ec50-2274-48be-bd1c-b5b7753ad5d9	X	5545943	R	3	7110	3
d562ec50-2274-48be-bd1c-b5b7753ad5d9	X	5543834	L	3	-11992	39
1474ba0d-9ad9-48a4-9e71-88500121b2d0	X	5543834	L	1	-12017	54
52ed37f8-abc5-49d1-afe5-504030b01b7d	X	5543840	L	7	-12017	140
98539568-e206-4b4c-95f7-09d78e7f9fd9	X	5545210	R	1	15622	2
98539568-e206-4b4c-95f7-09d78e7f9fd9	X	5543849	L	1	-11986	106
bf1e281b-a766-4742-8f27-761b86530113	X	5543850	L	3	-12009	92
5e8daf3a-5ea2-4f25-9597-4de37934c790	X	5543996	L	2	-13	99
20527550-6b25-47d0-8478-60e48f8a8f0a	X	5543998	L	2	-16	146
77358470-eb66-432f-a6b9-5312bcc11bd0	X	5545963	R	1	14930	2
77358470-eb66-432f-a6b9-5312bcc11bd0	X	5543998	L	1	-12088	100
f7cbedb5-0940-4f91-ace0-9099b498f68a	X	5548180	R	1	12782	2
f7cbedb5-0940-4f91-ace0-9099b498f68a	X	5548012	L	1	-3893	172
6d53f94c-6599-4537-a7cf-9d7138888e0e	X	5548012	L	1	-3932	135
6da5e75f-322b-432f-ac02-72a1118924ea	X	5548012	L	1	-15925	157
fa0e82a3-07ba-474d-83e3-c7b93f9e04c0	X	5548054	L	1	-15790	29
2f018db0-15d4-481d-9765-9a0b3b8ad359	X	5548098	L	1	-3999	129
f3645e93-64af-44c9-8a46-5bf5d23c1ced	X	5548098	L	1	-160	74
1631fa9e-e9df-46d5-8521-4f8e4fa2c332	X	5548101	L	1	-4017	96
da140d7d-4179-460c-8572-d5a00d13764e	X	5548116	L	1	-15813	87
445d4d98-f606-4812-88fa-585c368ce61d	X	5548791	L	1	-4703	143
70ec6e09-c66c-490f-b043-264ce506ebd1	X	5549955	L	3	-133	118
da8a3fdb-d995-461c-86ee-8b6a37986430	X	5552665	R	29	9741	2
da8a3fdb-d995-461c-86ee-8b6a37986430	X	5549969	L	29	-148	56
2b264cff-7ac4-4d7c-9d9e-52b4156d9a6a	X	5551273	L	11	-2578	216
34cbbcb4-9105-49b8-a417-a7c05aeb66f2	X	5552668	R	6	8086	2
34cbbcb4-9105-49b8-a417-a7c05aeb66f2	X	5551273	L	6	-1768	224
f17ca23a-9b04-4939-aab7-566b5f9d7d67	X	5551273	L	8	-1761	237
2d0907ed-aa5c-4725-b37d-40ffa81b1f34	X	5551273	L	11	-1755	211
12d9a970-737b-46f8-a614-0de72e3f1fd1	X	5551273	L	1	-1756	203
0d4c8c65-fdca-4af0-86de-dc49b843a63d	X	5551273	L	4	-1774	208
f66ed504-db5f-4e04-8ef0-36b3162d7e1f	X	5551273	L	11	-1763	194
8601f1e8-6ab7-4a8a-a8a7-6060dac3a9aa	X	5551273	L	6	-1777	96
21d0cd63-dcef-4a46-a06e-31209ef31832	X	5551273	L	3	-1757	150
fa7b7f6b-3436-4d2f-8226-56b58d39182b	X	5551273	L	9	-1758	113
3ae73585-e252-43f0-9574-2c63ac0a2f71	X	5552670	R	10	8091	2
3ae73585-e252-43f0-9574-2c63ac0a2f71	X	5551273	L	10	-1763	170
a277d8e6-3758-40db-8c3e-72496b25c6f1	X	5552665	R	6	9657	2
a277d8e6-3758-40db-8c3e-72496b25c6f1	X	5551273	L	6	-1755	119
c9d0606d-7b5d-40fa-8faf-e95865a85d6f	X	5552665	R	1	8064	2
c9d0606d-7b5d-40fa-8faf-e95865a85d6f	X	5551273	L	1	-525	140
0af96976-edf2-48f2-a4a8-77539ed6764e	X	5552670	R	7	8058	2
0af96976-edf2-48f2-a4a8-77539ed6764e	X	5551273	L	7	-1744	182
f25ab781-371a-4934-a19f-35c37b0cd8f5	X	5552670	R	9	8069	3
f25ab781-371a-4934-a19f-35c37b0cd8f5	X	5551273	L	9	-1771	173
0b95eadb-5fdb-478d-bfa3-4953eb057867	X	5552670	R	6	8056	2
0b95eadb-5fdb-478d-bfa3-4953eb057867	X	5551273	L	6	-1767	155
50ac9102-0fc4-45e8-9677-ba3e5a1d60bc	X	5551273	L	13	-1772	121
2d83d6cc-bb2b-49b5-9a7f-ebcce273ec3c	X	5552667	R	4	2349	4
2d83d6cc-bb2b-49b5-9a7f-ebcce273ec3c	X	5551273	L	4	-1750	166
6f56c983-a929-4aed-8b4d-85b1f3782a1d	X	5552670	R	1	8048	10
6f56c983-a929-4aed-8b4d-85b1f3782a1d	X	5551273	L	1	-2543	177
b21c3c0d-df52-49b7-83ae-5b15fa108922	X	5552676	R	3	8035	4
b21c3c0d-df52-49b7-83ae-5b15fa108922	X	5551273	L	3	-1767	54
dd016a0f-e94a-4af8-afa2-c2aee2273168	X	5552670	R	12	8058	2
dd016a0f-e94a-4af8-afa2-c2aee2273168	X	5551273	L	12	-2598	139
a8de20c3-be5a-4872-ab9b-b33e76bdfeb9	X	5552670	R	8	5800	2
a8de20c3-be5a-4872-ab9b-b33e76bdfeb9	X	5551273	L	8	-1763	150
e6dd3524-74b7-4bd9-8558-f8aa3027c146	X	5551273	L	6	-2589	87
dbf4ca3a-b845-4ea4-9572-2c2151544a58	X	5551273	L	2	-2595	173
fd22a409-524f-4618-853e-886355711799	X	5552672	R	1	5392	13
fd22a409-524f-4618-853e-886355711799	X	5551273	L	1	-1762	73
e746d2fa-b2f7-47fc-a236-2782879d83de	X	5551957	R	1	2510	11
e746d2fa-b2f7-47fc-a236-2782879d83de	X	5551273	L	1	-2584	83
0ac7a14f-1e66-4327-9e6c-6c0ed9ef0c00	X	5552663	R	2	8079	14
0ac7a14f-1e66-4327-9e6c-6c0ed9ef0c00	X	5551273	L	2	-1768	118
d95a7ced-578b-40a5-88ac-9f615765eef2	X	5551273	L	2	-1751	139
aebf644a-b119-4155-ad40-2bd9d0bfb188	X	5551273	L	6	-1765	115
5d0c6c3e-170e-4db0-80c5-1b956290421a	X	5551273	L	1	-1756	142
f8fbb869-8916-46d2-a35b-492495f98c41	X	5551273	L	29	-1760	125
382e162d-9f24-4392-b783-c9b1564a7819	X	5551273	L	9	-1771	100
91dc17d9-48f8-4afd-a906-aaf75a9d4e64	X	5552670	R	14	8069	3
91dc17d9-48f8-4afd-a906-aaf75a9d4e64	X	5551273	L	14	-1762	82
0f6831d4-388f-4f83-8bad-d94ea7645ece	X	5552670	R	9	8076	2
0f6831d4-388f-4f83-8bad-d94ea7645ece	X	5551273	L	9	-2586	93
849c032c-f966-45b2-a389-7315895000e6	X	5552670	R	14	8086	2
849c032c-f966-45b2-a389-7315895000e6	X	5551273	L	14	-1756	163
b2474ee0-089f-4e39-b1a2-42907bf50b58	X	5552670	R	13	8065	3
b2474ee0-089f-4e39-b1a2-42907bf50b58	X	5551273	L	13	-1758	105
8c902403-caad-47ac-bf1f-5c7de8f31371	X	5551273	L	5	-1766	108
78fc9225-28a8-4da7-abe7-67d4d106b238	X	5551273	L	3	-1766	152
9d8f3074-53ca-414d-b14e-f2b2a8e63cd7	X	5551273	L	3	-1759	134
2fcf3d4a-d8f6-4cac-baa8-c1241bc1b201	X	5552670	R	2	4140	3
2fcf3d4a-d8f6-4cac-baa8-c1241bc1b201	X	5551273	L	2	-1754	144
633e9a6a-f135-4be3-a8e2-27cbf1a21918	X	5551273	L	4	-1768	110
95571a66-f7f7-4dd5-995d-1cd743f11fc6	X	5551273	L	6	-2567	120
77ab8fcd-d55e-4030-b9bf-6165beb4b6da	X	5551273	L	13	-2564	118
dd324128-15cc-44f3-8762-d65489ad7083	X	5552670	R	7	8061	3
dd324128-15cc-44f3-8762-d65489ad7083	X	5551273	L	7	-2594	134
fb045aea-2414-4f2a-8e04-cb918e377b33	X	5551273	L	1	-2593	83
2b9bd86b-38e2-48f1-8fc6-8856ad341d73	X	5551957	R	1	12943	2
2b9bd86b-38e2-48f1-8fc6-8856ad341d73	X	5551273	L	1	-1695	34
b9e97c58-1635-4f74-8000-84e0f8eaf1b3	X	5552670	R	10	8050	3
b9e97c58-1635-4f74-8000-84e0f8eaf1b3	X	5551273	L	10	-1768	124
11f5c008-1fab-4fe6-8ba6-79e5dbd386ff	X	5551273	L	14	-1764	133
07534f3d-9853-4173-bf3c-f17880357443	X	5552665	R	1	7222	2
07534f3d-9853-4173-bf3c-f17880357443	X	5551273	L	1	-1355	73
613e133d-bf57-415c-921d-83db1d877030	X	5552665	R	7	2404	2
613e133d-bf57-415c-921d-83db1d877030	X	5551273	L	7	-1768	91
1584752a-0729-4743-a611-3f847f3bffc7	X	5552670	R	4	8062	14
1584752a-0729-4743-a611-3f847f3bffc7	X	5551273	L	4	-1759	111
e6572309-7434-4b43-8a4a-b2a52e51a192	X	5551273	L	4	-1768	98
bc983de2-be1c-41c2-b7b9-d43afd58795f	X	5552668	R	8	8051	4
bc983de2-be1c-41c2-b7b9-d43afd58795f	X	5551273	L	8	-1755	126
40318194-fc9b-4de0-a977-b65f94c81d9a	X	5551273	L	5	-1761	81
0e56cc41-847a-4210-a44b-0573d65486f3	X	5552670	R	19	8069	3
0e56cc41-847a-4210-a44b-0573d65486f3	X	5551273	L	19	-1772	115
7b5e9b0e-44e2-4368-8b81-46841c88417a	X	5552665	R	4	9638	2
7b5e9b0e-44e2-4368-8b81-46841c88417a	X	5551273	L	4	-1776	132
2848516c-ac66-4cff-96e6-599b441273c5	X	5551273	L	7	-1747	68
c8615a12-5661-4414-bbc8-7eb3979021af	X	5552670	R	15	8052	2
c8615a12-5661-4414-bbc8-7eb3979021af	X	5551273	L	15	-1766	115
e27d7633-59e3-4077-a106-455bddd7cbc0	X	5553159	R	1	3568	4
e27d7633-59e3-4077-a106-455bddd7cbc0	X	5551273	L	1	-1170	99
73e6a993-1761-4de1-ac81-680f862f446f	X	5551273	L	12	-1777	35
b1a262fd-b2f5-4f44-9352-5833103bc0b3	X	5552665	R	10	4609	4
b1a262fd-b2f5-4f44-9352-5833103bc0b3	X	5551273	L	10	-1750	101
138fc52d-225a-40b8-a332-7ffc0a129633	X	5552670	R	7	8017	2
138fc52d-225a-40b8-a332-7ffc0a129633	X	5551273	L	7	-1768	98
e2988e72-c2a9-431c-a64f-3bd026966564	X	5552670	R	20	8123	3
e2988e72-c2a9-431c-a64f-3bd026966564	X	5551273	L	20	-2596	80
af4d0c69-ea87-4de3-aa30-ac52d81b2e86	X	5551273	L	4	-1762	75
167d2eb7-a2c4-41bd-a8f9-8f8b67ee6bbe	X	5551273	L	7	-1758	105
47d58df9-12a8-4b21-af19-412e61911fe9	X	5552676	R	1	8071	2
47d58df9-12a8-4b21-af19-412e61911fe9	X	5551273	L	1	-1769	93
0e5e987b-8019-46e0-b5e3-7785d8c121d4	X	5552670	R	3	6127	16
0e5e987b-8019-46e0-b5e3-7785d8c121d4	X	5551273	L	3	-1766	101
ac466f3d-0a37-4857-9547-e9ef506d8f4e	X	5551273	L	1	-1740	59
b716ddec-0dd1-4ddd-8a9a-878b4766eca5	X	5552670	R	15	8046	2
b716ddec-0dd1-4ddd-8a9a-878b4766eca5	X	5551273	L	15	-1751	89
9b265a2c-5c44-47d6-9143-fab65bf8351e	X	5552670	R	8	8081	3
9b265a2c-5c44-47d6-9143-fab65bf8351e	X	5551273	L	8	-1771	88
f09989ef-406a-4f3c-88d3-55709913d473	X	5551273	L	1	-1747	91
03d131fa-0e69-467f-8fef-05f9ee017e22	X	5551273	L	5	-1762	52
1b91afb5-c13b-4a5a-8caf-51eb123cc2ae	X	5551957	R	1	8600	2
1b91afb5-c13b-4a5a-8caf-51eb123cc2ae	X	5551273	L	1	-1740	61
3d8f25e1-733d-4620-a0ae-2fb0f9beb12c	X	5552676	R	9	9678	2
3d8f25e1-733d-4620-a0ae-2fb0f9beb12c	X	5551273	L	9	-1765	29
3a29e2c3-8e53-4d24-8519-508027cd161c	X	5551273	L	1	-1649	51
529c4dc5-ae7e-4aba-ba28-09d6320b09fe	X	5552665	R	2	9596	2
529c4dc5-ae7e-4aba-ba28-09d6320b09fe	X	5551273	L	2	-1743	31
d70e10a5-bfd8-4d63-9276-1420b8e4a33f	X	5552670	R	6	8034	2
d70e10a5-bfd8-4d63-9276-1420b8e4a33f	X	5551273	L	6	-1772	66
6268aa17-342f-477d-b9a5-3e77b61a59b4	X	5551273	L	1	-1768	74
8317fa48-a0ec-48b4-8073-2c8c9b796af6	X	5552670	R	10	8070	3
8317fa48-a0ec-48b4-8073-2c8c9b796af6	X	5551273	L	10	-1763	37
fcec1bc3-022e-4da3-9f88-36cabb52ffae	X	5551273	L	8	-1747	91
246e646c-5e95-4219-83ce-7dcac97fdbc4	X	5551273	L	6	-1751	54
17fabaf4-5006-4cb1-8e2d-8d333ecbbcec	X	5551273	L	3	-1751	50
ba7b0b7e-705a-4725-8218-beeb7054151c	X	5552670	R	9	7425	4
ba7b0b7e-705a-4725-8218-beeb7054151c	X	5551273	L	9	-2594	62
e87d7e65-8607-457e-9f9f-066019ca366e	X	5552670	R	13	176	3
e87d7e65-8607-457e-9f9f-066019ca366e	X	5551273	L	13	-2599	52
647532d2-1514-40f7-bc98-d6b51361b208	X	5551273	L	7	-2586	35
dfe9eccf-260f-4cab-862a-96ce01a4f5e4	X	5551273	L	1	-1761	36
5e79e084-2f92-4ac7-8fa0-06c80059f09b	X	5551273	L	5	-1764	62
af83db58-bf60-472c-a962-a7e80a9b8976	X	5552668	R	15	8005	4
af83db58-bf60-472c-a962-a7e80a9b8976	X	5551273	L	15	-1762	55
eeea9646-0180-4a5d-90ca-3e71f0114a07	X	5551273	L	5	-1755	17
e702515b-5a5d-402c-98f7-f8f8867873a0	X	5551273	L	1	-1750	64
155a3b6f-7701-4e1f-aa97-ef892a15aa03	X	5551273	L	2	-1760	47
bf904288-7d36-460a-9efb-1215e9cf39b1	X	5552670	R	6	8076	2
bf904288-7d36-460a-9efb-1215e9cf39b1	X	5551273	L	6	-1764	76
4a966c77-4d4d-4720-a6df-0aeefe6f3fd5	X	5551273	L	5	-1759	46
c0efb201-73ab-4fcf-9e65-d4e100905dc8	X	5552670	R	14	9261	2
c0efb201-73ab-4fcf-9e65-d4e100905dc8	X	5551273	L	14	-1759	45
5f423512-4484-451f-9a3f-3ed8a8ef0762	X	5551273	L	5	-1762	49
ddbacaeb-0ec1-4094-9f3d-ce3d740dae2c	X	5552676	R	15	7953	3
ddbacaeb-0ec1-4094-9f3d-ce3d740dae2c	X	5551273	L	15	-1756	54
c928938d-c62e-4c86-87c6-a56d5e6938be	X	5551273	L	4	-1763	54
17027dff-f9c3-491c-855c-d67e06a524a8	X	5552670	R	15	9675	2
17027dff-f9c3-491c-855c-d67e06a524a8	X	5551274	L	15	-2605	49
220a5b1e-4232-4e50-9f0a-7ed6ee6ad60b	X	5552670	R	10	8058	2
220a5b1e-4232-4e50-9f0a-7ed6ee6ad60b	X	5551274	L	10	-1745	135
f9bbf6cb-1d4a-4037-b6c2-bccec75b1370	X	5552665	R	5	9658	2
f9bbf6cb-1d4a-4037-b6c2-bccec75b1370	X	5551274	L	5	-1760	99
027d6e89-e0f6-47db-95f3-8eb55d5c5fbb	X	5552676	R	19	8032	2
027d6e89-e0f6-47db-95f3-8eb55d5c5fbb	X	5551274	L	19	-1768	60
f589dac6-8624-4783-876d-4b70986a541e	X	5552670	R	9	8032	2
f589dac6-8624-4783-876d-4b70986a541e	X	5551274	L	9	-1768	35
f8627bc2-a36b-4641-9719-eb750a2db23d	X	5551275	L	15	-1768	174
d44cbce8-e12d-4219-a6ae-343efb073185	X	5551276	L	1	-724	55
96673686-0858-4db4-8152-4f520999d449	X	5551276	L	10	-1766	60
0a0df137-00d6-4568-b0cf-eb2c1a01757f	X	5551278	L	10	-1745	38
1e238ad8-4246-4061-9a75-d5b14ed5677b	X	5552670	R	12	8086	3
1e238ad8-4246-4061-9a75-d5b14ed5677b	X	5551278	L	12	-1762	67
54345c93-2830-4b43-a0a2-211696049df0	X	5552670	R	1	15705	4
54345c93-2830-4b43-a0a2-211696049df0	X	5551282	L	1	-1754	103
10b5a1aa-70f3-477d-8bfc-9f196f8d2773	X	5551282	L	2	-2595	140
f8bc1f6e-40bc-4256-9df6-bbebafed8305	X	5552670	R	6	9709	2
f8bc1f6e-40bc-4256-9df6-bbebafed8305	X	5551282	L	6	-1777	131
48276135-6439-4b46-80c6-8decce54cc4a	X	5552670	R	12	8073	2
48276135-6439-4b46-80c6-8decce54cc4a	X	5551282	L	12	-1766	160
571cf36d-7928-49b0-9a09-be61883adc68	X	5551282	L	3	-1740	136
54d9361a-90f9-4866-9fec-e5244559f70a	X	5551454	L	2	-2750	184
c7b6ba42-85cd-42da-a6f1-1dadc14c04e2	X	5552665	R	17	8059	3
c7b6ba42-85cd-42da-a6f1-1dadc14c04e2	X	5551454	L	17	-1939	156
6deaf10f-3697-4257-bf6e-0de0e26e16dc	X	5552665	R	7	8124	7
6deaf10f-3697-4257-bf6e-0de0e26e16dc	X	5551454	L	7	-2788	185
c4f30b9a-b290-4f40-9b62-c6a37c25d301	X	5552670	R	2	10908	79
c4f30b9a-b290-4f40-9b62-c6a37c25d301	X	5551454	L	2	-1944	3
87626325-b460-4738-9015-dffa26f4bea8	X	5551454	L	1	-1929	148
54046df9-a88f-4a80-a4f9-d29b8fc4799b	X	5552665	R	3	8035	3
54046df9-a88f-4a80-a4f9-d29b8fc4799b	X	5551454	L	3	-1911	155
8629fe0c-6403-44a5-8f76-59a729549631	X	5551454	L	4	-1912	122
b0e8a199-0bd0-4c7f-8e1f-23741127047d	X	5552665	R	1	8041	4
b0e8a199-0bd0-4c7f-8e1f-23741127047d	X	5551454	L	1	-2752	152
2b2353f6-cf52-4e08-8ade-8ffe40b7463f	X	5551454	L	1	-1940	93
2d9622f6-3a38-4ff1-9d9d-a8d1f9eb15b5	X	5552670	R	13	7923	3
2d9622f6-3a38-4ff1-9d9d-a8d1f9eb15b5	X	5551454	L	13	-1875	31
f1e8cccb-be92-42af-88f5-c21e69a1a096	X	5551454	L	1	-1936	50
1834ff04-35c7-4cfd-8ca1-d98ad6997287	X	5552670	R	2	7190	7
1834ff04-35c7-4cfd-8ca1-d98ad6997287	X	5551458	L	2	-2724	83
059acea3-0e24-42cc-86d0-4da23b3c29b8	X	5552670	R	10	8019	3
059acea3-0e24-42cc-86d0-4da23b3c29b8	X	5551478	L	10	-7592	62
a21c8968-6c5e-4cff-a6c5-fbf7331b9a3e	X	5551479	L	1	-1952	160
f4ec4827-9c0f-4c52-912d-b865a014f53e	X	5551479	L	5	-1958	89
8acce378-c5ce-4975-b5d9-b1ae6bac146c	X	5551559	L	1	-2831	53
1242442b-8526-45f8-a71f-4bbea8fe36d0	X	5552670	R	20	7952	4
1242442b-8526-45f8-a71f-4bbea8fe36d0	X	5551559	L	20	-2030	34
eed6b991-faef-4c83-9956-d405d146fda9	X	5552670	R	5	3858	3
eed6b991-faef-4c83-9956-d405d146fda9	X	5551564	L	5	-2016	111
df88a29a-9032-48a8-8e71-a8dccd7b1467	X	5552670	R	4	8058	2
df88a29a-9032-48a8-8e71-a8dccd7b1467	X	5551564	L	4	-2027	115
9e22a815-f070-43ae-8e39-baa5c73c443e	X	5552670	R	5	7957	3
9e22a815-f070-43ae-8e39-baa5c73c443e	X	5551566	L	5	-2858	138
8617815c-4dde-47d9-86c7-48f3927766e8	X	5552670	R	13	8085	8
8617815c-4dde-47d9-86c7-48f3927766e8	X	5551653	L	13	-2128	192
fe332a35-cc4d-4286-ac8c-3ecf534f3779	X	5551653	L	14	-2128	56
38e6b0e1-b043-4cc4-b310-19af56585c87	X	5551653	L	3	-1103	79
a337da6e-dccd-4a81-af82-52881cafa0b5	X	5566745	L	53	-11298	114
ccc0556c-ff02-4750-b303-16f983993639	X	5566881	L	7	-7245	61
7d7bdfbc-b415-4b04-b1f8-dff039b964e6	X	5566881	L	44	-11319	114
241576fa-af05-4155-8635-4c9032b1294c	X	5566881	L	39	-16337	48
d031a306-f71f-4119-8951-cf9a3f5c0f70	X	5566890	L	13	-2429	76
8d058d7d-10f6-44e0-9cb1-7fcd0035d512	X	5566914	L	6	-5392	43
4ca7ab0e-ff98-43da-9416-b7609678b4e8	X	5567556	L	29	-11954	81
e9d14f15-c6f5-4f1d-8630-80b7cafe195c	X	5567556	L	48	-17870	169
db8b566c-05d6-4ee0-8699-7913561dd9f7	X	5567673	L	9	-11898	126
7ddcd449-5378-4b1f-9b55-842beef56fa0	X	5567673	L	57	-16996	34
8da3332d-f71c-4040-8a9c-b0ab25e33ba3	X	5567967	L	4	-14198	68
97b21cf4-d01c-4323-8c3f-4b0533a3248b	X	5567968	L	4	-6968	93
24a233d2-3477-4fde-a969-875e91b80aaf	X	5567968	L	42	-3963	71
424eec8d-2b9a-4cee-98cd-a1ff528ba60e	X	5567968	L	32	-12292	67
e53e55b0-9353-4204-9ba3-adfd0117176a	X	5569855	L	31	-11470	250
f42e7d9f-638f-4b13-b6f0-d9b4e4e7fc13	X	5569855	L	23	-14212	52
59107d65-bf94-48bf-903f-ddc0440c33e6	X	5569855	L	60	-14258	144
b03455a7-2774-4049-81cb-bbd5535cecc5	X	5569855	L	22	-14106	90
96aba0a1-794b-40a9-aa68-2927d52b30a3	X	5569855	L	47	-14260	33
68741c19-4c90-4a99-a00d-b79abd34db12	X	5569858	L	38	-11249	74
b4961d4e-9a0c-416e-b8f1-5c57e4f375b8	X	5569913	L	23	-14215	75
dc49c21b-aab8-4e81-a063-102b3f2d7619	X	5569913	L	13	-3011	123
e851c64b-2de1-4ec0-99a0-952234bb59df	X	5569913	L	9	-14051	45
174297bf-11c6-4cbb-bf8f-7d0543077b91	X	5575741	L	26	-12964	52
4534d98f-03e0-495e-a995-e6ee11a8bff1	X	5774521	R	4	8991	9
53ceab0d-6e6e-4887-a029-b3b4f583dd0a	X	6001869	L	16	-3483	177
a3f9b1ae-61bc-45e8-b6c9-700dcb79a33a	X	6193834	R	8	5912	40
0421d814-98bc-4c0d-b794-043c23bb5d2b	X	6380760	L	43	-5428	68
349448ec-36f6-4ffc-ae0c-2148c1d51586	X	6440237	R	47	6849	2
349448ec-36f6-4ffc-ae0c-2148c1d51586	X	6439328	L	47	-3903	5
dc55820a-a40e-49db-9929-952e2cd13db0	X	6487079	L	1	-2145	2
dbada737-7b3f-4cbd-ba3c-a93b0aba9b47	X	7024640	R	23	10294	169
dbada737-7b3f-4cbd-ba3c-a93b0aba9b47	X	7022322	L	23	-712	2
21d374da-a99f-4ca0-ad88-c892d089dcef	X	7189405	R	60	5060	133
52c69541-3132-4dd8-97d3-182584065bcf	X	7524566	R	2	16141	4
52c69541-3132-4dd8-97d3-182584065bcf	X	7524168	L	2	-1106	125
bd32447f-f776-484a-b37e-c358c9a13fb0	X	7807507	R	9	2765	38
263de8af-9bf5-424f-9dac-903e8ef46c09	X	8313313	R	43	4133	135
263de8af-9bf5-424f-9dac-903e8ef46c09	X	8311178	L	43	-2939	3
b52d5611-5c04-4f24-aeec-1268f74fc81b	X	9686676	R	11	1247	2
3e24e8d4-176d-491c-894c-2c6909081e96	X	10141187	R	0	14325	80
2197eeb2-10f8-4421-97b3-6700bd703b0d	X	10562596	L	53	-286	90
255bcae3-74ba-41c9-8fea-77adf20086e8	X	11134052	R	1	6194	19
a3e7dec9-2174-4c90-909d-e2ded1f9aa20	X	11136227	R	3	1041	48
e5a24136-4854-470c-a18c-91c64c61762d	X	11157550	R	1	1178	114
c76772b4-a63a-43c2-8f5e-634bc59c04ac	X	11157528	R	1	1196	28
1a5068f8-3979-4800-ab8d-384fdfd31a98	X	11157539	R	5	1192	61
dce84078-7c97-4eac-b176-7d7df8ed1508	X	11157543	R	1	1195	42
dce84078-7c97-4eac-b176-7d7df8ed1508	X	11157439	L	1	-4322	2
48e8f213-874b-4d1a-afc8-806025c77e51	X	11157550	R	1	1185	174
c7a14177-4ee4-4beb-9e9e-0e9403d0d3a1	X	11157550	R	8	19988	76
3d89f50c-1340-4542-b9c6-2af779cffc8f	X	11157550	R	1	1175	75
377b0bc2-995b-47fb-9d71-807183f2500f	X	11160274	R	26	16205	45
377b0bc2-995b-47fb-9d71-807183f2500f	X	11158694	L	26	-7794	2
f4862139-3ef2-425b-b3b8-4d439310ce32	X	11161575	R	28	14924	39
f69b5514-d6f5-4673-8d67-196cb385c697	X	11160274	R	16	16231	30
8bc6c55f-b4df-4d01-9688-242bfb111f7a	X	11159651	R	5	16841	66
1001cb80-2f4f-4af1-8987-44fb4de20192	X	11159651	R	2	16835	161
563884c5-b27d-46ed-90a9-95137ebad5ab	X	11159596	R	4	16892	147
48e69a6f-9f94-4772-9e62-fca3d76b7956	X	11159651	R	12	17046	113
48e69a6f-9f94-4772-9e62-fca3d76b7956	X	11158694	L	12	-7907	3
be1ea1f2-1b5b-4892-88d3-46c3728bf84b	X	11159638	R	1	17477	95
9bf953e8-733d-48a2-9617-478e08c58c63	X	11160274	R	10	16279	141
9bf953e8-733d-48a2-9617-478e08c58c63	X	11158694	L	10	-82	2
05144de1-f8c3-4d9b-b5d6-aa2161a974ba	X	11159638	R	1	10640	54
48edaaf2-346b-4fe4-b90b-245352d656bd	X	11159651	R	17	4855	94
8827adb2-1336-4b4a-ba6b-24d9d95aaee4	X	11159596	R	1	16713	42
bd6d2608-27e7-4cf0-b95d-d7bafaf71e9d	X	11159558	R	7	16973	147
dea073aa-81f6-4a07-982e-b031d6772b63	X	11159595	R	10	8055	31
c22a99e8-5b4f-44a9-84de-627b7770c515	X	11159651	R	5	16949	113
bc16f40b-e615-41ee-b80a-e23f42fad096	X	11159651	R	14	16703	79
d6a2f5ed-e8c2-4758-aec7-199ab063ff61	X	11159651	R	8	16863	106
2116dfaf-4843-4157-a0f9-a46c103ae31c	X	11159434	R	3	6824	65
7b97b62b-7f82-4143-8831-c1dc59298d70	X	11159651	R	13	16913	86
c4a5cac5-ea1a-4f59-af82-9cc08401ec97	X	11159638	R	21	16635	78
2b1d1392-84dd-468a-a029-70a05b270860	X	11159410	R	1	8314	40
0aebb1e0-9ee1-4ab4-be14-b7418cc41611	X	11159596	R	1	1361	88
e036ae84-5cbb-4469-975f-91aa774d36a1	X	11159651	R	15	16877	94
1b3eb296-db63-433b-b532-4fc3910e39ea	X	11159638	R	2	16745	43
1b3eb296-db63-433b-b532-4fc3910e39ea	X	11159035	L	2	-6955	2
52a5ac9b-6fa4-4144-b7d3-4c285bec4fdb	X	11159636	R	4	2876	26
ff3f5667-5ef1-43e9-a82d-94625c10aad0	X	11159638	R	13	16750	23
a5052968-6b69-4e3f-b317-1baf4b3d34eb	X	11159596	R	15	13667	14
1ab2302d-71a9-4a63-85b3-e5b6236d59a6	X	11160274	R	4	12991	181
831b0856-8f27-4d59-af49-42bc0e199d0e	X	11159596	R	5	4919	132
80a90551-32d5-403b-8cf9-d78f0c38a55a	X	11159596	R	4	17118	38
ea56622c-de32-404b-b247-b6b893f0fb8d	X	11159651	R	7	16941	119
14c08777-9101-44ee-8a23-7dcca5609804	X	11160274	R	2	16394	139
72775e92-2716-40df-bac5-82d541bacc47	X	11159638	R	3	3034	68
189dc31d-cf66-4595-b56d-228fba457ae8	X	11159595	R	5	16716	37
189dc31d-cf66-4595-b56d-228fba457ae8	X	11159272	L	5	-17910	2
7bfe5c57-3057-48d8-891e-eab6fb7339b8	X	11159589	R	11	4615	35
2efa9071-d8e4-4eba-be10-01f7813b4aed	X	11172086	R	1	2337	131
2efa9071-d8e4-4eba-be10-01f7813b4aed	X	11169508	L	1	-3320	2
8d3fa1e5-a58f-41ae-af5f-7ba8868aaec3	X	11172086	R	25	2332	62
35def0b1-9d3e-42df-b381-85769f820d23	X	11171830	R	3	2596	36
881f4581-da80-4be9-9e64-cf26c463eb58	X	11172013	R	25	2401	59
881f4581-da80-4be9-9e64-cf26c463eb58	X	11169509	L	25	-8085	7
ff872ec1-77b0-4aed-9e53-3dc47e8ee966	X	11172013	R	9	2379	34
ff872ec1-77b0-4aed-9e53-3dc47e8ee966	X	11169519	L	9	-8183	3
e57b9664-998a-4fab-ad57-6a82cdf946e3	X	11171825	R	16	2594	63
43605489-c2c0-49b7-b349-0cc298597d1d	X	11172086	R	1	2324	168
43605489-c2c0-49b7-b349-0cc298597d1d	X	11169533	L	1	-8208	2
7a3bd8ae-e843-4f7f-8030-f2326e3f7acb	X	11172086	R	40	2333	61
7a3bd8ae-e843-4f7f-8030-f2326e3f7acb	X	11169535	L	40	-8200	2
1deb45b7-e19c-49f4-bc06-2e5727a3b287	X	11170992	R	17	3454	76
1deb45b7-e19c-49f4-bc06-2e5727a3b287	X	11169535	L	17	-8173	4
9b97908d-ea54-4c3d-b43a-211cae9f6343	X	11172013	R	15	2379	79
ef0de2e5-77d5-4168-a8c6-6bfaacb3fdda	X	11172013	R	16	2348	43
642d9e9b-2ec1-4ed9-8b3e-de66e919d7e5	X	11171830	R	18	2181	70
51657791-b02e-4a0f-a635-f77848a2be18	X	11172013	R	4	2379	92
51657791-b02e-4a0f-a635-f77848a2be18	X	11169535	L	4	-8192	2
8ec1e05a-2aec-428a-9445-115bc183368d	X	11172086	R	25	2344	41
8ec1e05a-2aec-428a-9445-115bc183368d	X	11169535	L	25	-8199	4
73b6ad38-2ed2-47ea-b1a9-8cc31b90b45d	X	11172013	R	10	2394	55
2d6cabf4-b2c8-48a7-b564-02d84b20ca2d	X	11171830	R	21	2590	82
2d6cabf4-b2c8-48a7-b564-02d84b20ca2d	X	11169535	L	21	-8177	3
6799415f-38cd-40e2-999f-34a628564d1a	X	11172086	R	32	2339	63
1b93de00-568f-4b3b-a7ce-ca8e7a7881f2	X	11172086	R	26	2326	85
1b93de00-568f-4b3b-a7ce-ca8e7a7881f2	X	11169535	L	26	-8224	5
8488b441-8cb2-49c8-a23f-9e7c91163444	X	11171803	R	23	2605	41
8488b441-8cb2-49c8-a23f-9e7c91163444	X	11169535	L	23	-20776	2
76be41e5-ccac-45bd-8285-e7643d79e24c	X	11172086	R	18	2329	68
76be41e5-ccac-45bd-8285-e7643d79e24c	X	11169535	L	18	-5191	5
ce3e3ead-bd04-498f-9e8f-72a9961699e3	X	11172086	R	21	2321	36
ce3e3ead-bd04-498f-9e8f-72a9961699e3	X	11169535	L	21	-3747	3
e50c754d-d747-4e11-8a1d-fa9929dcf18d	X	11172013	R	33	2403	49
e50c754d-d747-4e11-8a1d-fa9929dcf18d	X	11169535	L	33	-158	4
3014657c-045c-4f36-8fda-8d3a7ab76661	X	11172086	R	26	2340	49
3014657c-045c-4f36-8fda-8d3a7ab76661	X	11169535	L	26	-8205	3
7b0d20a2-ba36-43cf-aba5-bd7b08f0a16a	X	11172013	R	3	2374	59
7b0d20a2-ba36-43cf-aba5-bd7b08f0a16a	X	11169535	L	3	-6009	4
3c73d404-bf74-417f-917c-c4da058685b1	X	11172013	R	37	2408	58
3c73d404-bf74-417f-917c-c4da058685b1	X	11169535	L	37	-8204	3
ea78e339-47c8-457e-b304-ff219c6eae8a	X	11172013	R	37	2408	43
746fc829-f2cd-41f1-934f-388cc71aa105	X	11172086	R	27	2353	51
5c5bed32-0ea3-4159-8b5d-05e47cf447ec	X	11172086	R	23	2310	52
5c5bed32-0ea3-4159-8b5d-05e47cf447ec	X	11169535	L	23	-6059	2
4346a83e-5880-4ffa-9088-70ec0b95c2dd	X	11172013	R	37	2412	71
4346a83e-5880-4ffa-9088-70ec0b95c2dd	X	11169535	L	37	-8239	2
d31db2e1-7732-42fd-861a-dc8e8854dbc5	X	11171803	R	28	2629	64
d31db2e1-7732-42fd-861a-dc8e8854dbc5	X	11169535	L	28	-6041	6
53d3073c-11e6-4221-a55f-53375ba34d85	X	11172013	R	16	2431	52
53d3073c-11e6-4221-a55f-53375ba34d85	X	11169535	L	16	-8169	2
1a355a8a-2a7c-4d07-b49b-3aeff48b6bde	X	11172013	R	31	2407	50
23dac831-c952-49b3-a7ae-7415433a849e	X	11172086	R	21	2317	46
6337309b-ba79-4445-b036-a9753a4b986c	X	11171961	R	42	2440	62
6a598a73-f0e1-44b7-955d-c396b7030871	X	11172086	R	30	4494	32
5af27c14-583a-4a55-94ce-7c4a6a1568e4	X	11171003	R	1	3481	234
5af27c14-583a-4a55-94ce-7c4a6a1568e4	X	11169535	L	1	-335	2
b4b22c5c-6651-4492-801d-c95a2ef13c89	X	11172013	R	4	2323	159
d85ce910-2459-4706-892e-e6f281e9f6ea	X	11172013	R	18	2379	198
03c7e4c3-d689-4e0e-bd53-2ccbe88a1ff3	X	11172013	R	6	2391	218
4518329a-9acb-46e0-969f-13e3688307a9	X	11172086	R	1	2330	208
4518329a-9acb-46e0-969f-13e3688307a9	X	11169535	L	1	-8180	2
cfe3899d-7502-43ad-9a71-d45f3b13396c	X	11172013	R	11	2388	154
1a074962-f89d-47b8-a1ba-b3c45649b33d	X	11172086	R	10	2317	178
328ecbe1-8ddf-469a-aafa-f181640ec655	X	11172013	R	11	2372	121
328ecbe1-8ddf-469a-aafa-f181640ec655	X	11169535	L	11	-7224	2
897bf3e1-f528-4b48-9770-c266c25884a4	X	11171830	R	37	2604	96
5375c71b-8873-44bc-be44-3abf849e2031	X	11172086	R	20	352	182
69000825-a54b-4476-ab7d-36a25d852ee2	X	11172013	R	22	2382	171
69000825-a54b-4476-ab7d-36a25d852ee2	X	11169535	L	22	-8214	2
95cfef07-dd4f-47c2-91c6-cec25018a063	X	11172013	R	3	2391	172
95cfef07-dd4f-47c2-91c6-cec25018a063	X	11169535	L	3	-8185	2
9d4ac82e-15a0-4f61-be4e-ad8c89eab43b	X	11172013	R	54	2385	73
ddb89aa5-53fc-4db5-8963-13ea7c718a16	X	11172013	R	3	2391	169
ddb89aa5-53fc-4db5-8963-13ea7c718a16	X	11169535	L	3	-8229	3
3001b60e-b768-498f-8f9b-066d4d3cd23c	X	11171830	R	1	2578	126
57f2de40-7754-4349-8330-5ad37933eb33	X	11172013	R	24	2378	130
6c81bee0-ad86-45aa-bfb1-f3590140887f	X	11171830	R	6	2553	107
bfb9f750-97aa-401e-b553-0442be179153	X	11172086	R	11	2306	132
78345a64-889a-4007-a301-17d846d26512	X	11172086	R	12	2310	93
200b6494-a262-40fd-94cf-485026d0e3d1	X	11172086	R	1	2288	163
200b6494-a262-40fd-94cf-485026d0e3d1	X	11169535	L	1	-6515	2
2b0cf64c-a4c8-4176-bf04-55649f4c14a9	X	11172086	R	21	2327	145
2b0cf64c-a4c8-4176-bf04-55649f4c14a9	X	11169535	L	21	-8191	2
1e3fd5e0-41d6-44a8-8533-fd622df1c580	X	11172013	R	49	2389	88
3768e3de-f32a-4515-8b84-34dc749f530c	X	11172086	R	2	2332	187
356a1822-6a84-4f59-9208-9c1915f169b8	X	11171003	R	13	3477	100
356a1822-6a84-4f59-9208-9c1915f169b8	X	11169535	L	13	-8100	3
15704a28-325e-4199-a175-b05081106d36	X	11172013	R	9	2394	124
0176d566-db05-4d03-82c9-be66fb8d87a1	X	11172086	R	7	2247	76
b508cf4a-8d00-4779-a02f-d84c4a54b7c7	X	11172086	R	20	829	91
c8f6e992-19a6-4a59-be55-90aafe65018f	X	11172018	R	18	2403	95
c8f6e992-19a6-4a59-be55-90aafe65018f	X	11169535	L	18	-6487	8
5511b13b-e359-4549-b1b4-549507ad45d6	X	11171828	R	2	2642	163
077807ab-2d69-4e2c-bf17-961c4f7ea454	X	11172013	R	14	2370	139
e768c8f6-f1d4-4bad-a2be-f972f5c6af81	X	11172086	R	22	2335	127
42c87d5c-612e-493d-aa15-6072b0d730f6	X	11172013	R	24	2378	112
fc230524-8a2b-43a0-b53e-1ba4b4f89882	X	11172086	R	10	2322	147
cf32902d-0138-4b6f-833d-caceb0acb8b5	X	11171830	R	42	2603	47
93433111-08d1-4ee8-9914-9e0597f17f72	X	11171830	R	26	2600	35
93433111-08d1-4ee8-9914-9e0597f17f72	X	11169535	L	26	-8185	36
17234043-2e76-4cff-8617-bb02fdd03560	X	11172013	R	11	2391	139
b7ac2f6a-762e-488a-92a2-d0dbff3466e5	X	11171830	R	8	2607	157
42000543-de96-4eb5-9492-b9c6c969e46e	X	11172086	R	24	2344	66
42000543-de96-4eb5-9492-b9c6c969e46e	X	11169535	L	24	-8197	3
9c4ea410-8334-4966-ab13-f933916115a5	X	11172013	R	50	2383	82
19aa2727-d2d2-4f9a-b75f-0e6f07de6304	X	11172013	R	29	2410	132
19aa2727-d2d2-4f9a-b75f-0e6f07de6304	X	11169535	L	29	-20933	4
2a2d6111-0390-4c84-b738-22265424d483	X	11171830	R	18	2598	158
2a2d6111-0390-4c84-b738-22265424d483	X	11169535	L	18	-8198	2
8ecdb1b1-0b42-4933-b7a3-c5d7ca25ac67	X	11172013	R	29	2431	108
8ecdb1b1-0b42-4933-b7a3-c5d7ca25ac67	X	11169535	L	29	-8145	3
4fc0961f-097b-49f2-ae52-270997f15852	X	11171830	R	1	2561	126
08dd847b-b0b7-402d-8f68-186d15180f3f	X	11172086	R	6	2267	112
08dd847b-b0b7-402d-8f68-186d15180f3f	X	11169535	L	6	-8185	2
2b4bac94-61c5-4b9a-b6bb-ecf1df0d0efa	X	11171830	R	6	2567	120
2b4bac94-61c5-4b9a-b6bb-ecf1df0d0efa	X	11169535	L	6	-8143	2
1400e81a-5aae-479d-98e5-3bdd68e822a2	X	11172086	R	1	2311	58
66391445-0416-48eb-9185-9dd687b50eda	X	11172013	R	7	2396	141
dbdf987e-54bd-4087-87e0-9e9b1cafbdb2	X	11171830	R	7	2603	119
05430976-edda-4c28-a663-618f47cc8316	X	11171830	R	21	2609	128
81c0d6bb-0ba2-4459-8268-013e8de303c1	X	11172013	R	51	2389	124
81c0d6bb-0ba2-4459-8268-013e8de303c1	X	11169535	L	51	-8231	3
48e7c57d-70a4-4a58-8a1f-c7bbec7571ff	X	11172013	R	19	2383	93
41f1bb3c-0d2f-4009-bb6b-5d99231a4a5d	X	11172086	R	33	2317	119
55715c0a-fed7-4841-985d-e56cc8e1b372	X	11172086	R	35	2319	98
55715c0a-fed7-4841-985d-e56cc8e1b372	X	11169535	L	35	-8215	2
b8127bc5-a176-4e91-8d0f-9d0dbf67e0ba	X	11171830	R	11	2572	129
00b66df2-6a29-498f-b9f4-63a17458066e	X	11172086	R	60	2329	86
95aae329-ca31-4408-9b72-af38c297de1e	X	11172086	R	23	2329	54
95aae329-ca31-4408-9b72-af38c297de1e	X	11169535	L	23	-8197	2
3f7c2272-b84c-488a-a5fd-7085abfc995d	X	11171830	R	10	2583	93
77e5167f-68ad-4bfd-9d3c-91e8e4ccb037	X	11172086	R	41	2332	101
ab066da5-e9b5-49b2-af1b-cf835a970eff	X	11171830	R	24	2553	46
218a7774-9df8-4528-bc14-c10e2815f6e4	X	11172086	R	20	2319	49
d5e077b4-c159-4c08-b726-808a9e678e46	X	11171830	R	28	2575	94
90fd552f-d832-4968-8a71-dfd8f36ad487	X	11172086	R	24	2298	126
c3f6a35a-460f-43ed-a0c6-e0cd7819c3df	X	11171830	R	13	2589	28
623e5044-6db3-473f-8f87-7cf71e04c796	X	11172086	R	46	2295	121
45a047ac-4b1a-438f-a410-6ad9f54a5c3e	X	11171819	R	16	2611	65
2b615096-8d28-4699-9279-392b194fbdb0	X	11171003	R	17	1512	58
5946db91-329b-4501-8e45-9790d6c96edf	X	11171003	R	3	3453	95
5946db91-329b-4501-8e45-9790d6c96edf	X	11169535	L	3	-8883	2
2f3024bc-e54c-4676-a70f-735fd05904e0	X	11171830	R	25	2548	43
2f3024bc-e54c-4676-a70f-735fd05904e0	X	11169535	L	25	-7232	2
664bf6ed-032f-4f60-89ce-69fee8be68c8	X	11172086	R	4	2318	101
0705aa5d-bf51-4fc3-a4ac-82a1f7288269	X	11172013	R	22	2392	113
c9a8d202-9d46-4458-bffb-4a8c232be043	X	11171828	R	6	1086	40
18fa47ee-2c44-40c5-b842-8f52510a4e07	X	11172086	R	25	2232	40
18fa47ee-2c44-40c5-b842-8f52510a4e07	X	11169535	L	25	-7241	2
8a1914c3-ac01-4677-9771-e8b7dd3f1a79	X	11171830	R	58	2617	31
63a7582d-8eae-4235-a985-0fa4a220867e	X	11171830	R	17	2606	65
a6aaee83-f7b0-49c9-8baa-92b33815b202	X	11171830	R	17	2559	71
9e33d2cb-fc5b-4511-8384-9d845e3cac7a	X	11171830	R	24	2581	54
03f5e3e1-bcd4-478b-835c-13f8b4fbaf98	X	11172013	R	44	2400	83
03f5e3e1-bcd4-478b-835c-13f8b4fbaf98	X	11169535	L	44	-8213	2
6d59602c-6ac6-4956-9920-cf9e1ad99017	X	11172013	R	10	2377	16
dea8804c-19b0-4e0f-aaed-014024f4217c	X	11172086	R	23	2323	69
dea8804c-19b0-4e0f-aaed-014024f4217c	X	11169540	L	23	-8175	2
c9e5d320-5730-428e-967f-0197325a527d	X	11172013	R	31	2414	23
c9e5d320-5730-428e-967f-0197325a527d	X	11169541	L	31	-8133	5
78f1fb74-71fc-4a10-9ea5-289fc69aa99e	X	11172013	R	21	2411	175
a187c557-6c90-4ab1-aa62-e26e82c7da3a	X	11172013	R	28	883	141
a187c557-6c90-4ab1-aa62-e26e82c7da3a	X	11169543	L	28	-8205	3
ffcb68b1-00c8-438a-9fd9-c4e30973c61c	X	11172086	R	8	2321	183
3cc094cb-f107-4f05-8ece-1d613cdcdc55	X	11171961	R	16	2439	81
c1bbdc88-bc8c-41a0-8471-831b50dd54a2	X	11172013	R	32	2395	122
cf5939ea-74e1-4994-b1f5-7076a41834f3	X	11171830	R	37	2595	83
cf5939ea-74e1-4994-b1f5-7076a41834f3	X	11169543	L	37	-8541	57
de1059eb-b994-421d-a352-837592ae3d86	X	11171830	R	24	2613	118
de1059eb-b994-421d-a352-837592ae3d86	X	11169545	L	24	-8224	2
5befd08a-11d2-456e-b16b-72cd8d1c4ad4	X	11171830	R	43	2591	93
dad17b23-bf3e-4151-a55f-4d5c1499a5c7	X	11171828	R	14	2600	39
dad17b23-bf3e-4151-a55f-4d5c1499a5c7	X	11169746	L	14	-9281	96
1155eea8-ff23-42c2-9d87-fddbe5b574eb	X	11172013	R	11	2348	54
1155eea8-ff23-42c2-9d87-fddbe5b574eb	X	11169746	L	11	-20893	12
b37095ed-3e13-4008-853a-cae246559d1e	X	11172013	R	8	2374	138
fc0b5261-2554-433e-a31d-53e789c64818	X	11172086	R	40	2344	29
fc0b5261-2554-433e-a31d-53e789c64818	X	11169747	L	40	-4926	2
393f23aa-b571-4d9f-9963-619a603c2774	X	11172013	R	4	2397	57
8eff4bb0-589e-46aa-998a-096701bb16bf	X	11172086	R	11	2273	64
8eff4bb0-589e-46aa-998a-096701bb16bf	X	11169747	L	11	-8200	4
5f18391e-8c88-4990-906f-a80f47768f7d	X	11171961	R	17	2441	61
bb8ca062-faf6-4e04-a46b-b00b75388046	X	11172086	R	34	2307	31
eed30a93-c916-47f7-a9d3-eb81029699eb	X	11172085	R	21	2331	80
eed30a93-c916-47f7-a9d3-eb81029699eb	X	11169747	L	21	-8351	3
cf955353-8fbf-4ccc-9cd5-a3105050c751	X	11171829	R	1	2595	24
c368a8ff-8a2d-4249-8836-390568aabf7a	X	11172086	R	25	2311	40
c368a8ff-8a2d-4249-8836-390568aabf7a	X	11169747	L	25	-7815	7
eae3d173-76af-467c-806d-3f6691836d77	X	11172013	R	14	2400	68
13ec980c-7bf2-48df-94da-46cd20172e9c	X	11172086	R	7	2326	48
13ec980c-7bf2-48df-94da-46cd20172e9c	X	11169747	L	7	-8295	2
b6c5e010-3436-4a87-92f2-7db1bfaf18d9	X	11172013	R	13	922	46
b6c5e010-3436-4a87-92f2-7db1bfaf18d9	X	11169747	L	13	-5360	3
757110eb-4f8e-45f6-a122-12ecaec5f803	X	11172086	R	25	2342	59
757110eb-4f8e-45f6-a122-12ecaec5f803	X	11169747	L	25	-2098	2
9739b3d8-74f6-4171-9d54-ca65ee982a36	X	11172086	R	13	2318	43
a382707a-f3bb-4c18-9ef9-4b6396d03b7f	X	11171830	R	1	2589	51
b1997489-b762-4e06-8009-b9da59eb4742	X	11172013	R	1	2378	24
b1997489-b762-4e06-8009-b9da59eb4742	X	11169747	L	1	-8308	2
92fee4e5-0c46-4f2f-bb62-4aec9a2bed31	X	11172013	R	5	2379	47
6572fea6-38f7-4bb9-84f0-488d4b9584c8	X	11172086	R	8	2325	43
6572fea6-38f7-4bb9-84f0-488d4b9584c8	X	11169747	L	8	-8357	2
67a9b944-47fc-42ce-94db-5c592726a6c2	X	11172018	R	7	2404	49
67a9b944-47fc-42ce-94db-5c592726a6c2	X	11169747	L	7	-3255	6
b2536192-a967-424d-b08d-ed431671d039	X	11172086	R	8	2303	75
b2536192-a967-424d-b08d-ed431671d039	X	11169747	L	8	-20906	3
28e3b715-5c50-4d1f-a533-7f2915708ddb	X	11172086	R	27	2335	83
28e3b715-5c50-4d1f-a533-7f2915708ddb	X	11169747	L	27	-8394	3
7e33a50e-d439-4699-b31c-1e7c6d50343a	X	11171828	R	4	2612	51
7e33a50e-d439-4699-b31c-1e7c6d50343a	X	11169747	L	4	-8400	2
509a2a45-003f-44ef-b395-c792148796d6	X	11172086	R	8	2328	34
509a2a45-003f-44ef-b395-c792148796d6	X	11169747	L	8	-6230	2
cc6df627-d39b-4ad4-a78f-7f7e640e7a00	X	11172013	R	4	2401	36
cc6df627-d39b-4ad4-a78f-7f7e640e7a00	X	11169747	L	4	-8372	3
debdae78-5831-4afc-9b3f-0d1d20929a6e	X	11172086	R	11	2319	60
ad3579e9-419b-4c91-bd32-4385e448d8cd	X	11172086	R	32	2289	39
ad3579e9-419b-4c91-bd32-4385e448d8cd	X	11169747	L	32	-21004	4
221a74f0-4a30-44fb-a2c3-170fbde033e9	X	11172086	R	31	2323	63
221a74f0-4a30-44fb-a2c3-170fbde033e9	X	11169747	L	31	-5349	4
8bfc015b-4c62-4aa0-b768-1fa1252b6f32	X	11172013	R	24	3366	9
613f9d07-1126-4b55-89da-4a40592449f5	X	11172086	R	2	2323	238
a985c4f7-4552-4d3c-b330-405313f2fa7f	X	11172086	R	17	2331	211
bc6a44e3-7ed1-4005-90a4-f7e6c962f517	X	11172013	R	22	2383	95
bc6a44e3-7ed1-4005-90a4-f7e6c962f517	X	11169747	L	22	-19966	2
3b66d2f8-b4a2-4d1a-a8d1-657d1f9f9a91	X	11171830	R	11	2618	137
2cd283dc-5c00-4473-bd23-37573687e56e	X	11171003	R	4	3475	89
2cd283dc-5c00-4473-bd23-37573687e56e	X	11169747	L	4	-8341	3
9a55c894-b9d9-4cb3-8f82-2c4b69124aad	X	11172086	R	1	2298	63
db6be41a-3b42-415c-895b-3a92c7406824	X	11172013	R	5	2372	156
e85d1920-3e66-4a57-a535-db0755440a93	X	11171830	R	5	2587	103
e85d1920-3e66-4a57-a535-db0755440a93	X	11169747	L	5	-8375	2
158d032e-7f09-49fb-8a53-f9320783b304	X	11172013	R	6	2389	174
3ac0fd93-b0a3-4a73-b3cc-75ce2c586130	X	11172013	R	5	2390	95
84cb2e2b-e86d-4ffa-8213-c16fadc1d42a	X	11172013	R	2	2400	126
5dc7a962-16f7-4082-a538-b92c93872b57	X	11171830	R	1	2614	65
5dc7a962-16f7-4082-a538-b92c93872b57	X	11169747	L	1	-8363	2
99488ead-d13f-4364-a57f-9d5368bd36e1	X	11172013	R	50	2416	48
83577ace-ca55-45a5-8fd3-1538141db8ad	X	11172013	R	5	2365	145
3d5686b6-bb91-4e5b-8839-bc29d5a79d88	X	11172086	R	27	2323	81
3d5686b6-bb91-4e5b-8839-bc29d5a79d88	X	11169747	L	27	-5377	2
f6442e8d-cd08-43ff-95c8-b8831ae95f1d	X	11172086	R	16	2342	181
b413f3e5-9acc-4928-82e8-dbfdef0c55ab	X	11172086	R	2	2292	111
64bc3edf-a3ac-4ffe-817d-9de30d75b517	X	11171830	R	8	2617	82
64bc3edf-a3ac-4ffe-817d-9de30d75b517	X	11169747	L	8	-8367	2
89dbed7e-2457-471c-87a1-1a29d1c6c8f5	X	11172013	R	29	2399	116
89dbed7e-2457-471c-87a1-1a29d1c6c8f5	X	11169747	L	29	-8293	2
a6cee045-b976-4560-b6fa-61667749351c	X	11172086	R	23	2326	98
a6cee045-b976-4560-b6fa-61667749351c	X	11169747	L	23	-2348	12
7c27d7c5-5bd6-455e-b019-6ae9ca9ef83b	X	11172086	R	25	2330	73
7c27d7c5-5bd6-455e-b019-6ae9ca9ef83b	X	11169747	L	25	-8402	2
ce996ec4-7c75-4e1d-b40f-ba6f6ed36487	X	11172086	R	29	2298	159
8deb457a-bb75-429a-b934-ec350ee09187	X	11172013	R	24	2379	68
9536766b-50d5-4e41-a268-862e29da4297	X	11171830	R	6	2608	138
9536766b-50d5-4e41-a268-862e29da4297	X	11169747	L	6	-4119	4
e813ae05-0c8a-4fad-9fac-766c1e4782f1	X	11171830	R	13	2591	174
e813ae05-0c8a-4fad-9fac-766c1e4782f1	X	11169747	L	13	-8351	2
677ce933-aa18-4a10-bcd0-a20e6f20da0e	X	11172013	R	1	2402	143
c0ba1459-0fba-41da-95ad-d5d2fdb99c21	X	11171827	R	6	2613	129
b80912a4-4ccb-4d06-b911-ed6069cf35db	X	11171828	R	3	2605	141
fad903b6-de04-43cc-a8ca-97cc1b255c09	X	11171955	R	2	2430	144
ee5d462b-0c6b-454c-a5d4-2678f1f678ed	X	11171002	R	1	3431	56
5c25ee5a-24dc-4712-9a47-765258363ce5	X	11171000	R	7	3448	61
5c25ee5a-24dc-4712-9a47-765258363ce5	X	11169747	L	7	-9217	2
cdf3b838-9ef8-4642-adbe-181cd6aed82f	X	11172086	R	13	2322	102
0ce0f0d5-5529-4c1d-bc25-c41f37969127	X	11172013	R	27	2391	127
450ea4ca-649b-4bd5-8fd0-86d5ca7bed9b	X	11171829	R	9	2597	91
1ca54cff-1a47-4c24-b9c4-778ab5eb7652	X	11172086	R	16	2322	53
a2cf8c7f-4efc-4efe-84ae-e34a8fe8ba0a	X	11171823	R	5	2605	108
a2cf8c7f-4efc-4efe-84ae-e34a8fe8ba0a	X	11169747	L	5	-8378	5
af87b72d-6ec5-4f4c-b9dd-c8e2503fa004	X	11172086	R	23	2315	146
b1c4ca41-82b3-4859-8564-f190a115530d	X	11171830	R	13	2558	85
b1c4ca41-82b3-4859-8564-f190a115530d	X	11169747	L	13	-8352	2
0bc1f179-a8b7-4ee0-953e-f58991024653	X	11172086	R	18	2318	150
0bc1f179-a8b7-4ee0-953e-f58991024653	X	11169747	L	18	-8391	2
464d0cfc-808e-4035-aa17-5c0aa3289e50	X	11172011	R	21	2392	104
572520a3-3b7d-49c3-99d8-40917ade91ad	X	11172086	R	9	2325	117
572520a3-3b7d-49c3-99d8-40917ade91ad	X	11169747	L	9	-10452	9
95486bee-13b5-422e-b62d-7b95a9104fd2	X	11172086	R	30	2324	131
95486bee-13b5-422e-b62d-7b95a9104fd2	X	11169747	L	30	-8431	2
dc34385a-486b-4a11-acc5-56f22400b0ab	X	11172013	R	26	2405	109
dc34385a-486b-4a11-acc5-56f22400b0ab	X	11169747	L	26	-8374	3
675f88d3-9a4b-47e1-a6d9-01c3ab323d9a	X	11172086	R	17	1240	117
9ef6c3a1-c910-487a-bd93-364bc0b59896	X	11172086	R	5	2332	43
9ef6c3a1-c910-487a-bd93-364bc0b59896	X	11169747	L	5	-21030	2
9652b174-0d11-489f-9f6e-1c81b967abed	X	11172013	R	6	2371	108
220dd0fd-2f68-4039-8511-e3cc05494c3f	X	11172013	R	13	2387	30
220dd0fd-2f68-4039-8511-e3cc05494c3f	X	11169747	L	13	-8368	2
dd4a6d17-2277-4a24-a944-956d47ff9fe6	X	11172086	R	1	2305	102
dd4a6d17-2277-4a24-a944-956d47ff9fe6	X	11169747	L	1	-8353	3
f01382fe-0545-4f0b-a330-d07f2b503dd4	X	11172086	R	18	2312	76
7e2d6e40-e54d-4d63-a667-3bbbb9f87e0d	X	11171830	R	9	2601	143
6c140620-b4b3-4c38-bba6-19f0303f4d16	X	11172086	R	7	2311	96
9dfa686b-b5d9-4921-9e06-da3821272d11	X	11172013	R	20	2387	111
9dfa686b-b5d9-4921-9e06-da3821272d11	X	11169747	L	20	-8369	2
a621bf55-9c4e-4fa2-8cab-95dc8eef10c5	X	11172013	R	6	2404	139
8c210f66-5b1e-427c-829f-a7933b2091d7	X	11172086	R	1	2309	101
8c210f66-5b1e-427c-829f-a7933b2091d7	X	11169747	L	1	-8291	2
9ebb2f38-bdb7-4bfb-a46e-928bae166afe	X	11172013	R	11	2381	111
efccb779-1881-4107-8321-c85401fbb04e	X	11171004	R	3	3457	66
1b35f672-6183-4aca-b88e-ced9e8f3ddcb	X	11172013	R	4	2380	80
de81ed84-4b0d-469b-aea9-5c2f6caa485d	X	11172086	R	16	2324	116
de81ed84-4b0d-469b-aea9-5c2f6caa485d	X	11169747	L	16	-15077	4
b39f0bdf-ea4f-40ea-9b21-cfb1d9ab7518	X	11172086	R	19	2342	61
c73f8d7c-5ba8-492f-a851-e56997154669	X	11172013	R	30	2396	98
c73f8d7c-5ba8-492f-a851-e56997154669	X	11169747	L	30	-1025	6
cdde497f-d75c-4e3a-8a78-3dec475f194f	X	11171827	R	5	2602	90
ee472df3-cfea-4aad-a262-681c1dd75daa	X	11172013	R	44	2395	108
ee472df3-cfea-4aad-a262-681c1dd75daa	X	11169747	L	44	-8417	2
cd8383eb-3746-4f71-b91a-f0b8ba5e11a2	X	11171830	R	11	2590	42
8936d7f2-ad04-4cf2-87f4-8dc79029352b	X	11172086	R	3	2326	63
8936d7f2-ad04-4cf2-87f4-8dc79029352b	X	11169747	L	3	-21070	3
e92e2387-3840-4165-b866-dfe844f976e0	X	11171827	R	1	2605	85
5669f8d3-178c-4262-a24e-7c9312677395	X	11172086	R	15	2310	63
69988d71-99bd-4822-8c4d-44782c59a4f3	X	11171000	R	15	3387	11
69988d71-99bd-4822-8c4d-44782c59a4f3	X	11169747	L	15	-8337	3
b240f2a1-9f58-4c29-a2cd-c636ac01cce7	X	11172086	R	3	2318	58
655d391c-5253-434f-81ae-85aa8a9b36c5	X	11171830	R	10	2597	77
5fe41cac-f538-47c6-b959-3d934328438c	X	11172013	R	3	2378	69
94d87e89-32a3-4680-8e59-8f136a656165	X	11172013	R	20	2395	71
94d87e89-32a3-4680-8e59-8f136a656165	X	11169747	L	20	-5464	6
cc6b8140-8e12-443e-8b21-f92d753c4293	X	11171830	R	10	2614	27
cc6b8140-8e12-443e-8b21-f92d753c4293	X	11169747	L	10	-8358	2
bc15299c-c8b4-4994-b4f6-3445cc413063	X	11171830	R	13	2605	29
f1ba5e58-d7ed-4487-86f4-2ece2aab372b	X	11171816	R	9	2568	28
f1ba5e58-d7ed-4487-86f4-2ece2aab372b	X	11169751	L	9	-8200	4
11eb809b-5b7c-4fdf-acd2-720d29898b80	X	11172006	R	10	2406	100
71c3f3d4-00a9-4ebd-b84b-343e583825cc	X	11172086	R	7	2299	208
6248479f-cddd-4c3d-ad20-302fbfb26398	X	11172013	R	7	2408	112
6248479f-cddd-4c3d-ad20-302fbfb26398	X	11169752	L	7	-8392	4
8ec70323-e801-44a3-ba13-d6bf8b835971	X	11172018	R	2	2462	21
d797a391-30be-4a92-92bf-8fb9151eebad	X	11172013	R	27	2370	42
3ae8c153-33c6-4d0b-b58e-8cb7bba99615	X	11172013	R	4	2395	167
af05f3d7-6780-4791-8e2a-22b71cb7883d	X	11171827	R	1	2586	156
f7d1647d-a4d0-41b4-9a15-5fd4d651b2b9	X	11171830	R	5	2571	59
f7d1647d-a4d0-41b4-9a15-5fd4d651b2b9	X	11169789	L	5	-8393	3
404babde-0619-4a96-92b5-d6655474420b	X	11172013	R	17	2409	72
404babde-0619-4a96-92b5-d6655474420b	X	11169790	L	17	-8376	2
be8a3784-bbe5-4343-afeb-9e80e993b2b4	X	11172013	R	12	2336	33
0171af0a-de6b-4ad0-87a2-8e3cb281b450	X	11172013	R	1	2361	25
0171af0a-de6b-4ad0-87a2-8e3cb281b450	X	11169790	L	1	-8366	3
edc26858-ab49-4f0a-9c5d-992f4d531dca	X	11171631	R	1	2776	75
8bd01dc5-039a-45de-97a3-1bf806144121	X	11172013	R	9	2410	65
8bd01dc5-039a-45de-97a3-1bf806144121	X	11169790	L	9	-8471	3
88b87566-3801-4cc0-8136-aa02a9757928	X	11172086	R	27	2323	50
47e35907-8405-45dc-bca7-88c52277397f	X	11172013	R	10	2370	39
47e35907-8405-45dc-bca7-88c52277397f	X	11169790	L	10	-8333	3
762fdc90-0b83-4425-a3da-2481f3a1aea5	X	11172086	R	3	2275	33
762fdc90-0b83-4425-a3da-2481f3a1aea5	X	11169790	L	3	-8317	3
6ee85e09-ae77-4158-ac02-e1553741494f	X	11171003	R	1	3450	156
6e4fb72b-49ce-4b9b-8f9c-3fb56e890f7c	X	11171830	R	23	2609	64
6e4fb72b-49ce-4b9b-8f9c-3fb56e890f7c	X	11169790	L	23	-1229	2
a1ed0b7a-d00e-4911-9989-02d218c0a8d0	X	11171821	R	12	2565	70
a1ed0b7a-d00e-4911-9989-02d218c0a8d0	X	11169790	L	12	-8311	2
97f391cf-dcc9-475f-9517-865d675ed2ac	X	11171819	R	26	2619	191
c0554f92-787b-45f1-8389-3ba78a374206	X	11172086	R	31	2329	171
4b67b418-46fd-46fe-b005-03a73f8dba73	X	11171003	R	4	3455	41
5c512665-09f4-4cff-a30a-15e466081d88	X	11172086	R	10	2242	100
71cc6265-5f7b-4083-bea7-2aa03d3ca9c9	X	11172086	R	7	2319	153
71cc6265-5f7b-4083-bea7-2aa03d3ca9c9	X	11169790	L	7	-8385	3
57174b31-d943-4ff5-9c5c-d31c604601ca	X	11172013	R	14	2397	114
57174b31-d943-4ff5-9c5c-d31c604601ca	X	11169790	L	14	-8397	6
23bef251-7578-4945-9dd5-7ad10639904e	X	11172013	R	15	2368	91
23bef251-7578-4945-9dd5-7ad10639904e	X	11169790	L	15	-5461	2
e08a32e7-35ee-4b81-9bb4-d052928dc789	X	11172013	R	3	2376	97
d9184472-330d-41c0-99cf-5861711cc3bb	X	11172013	R	3	2387	99
7945ca82-69c6-4747-bf2b-cd27a289c401	X	11171003	R	8	3424	31
db640c8a-13f6-4f46-a14e-fdb68ead21f3	X	11171828	R	5	2611	150
25a7e2d4-00a4-40d8-b76a-81a787af5772	X	11172086	R	3	2333	109
25a7e2d4-00a4-40d8-b76a-81a787af5772	X	11169790	L	3	-8401	4
47c68491-63c6-4464-9a2b-96c7c425d441	X	11171830	R	21	2599	112
974eab27-7a75-4ab9-a269-f1fbef252fec	X	11172086	R	4	2287	93
974eab27-7a75-4ab9-a269-f1fbef252fec	X	11169790	L	4	-8494	3
3054b02f-9ab7-4cc2-ac43-9f34229d1201	X	11171002	R	4	3465	116
3054b02f-9ab7-4cc2-ac43-9f34229d1201	X	11169790	L	4	-8268	3
c2273f34-4c8f-4aed-a4d2-3f2974469dcc	X	11172013	R	4	2392	135
0b0b5c1e-fb1e-47f1-bab6-29ac6cc63f21	X	11171830	R	6	2581	84
b7f5cce0-027b-4a33-b3f0-a43b5a5fe77f	X	11171828	R	1	2607	72
63e1802d-035e-486f-bc6c-a87b71619d24	X	11172013	R	23	2409	106
b2e5b4d4-514e-4058-b4c8-0aa725024d74	X	11171830	R	9	2583	95
b2e5b4d4-514e-4058-b4c8-0aa725024d74	X	11169790	L	9	-8330	3
08d23e55-e675-40e4-a618-dd2f001de0d0	X	11172086	R	10	2312	47
f4970deb-effd-4dbd-b6f1-d1de315b2012	X	11171003	R	2	1699	65
f4970deb-effd-4dbd-b6f1-d1de315b2012	X	11169791	L	2	-8359	4
19c01cfa-1127-4005-b139-b42f91ea3868	X	11171830	R	17	2603	91
02b47612-e777-47bf-9460-32994f94af85	X	11172086	R	7	2321	70
02b47612-e777-47bf-9460-32994f94af85	X	11169829	L	7	-4747	18
267ad392-e324-4c04-a0fc-a13e85bc26c8	X	11172086	R	36	2343	189
267ad392-e324-4c04-a0fc-a13e85bc26c8	X	11169835	L	36	-8516	2
2ad1ee08-b52a-4395-af3f-afc02a9d4c38	X	11172013	R	8	2345	111
76aa8343-16d3-4456-8bfd-0dca80cdecf4	X	11172086	R	31	2336	107
76aa8343-16d3-4456-8bfd-0dca80cdecf4	X	11169835	L	31	-22229	2
f8034132-23df-42a6-bb61-0b53a81a76f8	X	11172013	R	22	2383	98
f8034132-23df-42a6-bb61-0b53a81a76f8	X	11169835	L	22	-8439	2
99ffca02-ee1a-441c-81f6-0e3a16fae812	X	11171003	R	4	3449	67
99ffca02-ee1a-441c-81f6-0e3a16fae812	X	11169835	L	4	-8431	2
7e0c33ce-83a9-4ee1-a803-b4c2a3c1cc21	X	11172086	R	15	2320	82
dbe24bd4-83b1-4e6b-aeb4-3c0993b792d1	X	11172013	R	18	2367	100
dbe24bd4-83b1-4e6b-aeb4-3c0993b792d1	X	11169839	L	18	-8416	2
72e05a06-677a-4c2a-b4cb-28134932212c	X	11172013	R	8	2358	63
9b730295-72ed-4a56-8868-f12bd7f90062	X	11172013	R	5	2367	176
67a32bcd-d9e6-463d-a684-f28063538581	X	11171828	R	14	2601	46
67a32bcd-d9e6-463d-a684-f28063538581	X	11169844	L	14	-8465	5
99a38225-2fa7-4627-90ea-9fefce2e8bff	X	11171000	R	1	3380	60
99a38225-2fa7-4627-90ea-9fefce2e8bff	X	11169844	L	1	-21686	3
b175959c-71eb-4819-ae53-06a175bbc4e0	X	11172086	R	11	2321	122
b175959c-71eb-4819-ae53-06a175bbc4e0	X	11169903	L	11	-8520	2
ff3f681c-b623-4e46-9885-5555a96f638f	X	11171821	R	2	2572	77
ff3f681c-b623-4e46-9885-5555a96f638f	X	11169903	L	2	-8410	3
99afd87d-ceda-4c28-b8d8-9ee9d3ad5178	X	11171005	R	1	490	41
99afd87d-ceda-4c28-b8d8-9ee9d3ad5178	X	11169904	L	1	-14584	2
99894450-962d-46b1-9f37-51cfd16a8a2b	X	11172086	R	17	2339	52
c6869aa9-bd27-4982-927b-17f41ef7f085	X	11172013	R	28	2385	35
c6869aa9-bd27-4982-927b-17f41ef7f085	X	11169904	L	28	-8533	3
ad701d94-7234-42e3-a4ca-6ce33d2837f4	X	11171830	R	18	2584	42
ad701d94-7234-42e3-a4ca-6ce33d2837f4	X	11169904	L	18	-8536	2
954ff57e-0a65-4967-9997-30497be08c45	X	11171830	R	35	2589	38
954ff57e-0a65-4967-9997-30497be08c45	X	11169904	L	35	-8521	3
b885577a-82e2-4a1e-8447-fcbf7fbad798	X	11171830	R	2	2603	40
b885577a-82e2-4a1e-8447-fcbf7fbad798	X	11169904	L	2	-3408	5
744b1057-bb0b-4688-870a-376ab5e0b89b	X	11172012	R	13	2418	40
744b1057-bb0b-4688-870a-376ab5e0b89b	X	11169904	L	13	-8448	3
cb7126c0-4bb6-4359-a3ec-aa6ab9a484e1	X	11171830	R	20	2602	68
d5fd1123-7fcc-49e9-bbc4-67f8c903aaff	X	11172017	R	12	2382	88
621e5428-f195-441c-b06c-240e65b0eb1f	X	11172013	R	1	2419	48
0975570c-5b08-49fe-ba0f-b373cce708eb	X	11172013	R	5	2414	31
0975570c-5b08-49fe-ba0f-b373cce708eb	X	11169904	L	5	-316	5
69532fc2-eb84-45e9-9400-c946142cfa95	X	11172013	R	1	2407	31
69532fc2-eb84-45e9-9400-c946142cfa95	X	11169904	L	1	-8495	3
96e9af1f-a696-4fcd-8adc-39753f53b945	X	11172013	R	21	2408	63
96e9af1f-a696-4fcd-8adc-39753f53b945	X	11169904	L	21	-8526	2
68a6dd60-a0ef-428e-8429-79b397eac574	X	11172013	R	14	2377	44
68a6dd60-a0ef-428e-8429-79b397eac574	X	11169904	L	14	-518	5
3a6a101a-a656-4fdd-8bda-4ab1fc0d2f47	X	11171820	R	12	2589	69
8e482c9f-1c39-44f3-a3bd-b7e89b501062	X	11172086	R	48	2334	55
8e482c9f-1c39-44f3-a3bd-b7e89b501062	X	11169904	L	48	-6391	5
7d993cfa-89e7-4ea7-9115-faebf1a2f9ef	X	11172012	R	35	2407	59
93390418-7e6c-43b9-93a3-2c6070867a12	X	11172013	R	1	2399	32
93390418-7e6c-43b9-93a3-2c6070867a12	X	11169904	L	1	-8505	3
d8ead3ef-a21f-47a5-bf9d-c512a10dde10	X	11171830	R	15	2599	39
d8ead3ef-a21f-47a5-bf9d-c512a10dde10	X	11169904	L	15	-8022	2
887cca46-20c8-4af5-8b07-6a3008da44b3	X	11172086	R	1	2280	36
4f637518-91bb-4471-8651-145a32b0320c	X	11172086	R	11	2353	48
9175e23a-5f9e-47f8-9f1e-cc0047eb18b3	X	11172012	R	12	2374	48
9175e23a-5f9e-47f8-9f1e-cc0047eb18b3	X	11169904	L	12	-8542	2
409d25c5-9da6-42c2-8d43-ed5e010deff3	X	11172086	R	12	2335	66
d83f8fcf-5861-46fe-8535-ceb3e52c14b6	X	11172013	R	18	2407	40
d83f8fcf-5861-46fe-8535-ceb3e52c14b6	X	11169904	L	18	-8523	5
0b774517-a85b-4300-a455-39cbe1b9d81f	X	11172086	R	19	2327	45
0b774517-a85b-4300-a455-39cbe1b9d81f	X	11169904	L	19	-8554	2
f48dfa8f-76d9-48f1-984a-39d88ff1dcaa	X	11171830	R	5	2680	41
f48dfa8f-76d9-48f1-984a-39d88ff1dcaa	X	11169904	L	5	-5564	2
3fec697d-2017-4062-ad29-901c83096ce6	X	11172086	R	13	2313	41
41d79b96-6f4d-4804-b638-ccad0f5453c5	X	11172013	R	27	2434	37
41d79b96-6f4d-4804-b638-ccad0f5453c5	X	11169904	L	27	-8568	5
82bbcd01-b655-47f3-943e-2f0a35edc66e	X	11172086	R	48	2336	45
82bbcd01-b655-47f3-943e-2f0a35edc66e	X	11169904	L	48	-5562	2
2156c840-a148-4820-9459-f52aa88e6a82	X	11171830	R	13	2593	45
067e86e3-6cce-4dec-8f4f-3b6a639c3f51	X	11172086	R	11	2323	42
ea309a0b-cc6d-4dfe-a716-61c9a8c349be	X	11171830	R	42	2596	25
27cb76c2-c3c9-495a-a09f-5dbc6471a8b5	X	11172086	R	22	2330	28
d5bb3589-5fc7-40b8-9ce0-6f91beb0e3bd	X	11172086	R	1	2325	237
d5bb3589-5fc7-40b8-9ce0-6f91beb0e3bd	X	11169904	L	1	-21175	5
d6103f18-f554-4e1f-8b7a-56052daab34c	X	11171830	R	10	2595	221
6f6e5618-8bcd-4984-bb11-e7424e72b04d	X	11172086	R	1	2307	239
3e6797c1-f925-4146-98a5-abb7f2dfa140	X	11172013	R	6	2383	195
3e6797c1-f925-4146-98a5-abb7f2dfa140	X	11169904	L	6	-31291	14
9cf06423-c00e-4c13-b56c-cba6c0c13e3b	X	11171830	R	14	2592	105
e604350c-5328-4314-8353-91c926ad4f6a	X	11171003	R	10	3414	33
e3edadc6-ec0c-45ec-a954-7a26e729a283	X	11172013	R	5	2366	145
52f5f9d5-f8bb-485e-b6e4-a81c58ab7e0c	X	11172013	R	2	2377	135
65db53ec-4a42-416e-82e1-fd6c9ca739bf	X	11171003	R	10	3493	174
3d17fb94-296a-49e9-bb8a-38c46054c0c9	X	11172086	R	19	2335	139
3d17fb94-296a-49e9-bb8a-38c46054c0c9	X	11169904	L	19	-8560	2
cb9e1a54-d602-4acc-82c8-a5fbc3e5f99d	X	11172086	R	9	2325	100
393ea77f-6224-435e-bed8-daf16e10e857	X	11171003	R	1	3409	62
393ea77f-6224-435e-bed8-daf16e10e857	X	11169904	L	1	-9191	2
2190ecb9-68f8-4b4d-a415-6684631da401	X	11172013	R	5	2375	150
2190ecb9-68f8-4b4d-a415-6684631da401	X	11169904	L	5	-8548	2
53c858a4-13b3-4b57-9a71-9db4a038ec6a	X	11172086	R	18	2346	182
0edcdc55-689b-4e37-bea6-e1ccc94d3e9c	X	11171961	R	2	2456	80
0edcdc55-689b-4e37-bea6-e1ccc94d3e9c	X	11169904	L	2	-21166	3
d25d2144-024f-4898-a72c-bd7b3177fc45	X	11171830	R	21	2599	159
7e8783db-fabe-4ccf-a7f1-a43c264fffba	X	11172013	R	13	2381	162
8037bb38-9855-4317-a47a-c2d37cc29fea	X	11171000	R	8	3458	76
685e7956-51ea-4e86-9ae5-1a4f2bff3044	X	11172013	R	10	2396	132
685e7956-51ea-4e86-9ae5-1a4f2bff3044	X	11169904	L	10	-3670	2
15c7a4d5-b443-4435-b41a-bfe55719d0a7	X	11172013	R	31	2384	51
0953f411-13c7-4569-8bbc-fa98fa8d5c96	X	11172086	R	24	2295	178
0d8d59d2-3138-48e1-9db2-e2a5193fc832	X	11172013	R	2	2396	157
0d8d59d2-3138-48e1-9db2-e2a5193fc832	X	11169904	L	2	-5844	27
77692893-3437-429a-b8c0-b647ea12fe32	X	11172086	R	36	2296	113
77692893-3437-429a-b8c0-b647ea12fe32	X	11169904	L	36	-8525	2
2a40101a-b893-48ae-8a60-062d3eb3ff45	X	11172085	R	19	2322	74
67d8aad6-7baa-452d-bd6f-dcf035950992	X	11172086	R	13	2290	72
67d8aad6-7baa-452d-bd6f-dcf035950992	X	11169904	L	13	-8500	2
e5cf1a4a-dfcb-47da-a0a8-81c60cc4b5aa	X	11172013	R	31	2378	86
a1f0615a-78c5-4e9b-895f-9b6d041f5e52	X	11171003	R	2	3436	82
e68d93ee-ae96-46f5-8c84-8ec35edb9421	X	11171830	R	9	2588	128
ed5084e1-3969-4090-8532-7fc9e4c756bc	X	11171003	R	17	3008	123
dd45861e-5add-45ed-ae05-76657a43cf4c	X	11171830	R	13	2586	127
0f535093-6256-474a-9215-aef2a2c218fb	X	11172086	R	6	2311	155
0f535093-6256-474a-9215-aef2a2c218fb	X	11169904	L	6	-8568	2
e4cbbfa4-0a57-4c69-b3ce-aa8635c9bf46	X	11172013	R	6	2374	120
ec657951-c950-45f3-bd41-42fd78c6e0e0	X	11172011	R	2	2387	66
d82e5900-4253-4261-bf97-107a738305ab	X	11171830	R	4	1886	78
5c8395e6-2200-4356-8850-0c1ea0f30a7d	X	11172013	R	6	2384	103
231cdaba-90d5-4c08-806a-b16c22f206a1	X	11172013	R	13	2391	106
9cd214f9-bee7-4204-82ce-5c881b7d666c	X	11171830	R	18	2604	78
9cd214f9-bee7-4204-82ce-5c881b7d666c	X	11169904	L	18	-8561	2
192eb651-1725-4c75-967a-ab49b62a5e22	X	11171830	R	3	2584	72
638e403a-59c5-4cb2-8a35-310a508ceaef	X	11172013	R	6	2384	103
638e403a-59c5-4cb2-8a35-310a508ceaef	X	11169904	L	6	-8536	2
3cd12306-b607-42c3-8813-c66b93de83da	X	11172013	R	19	2347	86
644da4ba-436c-40e2-9848-5f838e3d3af8	X	11172013	R	15	2379	118
644da4ba-436c-40e2-9848-5f838e3d3af8	X	11169904	L	15	-21120	10
88f578f2-f7f0-45b3-8e03-80e135b9b48b	X	11172086	R	20	2319	119
adaeeee1-9ea8-49da-921d-d9de933dab25	X	11172013	R	18	417	103
adaeeee1-9ea8-49da-921d-d9de933dab25	X	11169904	L	18	-7577	5
9cb3026b-d059-4a4b-a4bb-feafa8e01b11	X	11171830	R	24	2590	137
9cb3026b-d059-4a4b-a4bb-feafa8e01b11	X	11169904	L	24	-8518	2
6c9ef9bf-9606-4ffe-aea3-756cfee713a7	X	11171775	R	4	2593	86
6c9ef9bf-9606-4ffe-aea3-756cfee713a7	X	11169904	L	4	-8392	2
88635776-5a01-4ddb-bb7c-e12e6dcea50f	X	11171000	R	1	3400	75
2ab608ba-4aee-4892-8461-fa14f5caa1e5	X	11172013	R	7	2360	66
188d9233-474b-4298-8339-860ce7243e65	X	11171827	R	12	2601	130
4be3ac70-c92d-4fa2-9f6e-3e698876c77a	X	11171830	R	1	2591	124
4be3ac70-c92d-4fa2-9f6e-3e698876c77a	X	11169904	L	1	-7195	2
eb41f434-567c-48e0-9a69-82d5446e4cb0	X	11172013	R	1	2384	55
82201240-962f-4e03-bee6-c2e651436073	X	11172013	R	9	2355	89
861521c5-d0f4-4417-801c-f927d1132748	X	11171828	R	9	2564	60
861521c5-d0f4-4417-801c-f927d1132748	X	11169904	L	9	-8515	5
9e7dde5d-fb4e-49c1-8858-412a64c94cdb	X	11171003	R	3	3465	41
9e20ad20-6a91-469f-8b4c-d0287b1f5b78	X	11171830	R	1	2584	95
40544add-2113-41ab-9551-8cec48eef5be	X	11171003	R	1	3441	84
40544add-2113-41ab-9551-8cec48eef5be	X	11169904	L	1	-8486	2
a7f37e32-e9ad-4ada-ab4f-f9c8fee67a23	X	11172086	R	15	2337	131
60dca3ce-7e59-44ab-a42b-13a60f5c0589	X	11171003	R	1	3746	58
f255fa43-f484-444c-ab73-8ab12e6366d8	X	11171828	R	15	2591	73
f255fa43-f484-444c-ab73-8ab12e6366d8	X	11169904	L	15	-8497	11
b91f80dc-5267-49c2-b7ac-774a41446fa7	X	11172086	R	6	2313	74
c119742c-a49c-4200-a1ed-a8d379b8ef03	X	11171830	R	10	2585	75
05898318-51e4-4dd5-8265-274d97653843	X	11172013	R	22	2375	121
05898318-51e4-4dd5-8265-274d97653843	X	11169904	L	22	-8419	3
4c8c7498-eb2b-41ce-8395-b52a318d6f4b	X	11171830	R	1	2584	144
db06482e-7310-489e-90ec-ff5f5a45650d	X	11171819	R	1	2566	90
db06482e-7310-489e-90ec-ff5f5a45650d	X	11169904	L	1	-3799	2
1b6d9655-68e3-4c60-ad17-21549758e1e8	X	11172013	R	1	2388	89
a0ba7f39-cdc8-4c85-9367-6fb06cf75db6	X	11172013	R	15	2324	73
a0ba7f39-cdc8-4c85-9367-6fb06cf75db6	X	11169904	L	15	-3610	3
6946ba62-ba2b-4e22-b55f-6021a84423f1	X	11172013	R	34	2327	67
ee41f1d9-1d06-4d25-91b7-820d87bfc43c	X	11171961	R	3	1420	104
db8d0d7c-47b0-436a-8c29-13a414c21e8e	X	11171830	R	8	2578	97
e16bc7e2-8e14-49ad-8cd0-e46ef9898ee7	X	11171830	R	23	2557	51
8aa6d560-8206-4fe0-a4c8-02416cfc2050	X	11172013	R	60	2409	129
8aa6d560-8206-4fe0-a4c8-02416cfc2050	X	11169904	L	60	-8578	5
baab82ce-d694-48a8-84b5-b12902a8e9c1	X	11172012	R	9	2359	90
45979e97-3a25-4201-8278-7d8ee5e3f17a	X	11171830	R	7	2598	64
45979e97-3a25-4201-8278-7d8ee5e3f17a	X	11169904	L	7	-21161	3
a5c93c2d-d721-4659-bf2f-815aca9a4d09	X	11172013	R	6	2376	64
a5c93c2d-d721-4659-bf2f-815aca9a4d09	X	11169904	L	6	-6669	2
0bf4a550-3bba-4219-b65a-994bcc03624c	X	11171866	R	1	2534	111
0bf4a550-3bba-4219-b65a-994bcc03624c	X	11169904	L	1	-8558	2
72959641-6af3-4f79-b595-801947e63f4d	X	11172086	R	39	2325	100
72959641-6af3-4f79-b595-801947e63f4d	X	11169904	L	39	-8548	2
c3051cec-658d-43f1-b38e-0e655e03fead	X	11172086	R	11	2330	107
1551a878-987b-49d4-9755-27e4bfe7d340	X	11172086	R	16	2330	91
1551a878-987b-49d4-9755-27e4bfe7d340	X	11169904	L	16	-8492	2
e1437961-93cb-4db0-a7cc-3b1cfc7d772b	X	11172013	R	16	2397	69
20a890a5-43ca-4ef5-a1ed-906b14b18c8f	X	11171003	R	8	3451	47
a7e7573c-b6ac-4b1c-93a3-9fbca2b0bb43	X	11171631	R	1	2804	84
b0628fc6-3a5d-4a12-b75b-479027bc2263	X	11172013	R	4	2389	71
b0628fc6-3a5d-4a12-b75b-479027bc2263	X	11169904	L	4	-3634	2
dc8e4210-d2f8-4363-beb2-7b6b76387e17	X	11171830	R	15	2591	71
b361bd6f-34ac-464b-a101-a760fa8e7316	X	11172013	R	11	2397	79
b361bd6f-34ac-464b-a101-a760fa8e7316	X	11169904	L	11	-8512	3
c8c906f0-fcde-4bb5-8163-05064a3ef89d	X	11172013	R	1	2383	74
c8c906f0-fcde-4bb5-8163-05064a3ef89d	X	11169904	L	1	-8489	3
d3bb52a5-2fca-4b50-bb12-83c5bc3b6232	X	11172013	R	11	2360	22
7b24cad9-fbfa-4b78-a99d-268d54218c16	X	11171829	R	1	2567	70
b3827f3b-79b1-4214-882a-9f5d0bbfa5d6	X	11172013	R	12	2411	54
095fa421-6a88-43d5-b872-3a4d6fd45f8d	X	11172086	R	21	2310	30
095fa421-6a88-43d5-b872-3a4d6fd45f8d	X	11169904	L	21	-17549	3
100fdb64-9ce3-4a00-a095-e690b71b7a79	X	11172086	R	60	2326	51
4dd55695-733f-4389-a256-420db922179f	X	11172013	R	19	2408	188
3f8bcc3c-af52-4efe-b741-1c362016a2c2	X	11172086	R	4	2333	88
3f8bcc3c-af52-4efe-b741-1c362016a2c2	X	11169905	L	4	-8540	2
1eb32079-1d53-42c0-aa71-b1b216e5d35e	X	11172013	R	7	2392	125
1eb32079-1d53-42c0-aa71-b1b216e5d35e	X	11169905	L	7	-10134	9
3f84f31b-cba9-43a0-9a6f-cd1fc0c50459	X	11171830	R	1	2582	113
2f059f58-a040-4192-8f39-ae3383538798	X	11172013	R	5	2382	143
5d1cae6f-5393-4afc-bb01-0b5cf588d43d	X	11171819	R	10	2581	56
c21c0745-43b3-4a70-bde2-0c62c02cee0d	X	11172086	R	16	2308	129
5d0d5eb9-4fd4-4c28-9dac-9acbe748ee3b	X	11172013	R	3	2388	83
19d7573e-68e1-4ba6-9f2d-6b6f4649334c	X	11172013	R	10	2391	43
19d7573e-68e1-4ba6-9f2d-6b6f4649334c	X	11169908	L	10	-6346	2
5d2398ac-8f0b-4112-bde1-2d0de4b9121d	X	11171830	R	6	2540	187
f9345c6f-24df-4db6-931b-f6fe85eea4f4	X	11171003	R	4	3429	134
be373115-b90b-4ded-b9fe-8a93eab66f7c	X	11171003	R	1	3417	38
4c708496-9e1d-4160-98a8-a7b0bd5ee324	X	11170999	R	1	3438	176
55af2094-f133-46bc-8af0-b81a32c35c81	X	11171830	R	5	2614	147
e77c4621-14d9-4442-81fa-c15c70f1b5fc	X	11171830	R	1	2600	54
a8b2d1c3-3da3-439d-8b09-e6e65fd57ac5	X	11171003	R	1	3437	81
504bc655-1a17-44f3-b9fb-a45ee56578df	X	11171822	R	6	2597	42
8562ce81-d9f8-4861-ad19-4761f93e76c0	X	11172013	R	12	2375	69
c211b228-c90a-42be-9835-d1d30a1368ac	X	11172013	R	22	2408	93
ecf2c170-ac2e-47f2-bf56-e2c63e93bcc7	X	11172013	R	1	2389	100
68b7d4d2-5e3f-4e51-a855-555b0e3d4151	X	11171830	R	20	2578	59
e15678fe-1343-4793-a758-b67d2a618e88	X	11171827	R	3	2509	34
e1853afd-5608-4abc-88fb-70bc02930886	X	11171830	R	30	2567	65
e1853afd-5608-4abc-88fb-70bc02930886	X	11169909	L	30	-3827	3
c214e3eb-beaf-41ac-a689-05125b0d8b02	X	11172086	R	48	2316	23
783c752a-8c07-4fc1-bcaa-3e71c3ee6d5a	X	11172013	R	1	2402	90
783c752a-8c07-4fc1-bcaa-3e71c3ee6d5a	X	11169910	L	1	-8528	4
1f4b15c0-f52b-409f-8268-6ede304c35eb	X	11171003	R	1	3453	132
1f4b15c0-f52b-409f-8268-6ede304c35eb	X	11169910	L	1	-8474	4
01b7514c-9153-455f-afe7-c1addce150fd	X	11170987	R	1	3426	26
89533cef-68a0-4d79-a067-9aeea743f79c	X	11171003	R	1	3383	35
fb9f671b-0073-4c7e-93ec-2a9186c86d0e	X	11171830	R	1	2599	27
63be9da3-2451-496c-9db8-7913a80ba30b	X	11171003	R	2	3402	96
dc2fcf2e-58c3-4f8a-960c-92a7d6764caf	X	11172013	R	9	2386	120
831cd9c9-74ea-4034-8c3d-3cc40a4ee729	X	11172086	R	5	2305	67
da40c9fb-fc06-4f97-8fff-51221ba6d2f4	X	11172013	R	5	2513	26
3d3dccbc-2f68-4ec4-a1ac-2487f37dadf4	X	11172013	R	1	2351	51
e71787ba-dfe5-4eb3-b1bb-b53139e0ef3a	X	11171003	R	1	3476	79
e71787ba-dfe5-4eb3-b1bb-b53139e0ef3a	X	11169928	L	1	-8578	2
6c88db8f-8b4a-4ead-998b-7139e82876f3	X	11171830	R	2	2598	80
6c88db8f-8b4a-4ead-998b-7139e82876f3	X	11169931	L	2	-8546	2
459f6b3b-d537-4416-9877-6af3d71f7c21	X	11171830	R	4	2597	57
8f4a8d1c-f2bd-4e74-951f-4e717d1cbf47	X	11171827	R	33	2596	73
8f4a8d1c-f2bd-4e74-951f-4e717d1cbf47	X	11169936	L	33	-8516	3
7c46f647-5e52-4ba1-a05a-2931378f4764	X	11172013	R	2	2375	29
7c46f647-5e52-4ba1-a05a-2931378f4764	X	11169942	L	2	-8526	2
97d5f16a-6af4-4138-ae8f-a48beea6dce4	X	11171828	R	1	2593	104
6e996def-d29c-4792-87c4-b3cd4b4c737b	X	11172086	R	13	2346	60
743a98e7-7e1c-4a2a-925c-e388504d558f	X	11172013	R	4	2380	165
f4194cbd-00e6-4e1b-88d1-0f622cdb0396	X	11171830	R	6	1569	66
dfb12136-5557-4084-953e-21f33e71771f	X	11171822	R	12	2587	155
d3cbc030-05b4-4a0a-96bc-03f7e4fdb838	X	11172086	R	6	2324	85
99b9148c-36db-4351-95c2-a836b62f263a	X	11172086	R	23	2319	138
99b9148c-36db-4351-95c2-a836b62f263a	X	11170329	L	23	-8884	2
a4e76faf-e28d-4720-932e-5397f1e38fc6	X	11170480	L	2	-4208	185
bdd867f4-5d24-412d-928b-3db585f19529	X	11172086	R	1	2314	42
d97a86bd-4fa1-4c2a-b94d-6095914b7f02	X	11172013	R	1	2382	120
8fb03f51-16f8-468f-8e4f-4e54971a65de	X	11207572	L	1	-11590	197
68ca4cb6-332d-4eff-8e80-28ccbbcf4d90	X	11207572	L	0	-3561	106
5442ca2b-12b7-4aa0-95a5-ccd58fe3dc8e	X	11207572	L	1	-9671	54
b237ddf9-4f63-4c3c-be21-b18df9e446d4	X	11207675	R	1	2601	112
428c1932-da61-43ac-85a9-2db57cf45d88	X	11207665	R	9	2602	63
568d393a-2dbc-430c-a02c-af47cda23c55	X	11222628	R	0	3570	78
cfa6f2db-1831-4db3-b5ac-d139fcc81456	X	11222621	R	0	11598	111
cfa6f2db-1831-4db3-b5ac-d139fcc81456	X	11222485	L	0	-7130	3
fd74e37d-b5ea-492f-b3e8-6bcab4def581	X	11222621	R	0	11402	86
fd74e37d-b5ea-492f-b3e8-6bcab4def581	X	11222509	L	0	-859	2
f3f96fa9-3786-4426-bf8d-9f1bb7174401	X	11222517	L	10	-2573	249
64346b9b-3f1f-4a50-b687-bc76ccbf45f1	X	11222517	L	15	-2605	171
238f26e6-99f4-4ca6-95a3-347d333b14f8	X	11222517	L	8	-2601	73
e23a5a0f-b0a7-4c66-acfa-9eb57240aec2	X	11222517	L	19	-13853	125
1f63bb73-52ad-43c3-9207-8a2554b10c2d	X	11222517	L	8	-2579	121
a006ccdf-30e8-4bec-920c-c830ef545347	X	11222517	L	19	-2592	139
937c1f44-2dd7-473a-a77d-8c81d76d4992	X	11222517	L	17	-2633	89
74ac5add-ef0b-4457-8f39-7c8cdd93dcbe	X	11222621	R	26	11527	26
74ac5add-ef0b-4457-8f39-7c8cdd93dcbe	X	11222517	L	26	-891	2
6aa9e327-d3d4-40fc-bc77-fbcab4d84012	X	11222517	L	21	-2603	99
7bf2bb83-e56e-43d0-a0a3-ba837acdad0d	X	11222517	L	23	-2621	101
78ac5c6d-25db-4c9f-8877-ff57430d3a64	X	11222517	L	17	-2610	55
8cc22ec1-8d9c-4124-9009-fc30075d1cd3	X	11222621	R	1	11675	31
8cc22ec1-8d9c-4124-9009-fc30075d1cd3	X	11222517	L	1	-879	3
b91f81d5-127a-4250-a350-1371fb9b1e94	X	11222621	R	15	11637	173
b91f81d5-127a-4250-a350-1371fb9b1e94	X	11222517	L	15	-879	2
4f2064fd-eec4-4c43-9c03-5cc3b0555ddd	X	11222621	R	10	11591	156
4f2064fd-eec4-4c43-9c03-5cc3b0555ddd	X	11222517	L	10	-878	2
2101ee5b-f2bb-419f-9cb6-b0bebb5a7029	X	11222621	R	15	11570	71
2101ee5b-f2bb-419f-9cb6-b0bebb5a7029	X	11222517	L	15	-881	2
1cd563fe-3741-4e3b-b8ce-194f634e5134	X	11222621	R	1	5228	95
31dec388-0986-46dd-abb7-5567456d37c6	X	11222621	R	9	11621	158
31dec388-0986-46dd-abb7-5567456d37c6	X	11222517	L	9	-871	2
103281a5-12c0-454c-ace8-8f626444ffe2	X	11222517	L	1	-13804	37
f0a3eab4-ed46-4def-b236-b3aac2646e02	X	11222517	L	18	-13774	26
3c55e999-8b9c-4884-bdf6-58459de27e12	X	11222527	L	1	-2609	137
5e774d36-20c1-4ec2-8db2-cbb20bae0192	X	11222527	L	1	-13974	113
7d7cae01-a1d8-4178-90ae-bf67564697b8	X	11222527	L	1	-2615	155
feb1c730-bea5-4990-b3d8-bea89c067ae8	X	11222621	R	1	2366	159
feb1c730-bea5-4990-b3d8-bea89c067ae8	X	11222527	L	1	-877	2
c034b68c-8736-44a9-8897-1ae8c1e46020	X	11222616	R	1	7214	91
c034b68c-8736-44a9-8897-1ae8c1e46020	X	11222527	L	1	-897	2
1d4e0d32-5e96-470c-b791-d929ae049ca6	X	11222621	R	1	11646	132
ebbe7874-4734-4b08-8194-78faefb6b50c	X	11222559	L	1	-2626	99
cf817403-1dd1-47e2-ba6b-40eb6249c05a	X	11222559	L	1	-2645	117
b1112e9d-13e2-4142-b3d4-661500629e94	X	11313365	L	1	-4817	5
565fa6a3-9976-4cae-a044-2c99d78b2758	X	11314110	L	1	-987	2
ae131694-d9b3-45d6-ab9c-c51b6407b3eb	X	11315029	L	1	-4146	3
1d8f5047-637f-4b49-ae09-667cfb217181	X	11315205	L	1	-3690	4
fe8b1184-03da-4d07-9b14-a80cf7bfd0c1	X	11315307	L	1	-7628	2
cad94891-b5c4-4c46-8326-2daff67dfc10	X	11315349	L	1	-154	5
4c4d9e50-d2f8-4c9f-8d48-0806b800b480	X	11315391	L	1	-1799	3
a4353c83-9b82-4ef0-9527-7b7878c5d920	X	11315445	L	1	-14687	2
4d2e26aa-9917-4758-bf30-a5bad2b48e62	X	11315457	L	1	-268	6
afd8e8bd-df97-462e-8b94-8d6a906c3058	X	11316389	R	1	62	3
afd8e8bd-df97-462e-8b94-8d6a906c3058	X	11315503	L	1	-1897	2
0de091a6-f3ac-4a16-8007-5695b050eb5c	X	11315619	L	1	-4836	7
c7cb30c8-e27e-4bc4-9050-d6aad9820ee3	X	11315652	L	1	-16510	6
92ae5361-ceca-4eeb-a87f-edcec9afd744	X	11315688	L	1	-2952	2
f1355b45-c67b-44c3-9847-91c6cab3c434	X	11315705	L	1	-7992	6
d15603e2-ee37-4e62-bf2c-4fddb5c4d894	X	11315711	L	1	-10147	2
541f0629-c57d-486c-9f87-55a21ccbadc5	X	11315715	L	1	-1276	2
98ec37f6-55ab-4118-88b8-2574867aef99	X	11315723	L	1	-7249	3
11524c03-61aa-4cd0-b2c6-a8ce39d0259b	X	11315729	L	1	-2384	3
8caab353-c9db-4263-8f11-423af632f1ac	X	11315729	L	1	-18533	3
6ab13ad2-090b-454d-8ce6-971c662dbf6b	X	11315771	L	1	-2898	2
bffe5a84-0735-4a2a-9cff-f6106f6b7251	X	11315844	L	1	-5803	5
ecc6c711-ec00-4b9a-9fe2-c176536a02c3	X	11316109	L	1	-1858	4
010c54f6-aa07-403c-8854-0fd262bf6abc	X	11316233	L	1	-16774	5
49f72d3d-47c7-471b-a74a-07f35428e692	X	11316611	L	3	-233	3
798efec8-8e87-4641-acf9-860af2e1c6a3	X	11316624	L	1	-7704	2
5f65df07-45bc-43ca-a4e0-20130780f2f9	X	11318059	R	1	-6	3
5f65df07-45bc-43ca-a4e0-20130780f2f9	X	11317001	L	1	-4822	8
5040a403-d937-4d91-969a-ec2f21039598	X	11317037	L	1	-13357	3
80af981f-2c2c-4cba-8678-3c7e6afbf441	X	11317164	L	1	-2924	2
bbe1ade4-8378-4983-9ef7-567275c1cd70	X	11317575	L	1	-7512	2
32eb27f9-0d5a-40da-aaae-5b26800727c2	X	11317632	L	1	-11752	3
3026b199-be5f-476c-8d25-5434bcd59d42	X	11317816	L	1	-5796	3
73599c2e-3520-405b-8adf-c934e36b0b70	X	11317851	L	1	-1927	2
38bbab57-bb38-4e8f-bde5-adb01251be02	X	11317860	L	1	-50	11
0df88a18-c30b-4989-b91e-0f83ae9a588f	X	11317894	L	1	-1842	7
c20a5b00-3bd7-42b9-bee6-d74de60166ef	X	11317948	L	1	-1870	2
e41baf7d-0ae5-46ed-aa78-0466f454ea89	X	11317988	L	1	-230	4
0a337f89-ff00-411a-bad8-de682bfd5506	X	11317990	L	1	-4823	6
82245b2f-fb40-4151-8671-eb84f1ca1d85	X	11318063	L	5	-7249	5
59d79dab-abac-4cc1-b153-35290b8a55e7	X	11318173	L	1	-5543	3
4b1eed3b-c2ee-4101-b4ee-9144d70bad4e	X	11318206	L	1	-7367	2
dee484cc-e08c-46df-94b5-af78ccff2d0a	X	11318213	L	1	-1098	2
8282b313-4538-4e8e-b6c1-5fc989016f57	X	11318240	L	1	-236	2
abba0ca1-3f64-4647-b8be-1d4579d6008e	X	11318245	L	1	-6285	2
fc21e4a6-d317-437e-bab4-82cbe04ee408	X	11318254	L	3	-274	5
b306cf59-b6df-4020-8a11-3781aed6b8ea	X	11318287	L	1	-2522	4
a27eaf88-75f0-4442-9f0c-f3cdabd85ae3	X	11319420	L	1	-37	5
