Orthogroup	caenorhabditis_elegans.PRJNA13758	nxOscDolc1.1	nxOscOnir1.2	nxOscSper1.1	nxOscSpeu1.1	nxOscTipu1.1
OG0015034	Y48B6A.7.1					
OG0015035	F09E5.13.1					
OG0015036	C35A5.1.1					
OG0015037	ZK632.8.1					
OG0015038	F45E4.1.1					
OG0015039	C50B8.2.1					
OG0015040	C09G5.6.1					
OG0015041	M02B7.6a.1					
OG0015042	K06A5.7.1					
OG0015043	R05H5.2.1					
OG0015044	ZK652.5.1					
OG0015045	F17A2.5.1					
OG0015046	T26C11.5.1					
OG0015047	F52B5.5a.1					
OG0015048	C18C4.2.1					
OG0015049	C50F7.2.1					
OG0015050	R09B5.3a.2					
OG0015051	R09B5.8.1					
OG0015052	W01B6.7.1					
OG0015053	F54B11.1.1					
OG0015054	F11G11.11.1					
OG0015055	ZK863.2.1					
OG0015056	T28F2.6.2					
OG0015057	T28F2.8.1					
OG0015058	D1007.2.2					
OG0015059	T08B2.2.1					
OG0015060	F26B1.4.1					
OG0015061	ZK265.2.1					
OG0015062	F52F12.2.1					
OG0015063	Y49F6B.10.1					
OG0015064	F38A3.1.1					
OG0015065	F33A8.9.1					
OG0015066	Y81G3A.5a.1					
OG0015067	Y39G8C.4.1					
OG0015068	F17C8.2.1					
OG0015069	F09G8.6.1					
OG0015070	C18H7.3.1					
OG0015071	Y77E11A.15.1					
OG0015072	F29B9.9a.1					
OG0015073	D2024.8.1					
OG0015074	Y42H9B.1.1					
OG0015075	F17E9.1.1					
OG0015076	T11B7.3a.1					
OG0015077	Y11D7A.11.1					
OG0015078	T05A1.2.1					
OG0015079	C39E9.9.1					
OG0015080	F41F3.4.1					
OG0015081	F17C11.3.1					
OG0015082	F41C6.5.1					
OG0015083	F02D10.1.1					
OG0015084	C30F2.1.1					
OG0015085	C30B5.3.2					
OG0015086	AH9.2.1					
OG0015087	Y48E1B.12.1					
OG0015088	MTCE.21.1					
OG0015089	C37H5.4.1					
OG0015090	D1009.2.2					
OG0015091	T27D1.1.1					
OG0015092	F25E2.5d.1					
OG0015093	F01G10.8b.1					
OG0015094	T05G5.12.2					
OG0015095	T05F1.10.1					
OG0015096	C45B11.3.1					
OG0015097	H27M09.4.1					
OG0015098	F16B12.2.1					
OG0015099	Y105E8A.7d.3					
OG0015100	F15A2.5.1					
OG0015101	F56H11.3.1					
OG0015102	F58E10.2.1					
OG0015103	R09B3.1a.2					
OG0015104	Y67H2A.8.1					
OG0015105	C01F6.4a.1					
OG0015106	F41G3.4.1					
OG0015107	ZC455.10.1					
OG0015108	T06C10.4.1					
OG0015109	M79.4.1					
OG0015110	Y54E10A.4b.1					
OG0015111	F31B12.3.1					
OG0015112	C05C8.4.1					
OG0015113	K01C8.5.2					
OG0015114	F45E4.10b.1					
OG0015115	C54C8.11a.1					
OG0015116	F38E1.5.1					
OG0015117	F53B1.7.1					
OG0015118	F56H9.4b.1					
OG0015119	C55H1.2.1					
OG0015120	F18E2.5b.1					
OG0015121	B0207.3.1					
OG0015122	T18H9.1b.1					
OG0015123	F46H5.6.1					
OG0015124	F09D12.1.1					
OG0015125	Y69A2AL.1.1					
OG0015126	F32D1.4a.1					
OG0015127	ZC168.5.1					
OG0015128	W03A5.3.1					
OG0015129	F11E6.2.1					
OG0015130	F11G11.3.1					
OG0015131	R05F9.5.1					
OG0015132	C02A12.1.1					
OG0015133	C14F11.3.1					
OG0015134	ZK622.2.1					
OG0015135	C30G7.1.1					
OG0015136	C01B10.5b.1					
OG0015137	T05E8.2.1					
OG0015138	D1086.4a.1					
OG0015139	C50F4.6.1					
OG0015140	Y49E10.6b.1					
OG0015141	ZK682.4.1					
OG0015142	C28C12.8.1					
OG0015143	F57C9.5.1					
OG0015144	C27A2.3.1					
OG0015145	T08G5.12.1					
OG0015146	C17C3.18.1					
OG0015147	F41G3.16.1					
OG0015148	T28B8.2.1					
OG0015149	Y8A9A.6.1					
OG0015150	F52B11.6.1					
OG0015151	F08G12.10.1					
OG0015152	F35C8.3.2					
OG0015153	F58D5.4a.1					
OG0015154	F52H3.7a.2					
OG0015155	W01A11.4.1					
OG0015156	F18A1.3b.1					
OG0015157	T22A3.3a.1					
OG0015158	Y22F5A.6.1					
OG0015159	C54C8.6.1					
OG0015160	K10B3.9.2					
OG0015161	F54C1.3a.2					
OG0015162	F13G3.9.1					
OG0015163	Y73B6BL.13.1					
OG0015164	Y110A7A.5.1					
OG0015165	B0379.3a.1					
OG0015166	K01H12.3a.1					
OG0015167	T05B4.2.1					
OG0015168	T24D8.3.1					
OG0015169	F35B12.7.1					
OG0015170	Y43F8C.1.1					
OG0015171	Y43F8C.2.1					
OG0015172	F30H5.2.1					
OG0015173	T19C4.7.1					
OG0015174	B0280.4.1					
OG0015175	T05D4.4a.1					
OG0015176	T20H4.1a.1					
OG0015177	T28H11.4a.1					
OG0015178	F14B8.3.1					
OG0015179	Y49E10.14a.1					
OG0015180	F44E2.11.1					
OG0015181	E02H1.4.2					
OG0015182	C05B5.3.1					
OG0015183	C09E7.2.1					
OG0015184	C34E7.1a.2					
OG0015185	F53A3.4b.1					
OG0015186	T06E4.11.1					
OG0015187	T13H2.4c.1					
OG0015188	W01B11.5d.1					
OG0015189	W03D2.1c.1					
OG0015190	Y39A3CR.7.1					
OG0015191	Y71G12B.21.1					
OG0015192	ZC15.8.1					
OG0015193	C30G12.7.1					
OG0015194	C08F8.7.1					
OG0015195	K07A1.11.1					
OG0015196	F21C3.4a.1					
OG0015197	Y18H1A.7a.1					
OG0015198	K08D10.3a.1					
OG0015199	B0513.3a.1					
OG0015200	C09H10.1.1					
OG0015201	B0412.4.1					
OG0015202	F10E9.8.1					
OG0015203	F10G7.4.1					
OG0015204	F19B10.9.1					
OG0015205	K10G6.3g.1					
OG0015206	C32A3.1a.1					
OG0015207	Y73B6BL.5d.1					
OG0015208	ZK520.2.1					
OG0015209	F47H4.10.1					
OG0015210	Y37H2C.2.1					
OG0015211	R12H7.3.1					
OG0015212	R12H7.5.1					
OG0015213	K08H2.1.1					
OG0015214	F23H12.1.1					
OG0015215	F48C1.7.1					
OG0015216	T02E1.1.1					
OG0015217	C06E7.6.1					
OG0015218	F25H8.7.1					
OG0015219	T05E11.4a.1					
OG0015220	T25D10.3b.1					
OG0015221	F32D8.9.1					
OG0015222	T09D3.1.1					
OG0015223	T27A1.1.1					
OG0015224	C44B12.8.1					
OG0015225	ZC513.12.1					
OG0015226	F26D2.2.1					
OG0015227	C24G6.1.1					
OG0015228	F39H2.4.2					
OG0015229	T23D8.9a.1					
OG0015230	F54F7.1.1					
OG0015231	F43D9.5.1					
OG0015232	ZK337.4.1					
OG0015233	C09G9.4.1					
OG0015234	F28F8.6.3					
OG0015235	F44A2.1b.3					
OG0015236	T04H1.9.2					
OG0015237	Y66A7A.8.1					
OG0015238	Y47D3A.10.1					
OG0015239	ZK177.10.1					
OG0015240	ZK829.5.1					
OG0015241	T26C11.1a.1					
OG0015242	F42E11.4.1					
OG0015243	F59G1.2.1					
OG0015244	Y110A2AR.2f.1					
OG0015245	C06E2.7.1					
OG0015246	F56D2.4.1					
OG0015247	F26H9.7a.1					
OG0015248	C18A11.5c.1					
OG0015249	F59B2.6.1					
OG0015250	T18H9.6.1					
OG0015251	B0001.6.2					
OG0015252	B0001.7b.1					
OG0015253	B0250.7b.1					
OG0015254	B0250.8.1					
OG0015255	B0284.3.1					
OG0015256	B0285.3.1					
OG0015257	B0334.13.1					
OG0015258	B0379.6.1					
OG0015259	B0491.6b.1					
OG0015260	BE10.4.1					
OG0015261	C01A2.1a.1					
OG0015262	C01A2.6.1					
OG0015263	C01F6.2.1					
OG0015264	C01G10.4.1					
OG0015265	C01G10.5.1					
OG0015266	C01G10.6.1					
OG0015267	C01G10.15.1					
OG0015268	C01G10.16.3					
OG0015269	C01G12.7.1					
OG0015270	C01H6.8a.1					
OG0015271	C02B4.3.1					
OG0015272	C02F4.5.1					
OG0015273	C03C10.5.1					
OG0015274	C03D6.1.1					
OG0015275	C03D6.6.1					
OG0015276	C04A11.5.2					
OG0015277	C04B4.5.1					
OG0015278	C04B4.6a.1					
OG0015279	C04H4.1.1					
OG0015280	C05B5.1.1					
OG0015281	C05C9.3.1					
OG0015282	C05C12.5.1					
OG0015283	C05E7.1.1					
OG0015284	C05G5.2a.1					
OG0015285	C06C3.7.1					
OG0015286	C06H2.7b.1					
OG0015287	C07A9.8.1					
OG0015288	C07A9.9.1					
OG0015289	C07B5.2.1					
OG0015290	C07B5.3.1					
OG0015291	C07B5.6.1					
OG0015292	C07C7.1.1					
OG0015293	C07E3.3b.1					
OG0015294	C07E3.5.3					
OG0015295	C07E3.10.1					
OG0015296	C08B6.6.1					
OG0015297	C08B6.10.1					
OG0015298	C08F8.3b.1					
OG0015299	C08F8.4b.1					
OG0015300	C08F8.9.1					
OG0015301	C08H9.1.1					
OG0015302	C09H10.10a.1					
OG0015303	C10C5.7.1					
OG0015304	C11E4.7a.1					
OG0015305	C12D8.13b.1					
OG0015306	C14A6.3.1					
OG0015307	C14B1.6a.1					
OG0015308	C14B1.9.1					
OG0015309	C14C10.1.1					
OG0015310	C14C10.2a.1					
OG0015311	C15C6.3.1					
OG0015312	C15C8.7.1					
OG0015313	C15H11.5.2					
OG0015314	C15H11.11a.1					
OG0015315	C16C10.9.1					
OG0015316	C17D12.5.1					
OG0015317	C17E4.2.1					
OG0015318	C17E4.4.1					
OG0015319	C17E4.10a.1					
OG0015320	C17H1.2.1					
OG0015321	C25A1.6.1					
OG0015322	C25A1.9a.1					
OG0015323	C25A1.15.1					
OG0015324	C25D7.9.1					
OG0015325	C25D7.10.1					
OG0015326	C26C6.6.1					
OG0015327	C26E1.1.1					
OG0015328	C26E1.2a.1					
OG0015329	C26E1.3.1					
OG0015330	C27B7.6.1					
OG0015331	C28D4.10a.1					
OG0015332	C29F4.3.1					
OG0015333	C30F2.4.2					
OG0015334	C30H6.10.1					
OG0015335	C31C9.7.1					
OG0015336	C31G12.3.1					
OG0015337	C31G12.4b.1					
OG0015338	C31H5.4.1					
OG0015339	C32A9.1.1					
OG0015340	C32C4.3c.1					
OG0015341	C33A12.19a.1					
OG0015342	C33B4.5.1					
OG0015343	C33D3.3.1					
OG0015344	C33D3.4.1					
OG0015345	C33D3.5.1					
OG0015346	C33D9.3a.1					
OG0015347	C33D9.6a.2					
OG0015348	C33G3.6.2					
OG0015349	C34C6.7a.1					
OG0015350	C34C12.2.1					
OG0015351	C34C12.7.1					
OG0015352	C34C12.9.1					
OG0015353	C34D1.4a.1					
OG0015354	C34D1.5a.1					
OG0015355	C34E11.4.1					
OG0015356	C34F6.5a.1					
OG0015357	C35C5.2.1					
OG0015358	C35C5.9.2					
OG0015359	C36A4.10.7					
OG0015360	C38C10.3.1					
OG0015361	C38D4.7.1					
OG0015362	C39B10.3.1					
OG0015363	C39B10.4.1					
OG0015364	C39B10.5.1					
OG0015365	C40C9.4a.1					
OG0015366	C41C4.3.1					
OG0015367	C41C4.9.1					
OG0015368	C43F9.7.1					
OG0015369	C44B9.3.1					
OG0015370	C44H4.6.1					
OG0015371	C44H9.7b.1					
OG0015372	C46F11.3.1					
OG0015373	C47E12.12.1					
OG0015374	C47E12.13a.1					
OG0015375	C48B4.8a.1					
OG0015376	C48B4.11.1					
OG0015377	C48D1.5c.1					
OG0015378	C49C3.8a.1					
OG0015379	C49C3.15.1					
OG0015380	C49F8.1.1					
OG0015381	C49G9.1.1					
OG0015382	C50B6.1.1					
OG0015383	C50B6.3b.1					
OG0015384	C50F4.10.1					
OG0015385	C50H2.6.1					
OG0015386	C51E3.10a.1					
OG0015387	C53C7.3.1					
OG0015388	C54C6.5.1					
OG0015389	C54E10.6.1					
OG0015390	C54G10.1.1					
OG0015391	C55A1.11.1					
OG0015392	D1025.1.1					
OG0015393	D1054.5.1					
OG0015394	D1054.10.1					
OG0015395	D1054.11.1					
OG0015396	D1081.6.2					
OG0015397	D1086.2a.1					
OG0015398	D2005.4.3					
OG0015399	D2030.7.1					
OG0015400	D2030.11.2					
OG0015401	D2085.7a.1					
OG0015402	D2089.3.1					
OG0015403	DY3.8.1					
OG0015404	E01B7.2.1					
OG0015405	E02A10.4.1					
OG0015406	E02H4.2a.1					
OG0015407	E02H4.5.1					
OG0015408	E04D5.5.1					
OG0015409	F01G10.4.1					
OG0015410	F02A9.1.1					
OG0015411	F02C12.3.1					
OG0015412	F02D10.2.1					
OG0015413	F02D10.3.1					
OG0015414	F02D10.7.1					
OG0015415	F07A5.2.1					
OG0015416	F07D3.3.1					
OG0015417	F07H5.6.1					
OG0015418	F07H5.13.1					
OG0015419	F08G2.4.1					
OG0015420	F08G2.5.1					
OG0015421	F08G5.2a.1					
OG0015422	F08G12.3.1					
OG0015423	F08H9.2.1					
OG0015424	F09A5.3a.1					
OG0015425	F09B9.4.1					
OG0015426	F09C6.3.1					
OG0015427	F10D11.2.1					
OG0015428	F10D11.3.1					
OG0015429	F11A5.13.1					
OG0015430	F11A6.2.1					
OG0015431	F11D11.4.1					
OG0015432	F11E6.9.1					
OG0015433	F11E6.10a.1					
OG0015434	F13A7.1.1					
OG0015435	F13B12.7.1					
OG0015436	F13D12.3.1					
OG0015437	F13E9.6.1					
OG0015438	F13E9.9a.1					
OG0015439	F13G3.12.1					
OG0015440	F13H10.1.1					
OG0015441	F14D7.2.1					
OG0015442	F14D7.3.1					
OG0015443	F14D7.8.1					
OG0015444	F14D7.11.1					
OG0015445	F14E5.5.1					
OG0015446	F14F8.8.1					
OG0015447	F14H3.6.1					
OG0015448	F15A4.5.1					
OG0015449	F15A4.9.1					
OG0015450	F15A4.10.1					
OG0015451	F15D3.5.1					
OG0015452	F15D4.6.1					
OG0015453	F15G9.6.1					
OG0015454	F17A2.13.1					
OG0015455	F17H10.4.1					
OG0015456	F18C12.4.1					
OG0015457	F19D8.2.1					
OG0015458	F19H6.5.1					
OG0015459	F19H6.6.1					
OG0015460	F20C5.3b.1					
OG0015461	F20C5.5.1					
OG0015462	F20C5.6.1					
OG0015463	F20C5.7.1					
OG0015464	F20G4.2.1					
OG0015465	F21A3.2.1					
OG0015466	F21A3.5.2					
OG0015467	F21C3.6.1					
OG0015468	F21G4.3.1					
OG0015469	F21H7.2.2					
OG0015470	F22B5.6.1					
OG0015471	F22D6.9.1					
OG0015472	F23B2.13a.1					
OG0015473	F23D12.2.1					
OG0015474	F23D12.4.1					
OG0015475	F23D12.7.1					
OG0015476	F23H12.5.1					
OG0015477	F23H12.8.1					
OG0015478	F23H12.9b.1					
OG0015479	F25B3.5a.1					
OG0015480	F25C8.4.1					
OG0015481	F25H2.3.1					
OG0015482	F25H5.2.1					
OG0015483	F26A3.5.1					
OG0015484	F26D10.12a.1					
OG0015485	F26H11.1.1					
OG0015486	F27D4.6b.1					
OG0015487	F28C6.10.1					
OG0015488	F28D1.2.1					
OG0015489	F28D1.6.1					
OG0015490	F28H7.4.1					
OG0015491	F29C6.1a.1					
OG0015492	F29C12.6.1					
OG0015493	F29D10.1.1					
OG0015494	F30A10.12.1					
OG0015495	F31B12.4.1					
OG0015496	F31F6.7.1					
OG0015497	F32A11.3.1					
OG0015498	F32B4.2.1					
OG0015499	F32D8.3.1					
OG0015500	F32G8.3.1					
OG0015501	F32H5.3a.1					
OG0015502	F33A8.7.1					
OG0015503	F33E2.7.1					
OG0015504	F34D10.3.1					
OG0015505	F34D10.8.1					
OG0015506	F34H10.3.1					
OG0015507	F34H10.4b.1					
OG0015508	F34H10.5.2					
OG0015509	F35B12.3.1					
OG0015510	F35B12.5a.1					
OG0015511	F35B12.9.1					
OG0015512	F35C5.3.1					
OG0015513	F35C12.3.1					
OG0015514	F35G2.3.1					
OG0015515	F35G2.5a.1					
OG0015516	F35G12.5a.2					
OG0015517	F35G12.11.1					
OG0015518	F35H8.1.1					
OG0015519	F36A2.10.1					
OG0015520	F36D1.5.1					
OG0015521	F36D1.7.1					
OG0015522	F36D1.9.1					
OG0015523	F36D3.1.1					
OG0015524	F36F2.2.1					
OG0015525	F37D6.3.1					
OG0015526	F38C2.8.1					
OG0015527	F40F8.4.1					
OG0015528	F40F9.3.1					
OG0015529	F40F11.3b.1					
OG0015530	F40G12.2.1					
OG0015531	F40G12.11.1					
OG0015532	F41E7.4.1					
OG0015533	F41E7.5.1					
OG0015534	F41E7.7b.1					
OG0015535	F41E7.8.1					
OG0015536	F42E8.1.1					
OG0015537	F42E11.3.1					
OG0015538	F43G9.8.2					
OG0015539	F44A6.3.1					
OG0015540	F44A6.4.1					
OG0015541	F44A6.5.2					
OG0015542	F44D12.6.1					
OG0015543	F44F4.3.1					
OG0015544	F44G4.6a.1					
OG0015545	F45D3.1.1					
OG0015546	F45E6.1.1					
OG0015547	F46A8.7.1					
OG0015548	F46B3.4a.1					
OG0015549	F46F2.3.1					
OG0015550	F47A4.5.1					
OG0015551	F47B10.3.1					
OG0015552	F47B10.4.1					
OG0015553	F47B10.6.1					
OG0015554	F48F7.3.1					
OG0015555	F48F7.6.1					
OG0015556	F49C5.5.1					
OG0015557	F49C12.7b.1					
OG0015558	F49C12.11.1					
OG0015559	F49C12.15.1					
OG0015560	F49E11.4.1					
OG0015561	F49E11.5.1					
OG0015562	F49E12.8.1					
OG0015563	F52B5.2.1					
OG0015564	F52B11.5.1					
OG0015565	F52D10.1.1					
OG0015566	F52E10.4b.1					
OG0015567	F52F12.5.1					
OG0015568	F53A2.2.1					
OG0015569	F53A2.9.1					
OG0015570	F53B2.8.1					
OG0015571	F53B6.8.1					
OG0015572	F53B6.9.1					
OG0015573	F53C11.4b.2					
OG0015574	F53F1.1.1					
OG0015575	F53F1.6b.1					
OG0015576	F53F4.1.1					
OG0015577	F53F4.2.1					
OG0015578	F53F8.6b.1					
OG0015579	F53H2.2.1					
OG0015580	F53H4.4.2					
OG0015581	F54B11.8.1					
OG0015582	F54B11.9.1					
OG0015583	F54C9.3.1					
OG0015584	F54C9.7.1					
OG0015585	F54D5.2.1					
OG0015586	F54D5.9.1					
OG0015587	F54F7.2.1					
OG0015588	F54F7.3.1					
OG0015589	F54F7.8.1					
OG0015590	F55A11.8a.1					
OG0015591	F55C9.5.5					
OG0015592	F55D12.6.1					
OG0015593	F55F3.2b.1					
OG0015594	F55F3.4a.1					
OG0015595	F55G7.1.1					
OG0015596	F55G7.3.1					
OG0015597	F55H12.2.1					
OG0015598	F56A8.8.1					
OG0015599	F56A12.2a.1					
OG0015600	F56C4.1.1					
OG0015601	F56C4.2.1					
OG0015602	F56H6.3.1					
OG0015603	F56H9.2a.1					
OG0015604	F57A8.8.1					
OG0015605	F57A10.4.1					
OG0015606	F57G12.1.1					
OG0015607	F58A4.2.1					
OG0015608	F58A4.5.1					
OG0015609	F58B3.9.1					
OG0015610	F58B4.6.2					
OG0015611	F58D5.5.1					
OG0015612	F58E6.7.1					
OG0015613	F58G1.2b.1					
OG0015614	F58G1.8.1					
OG0015615	F58H1.2.1					
OG0015616	F59A1.16.1					
OG0015617	F59B2.12.1					
OG0015618	F59B10.4a.1					
OG0015619	F59C6.2.1					
OG0015620	F59F5.4.1					
OG0015621	H03G16.5.1					
OG0015622	H04D03.2a.1					
OG0015623	H08J19.1.1					
OG0015624	H12D21.5.1					
OG0015625	H12D21.6.1					
OG0015626	H12D21.11.1					
OG0015627	H19N07.3a.1					
OG0015628	H37N21.1.1					
OG0015629	K01A6.4.1					
OG0015630	K01C8.8.1					
OG0015631	K01D12.5.1					
OG0015632	K01H12.4.1					
OG0015633	K02B12.2.1					
OG0015634	K02E2.6.3					
OG0015635	K03A11.1.1					
OG0015636	K03A11.2.2					
OG0015637	K03B8.8.2					
OG0015638	K03B8.11.1					
OG0015639	K03H1.7.1					
OG0015640	K03H1.9.3					
OG0015641	K03H1.12.1					
OG0015642	K04B12.2a.2					
OG0015643	K04C1.4.1					
OG0015644	K04D7.6.1					
OG0015645	K04G2.4.1					
OG0015646	K04G2.7a.1					
OG0015647	K04G2.10.1					
OG0015648	K04G11.1.1					
OG0015649	K04H4.5.2					
OG0015650	K04H8.3.1					
OG0015651	K05C4.10.1					
OG0015652	K06A4.6.1					
OG0015653	K06G5.3a.1					
OG0015654	K07A1.6.1					
OG0015655	K07A1.13.1					
OG0015656	K07A1.15.2					
OG0015657	K07A12.5b.1					
OG0015658	K07G5.5.1					
OG0015659	K08C7.4.1					
OG0015660	K08C7.6.1					
OG0015661	K08C7.7.1					
OG0015662	K08D8.2.1					
OG0015663	K08E3.3b.1					
OG0015664	K08F4.3.1					
OG0015665	K08F4.12.1					
OG0015666	K09B11.4.1					
OG0015667	K09C8.2.1					
OG0015668	K09C8.8.1					
OG0015669	K09E4.6.1					
OG0015670	K09E9.3b.1					
OG0015671	K10C8.4.1					
OG0015672	K10D3.6.1					
OG0015673	K10D6.3a.1					
OG0015674	K10H10.7.1					
OG0015675	K11E4.3.1					
OG0015676	K11H3.2.1					
OG0015677	K11H3.5a.1					
OG0015678	K11H3.6.1					
OG0015679	K12D12.4.1					
OG0015680	K12D12.5.1					
OG0015681	M01G12.6.1					
OG0015682	M03B6.1.1					
OG0015683	M03B6.4.1					
OG0015684	M03B6.5.1					
OG0015685	M03C11.3b.1					
OG0015686	M04D8.4.1					
OG0015687	M04D8.5.1					
OG0015688	M04D8.6.1					
OG0015689	M04D8.8.1					
OG0015690	M05B5.3b.1					
OG0015691	M106.2.1					
OG0015692	M106.3a.2					
OG0015693	M117.1a.1					
OG0015694	M117.3.1					
OG0015695	M163.1.1					
OG0015696	M163.5.1					
OG0015697	M163.7.1					
OG0015698	M176.10a.1					
OG0015699	M176.11.1					
OG0015700	MTCE.3.1					
OG0015701	MTCE.4.1					
OG0015702	MTCE.11.1					
OG0015703	MTCE.12.1					
OG0015704	MTCE.16.1					
OG0015705	MTCE.23.1					
OG0015706	MTCE.25.1					
OG0015707	MTCE.26.1					
OG0015708	MTCE.31.1					
OG0015709	MTCE.34.1					
OG0015710	MTCE.35.1					
OG0015711	R01H10.5.1					
OG0015712	R02D5.1.1					
OG0015713	R02D5.4.1					
OG0015714	R03E1.4a.1					
OG0015715	R04B5.1.1					
OG0015716	R04B5.7.1					
OG0015717	R04B5.11.1					
OG0015718	R04D3.4.1					
OG0015719	R05A10.2.1					
OG0015720	R05A10.3.1					
OG0015721	R06B9.5.1					
OG0015722	R06C1.6.1					
OG0015723	R06C7.9a.1					
OG0015724	R06F6.6.1					
OG0015725	R06F6.7.1					
OG0015726	R06F6.11.1					
OG0015727	R07A4.3.2					
OG0015728	R07B7.2c.1					
OG0015729	R07E3.2.1					
OG0015730	R07E5.5.1					
OG0015731	R07E5.11.1					
OG0015732	R07H5.4.1					
OG0015733	R07H5.10b.1					
OG0015734	R08D7.4a.2					
OG0015735	R09E10.1.2					
OG0015736	R09E10.2.1					
OG0015737	R09H10.7.1					
OG0015738	R10E4.1.2					
OG0015739	R10E4.3.1					
OG0015740	R10E4.7.1					
OG0015741	R11.3.1					
OG0015742	R11A5.3.1					
OG0015743	R11A5.6.1					
OG0015744	R11A8.1a.1					
OG0015745	R11D1.7.1					
OG0015746	R11H6.4a.1					
OG0015747	R53.8.1					
OG0015748	R74.5a.1					
OG0015749	R102.5b.1					
OG0015750	R102.6.3					
OG0015751	T01H3.5.1					
OG0015752	T01H10.8.1					
OG0015753	T02E1.2.2					
OG0015754	T02E1.3b.1					
OG0015755	T02E1.7.1					
OG0015756	T02G6.3.1					
OG0015757	T02G6.4.1					
OG0015758	T04A8.8.1					
OG0015759	T04A8.13.1					
OG0015760	T04C12.3.1					
OG0015761	T04C12.8.1					
OG0015762	T04D3.5.2					
OG0015763	T04D3.8.1					
OG0015764	T04F8.3.1					
OG0015765	T04F8.8.1					
OG0015766	T04F8.9.1					
OG0015767	T05B9.1.1					
OG0015768	T05C12.5.2					
OG0015769	T05C12.9.1					
OG0015770	T05D4.5.1					
OG0015771	T05F1.2.1					
OG0015772	T05F1.4.1					
OG0015773	T05G5.4.1					
OG0015774	T05G5.7a.1					
OG0015775	T06E4.10.1					
OG0015776	T06E8.2.1					
OG0015777	T06G6.3a.1					
OG0015778	T06G6.4.1					
OG0015779	T07A5.5.1					
OG0015780	T08D2.6.1					
OG0015781	T08D10.3.1					
OG0015782	T09F3.4.1					
OG0015783	T09F5.2.1					
OG0015784	T10B10.9.1					
OG0015785	T11B7.1.1					
OG0015786	T11B7.2a.1					
OG0015787	T12A7.3.1					
OG0015788	T12A7.4d.1					
OG0015789	T12D8.2.1					
OG0015790	T12D8.5a.2					
OG0015791	T12G3.6b.1					
OG0015792	T13F2.4.1					
OG0015793	T13F2.6.1					
OG0015794	T13F3.7.1					
OG0015795	T13H10.2.1					
OG0015796	T14B1.1.3					
OG0015797	T14G8.2.1					
OG0015798	T14G8.4.1					
OG0015799	T15H9.2.1					
OG0015800	T16G12.4.1					
OG0015801	T16G12.8.1					
OG0015802	T16H12.3a.1					
OG0015803	T16H12.11.2					
OG0015804	T18D3.6.1					
OG0015805	T20B3.14.1					
OG0015806	T20G5.14.1					
OG0015807	T21B6.5.1					
OG0015808	T21C9.9.1					
OG0015809	T21C12.4b.1					
OG0015810	T21E8.4.1					
OG0015811	T21E8.5.1					
OG0015812	T22A3.6.1					
OG0015813	T22C1.2.1					
OG0015814	T22C1.5.1					
OG0015815	T22C1.11.1					
OG0015816	T22C1.12.1					
OG0015817	T22H2.4.1					
OG0015818	T23F11.6.1					
OG0015819	T23G11.1.1					
OG0015820	T23G11.10.1					
OG0015821	T24A11.2.1					
OG0015822	T24B8.3a.1					
OG0015823	T24B8.7b.1					
OG0015824	T24C2.3.1					
OG0015825	T24C2.5.2					
OG0015826	T24D5.2.1					
OG0015827	T24F1.5.1					
OG0015828	T24F1.7.1					
OG0015829	T26E3.7.2					
OG0015830	T26E3.10.1					
OG0015831	T26E4.2.1					
OG0015832	T26G10.3.1					
OG0015833	T26G10.5.1					
OG0015834	T27A8.2.1					
OG0015835	T27E9.5.1					
OG0015836	T27E9.6.1					
OG0015837	T27F6.4.1					
OG0015838	T28B8.1.1					
OG0015839	T28C6.1f.1					
OG0015840	T28C6.8.2					
OG0015841	T28H10.2.1					
OG0015842	T28H10.4.1					
OG0015843	VK10D6R.1.1					
OG0015844	VW02B12L.4.1					
OG0015845	VZK822L.2.1					
OG0015846	W01C9.2.1					
OG0015847	W01D2.6.1					
OG0015848	W02D9.3.1					
OG0015849	W02D9.6.1					
OG0015850	W02D9.7.1					
OG0015851	W02D9.8.1					
OG0015852	W02D9.9.1					
OG0015853	W02H3.1a.1					
OG0015854	W03C9.1.1					
OG0015855	W03C9.5.1					
OG0015856	W03C9.8.1					
OG0015857	W03G11.2.1					
OG0015858	W03G11.4.4					
OG0015859	W04A4.2.1					
OG0015860	W04A4.6.1					
OG0015861	W04A8.2.1					
OG0015862	W04E12.3.1					
OG0015863	W04E12.9.1					
OG0015864	W05E10.1.1					
OG0015865	W05E10.2.1					
OG0015866	W05H5.3.1					
OG0015867	W06D11.1.1					
OG0015868	W06D11.3.1					
OG0015869	W06G6.2.1					
OG0015870	W06G6.10.1					
OG0015871	W06H12.1.1					
OG0015872	W07G1.7.1					
OG0015873	W07G4.1.1					
OG0015874	W08G11.3c.1					
OG0015875	W09H1.4.2					
OG0015876	Y6B3B.1.1					
OG0015877	Y7A5A.2.1					
OG0015878	Y7A5A.5.1					
OG0015879	Y7A5A.6.1					
OG0015880	Y7A5A.7.1					
OG0015881	Y7A5A.8.1					
OG0015882	Y7A5A.9.1					
OG0015883	Y7A9A.1.1					
OG0015884	Y11D7A.5.1					
OG0015885	Y11D7A.7.1					
OG0015886	Y17D7B.4.1					
OG0015887	Y17D7C.1a.1					
OG0015888	Y17G7B.21a.1					
OG0015889	Y17G7B.22.1					
OG0015890	Y18D10A.4.1					
OG0015891	Y18D10A.11.1					
OG0015892	Y19D2B.2.1					
OG0015893	Y26E6A.1.1					
OG0015894	Y26E6A.2.2					
OG0015895	Y32B12B.1a.1					
OG0015896	Y37A1B.4.1					
OG0015897	Y37D8A.26.1					
OG0015898	Y38E10A.14.1					
OG0015899	Y38F1A.1.1					
OG0015900	Y38F1A.4.1					
OG0015901	Y38F1A.7.1					
OG0015902	Y38H6C.4.1					
OG0015903	Y38H6C.18.1					
OG0015904	Y38H8A.1.1					
OG0015905	Y38H8A.5.1					
OG0015906	Y39A1A.2a.1					
OG0015907	Y39A1A.10.1					
OG0015908	Y39A1A.24.1					
OG0015909	Y39B6A.5a.1					
OG0015910	Y39B6A.10.1					
OG0015911	Y39B6A.12b.1					
OG0015912	Y39B6A.13.1					
OG0015913	Y39B6A.37.1					
OG0015914	Y39B6A.42.2					
OG0015915	Y39C12A.9.1					
OG0015916	Y39E4B.10b.1					
OG0015917	Y39E4B.11.1					
OG0015918	Y39G8B.2.1					
OG0015919	Y40H7A.10.1					
OG0015920	Y41C4A.2.1					
OG0015921	Y41C4A.6.1					
OG0015922	Y41C4A.18.1					
OG0015923	Y43C5A.3.1					
OG0015924	Y43C5B.2.1					
OG0015925	Y43F8A.1.1					
OG0015926	Y43F8B.5.1					
OG0015927	Y43F8C.20.1					
OG0015928	Y44A6D.5.1					
OG0015929	Y45F3A.5.1					
OG0015930	Y45F10D.14.1					
OG0015931	Y46G5A.10.1					
OG0015932	Y46G5A.15.1					
OG0015933	Y46G5A.20.1					
OG0015934	Y46G5A.23.1					
OG0015935	Y47D3A.15.1					
OG0015936	Y47D3A.20.1					
OG0015937	Y47D3A.32d.1					
OG0015938	Y48A6B.11b.1					
OG0015939	Y48C3A.12.1					
OG0015940	Y48E1B.3c.1					
OG0015941	Y48E1B.11.1					
OG0015942	Y48E1B.16.1					
OG0015943	Y48G10A.6.1					
OG0015944	Y49E10.10.2					
OG0015945	Y49E10.17a.1					
OG0015946	Y49E10.21a.1					
OG0015947	Y49E10.27.1					
OG0015948	Y50E8A.2.1					
OG0015949	Y50E8A.12a.1					
OG0015950	Y51B9A.7.1					
OG0015951	Y51B9A.8.1					
OG0015952	Y51H1A.6a.1					
OG0015953	Y51H4A.1.1					
OG0015954	Y51H4A.4a.1					
OG0015955	Y52B11B.1.1					
OG0015956	Y53C10A.6b.1					
OG0015957	Y53C12A.6a.1					
OG0015958	Y53F4B.1.1					
OG0015959	Y53F4B.5.1					
OG0015960	Y53F4B.17.1					
OG0015961	Y53F4B.19.1					
OG0015962	Y53F4B.24.1					
OG0015963	Y53H1A.2b.1					
OG0015964	Y54E2A.7.1					
OG0015965	Y54G9A.5.1					
OG0015966	Y56A3A.6.1					
OG0015967	Y56A3A.30.1					
OG0015968	Y57G11B.6.1					
OG0015969	Y57G11C.36.2					
OG0015970	Y57G11C.46.1					
OG0015971	Y59A8B.12.1					
OG0015972	Y59A8B.24.1					
OG0015973	Y60A3A.23.1					
OG0015974	Y60A9.1.1					
OG0015975	Y62E10A.3.1					
OG0015976	Y62H9A.2.1					
OG0015977	Y62H9A.7.1					
OG0015978	Y62H9A.9.1					
OG0015979	Y62H9A.10a.1					
OG0015980	Y62H9A.11.1					
OG0015981	Y62H9A.12.1					
OG0015982	Y62H9A.13.1					
OG0015983	Y62H9A.14b.1					
OG0015984	Y65A5A.2a.1					
OG0015985	Y66D12A.3.2					
OG0015986	Y66D12A.6.1					
OG0015987	Y66D12A.19.2					
OG0015988	Y69E1A.8.1					
OG0015989	Y69H2.7b.1					
OG0015990	Y69H2.14.1					
OG0015991	Y73F4A.1.1					
OG0015992	Y73F8A.10.1					
OG0015993	Y73F8A.13.2					
OG0015994	Y73F8A.25a.2					
OG0015995	Y73F8A.32a.1					
OG0015996	Y75B8A.13.1					
OG0015997	Y75B8A.18a.1					
OG0015998	Y75B8A.23.1					
OG0015999	Y75B8A.29.2					
OG0016000	Y75B8A.33.1					
OG0016001	Y75B12B.3.1					
OG0016002	Y76A2B.4.1					
OG0016003	Y79H2A.2a.1					
OG0016004	Y80D3A.3.1					
OG0016005	Y102A5C.2.1					
OG0016006	Y102F5A.1.1					
OG0016007	Y105C5B.8a.1					
OG0016008	Y105E8A.28.1					
OG0016009	Y105E8B.6.1					
OG0016010	Y106G6D.1.1					
OG0016011	Y106G6D.2.1					
OG0016012	Y106G6G.1.1					
OG0016013	Y106G6G.3.1					
OG0016014	Y106G6G.4.2					
OG0016015	Y106G6H.16.1					
OG0016016	Y113G7A.12.1					
OG0016017	Y113G7A.15a.1					
OG0016018	Y116A8B.4.1					
OG0016019	Y116A8C.3.1					
OG0016020	Y116A8C.29.1					
OG0016021	Y116A8C.43a.1					
OG0016022	Y116F11A.3.1					
OG0016023	Y116F11B.13.1					
OG0016024	ZC84.7.1					
OG0016025	ZC116.1.1					
OG0016026	ZC302.2a.1					
OG0016027	ZC302.3.1					
OG0016028	ZC443.2.1					
OG0016029	ZK384.1.1					
OG0016030	ZK512.1.1					
OG0016031	ZK512.10.1					
OG0016032	ZK593.2a.1					
OG0016033	ZK593.3.2					
OG0016034	ZK617.2.1					
OG0016035	ZK637.4.1					
OG0016036	ZK666.11a.1					
OG0016037	ZK666.12.1					
OG0016038	ZK669.2.1					
OG0016039	ZK673.6.1					
OG0016040	ZK795.2.1					
OG0016041	ZK822.4.1					
OG0016042	ZK836.3.1					
OG0016043	ZK849.1.1					
OG0016044	ZK858.2.1					
OG0016045	ZK858.8.1					
OG0016046	ZK892.5.1					
OG0016047	ZK899.3.2					
OG0016048	ZK899.7.1					
OG0016049	ZK945.6a.1					
OG0016050	ZK971.1.1					
OG0016051	ZK1010.5.1					
OG0016052	ZK1067.3.1					
OG0016053	ZK1086.2.1					
OG0016054	ZK1098.6.1					
OG0016055	ZK1098.9.1					
OG0016056	ZK1251.1.1					
OG0016057	ZK1251.3.1					
OG0016058	ZK1251.7.1					
OG0016059	Y39G8C.3b.1					
OG0016060	H40L08.2a.2					
OG0016061	K08E5.1b.1					
OG0016062	AC7.3.1					
OG0016063	AH9.3.2					
OG0016064	B0034.2.1					
OG0016065	B0034.4.1					
OG0016066	B0041.2d.1					
OG0016067	B0205.5.1					
OG0016068	B0207.5b.1					
OG0016069	B0207.9.2					
OG0016070	B0207.10.1					
OG0016071	B0213.17.1					
OG0016072	B0228.6.1					
OG0016073	B0244.9.1					
OG0016074	B0261.5.1					
OG0016075	B0261.8.1					
OG0016076	B0280.10a.1					
OG0016077	B0302.2.1					
OG0016078	B0302.4.1					
OG0016079	B0304.2.1					
OG0016080	B0304.4.1					
OG0016081	B0310.3.3					
OG0016082	B0310.6.1					
OG0016083	B0336.12.1					
OG0016084	B0361.11.1					
OG0016085	B0410.1.1					
OG0016086	B0507.5a.1					
OG0016087	B0511.9c.1					
OG0016088	B0524.2.1					
OG0016089	B0524.5.1					
OG0016090	B0524.6.1					
OG0016091	B0545.3.1					
OG0016092	B0546.3a.1					
OG0016093	B0547.2.1					
OG0016094	B0554.1.1					
OG0016095	B0563.1.1					
OG0016096	B0563.5.1					
OG0016097	B0563.8.1					
OG0016098	C01B12.8.1					
OG0016099	C01G5.5.1					
OG0016100	C01G8.1a.1					
OG0016101	C01G8.6.1					
OG0016102	C02B8.6.1					
OG0016103	C02B10.4.1					
OG0016104	C02E7.8.1					
OG0016105	C02F5.10.1					
OG0016106	C02F12.8.1					
OG0016107	C03B1.1.1					
OG0016108	C03B1.2.1					
OG0016109	C03B1.6.1					
OG0016110	C03B1.7a.1					
OG0016111	C03B1.9.1					
OG0016112	C03B1.10.1					
OG0016113	C03F11.4.3					
OG0016114	C03H5.4a.1					
OG0016115	C04E6.4.2					
OG0016116	C04E6.7.1					
OG0016117	C04E7.1.1					
OG0016118	C04E7.3.1					
OG0016119	C04G6.6.1					
OG0016120	C04G6.11.1					
OG0016121	C05D11.13b.2					
OG0016122	C05E4.12.1					
OG0016123	C05E11.2.1					
OG0016124	C06A5.2.1					
OG0016125	C06E1.1.1					
OG0016126	C06E2.2.1					
OG0016127	C06E2.5.1					
OG0016128	C06E4.2b.1					
OG0016129	C06E4.8.1					
OG0016130	C06G3.3.1					
OG0016131	C06G4.4.2					
OG0016132	C07A12.2.1					
OG0016133	C07D10.1.1					
OG0016134	C07G1.6.1					
OG0016135	C07H6.9b.1					
OG0016136	C08D8.1.1					
OG0016137	C09D4.6.1					
OG0016138	C10A4.2.1					
OG0016139	C10A4.3.1					
OG0016140	C10A4.4.2					
OG0016141	C10A4.5.1					
OG0016142	C10A4.6.1					
OG0016143	C10A4.7.1					
OG0016144	C10E2.1.1					
OG0016145	C10G8.2.1					
OG0016146	C10G8.3.1					
OG0016147	C10G11.6b.1					
OG0016148	C10H11.7.1					
OG0016149	C10H11.10.1					
OG0016150	C12D12.5b.1					
OG0016151	C13E3.1a.1					
OG0016152	C13F10.6.1					
OG0016153	C14A11.2.1					
OG0016154	C14A11.5.1					
OG0016155	C14A11.6b.1					
OG0016156	C14B9.10.2					
OG0016157	C14C11.7.1					
OG0016158	C14E2.1.1					
OG0016159	C14E2.3.1					
OG0016160	C14E2.5.1					
OG0016161	C14F11.4a.1					
OG0016162	C15B12.2.1					
OG0016163	C15B12.3.1					
OG0016164	C15B12.6a.1					
OG0016165	C15C7.4.2					
OG0016166	C15C7.6.1					
OG0016167	C15H9.11.1					
OG0016168	C16B8.3.1					
OG0016169	C16C8.7.1					
OG0016170	C16C8.19.1					
OG0016171	C16D9.9.1					
OG0016172	C16H3.3a.1					
OG0016173	C17C3.9.1					
OG0016174	C17C3.12c.1					
OG0016175	C17E7.9a.1					
OG0016176	C17E7.12.1					
OG0016177	C17E7.13.1					
OG0016178	C17H11.2.1					
OG0016179	C17H11.5.1					
OG0016180	C17H12.10.1					
OG0016181	C18A3.9.1					
OG0016182	C18A3.10.2					
OG0016183	C18E3.3.1					
OG0016184	C18E3.5.1					
OG0016185	C18E3.9b.1					
OG0016186	C18F10.2.1					
OG0016187	C18H7.9.1					
OG0016188	C23F12.3.1					
OG0016189	C23F12.4.1					
OG0016190	C23G10.10.1					
OG0016191	C23G10.11.2					
OG0016192	C24A8.5.1					
OG0016193	C24H10.2.1					
OG0016194	C24H10.3.1					
OG0016195	C24H10.4.2					
OG0016196	C24H12.6.1					
OG0016197	C25A8.1.1					
OG0016198	C25A8.4.1					
OG0016199	C25E10.10.1					
OG0016200	C25E10.11.1					
OG0016201	C25F6.1.1					
OG0016202	C25H3.10a.1					
OG0016203	C26B9.2.1					
OG0016204	C26B9.7.1					
OG0016205	C28C12.2.1					
OG0016206	C28C12.11b.1					
OG0016207	C28C12.12.1					
OG0016208	C28F5.1.1					
OG0016209	C29E4.9.1					
OG0016210	C29E4.11.1					
OG0016211	C29F9.2.1					
OG0016212	C29G2.3.1					
OG0016213	C30B5.6b.1					
OG0016214	C30F8.3.1					
OG0016215	C31H1.5.1					
OG0016216	C31H1.8a.1					
OG0016217	C32B5.6a.1					
OG0016218	C32D5.4.1					
OG0016219	C33C12.1.1					
OG0016220	C33C12.10.3					
OG0016221	C33D12.2a.1					
OG0016222	C33F10.8.1					
OG0016223	C33H5.6.1					
OG0016224	C33H5.13a.1					
OG0016225	C34B2.1a.1					
OG0016226	C34B2.2.1					
OG0016227	C34B2.9.1					
OG0016228	C34D4.10.1					
OG0016229	C34D4.11a.1					
OG0016230	C34E10.9.1					
OG0016231	C35A11.2.2					
OG0016232	C35B1.4.1					
OG0016233	C35B1.7.1					
OG0016234	C35B1.8.1					
OG0016235	C35D10.3.1					
OG0016236	C35D10.7a.1					
OG0016237	C35E7.7.1					
OG0016238	C35E7.11.1					
OG0016239	C36B7.3.1					
OG0016240	C36B7.4.1					
OG0016241	C39B5.10.1					
OG0016242	C39D10.1.1					
OG0016243	C39D10.3a.1					
OG0016244	C39D10.5.1					
OG0016245	C39D10.8b.1					
OG0016246	C39E6.2.1					
OG0016247	C39F7.1a.1					
OG0016248	C40D2.4.1					
OG0016249	C41A3.2a.2					
OG0016250	C41H7.2a.1					
OG0016251	C42C1.2.1					
OG0016252	C42C1.3b.1					
OG0016253	C42D4.3.1					
OG0016254	C42D4.13a.1					
OG0016255	C43H6.4.1					
OG0016256	C44B7.5.1					
OG0016257	C44B11.6.1					
OG0016258	C44B12.3.1					
OG0016259	C45B2.8.1					
OG0016260	C45E5.4.1					
OG0016261	C45G7.1.1					
OG0016262	C45G9.8.3					
OG0016263	C45G9.10a.1					
OG0016264	C45G9.12.1					
OG0016265	C45H4.13.1					
OG0016266	C46A5.6.1					
OG0016267	C46E10.3.1					
OG0016268	C46E10.8.1					
OG0016269	C46F2.1.1					
OG0016270	C46H3.1.1					
OG0016271	C46H11.1.1					
OG0016272	C46H11.3.1					
OG0016273	C46H11.10a.1					
OG0016274	C48B6.4.1					
OG0016275	C48B6.9.2					
OG0016276	C49C8.3.1					
OG0016277	C49C8.6.1					
OG0016278	C50C3.12.1					
OG0016279	C50D2.3.1					
OG0016280	C50E3.5.1					
OG0016281	C50E3.11.1					
OG0016282	C50E3.12.1					
OG0016283	C50E3.13.1					
OG0016284	C50E10.1.1					
OG0016285	C50F2.7.1					
OG0016286	C50F7.5.1					
OG0016287	C50F7.9.1					
OG0016288	C52B9.10.1					
OG0016289	C52B9.11.1					
OG0016290	C52E12.6.1					
OG0016291	C53B7.2.1					
OG0016292	C53B7.3b.1					
OG0016293	C53C11.2.1					
OG0016294	C53D5.4a.1					
OG0016295	C54D2.2.1					
OG0016296	C54E4.1.1					
OG0016297	C54G6.1a.1					
OG0016298	C55B6.4.1					
OG0016299	C56C10.9.1					
OG0016300	C56G2.5.1					
OG0016301	D1005.4.1					
OG0016302	D1007.8.1					
OG0016303	D1007.10b.1					
OG0016304	D1007.13b.1					
OG0016305	D1022.2.1					
OG0016306	D1044.4.1					
OG0016307	D2007.1.1					
OG0016308	D2092.8.1					
OG0016309	D2096.1a.1					
OG0016310	D2096.12.1					
OG0016311	E01A2.8.1					
OG0016312	E02H9.7.1					
OG0016313	E03H12.5.1					
OG0016314	EEED8.3.1					
OG0016315	EEED8.13.2					
OG0016316	EEED8.14.1					
OG0016317	EEED8.15.1					
OG0016318	EGAP2.2.1					
OG0016319	EGAP5.1.1					
OG0016320	F01F1.14.1					
OG0016321	F02C9.1.1					
OG0016322	F02E11.2a.1					
OG0016323	F07C3.9.1					
OG0016324	F07C3.10.1					
OG0016325	F07C4.7.1					
OG0016326	F07E5.9.2					
OG0016327	F07F6.2.1					
OG0016328	F07G6.2.1					
OG0016329	F07G6.5.1					
OG0016330	F07G6.8.1					
OG0016331	F08F1.3.1					
OG0016332	F08F1.4.1					
OG0016333	F09E5.12.2					
OG0016334	F09E5.14.1					
OG0016335	F09E5.16.1					
OG0016336	F09E10.1.1					
OG0016337	F09F7.6.1					
OG0016338	F09G8.7.1					
OG0016339	F09G8.9.1					
OG0016340	F10C1.1.1					
OG0016341	F10D7.4b.1					
OG0016342	F10E9.1.1					
OG0016343	F10E9.3.1					
OG0016344	F10E9.7.2					
OG0016345	F10E9.12.1					
OG0016346	F10G2.4.1					
OG0016347	F10G7.9a.1					
OG0016348	F11D5.6.1					
OG0016349	F11G11.13.1					
OG0016350	F12A10.1.1					
OG0016351	F12A10.7.1					
OG0016352	F12A10.8.1					
OG0016353	F12D9.2.1					
OG0016354	F12E12.1.1					
OG0016355	F12E12.2.1					
OG0016356	F12E12.6.1					
OG0016357	F13A2.1.1					
OG0016358	F13A2.2.1					
OG0016359	F13A2.3.1					
OG0016360	F13A2.4.2					
OG0016361	F13A2.5a.1					
OG0016362	F13B6.3.1					
OG0016363	F13H8.3.1					
OG0016364	F13H8.5b.1					
OG0016365	F13H8.6.1					
OG0016366	F13H8.12b.1					
OG0016367	F14B8.2.1					
OG0016368	F14B8.4.1					
OG0016369	F14D2.5.1					
OG0016370	F14D2.7.1					
OG0016371	F14F9.2.1					
OG0016372	F14F9.6.1					
OG0016373	F14H12.6.1					
OG0016374	F14H12.7.1					
OG0016375	F14H12.8.1					
OG0016376	F15A8.1.1					
OG0016377	F15E6.9a.1					
OG0016378	F16B4.4.1					
OG0016379	F16B4.5b.1					
OG0016380	F16B4.7.1					
OG0016381	F16F9.3.1					
OG0016382	F16H11.3.1					
OG0016383	F18A1.1.1					
OG0016384	F18A1.8.1					
OG0016385	F18A12.2.1					
OG0016386	F18A12.7.2					
OG0016387	F18E9.1.1					
OG0016388	F18G5.1.1					
OG0016389	F18G5.6.1					
OG0016390	F19B10.1.1					
OG0016391	F19B10.2.1					
OG0016392	F19B10.3.1					
OG0016393	F19B10.4.1					
OG0016394	F19B10.5.1					
OG0016395	F19B10.6.1					
OG0016396	F19G12.4.1					
OG0016397	F20A1.4.1					
OG0016398	F20A1.6a.1					
OG0016399	F20A1.8.1					
OG0016400	F20B6.5.1					
OG0016401	F20B6.9.2					
OG0016402	F20D6.1.1					
OG0016403	F20D6.5.1					
OG0016404	F20D6.6.1					
OG0016405	F20D6.9.1					
OG0016406	F20D12.1a.2					
OG0016407	F21A9.1b.1					
OG0016408	F21C10.11a.1					
OG0016409	F21D12.2.1					
OG0016410	F21E9.3.2					
OG0016411	F21E9.4.1					
OG0016412	F21F3.4.1					
OG0016413	F21F8.5.1					
OG0016414	F22B7.2b.1					
OG0016415	F22B7.4.1					
OG0016416	F22D3.4.1					
OG0016417	F22F4.4.1					
OG0016418	F22F7.2.1					
OG0016419	F22H10.3.1					
OG0016420	F23F1.10.1					
OG0016421	F23F12.9a.1					
OG0016422	F23F12.12.1					
OG0016423	F25E5.9.1					
OG0016424	F25G6.9.1					
OG0016425	F26D11.2.1					
OG0016426	F26D11.6.1					
OG0016427	F26F4.5.2					
OG0016428	F26G5.1a.1					
OG0016429	F27B10.1b.1					
OG0016430	F27C1.4.1					
OG0016431	F28B3.6.1					
OG0016432	F28B4.1.1					
OG0016433	F28B12.1b.1					
OG0016434	F28C10.1.1					
OG0016435	F28C10.3.1					
OG0016436	F28F5.6.1					
OG0016437	F28H1.1.1					
OG0016438	F28H1.5.1					
OG0016439	F29B9.5.1					
OG0016440	F29C4.4.1					
OG0016441	F31D5.6.1					
OG0016442	F32A5.8.2					
OG0016443	F32D1.6b.1					
OG0016444	F32D1.7.1					
OG0016445	F32D1.8a.1					
OG0016446	F33D11.8.1					
OG0016447	F33E11.2a.1					
OG0016448	F35A5.2.1					
OG0016449	F35B3.3a.1					
OG0016450	F35C8.8a.1					
OG0016451	F35D11.1.1					
OG0016452	F35F11.2.1					
OG0016453	F35H10.2.1					
OG0016454	F35H10.5.1					
OG0016455	F36D4.1.1					
OG0016456	F36F12.7.1					
OG0016457	F36H12.1.1					
OG0016458	F36H12.17.1					
OG0016459	F37C4.5a.1					
OG0016460	F37C12.10.1					
OG0016461	F37C12.14.1					
OG0016462	F38E1.6.1					
OG0016463	F38E1.10.1					
OG0016464	F38E9.6.2					
OG0016465	F39E9.6.2					
OG0016466	F39F10.4.2					
OG0016467	F39G3.3.1					
OG0016468	F39H12.1.1					
OG0016469	F40E12.1.1					
OG0016470	F40G9.6.1					
OG0016471	F40H3.2.1					
OG0016472	F41C3.2.1					
OG0016473	F41C6.6.1					
OG0016474	F41E6.1.2					
OG0016475	F41E6.7.1					
OG0016476	F41E6.10.1					
OG0016477	F41E6.11.1					
OG0016478	F41G3.1.1					
OG0016479	F41G3.6.1					
OG0016480	F41G4.7.1					
OG0016481	F41G4.8.1					
OG0016482	F41H10.12.1					
OG0016483	F42A6.2.1					
OG0016484	F42A9.3.1					
OG0016485	F42A9.7.1					
OG0016486	F42A9.9.1					
OG0016487	F42C5.3a.1					
OG0016488	F42C5.10.1					
OG0016489	F42G8.9.1					
OG0016490	F43E2.11.2					
OG0016491	F43H9.4.1					
OG0016492	F44B9.10.1					
OG0016493	F44E7.5a.1					
OG0016494	F45E1.2.1					
OG0016495	F45E1.5.1					
OG0016496	F45F2.10.4					
OG0016497	F46E10.2.1					
OG0016498	F46F11.6.1					
OG0016499	F46F11.8.1					
OG0016500	F46G11.4.1					
OG0016501	F46H5.5.1					
OG0016502	F47D12.6.1					
OG0016503	F47E1.3.1					
OG0016504	F47G3.3.1					
OG0016505	F47G6.3.1					
OG0016506	F48A11.4a.1					
OG0016507	F48B9.1.1					
OG0016508	F48C1.3.1					
OG0016509	F48C1.5.1					
OG0016510	F48C1.9.1					
OG0016511	F48D6.4a.1					
OG0016512	F48E3.6.1					
OG0016513	F49D11.9b.1					
OG0016514	F49E8.2a.1					
OG0016515	F49E8.6.1					
OG0016516	F49E8.7a.1					
OG0016517	F49H12.2.1					
OG0016518	F52D1.2c.1					
OG0016519	F52D2.5.2					
OG0016520	F52D2.6.1					
OG0016521	F52D2.7.1					
OG0016522	F52E1.3.1					
OG0016523	F52E1.10.1					
OG0016524	F52H2.1.1					
OG0016525	F52H2.3.1					
OG0016526	F52H2.5.2					
OG0016527	F53A9.8.1					
OG0016528	F53C3.7.1					
OG0016529	F53C3.8.1					
OG0016530	F53G12.4.1					
OG0016531	F53G12.8.1					
OG0016532	F54A3.6a.1					
OG0016533	F54C4.4.1					
OG0016534	F54D10.4.1					
OG0016535	F54D10.5.1					
OG0016536	F54D10.7.1					
OG0016537	F54D11.4.1					
OG0016538	F54D12.6a.1					
OG0016539	F54D12.9.1					
OG0016540	F54E7.5.1					
OG0016541	F54E7.8.1					
OG0016542	F54F2.5.1					
OG0016543	F54F2.6.1					
OG0016544	F54H12.4.1					
OG0016545	F55A3.2.2					
OG0016546	F55A3.5.1					
OG0016547	F55A3.6.1					
OG0016548	F55A4.3.1					
OG0016549	F55A12.5.1					
OG0016550	F55C7.2.1					
OG0016551	F55D1.1.1					
OG0016552	F55D10.4.1					
OG0016553	F55E10.1.1					
OG0016554	F55E10.2.1					
OG0016555	F55E10.4.1					
OG0016556	F55F1.2.1					
OG0016557	F55F8.8.1					
OG0016558	F55G1.7a.1					
OG0016559	F56A11.6.1					
OG0016560	F56C3.3.1					
OG0016561	F56C3.4.1					
OG0016562	F56C3.7.1					
OG0016563	F56C3.8.1					
OG0016564	F56C9.3.2					
OG0016565	F56C9.6b.1					
OG0016566	F56C9.11.1					
OG0016567	F56D2.3a.1					
OG0016568	F56F4.4.1					
OG0016569	F57B10.14.1					
OG0016570	F57C9.7.1					
OG0016571	F57F4.2.1					
OG0016572	F57H12.4.4					
OG0016573	F58A6.5.1					
OG0016574	F58E2.5.1					
OG0016575	F58F9.1a.2					
OG0016576	F58F12.2.1					
OG0016577	F58H7.5.1					
OG0016578	F59A3.2.1					
OG0016579	F59A3.7.1					
OG0016580	F59A3.9.2					
OG0016581	F59A3.10.1					
OG0016582	F59A6.2.1					
OG0016583	F59A7.5c.1					
OG0016584	F59E12.3.1					
OG0016585	F59E12.8.1					
OG0016586	F59G1.8b.1					
OG0016587	H03E18.2b.1					
OG0016588	H04M03.1.1					
OG0016589	H04M03.11.1					
OG0016590	H06I04.1a.1					
OG0016591	H06I04.7.1					
OG0016592	H10D18.1.1					
OG0016593	H10E21.2.1					
OG0016594	H12I13.6.1					
OG0016595	H14A12.5.2					
OG0016596	H14N18.2.1					
OG0016597	H20J04.1.1					
OG0016598	H22K11.3.2					
OG0016599	H27M09.3.1					
OG0016600	H28G03.3.1					
OG0016601	H31G24.1.1					
OG0016602	H35N09.2.1					
OG0016603	H39E20.1.1					
OG0016604	K01A12.2.2					
OG0016605	K02A2.5.1					
OG0016606	K02D10.2.1					
OG0016607	K02D10.3.1					
OG0016608	K02E7.11.1					
OG0016609	K02E7.12.1					
OG0016610	K02E10.7.2					
OG0016611	K02F3.6.2					
OG0016612	K03B4.2.1					
OG0016613	K03B4.4a.2					
OG0016614	K03B4.6.1					
OG0016615	K03B4.7a.1					
OG0016616	K04C2.3a.1					
OG0016617	K04F10.3a.1					
OG0016618	K05G3.2.1					
OG0016619	K06A5.3.1					
OG0016620	K06A9.3.2					
OG0016621	K06H7.1.1					
OG0016622	K06H7.7.1					
OG0016623	K07A9.3.1					
OG0016624	K07C11.3.1					
OG0016625	K07D4.2.1					
OG0016626	K07E3.1.1					
OG0016627	K07E3.2.1					
OG0016628	K07E12.2.1					
OG0016629	K07H8.8.1					
OG0016630	K07H8.9.1					
OG0016631	K08F11.1a.1					
OG0016632	K09C4.7.1					
OG0016633	K09C4.9.1					
OG0016634	K09C4.10.1					
OG0016635	K09D9.3.1					
OG0016636	K09F5.4.1					
OG0016637	K09H9.7.1					
OG0016638	K10B3.1b.1					
OG0016639	K10C2.2.1					
OG0016640	K10C2.6.1					
OG0016641	K10C2.7.1					
OG0016642	K10C9.1.1					
OG0016643	K10C9.4a.1					
OG0016644	K10D2.5.1					
OG0016645	K10F12.7.1					
OG0016646	K11D12.8.1					
OG0016647	K11D12.12.1					
OG0016648	K11G12.6b.1					
OG0016649	K11H12.5.2					
OG0016650	K12H4.6.1					
OG0016651	K12H6.2.2					
OG0016652	M01E11.3.1					
OG0016653	M01H9.1.1					
OG0016654	M01H9.4d.1					
OG0016655	M02A10.1.1					
OG0016656	M02D8.2.1					
OG0016657	M02D8.3.1					
OG0016658	M02D8.5.1					
OG0016659	M02E1.1a.2					
OG0016660	M02F4.7.1					
OG0016661	M03D4.3.1					
OG0016662	M03E7.2.1					
OG0016663	M03E7.5.3					
OG0016664	M03F4.4.1					
OG0016665	M151.1c.1					
OG0016666	M151.3.1					
OG0016667	R01B10.3.1					
OG0016668	R01H2.1.1					
OG0016669	R02E4.1.1					
OG0016670	R02E12.2a.1					
OG0016671	R02F2.6.1					
OG0016672	R04A9.1.1					
OG0016673	R04A9.3.1					
OG0016674	R04A9.6.1					
OG0016675	R04E5.8a.1					
OG0016676	R04E5.9.1					
OG0016677	R05D3.3.4					
OG0016678	R05F9.7.1					
OG0016679	R05G9.1.1					
OG0016680	R05G9.3.1					
OG0016681	R05H11.2.3					
OG0016682	R06A10.1a.1					
OG0016683	R06B10.3.1					
OG0016684	R06B10.7.1					
OG0016685	R07C3.13a.1					
OG0016686	R07E4.5.1					
OG0016687	R08C7.5a.1					
OG0016688	R08C7.11.1					
OG0016689	R10A10.1.1					
OG0016690	R10F2.4.1					
OG0016691	R10F2.6.1					
OG0016692	R12B2.6.1					
OG0016693	R12B2.7.1					
OG0016694	R12E2.6.1					
OG0016695	R13A1.1.1					
OG0016696	R13A1.5.1					
OG0016697	R13A1.9.1					
OG0016698	R13A5.7.1					
OG0016699	R13D11.10.1					
OG0016700	R13F6.1.1					
OG0016701	R106.2.1					
OG0016702	R144.10.1					
OG0016703	R148.2.1					
OG0016704	R148.4a.1					
OG0016705	R148.7.1					
OG0016706	R160.2.1					
OG0016707	R160.3.1					
OG0016708	R160.4.1					
OG0016709	R160.5b.1					
OG0016710	R160.6.1					
OG0016711	R173.4.1					
OG0016712	R193.1.1					
OG0016713	T01B6.4.1					
OG0016714	T04A6.1.1					
OG0016715	T04A6.2.1					
OG0016716	T04C9.2.1					
OG0016717	T04C9.3.1					
OG0016718	T04G9.1a.1					
OG0016719	T04G9.6a.1					
OG0016720	T04G9.7.1					
OG0016721	T05A8.2.1					
OG0016722	T05A8.7.1					
OG0016723	T05C1.5.1					
OG0016724	T05E7.5.1					
OG0016725	T05H4.11a.2					
OG0016726	T06A4.2.1					
OG0016727	T06D4.1a.1					
OG0016728	T06D4.2.1					
OG0016729	T07E3.5.1					
OG0016730	T09B4.5.1					
OG0016731	T09B4.6.1					
OG0016732	T10B5.6.1					
OG0016733	T10B11.7a.1					
OG0016734	T10E9.1.1					
OG0016735	T10E9.2.1					
OG0016736	T10E9.5.1					
OG0016737	T12A2.3.1					
OG0016738	T13C5.4.1					
OG0016739	T13G4.7.1					
OG0016740	T14A8.2c.1					
OG0016741	T14E8.2.1					
OG0016742	T14F9.2.1					
OG0016743	T15B7.14.1					
OG0016744	T15B12.2.1					
OG0016745	T16A1.5.1					
OG0016746	T16D1.1.1					
OG0016747	T17A3.12.1					
OG0016748	T19B4.5.1					
OG0016749	T19C3.1.1					
OG0016750	T19C3.6.1					
OG0016751	T20B6.3.1					
OG0016752	T20B12.5.1					
OG0016753	T20F5.5.1					
OG0016754	T20F7.3.1					
OG0016755	T21D9.2.1					
OG0016756	T21D12.11.1					
OG0016757	T21E3.2.1					
OG0016758	T21E12.5.1					
OG0016759	T21G5.2.1					
OG0016760	T21H3.5a.1					
OG0016761	T22B2.2.1					
OG0016762	T22B2.3.1					
OG0016763	T22B2.5.1					
OG0016764	T22B2.6.1					
OG0016765	T22D1.5.1					
OG0016766	T22D1.8.2					
OG0016767	T22E5.1a.1					
OG0016768	T23B3.1a.1					
OG0016769	T23B12.1.1					
OG0016770	T23C6.4.1					
OG0016771	T24C4.1.1					
OG0016772	T24C4.3.1					
OG0016773	T24C12.1.1					
OG0016774	T24D8.6.1					
OG0016775	T24E12.3.1					
OG0016776	T24E12.6b.1					
OG0016777	T24E12.11.1					
OG0016778	T24H7.4.1					
OG0016779	T25B2.2a.1					
OG0016780	T25B6.1.1					
OG0016781	T25B6.4.1					
OG0016782	T25B6.5.1					
OG0016783	T25B6.6.1					
OG0016784	T25D1.3.2					
OG0016785	T25D10.1.1					
OG0016786	T25F10.1.1					
OG0016787	T25G12.3.2					
OG0016788	T26A5.2a.1					
OG0016789	T26C12.2.1					
OG0016790	T27A10.5.1					
OG0016791	T27C10.3.2					
OG0016792	T27E4.4.1					
OG0016793	T27E4.5.1					
OG0016794	T28A11.13.1					
OG0016795	T28B4.4.2					
OG0016796	T28D9.4b.1					
OG0016797	T28D9.11.1					
OG0016798	W01A11.7.2					
OG0016799	W01B11.6.1					
OG0016800	W01C8.1.1					
OG0016801	W01H2.2.1					
OG0016802	W02B3.3.1					
OG0016803	W02D7.8.1					
OG0016804	W02D7.10.1					
OG0016805	W02D7.11.1					
OG0016806	W02F12.3.1					
OG0016807	W02H5.2.1					
OG0016808	W03D2.9.2					
OG0016809	W03F9.2a.1					
OG0016810	W03G1.5.1					
OG0016811	W04C9.4.1					
OG0016812	W04C9.6.1					
OG0016813	W04D12.1.1					
OG0016814	W04H10.2.1					
OG0016815	W05F2.3.1					
OG0016816	W05F2.6a.1					
OG0016817	W05H7.1.1					
OG0016818	W08A12.2a.1					
OG0016819	W08E12.8a.1					
OG0016820	W08E12.9.1					
OG0016821	W08F4.7.1					
OG0016822	W09B6.3a.1					
OG0016823	W09C3.7.1					
OG0016824	W09G12.6.1					
OG0016825	W09G12.7.1					
OG0016826	W09G12.9.1					
OG0016827	Y1B5A.1.1					
OG0016828	Y5H2B.5.1					
OG0016829	Y8A9A.4.1					
OG0016830	Y17G9B.4a.1					
OG0016831	Y22D7AL.1.1					
OG0016832	Y22D7AL.3.1					
OG0016833	Y22D7AL.7.1					
OG0016834	Y22D7AL.12.1					
OG0016835	Y22D7AL.13.1					
OG0016836	Y22D7AR.3.1					
OG0016837	Y22D7AR.10.1					
OG0016838	Y23B4A.1.1					
OG0016839	Y23B4A.2.2					
OG0016840	Y23H5A.2a.1					
OG0016841	Y24D9A.6.1					
OG0016842	Y24D9A.7.1					
OG0016843	Y25C1A.6.1					
OG0016844	Y32G9A.2b.1					
OG0016845	Y32H12A.1.1					
OG0016846	Y34D9A.3a.1					
OG0016847	Y37E3.1.1					
OG0016848	Y37E11AL.8.1					
OG0016849	Y37E11AL.9.1					
OG0016850	Y37E11B.2.7					
OG0016851	Y37F4.2.1					
OG0016852	Y37F4.3.1					
OG0016853	Y37F4.4.1					
OG0016854	Y37F4.5.2					
OG0016855	Y38C1BA.1.1					
OG0016856	Y39A3CL.3.1					
OG0016857	Y39A3CR.6.1					
OG0016858	Y39G10AL.1a.1					
OG0016859	Y39G10AR.10.1					
OG0016860	Y39G10AR.11.1					
OG0016861	Y39G10AR.12a.1					
OG0016862	Y39G10AR.17.1					
OG0016863	Y40A1A.3.1					
OG0016864	Y41D4B.14.1					
OG0016865	Y41G9A.3.1					
OG0016866	Y41G9A.5b.1					
OG0016867	Y41G9A.6.1					
OG0016868	Y42G9A.2.1					
OG0016869	Y42H9B.3.1					
OG0016870	Y43B11AR.1.1					
OG0016871	Y44E3A.1a.1					
OG0016872	Y45G5AM.7a.1					
OG0016873	Y46H3A.4a.1					
OG0016874	Y46H3D.1.1					
OG0016875	Y47A7.2.1					
OG0016876	Y47D7A.13.1					
OG0016877	Y47D9A.5.2					
OG0016878	Y47G6A.3.1					
OG0016879	Y47G6A.15.1					
OG0016880	Y47G6A.25.1					
OG0016881	Y48G1A.2.1					
OG0016882	Y48G1C.1.1					
OG0016883	Y48G8AR.3.1					
OG0016884	Y49F6B.5.1					
OG0016885	Y49F6B.6b.1					
OG0016886	Y49F6C.6.1					
OG0016887	Y49F6C.7.1					
OG0016888	Y49F6C.8.1					
OG0016889	Y50D4C.5a.1					
OG0016890	Y51H7C.3.1					
OG0016891	Y53G8AM.2.1					
OG0016892	Y54C5A.1.1					
OG0016893	Y54E10BL.1.1					
OG0016894	Y54E10BL.3.1					
OG0016895	Y54F10BM.3.1					
OG0016896	Y54F10BM.9.1					
OG0016897	Y54G2A.5a.1					
OG0016898	Y54G2A.11a.1					
OG0016899	Y54G2A.28b.1					
OG0016900	Y55B1AR.4.1					
OG0016901	Y55D5A.1a.1					
OG0016902	Y55D5A.2.1					
OG0016903	Y55F3AR.2.1					
OG0016904	Y57E12AL.4.1					
OG0016905	Y57E12B.4.1					
OG0016906	Y57G7A.2.1					
OG0016907	Y57G7A.5.1					
OG0016908	Y58A7A.2.1					
OG0016909	Y60C6A.1.1					
OG0016910	Y65B4BL.6a.1					
OG0016911	Y65B4BL.7a.2					
OG0016912	Y67D8C.7.1					
OG0016913	Y67D8C.8.1					
OG0016914	Y69A2AR.1a.1					
OG0016915	Y69A2AR.23.1					
OG0016916	Y69A2AR.24.1					
OG0016917	Y69A2AR.32a.1					
OG0016918	Y71F9AL.6.1					
OG0016919	Y71F9AL.8.1					
OG0016920	Y71F9AL.11.1					
OG0016921	Y71F9AL.12f.1					
OG0016922	Y71F9AR.3.1					
OG0016923	Y71G12B.9a.1					
OG0016924	Y71G12B.27.1					
OG0016925	Y71H2B.8.1					
OG0016926	Y71H2B.11.3					
OG0016927	Y73B3A.8.1					
OG0016928	Y73B3A.11.1					
OG0016929	Y73B3A.20.2					
OG0016930	Y73B6BL.22.1					
OG0016931	Y73B6BL.36.1					
OG0016932	Y74C10AR.2.1					
OG0016933	Y76B12C.4a.1					
OG0016934	Y76B12C.6b.1					
OG0016935	Y76B12C.8.1					
OG0016936	Y77E11A.7j.1					
OG0016937	Y81B9A.2.1					
OG0016938	Y81B9A.3.1					
OG0016939	Y82E9BL.1.1					
OG0016940	Y82E9BR.5.3					
OG0016941	Y82E9BR.6.2					
OG0016942	Y82E9BR.10.1					
OG0016943	Y82E9BR.19.1					
OG0016944	Y82E9BR.20.1					
OG0016945	Y92C3A.3.1					
OG0016946	Y92C3B.1.1					
OG0016947	Y92H12BM.1.1					
OG0016948	Y94H6A.10.1					
OG0016949	Y95B8A.4.1					
OG0016950	Y97E10AM.1.1					
OG0016951	Y97E10AR.2a.1					
OG0016952	Y97E10C.1.1					
OG0016953	Y102A11A.3.1					
OG0016954	Y102E9.3.1					
OG0016955	Y104H12D.4.1					
OG0016956	Y110A2AR.1.1					
OG0016957	Y119D3B.21.1					
OG0016958	ZC13.2.1					
OG0016959	ZC53.1.1					
OG0016960	ZC53.2.1					
OG0016961	ZC155.2.1					
OG0016962	ZC178.2.1					
OG0016963	ZC190.7.1					
OG0016964	ZC190.8.1					
OG0016965	ZC196.6a.1					
OG0016966	ZC204.14.1					
OG0016967	ZC262.4.2					
OG0016968	ZC308.4a.1					
OG0016969	ZC328.5.1					
OG0016970	ZC395.5.1					
OG0016971	ZC395.11.1					
OG0016972	ZC404.1.1					
OG0016973	ZC449.4.5					
OG0016974	ZC449.5.1					
OG0016975	ZC477.4.1					
OG0016976	ZK84.2.1					
OG0016977	ZK112.4.1					
OG0016978	ZK177.1.1					
OG0016979	ZK177.3.1					
OG0016980	ZK177.9.1					
OG0016981	ZK180.6a.1					
OG0016982	ZK353.3.1					
OG0016983	ZK353.4.1					
OG0016984	ZK355.3.1					
OG0016985	ZK380.4.1					
OG0016986	ZK470.4.1					
OG0016987	ZK546.4.1					
OG0016988	ZK616.2.1					
OG0016989	ZK616.8.1					
OG0016990	ZK652.2.1					
OG0016991	ZK686.1.3					
OG0016992	ZK686.5.1					
OG0016993	ZK688.1.1					
OG0016994	ZK688.4.1					
OG0016995	ZK688.5e.1					
OG0016996	ZK813.1.2					
OG0016997	ZK813.3.1					
OG0016998	ZK816.1.3					
OG0016999	ZK816.3.1					
OG0017000	ZK1248.17.1					
OG0017001	ZK1290.7.1					
OG0017002	Y23H5A.8a.1					
OG0017003	ZK1236.3a.1					
OG0017004	T09A5.1a.1					
OG0017005	H31B20.2.1					
OG0017006	F43C1.7.1					
OG0017007	F46H6.5.1					
OG0017008	T24D3.2.2					
OG0017009	T21B4.15.1					
OG0017010	C09H10.4.1					
OG0017011	F28F5.4.1					
OG0017012	R05G6.3.1					
OG0017013	R09H3.2.1					
OG0017014	ZC404.2.1					
OG0017015	C56E6.7.1					
OG0017016	T21C12.8a.1					
OG0017017	C09G4.4.1					
OG0017018	F37C12.18.1					
OG0017019	H32K21.1.1					
OG0017020	ZK1320.13.1					
OG0017021	T04B2.8.1					
OG0017022	ZK856.14a.1					
OG0017023	F33H1.6.1					
OG0017024	K02E11.10.1					
OG0017025	T28B8.6.1					
OG0017026	D1025.10.1					
OG0017027	F08G12.11.1					
OG0017028	F28H6.8.1					
OG0017029	F42D1.4.1					
OG0017030	F42F12.11.1					
OG0017031	H03G16.6.1					
OG0017032	M163.9.1					
OG0017033	M163.10.1					
OG0017034	T08D10.4.1					
OG0017035	W04G3.11.1					
OG0017036	Y7A5A.10.2					
OG0017037	Y66C5A.1.1					
OG0017038	Y66C5A.2.1					
OG0017039	Y53C12A.8.1					
OG0017040	C54C6.7.1					
OG0017041	C30G7.4.1					
OG0017042	C47E8.11.1					
OG0017043	F09C6.12.1					
OG0017044	F09C6.13.1					
OG0017045	F14F8.14.1					
OG0017046	F28F8.9b.1					
OG0017047	F46B6.13.1					
OG0017048	T07C12.14.1					
OG0017049	T26H5.9a.1					
OG0017050	C36E8.6.1					
OG0017051	C18D11.7.1					
OG0017052	C30H6.12a.1					
OG0017053	C33D9.10.2					
OG0017054	F16C3.4.1					
OG0017055	F26D10.13.1					
OG0017056	F32A7.8.1					
OG0017057	F36D1.10.1					
OG0017058	F36H2.4.1					
OG0017059	F55B11.6.1					
OG0017060	Y45F10C.6.2					
OG0017061	Y45F10D.16.1					
OG0017062	Y87G2A.20.1					
OG0017063	Y105E8B.11.1					
OG0017064	F09C6.14.1					
OG0017065	F30H5.5.1					
OG0017066	C42D8.9.1					
OG0017067	D1022.9a.1					
OG0017068	M02D8.7.1					
OG0017069	W02D7.12.1					
OG0017070	Y71G12B.33b.1					
OG0017071	K09F6.11.1					
OG0017072	T05A8.8.1					
OG0017073	K12H6.10.1					
OG0017074	C17F4.12.1					
OG0017075	F39E9.14.1					
OG0017076	Y49F6B.12.1					
OG0017077	T24E12.12.1					
OG0017078	Y14H12A.2.1					
OG0017079	F59A6.10.1					
OG0017080	C27D6.12a.1					
OG0017081	ZK177.11.1					
OG0017082	B0034.7.1					
OG0017083	F02A9.7.1					
OG0017084	C08E3.14.1					
OG0017085	C50D2.10a.4					
OG0017086	D1007.18.1					
OG0017087	W03G9.8.1					
OG0017088	Y18H1A.15.1					
OG0017089	Y119C1B.11.1					
OG0017090	T08A9.13.1					
OG0017091	ZC21.10.1					
OG0017092	C02F5.14.1					
OG0017093	Y102E9.6.1					
OG0017094	F27B3.8.1					
OG0017095	K11H12.10.1					
OG0017096	C44B12.9.1					
OG0017097	Y69A2AL.2.1					
OG0017098	F15E6.10.1					
OG0017099	Y54G2A.41.1					
OG0017100	C46G7.5.1					
OG0017101	R13A1.10.1					
OG0017102	W03F9.11.1					
OG0017103	Y58G8A.5.1					
OG0017104	T06A1.7a.1					
OG0017105	F59A7.12.1					
OG0017106	T28A11.22.1					
OG0017107	Y39H10B.2a.1					
OG0017108	F13A2.9.1					
OG0017109	F41F3.8.1					
OG0017110	H23N18.6.1					
OG0017111	F14F9.8.1					
OG0017112	B0238.15.1					
OG0017113	K09H11.11.1					
OG0017114	EGAP9.4.1					
OG0017115	R13D7.11.1					
OG0017116	Y97E10AR.8.1					
OG0017117	F41E6.15.1					
OG0017118	C36C9.6.1					
OG0017119	Y75D11A.6.1					
OG0017120	C14E2.7.1					
OG0017121	T26C11.8.1					
OG0017122	F53B1.9.1					
OG0017123	C15B12.9.1					
OG0017124	F38B6.8.1					
OG0017125	F43E12.1.1					
OG0017126	C06E2.9.1					
OG0017127	C24A3.9.1					
OG0017128	Y81B9A.4.1					
OG0017129	T27A3.8.1					
OG0017130	B0252.8.1					
OG0017131	F54H12.7.1					
OG0017132	C29E4.14.1					
OG0017133	H17B01.5.1					
OG0017134	C01G10.17.1					
OG0017135	ZK622.5.1					
OG0017136	C07D10.6.1					
OG0017137	B0303.16.1					
OG0017138	C36E6.8.1					
OG0017139	W07E11.4.1					
OG0017140	R02E4.3.1					
OG0017141	R11G1.7.1					
OG0017142	Y38C1AA.13.1					
OG0017143	Y57G11C.52.1					
OG0017144	Y55F3BR.10.1					
OG0017145	C53H9.3.1					
OG0017146	F49H12.7.1					
OG0017147	C32D5.14.1					
OG0017148	Y55F3BR.11.1					
OG0017149	ZK688.11.1					
OG0017150	T23B7.3a.1					
OG0017151	ZK1290.15.1					
OG0017152	T02B11.8a.1					
OG0017153	T10H9.8.1					
OG0017154	F13H10.8a.1					
OG0017155	F35G8.2.1					
OG0017156	T07A9.14.1					
OG0017157	C06H5.8a.1					
OG0017158	Y46E12A.4.1					
OG0017159	C02G6.3.1					
OG0017160	Y37E3.19.1					
OG0017161	K12C11.5.1					
OG0017162	Y41G9A.10.1					
OG0017163	Y43C5A.7.1					
OG0017164	Y49A10A.2.2					
OG0017165	T25B9.11b.1					
OG0017166	T25B9.12.1					
OG0017167	ZC15.10.1					
OG0017168	F55B11.7a.1					
OG0017169	C46C2.7.2					
OG0017170	K01A6.7.1					
OG0017171	Y116A8C.49.1					
OG0017172	T28C6.10.1					
OG0017173	F53F4.17.1					
OG0017174	F13E9.15.1					
OG0017175	C54D2.6.1					
OG0017176	Y49E10.29.1					
OG0017177	F09A5.9.1					
OG0017178	F54H12.8.1					
OG0017179	T07A9.15.1					
OG0017180	Y62H9A.15b.1					
OG0017181	F46C3.6.1					
OG0017182	C04E7.5.1					
OG0017183	F07G6.10.1					
OG0017184	F59C12.4.1					
OG0017185	ZC250.4.1					
OG0017186	C37H5.14b.1					
OG0017187	R11D1.12a.1					
OG0017188	T10G3.8.2					
OG0017189	F11D11.12.1					
OG0017190	ZC449.7.1					
OG0017191	C02B4.4.1					
OG0017192	F26D11.12.1					
OG0017193	ZC334.12.2					
OG0017194	Y71F9AM.8.1					
OG0017195	Y75B12B.13.1					
OG0017196	T19H5.7.1					
OG0017197	Y37H2A.14.1					
OG0017198	R07B5.9h.1					
OG0017199	Y95D11A.3.1					
OG0017200	C10A4.9b.1					
OG0017201	F17B5.8.1					
OG0017202	C15C8.8.1					
OG0017203	C49G9.2.1					
OG0017204	F14F3.5.1					
OG0017205	T03F6.9.1					
OG0017206	F55G7.4.1					
OG0017207	ZK662.6.1					
OG0017208	F56F4.8.1					
OG0017209	T05E12.9.1					
OG0017210	D1081.10.2					
OG0017211	F14H3.14.1					
OG0017212	R11D1.13.1					
OG0017213	F32H2.12.1					
OG0017214	Y94A7B.11.1					
OG0017215	Y43F8B.17.1					
OG0017216	Y43F8B.18.1					
OG0017217	F55F10.3.1					
OG0017218	F59B2.14.1					
OG0017219	C05G5.7.1					
OG0017220	C14A11.9.1					
OG0017221	K07C5.13b.1					
OG0017222	C10A4.10.1					
OG0017223	F49H6.17.1					
OG0017224	F55B12.10.1					
OG0017225	Y62F5A.12.1					
OG0017226	T27C10.8.1					
OG0017227	T10D4.15.1					
OG0017228	C23H5.12.1					
OG0017229	T04F3.5.1					
OG0017230	C01A2.9.1					
OG0017231	F21C3.7.1					
OG0017232	C26C6.10.1					
OG0017233	F15D3.9.1					
OG0017234	R05D7.7.2					
OG0017235	Y39G10AR.25.2					
OG0017236	R02D5.9.1					
OG0017237	F14H8.8.1					
OG0017238	C01G10.18.1					
OG0017239	T01G5.8.1					
OG0017240	T20F5.8.1					
OG0017241	F54F7.10.1					
OG0017242	Y44A6D.7a.1					
OG0017243	F58B4.7.1					
OG0017244	K08E5.5.1					
OG0017245	F12A10.9.1					
OG0017246	R102.11a.1					
OG0017247	T23G11.11.1					
OG0017248	Y105C5A.508.1					
OG0017249	Y11D7A.19.1					
OG0017250	F59C6.16.1					
OG0017251	F17B5.9.1					
OG0017252	K04G2.12.1					
OG0017253	F25H5.10.1					
OG0017254	D1054.18a.1					
OG0017255	W07G4.8.1					
OG0017256	D2005.7.1					
OG0017257	ZC334.13.1					
OG0017258	D1081.12.1					
OG0017259	F36D1.12.1					
OG0017260	ZK355.8.1					
OG0017261	K08C9.10.1					
OG0017262	Y2H9A.6b.1					
OG0017263	C08E8.11.1					
OG0017264	T04A8.18.1					
OG0017265	ZC116.5.1					
OG0017266	F26F2.10a.1					
OG0017267	F15B9.11.1					
OG0017268	K09C8.9.1					
OG0017269	T21E8.6.1					
OG0017270	T21E8.7.1					
OG0017271	W02F12.8.1					
OG0017272	C06C3.12.1					
OG0017273	F54B3.4.1					
OG0017274	F54C9.14.1					
OG0017275	C14B1.12.1					
OG0017276	T03F6.10.1					
OG0017277	F59B2.15.1					
OG0017278	Y47D3B.12.1					
OG0017279	F58D2.4.1					
OG0017280	F59A3.12.1					
OG0017281	W09C2.7.1					
OG0017282	W09C2.9.1					
OG0017283	C49C3.20.1					
OG0017284	Y71G12B.35.1					
OG0017285	Y65A5A.24.1					
OG0017286	W09C2.8.1					
OG0017287	K02E2.11.2					
OG0017288	Y26G10.5.1					
OG0017289	Y26G10.6.1					
OG0017290	Y26G10.7.1					
OG0017291	C06B3.16.2					
OG0017292	F56H9.8b.1					
OG0017293	Y48G1C.13.1					
OG0017294	Y54G2A.57.1					
OG0017295	C48D1.9a.1					
OG0017296	F36H2.6.1					
OG0017297	M05B5.7.1					
OG0017298	T05F1.15.1					
OG0017299	W09C5.12.1					
OG0017300	F38B2.6.1					
OG0017301	K09E9.7.4					
OG0017302	K07E3.9.1					
OG0017303	Y116A8C.463.1					
OG0017304	D1054.19a.1					
OG0017305	T26C11.9.2					
OG0017306	Y17D7C.6a.1					
OG0017307	F40D4.17.1					
OG0017308	Y48A6B.14.1					
OG0017309	Y38H6C.24.1					
OG0017310	ZK1098.12.1					
OG0017311	T02C12.5.1					
OG0017312	B0462.5.1					
OG0017313	EEED8.18.1					
OG0017314	F59A3.13.1					
OG0017315	Y43F8B.22.1					
OG0017316	C32E8.12.1					
OG0017317	Y36E3A.2.1					
OG0017318	D2062.13.1					
OG0017319	T11F9.21a.1					
OG0017320	F19B10.13.1					
OG0017321	T25E12.16.1					
OG0017322	T16H12.13.1					
OG0017323	ZK783.7.1					
OG0017324	C29E4.17.1					
OG0017325	Y39A1A.27.1					
OG0017326	Y41C4A.21.1					
OG0017327	Y46E12A.5.1					
OG0017328	F37C12.21.1					
OG0017329	Y38H6C.25.1					
OG0017330	C12D8.20.1					
OG0017331	K03B8.14.2					
OG0017332	T11F9.22.1					
OG0017333	C52E4.12.1					
OG0017334	T16G1.13.1					
OG0017335	R02D5.10.1					
OG0017336	F45B8.5.1					
OG0017337	C25F9.16.1					
OG0017338	ZK616.61.1					
OG0017339	Y73B6BL.270.1					
OG0017340	C01B10.44.1					
OG0017341	T27D12.6.1					
OG0017342	K09A9.8.1					
OG0017343	Y75B8A.44.1					
OG0017344	Y66A7A.9.1					
OG0017345	Y41C4A.22.1					
OG0017346	W09C2.10.1					
OG0017347	M03C11.9.1					
OG0017348	R107.9.1					
OG0017349	B0496.11.1					
OG0017350	C05B5.12.1					
OG0017351	K10H10.13.1					
OG0017352	C01B9.4.1					
OG0017353	C17B7.14.1					
OG0017354	Y53F4B.51.1					
OG0017355	Y53C12A.11.1					
OG0017356	F22F7.8.2					
OG0017357	Y105C5A.1272.1					
OG0017358	F44D12.16.1					
OG0017359	JC8.16.1					
OG0017360	Y45F10B.59.1					
OG0017361	K08D8.9.1					
OG0017362	K08D8.10.1					
OG0017363	H12I19.115.1					
OG0017364	ZK742.7.1					
OG0017365	F13E9.19.1					
OG0017366	Y51H4A.937.1					
OG0017367	Y73F8A.1159.1					
OG0017368	Y105C5A.1273.1					
OG0017369	T12A7.10.1					
OG0017370	M02G9.4a.1					
OG0017371	C34C6.9.2					
OG0017372	ZK666.14.1					
OG0017373	F37H8.6.3					
OG0017374	Y17D7B.10.1					
OG0017375	T25B2.4.1					
OG0017376	C16C4.18.1					
OG0017377	Y46C8AL.11.1					
OG0017378	C35B1.9.1					
OG0017379	Y37E11AL.12.1					
OG0017380	ZK180.8b.1					
OG0017381	Y38C1BA.4.1					
OG0017382	F42A9.11.1					
OG0017383	CC8.3.1					
OG0017384	T22D1.17a.1					
OG0017385	T22D1.18.1					
OG0017386	B0261.9.1					
OG0017387	C54E10.7.1					
OG0017388	ZK228.13.1					
OG0017389	C04C3.9.1					
OG0017390	C43C3.4.1					
OG0017391	F21C10.13.1					
OG0017392	M110.10.1					
OG0017393	C16D2.3.1					
OG0017394	ZK666.15.2					
OG0017395	W02B12.16.1					
OG0017396	F26H11.8.1					
OG0017397	F13A2.10.1					
OG0017398	W04A8.9.1					
OG0017399	C12D8.21a.1					
OG0017400	F26F2.11a.1					
OG0017401	Y47D7A.17.1					
OG0017402	K12B6.11.1					
OG0017403	W05B10.6.1					
OG0017404	Y50D4A.6a.1					
OG0017405	K08E5.6.1					
OG0017406	C41D11.10.1					
OG0017407	F15H10.12.1					
OG0017408	R04A9.9a.1					
OG0017409	F19G12.8.1					
OG0017410	F19G12.9b.1					
OG0017411	F19G12.11.1					
OG0017412	ZC449.8.1					
OG0017413	W02H3.3.1					
OG0017414	C07B5.8.1					
OG0017415	Y7A5A.13.1					
OG0017416	C34F6.12.1					
OG0017417	F09B12.7.1					
OG0017418	F11C1.9.1					
OG0017419	F11C1.10.1					
OG0017420	F55G7.5.1					
OG0017421	ZC404.16.4					
OG0017422	Y71A12B.23.1					
OG0017423	Y71A12B.24.2					
OG0017424	F36D1.15.1					
OG0017425	Y39B6A.69.1					
OG0017426	Y113G7B.27a.1					
OG0017427	Y113G7B.28.1					
OG0017428	F30A10.15.1					
OG0017429	ZK546.19.1					
OG0017430	C13C4.8.1					
OG0017431	F25D1.8.1					
OG0017432	T26H5.11.2					
OG0017433	K09H11.15.1					
OG0017434	C25E10.16.1					
OG0017435	ZK938.10.2					
OG0017436	T09F5.20b.1					
OG0017437	F27E5.9.1					
OG0017438	C34C6.10.1					
OG0017439	T08B2.15.1					
OG0017440	C09D4.9.1					
OG0017441	F46E10.18.1					
OG0017442	F56H1.10.1					
OG0017443	B0563.18.1					
OG0017444	Y39F10C.3.1					
OG0017445	F02D8.9.1					
OG0017446	F28B12.6.1					
OG0017447	K10G6.9.1					
OG0017448	F44E5.15.1					
OG0017449	C55B6.7.1					
OG0017450	C42D4.18.1					
OG0017451	F52H2.15.1					
OG0017452	F01G12.18.1					
OG0017453	C32C4.16.1					
OG0017454	D1005.10.1					
OG0017455	T06D4.6.1					
OG0017456	W04G5.16.1					
OG0017457	C08H9.18.1					
OG0017458	T24H7.8.1					
OG0017459	ZK1240.11.1					
OG0017460	F59H6.14.1					
OG0017461	W04H10.5.1					
OG0017462	W04H10.6a.1					
OG0017463	F56H9.9.1					
OG0017464	F59C6.18.1					
OG0017465	T08D10.5.1					
OG0017466	Y22F5A.11.1					
OG0017467	T22A3.12.1					
OG0017468	F27D9.12.1					
OG0017469	M6.11.1					
OG0017470	C44C11.6.1					
OG0017471	Y51B9A.14.1					
OG0017472	B0416.11.1					
OG0017473	C31H2.14.2					
OG0017474	C10A4.13.4					
OG0017475	Y57G11C.1142.1					
OG0017476	F11D11.21.1					
OG0017477	Y38H8A.12.1					
OG0017478	C29A12.22.1					
OG0017479	T01B7.13.1					
OG0017480	T26E4.18.1					
OG0017481	B0250.18a.1					
OG0017482	F59A1.18.1					
OG0017483	Y51A2A.16.1					
OG0017484	Y113G7A.22.1					
OG0017485	Y39A3B.7.1					
OG0017486	T28C6.11.1					
OG0017487	F53E4.2.1					
OG0017488	T27F7.12.1					
OG0017489	ZK897.10b.1					
OG0017490	T02G5.15.3					
OG0017491	T27A8.7.1					
OG0017492	Y53H1A.7.1					
OG0017493	F11A6.15a.1					
OG0017494	C30A5.16.1					
OG0017495	C31A11.13.1					
OG0017496	M162.15.1					
OG0017497	R03D7.15.1					
OG0017498	W05H12.4.2					
OG0017499	C01F6.14.1					
OG0017500	F29F11.20.1					
OG0017501	T10B9.14.1					
OG0017502	Y73B6BL.288.1					
OG0017503	Y116A8A.150a.1					
OG0017504	T23G4.127.1					
OG0017505	C17C3.24.1					
OG0017506	R09A8.9.1					
OG0017507	C05B5.16.1					
OG0017508	K10D3.8.1					
OG0017509	F43G9.21.1					
OG0017510	F55H12.7a.1					
OG0017511	C41G7.15.1					
OG0017512	K07A1.20.1					
OG0017513	C04F12.16.1					
OG0017514	F36D1.23.1					
OG0017515	Y87G2A.25.1					
OG0017516	T05C12.15.1					
OG0017517	AH6.17.1					
OG0017518	F35H8.12.1					
OG0017519	B0334.20.1					
OG0017520	F43G6.16.1					
OG0017521	C34C12.12.1					
OG0017522	C54C6.11.1					
OG0017523	C01G12.16.1					
OG0017524	W10G6.6.1					
OG0017525	C44C10.15.1					
OG0017526	C17E4.19.1					
OG0017527	C17E4.20.1					
OG0017528	C05B5.17.1					
OG0017529	F07E5.12.1					
OG0017530	R08A2.9.1					
OG0017531	H25P06.5.1					
OG0017532	ZK822.9b.1					
OG0017533	K02D10.8.1					
OG0017534	T16G1.18.1					
OG0017535	F14H12.17.1					
OG0017536	R160.10.1					
OG0017537	C03G5.14.1					
OG0017538	F01E11.18.1					
OG0017539	C28G1.10.1					
OG0017540	C47A10.16.1					
OG0017541	Y48A6C.8.1					
OG0017542	M199.134.1					
OG0017543	C04C3.14.1					
OG0017544	ZK381.62.1					
OG0017545	Y38F2AL.12.3					
OG0017546	F44D12.19.1					
OG0017547	T19C4.24.1					
OG0017548	Y66D12A.30.1					
OG0017549	Y52B11A.20a.1					
OG0017550	C23H5.15.1					
OG0017551	Y54G2A.72.1					
OG0017552	Y54G2A.73a.1					
OG0017553	F54D5.23.1					
OG0017554	F53B6.13.1					
OG0017555	Y43F8B.29.1					
OG0017556	ZK822.10.1					
OG0017557	K09H9.9.1					
OG0017558	D1046.16.1					
OG0017559	Y105C5B.1418.1					
OG0017560	C10C6.13.1					
OG0017561	C18D4.12.1					
OG0017562	C17G1.14.1					
OG0017563	T06A10.106.1					
OG0017564	C03D6.9.1					
OG0017565	C05A2.4.1					
OG0017566	Y105C5A.1285.1					
OG0017567	C02H6.3.1					
OG0017568	B0035.21.1					
OG0017569	ZC518.8a.1					
OG0017570	ZK792.12.1					
OG0017571	T26H5.14.1					
OG0017572	Y37E3.30.2					
OG0017573	K09F6.13.1					
OG0017574	F49D11.14.1					
OG0017575	Y54G11A.19.1					
OG0017576	T05C7.4.2					
OG0017577	T05C7.5.1					
OG0017578	T05C7.7.1					
OG0017579	T05C7.8.1					
OG0017580	T05C7.9.1					
OG0017581	C54E4.12.1					
OG0017582	T09A12.8.1					
OG0017583	T04C4.3.1					
OG0017584	F42A9.17.1					
OG0017585	Y55F3BL.6.1					
OG0017586	T12G3.11.1					
OG0017587	F56D6.18.1					
OG0017588	Y69A2AR.46.1					
OG0017589	Y73B6BL.289.1					
OG0017590	Y59H11AR.10.1					
OG0017591	C42D4.19.1					
OG0017592	C07G1.15.1					
OG0017593	F19B6.10.1					
OG0017594	T06A10.107.1					
OG0017595	C07C7.3.1					
OG0017596	T13A10.64.1					
OG0017597	C37C3.17.1					
OG0017598	F28A12.10.1					
OG0017599	C25E10.17a.1					
OG0017600	Y50D4A.10.1					
OG0017601	R02F11.11.1					
OG0017602	Y73C8B.9a.1					
OG0017603	F32F2.4.1					
OG0017604	C08D8.7.2					
OG0017605	T06E4.21.1					
OG0017606	F21C10.18.1					
OG0017607	K04A8.20.1					
OG0017608	R02D5.24.1					
OG0017609	C54F6.19.1					
OG0017610	Y69A2AR.50.1					
OG0017611	Y69A2AR.51.1					
OG0017612	F56D6.22.1					
OG0017613	W04C9.9.1					
OG0017614	C17H12.37.1					
OG0017615	Y18H1A.18.1					
OG0017616	C54G6.8.1					
OG0017617	F20D12.12.1					
OG0017618	Y51F10.15.1					
OG0017619	F23C8.14a.1					
OG0017620	M199.135.1					
OG0017621	Y51H4A.941.1					
OG0017622	D1046.18.1					
OG0017623	T23B3.8.1					
OG0017624	F22H10.11.1					
OG0017625	Y116A8C.470.1					
OG0017626	B0348.10.1					
OG0017627	B0511.19.1					
OG0017628	F59A7.14.1					
OG0017629	Y40B10A.11.1					
OG0017630	C45H4.21.1					
OG0017631	C49F5.13.1					
OG0017632	Y39F10A.6.1					
OG0017633	K08D9.10.1					
OG0017634	F08F8.11.1					
OG0017635	F33D11.16a.1					
OG0017636	F54F2.14.1					
OG0017637	F54F7.14.1					
OG0017638	F59H6.15.1					
OG0017639	R06F6.14.1					
OG0017640	K09D9.14.1					
OG0017641	H43I07.4.1					
OG0017642	T16A1.10.1					
OG0017643	T16G12.12.2					
OG0017644	T28D9.16.1					
OG0017645	F26G1.15.1					
OG0017646	T05A7.12.1					
OG0017647	F10D2.16.1					
OG0017648	T28F4.8.1					
OG0017649	H05L14.3.1					
OG0017650	Y38E10A.33.1					
OG0017651	F10D7.10.1					
OG0017652	R02F2.10.1					
OG0017653	EGAP1.5b.1					
OG0017654	Y48G8AR.8.1					
OG0017655	T01A4.9.1					
OG0017656	C35E7.12.1					
OG0017657	F11A6.16.1					
OG0017658	M01H9.10.1					
OG0017659	F54D5.24.1					
OG0017660	ZK938.12.1					
OG0017661	F19F10.14.1					
OG0017662	F58F12.12.1					
OG0017663	K05F1.14.1					
OG0017664	T28C12.15.1					
OG0017665	F11G11.15.1					
OG0017666	R03H10.11.1					
OG0017667	W09G10.9.1					
OG0017668	H38K22.9.1					
OG0017669	Y71F9AR.10.1					
OG0017670	ZC262.13.1					
OG0017671	F54D8.10.1					
OG0017672	M02E1.4.1					
OG0017673	C03A3.9.1					
OG0017674	F28A10.13.1					
OG0017675	C32E8.13.1					
OG0017676	C04C11.25.1					
OG0017677	T22B7.22.1					
OG0017678	Y51H7C.41.1					
OG0017679	T14B4.19.1					
OG0017680	H06H21.37.1					
OG0017681	C37C3.18a.1					
OG0017682	C34E10.12a.1					
OG0017683	Y57G11C.1147.3					
OG0017684	F17C11.26.1					
OG0017685	T04H1.12.1					
OG0017686	F20C5.11.2					
OG0017687	H40L08.7.5					
OG0017688	C25A1.20.1					
OG0017689	B0035.22.1					
OG0017690	B0041.12.1					
OG0017691	B0361.14.1					
OG0017692	C02C6.14.1					
OG0017693	C07G2.5.1					
OG0017694	C08B6.18.1					
OG0017695	C09E8.6.1					
OG0017696	C09E10.3.1					
OG0017697	C13F10.8.1					
OG0017698	C13G3.12.1					
OG0017699	C14C10.10.1					
OG0017700	C26H9A.4.1					
OG0017701	C28D4.18.1					
OG0017702	C34D10.5.1					
OG0017703	C43H6.12.1					
OG0017704	C48A7.16.1					
OG0017705	C49F8.14.1					
OG0017706	F55C5.17.1					
OG0017707	C55C3.73.1					
OG0017708	C56G2.22.1					
OG0017709	F01E11.20.1					
OG0017710	F08B12.11.1					
OG0017711	F08C6.18.1					
OG0017712	F44E5.17.1					
OG0017713	F13G3.15.1					
OG0017714	F27D4.12.1					
OG0017715	F33D11.17.1					
OG0017716	F47G4.14.1					
OG0017717	F48F5.8.1					
OG0017718	F52G3.7.1					
OG0017719	F52H3.11.1					
OG0017720	F55A4.13.1					
OG0017721	T06E8.8.1					
OG0017722	F59A6.13.1					
OG0017723	H03A11.13.1					
OG0017724	H40L08.8.1					
OG0017725	K01D12.20.1					
OG0017726	K08F8.15.1					
OG0017727	K11D12.14.1					
OG0017728	C53H9.4.1					
OG0017729	M176.16.1					
OG0017730	R10E9.4.1					
OG0017731	R12B2.13.1					
OG0017732	T03G6.7.1					
OG0017733	T04C10.11.1					
OG0017734	T04H1.13.1					
OG0017735	T05A8.11.1					
OG0017736	T06D10.8.1					
OG0017737	T09F3.7.1					
OG0017738	T14B4.20.1					
OG0017739	T24D1.7.1					
OG0017740	T28F3.11.1					
OG0017741	Y32F6B.9.1					
OG0017742	Y37D8A.29.1					
OG0017743	Y39G8B.13.1					
OG0017744	Y44E3A.7.1					
OG0017745	Y46G5A.47.1					
OG0017746	Y47D9A.7.1					
OG0017747	Y50D4C.12.1					
OG0017748	Y54F10AM.15.1					
OG0017749	Y55B1BL.2.1					
OG0017750	Y71G12A.5.1					
OG0017751	Y71H2AL.4.1					
OG0017752	Y75B8A.63.1					
OG0017753	Y92H12BL.6.1					
OG0017754	ZK377.15.1					
OG0017755	ZK617.26.1					
OG0017756	ZK856.19.1					
OG0017757	F20B6.10a.1					
OG0017758	T19D2.13b.1					
OG0017759	W02D3.13a.1					
OG0017760	ZC328.8b.1					
OG0017761	D1014.13.3					
OG0017762	ZK177.12.1					
OG0017763	C27D6.15.1					
OG0017764	Y49F6A.12.1					
OG0017765	Y61B8B.3.1					
OG0017766	F38B7.17.1					
OG0017767	M163.21.1					
OG0017768	M163.22.1					
OG0017769	D1086.21.1					
OG0017770	F17A2.16.1					
OG0017771	F53G2.13.1					
OG0017772	C23F12.9.2					
OG0017773	C31E10.11.1					
OG0017774	C49F8.15.1					
OG0017775	ZC53.22.2					
OG0017776	Y62H9A.16.1					
OG0017777	H03G16.7.1					
OG0017778	H40L08.9.1					
OG0017779	ZK380.6.1					
OG0017780	R160.12.1					
OG0017781	R160.14.1					
OG0017782	R160.13.1					
OG0017783	R193.6.1					
OG0017784	T14G8.6.1					
OG0017785	Y7A5A.24.1					
OG0017786	Y41G9A.17.1					
OG0017787	Y59E1A.4.1					
OG0017788	F52G3.8.2					
OG0017789	C04F6.9.1					
OG0017790	C03B1.17.1					
OG0017791	F20D1.22.1					
OG0017792	Y50E8A.22.1					
OG0017793	M01G12.15.1					
OG0017794	Y55B1BR.8.1					
OG0017795	F10C5.3.2					
OG0017796	Y80D4G.2.1					
OG0017797	B0252.11.1					
OG0017798	C16C8.26.1					
OG0017799	F54H12.10.1					
OG0017800	H12C20.7.1					
OG0017801	E02H9.13.2					
OG0017802	H04D03.7.1					
OG0017803	H04J21.4.1					
OG0017804	R148.8.1					
OG0017805	T12A2.21.1					
OG0017806	T16G12.13.1					
OG0017807	T24C4.10.1					
OG0017808	W04B5.8.2					
OG0017809	Y39A3B.8.1					
OG0017810	Y54F10BM.21.1					
OG0017811	Y54F10BM.22.1					
OG0017812	Y54F10BM.23.1					
OG0017813	W02A2.12.1					
OG0017814	Y53C10A.25.1					
OG0017815	Y71F9AM.11.1					
OG0017816	T21G5.12.1					
OG0017817		8877_t				
OG0017818		8883_t				
OG0017819		8892_t				
OG0017820		8921_t				
OG0017821		8937_t				
OG0017822		8958_t				
OG0017823		8965_t				
OG0017824		9001_t				
OG0017825		9029_t				
OG0017826		9044_t				
OG0017827		9074_t				
OG0017828		9116_t				
OG0017829		9132_t				
OG0017830		9140_t				
OG0017831		9149_t				
OG0017832		9172_t				
OG0017833		9174_t				
OG0017834		9192_t				
OG0017835		9207_t				
OG0017836		9254_t				
OG0017837		9323_t				
OG0017838		9330_t				
OG0017839		9333_t				
OG0017840		9338_t				
OG0017841		9352_t				
OG0017842		9354_t				
OG0017843		9379_t				
OG0017844		9432_t				
OG0017845		9468_t				
OG0017846		9489_t				
OG0017847		9647_t				
OG0017848		9672_t				
OG0017849		9711_t				
OG0017850		9767_t				
OG0017851		9826_t				
OG0017852		9841_t				
OG0017853		9869_t				
OG0017854		9952_t				
OG0017855		9957_t				
OG0017856		9984_t				
OG0017857		10029_t				
OG0017858		10109_t				
OG0017859		10162_t				
OG0017860		10216_t				
OG0017861		10237_t				
OG0017862		10304_t				
OG0017863		10318_t				
OG0017864		10350_t				
OG0017865		10365_t				
OG0017866		10366_t				
OG0017867		10373_t				
OG0017868		10374_t				
OG0017869		10442_t				
OG0017870		10465_t				
OG0017871		10466_t				
OG0017872		10469_t				
OG0017873		10492_t				
OG0017874		10500_t				
OG0017875		10506_t				
OG0017876		10507_t				
OG0017877		10519_t				
OG0017878		10543_t				
OG0017879		10548_t				
OG0017880		10559_t				
OG0017881		10561_t				
OG0017882		10563_t				
OG0017883		10598_t				
OG0017884		10614_t				
OG0017885		10633_t				
OG0017886		10637_t				
OG0017887		10649_t				
OG0017888		10668_t				
OG0017889		10670_t				
OG0017890		10671_t				
OG0017891		10675_t				
OG0017892		10681_t				
OG0017893		10692_t				
OG0017894		10698_t				
OG0017895		10713_t				
OG0017896		10714_t				
OG0017897		10728_t				
OG0017898		10737_t				
OG0017899		10741_t				
OG0017900		10747_t				
OG0017901		10772_t				
OG0017902		10781_t				
OG0017903		10799_t				
OG0017904		10819_t				
OG0017905		10846_t				
OG0017906		10847_t				
OG0017907		10850_t				
OG0017908		10862_t				
OG0017909		10878_t				
OG0017910		10880_t				
OG0017911		10923_t				
OG0017912		10943_t				
OG0017913		10944_t				
OG0017914		10971_t				
OG0017915		10975_t				
OG0017916		11019_t				
OG0017917		11062_t				
OG0017918		11071_t				
OG0017919		11075_t				
OG0017920		11078_t				
OG0017921		11086_t				
OG0017922		11119_t				
OG0017923		11120_t				
OG0017924		11139_t				
OG0017925		11167_t				
OG0017926		11191_t				
OG0017927		11215_t				
OG0017928		11231_t				
OG0017929		11232_t				
OG0017930		11255_t				
OG0017931		11256_t				
OG0017932		11264_t				
OG0017933		11267_t				
OG0017934		11312_t				
OG0017935		11315_t				
OG0017936		11318_t				
OG0017937		11323_t				
OG0017938		11337_t				
OG0017939		11357_t				
OG0017940		11393_t				
OG0017941		11403_t				
OG0017942		11425_t				
OG0017943		11446_t				
OG0017944		11467_t				
OG0017945		11533_t				
OG0017946		11589_t				
OG0017947		11653_t				
OG0017948		11657_t				
OG0017949		11663_t				
OG0017950		11666_t				
OG0017951		11684_t				
OG0017952		11690_t				
OG0017953		11724_t				
OG0017954		11745_t				
OG0017955		11746_t				
OG0017956		11761_t				
OG0017957		11771_t				
OG0017958		11791_t				
OG0017959		11825_t				
OG0017960		11826_t				
OG0017961		11888_t				
OG0017962		11905_t				
OG0017963		11913_t				
OG0017964		11962_t				
OG0017965		12053_t				
OG0017966		12090_t				
OG0017967		12094_t				
OG0017968		12095_t				
OG0017969		12136_t				
OG0017970		12149_t				
OG0017971		12156_t				
OG0017972		12166_t				
OG0017973		12169_t				
OG0017974		12194_t				
OG0017975		12206_t				
OG0017976		12245_t				
OG0017977		12260_t				
OG0017978		12276_t				
OG0017979		12285_t				
OG0017980		12289_t				
OG0017981		12295_t				
OG0017982		12323_t				
OG0017983		12341_t				
OG0017984		12352_t				
OG0017985		12372_t				
OG0017986		15133_t				
OG0017987		15136_t				
OG0017988		15166_t				
OG0017989		15168_t				
OG0017990		15169_t				
OG0017991		15171_t				
OG0017992		15174_t				
OG0017993		15178_t				
OG0017994		15189_t				
OG0017995		15192_t				
OG0017996		15194_t				
OG0017997		15197_t				
OG0017998		15198_t				
OG0017999		15199_t				
OG0018000		15200_t				
OG0018001		15201_t				
OG0018002		15207_t				
OG0018003		15210_t				
OG0018004		15211_t				
OG0018005		15212_t				
OG0018006		15216_t				
OG0018007		15217_t				
OG0018008		15224_t				
OG0018009		15225_t				
OG0018010		15235_t				
OG0018011		15238_t				
OG0018012		15240_t				
OG0018013		15241_t				
OG0018014		15243_t				
OG0018015		15244_t				
OG0018016		15245_t				
OG0018017		15246_t				
OG0018018		15247_t				
OG0018019		15248_t				
OG0018020		15250_t				
OG0018021		15256_t				
OG0018022		15265_t				
OG0018023		15267_t				
OG0018024		15269_t				
OG0018025		15270_t				
OG0018026		15271_t				
OG0018027		15282_t				
OG0018028		15285_t				
OG0018029		15286_t				
OG0018030		15297_t				
OG0018031		15300_t				
OG0018032		15303_t				
OG0018033		15307_t				
OG0018034		15308_t				
OG0018035		15309_t				
OG0018036		15310_t				
OG0018037		15311_t				
OG0018038		15315_t				
OG0018039		15321_t				
OG0018040		15326_t				
OG0018041		15332_t				
OG0018042		15340_t				
OG0018043		15344_t				
OG0018044		15352_t				
OG0018045		15359_t				
OG0018046		15372_t				
OG0018047		15378_t				
OG0018048		15384_t				
OG0018049		15385_t				
OG0018050		15392_t				
OG0018051		15393_t				
OG0018052		15395_t				
OG0018053		15411_t				
OG0018054		15450_t				
OG0018055		15462_t				
OG0018056		15479_t				
OG0018057		15485_t				
OG0018058		15487_t				
OG0018059		15489_t				
OG0018060		15492_t				
OG0018061		15502_t				
OG0018062		15514_t				
OG0018063		15515_t				
OG0018064		15518_t				
OG0018065		15519_t				
OG0018066		15520_t				
OG0018067		15521_t				
OG0018068		15522_t				
OG0018069		15523_t				
OG0018070		15536_t				
OG0018071		15538_t				
OG0018072		15544_t				
OG0018073		15552_t				
OG0018074		15553_t				
OG0018075		15554_t				
OG0018076		15573_t				
OG0018077		15576_t				
OG0018078		15581_t				
OG0018079		15584_t				
OG0018080		15596_t				
OG0018081		15599_t				
OG0018082		15600_t				
OG0018083		15601_t				
OG0018084		15612_t				
OG0018085		15617_t				
OG0018086		15630_t				
OG0018087		15632_t				
OG0018088		15634_t				
OG0018089		15635_t				
OG0018090		15636_t				
OG0018091		15649_t				
OG0018092		15652_t				
OG0018093		15659_t				
OG0018094		15660_t				
OG0018095		15664_t				
OG0018096		15665_t				
OG0018097		15672_t				
OG0018098		15685_t				
OG0018099		15691_t				
OG0018100		15694_t				
OG0018101		15703_t				
OG0018102		15726_t				
OG0018103		15738_t				
OG0018104		15740_t				
OG0018105		15741_t				
OG0018106		15749_t				
OG0018107		15754_t				
OG0018108		15755_t				
OG0018109		15763_t				
OG0018110		15787_t				
OG0018111		15794_t				
OG0018112		15797_t				
OG0018113		15798_t				
OG0018114		15801_t				
OG0018115		15809_t				
OG0018116		15810_t				
OG0018117		15816_t				
OG0018118		15822_t				
OG0018119		15823_t				
OG0018120		15838_t				
OG0018121		15839_t				
OG0018122		15841_t				
OG0018123		15845_t				
OG0018124		15852_t				
OG0018125		15858_t				
OG0018126		15859_t				
OG0018127		15860_t				
OG0018128		15866_t				
OG0018129		15880_t				
OG0018130		15891_t				
OG0018131		15898_t				
OG0018132		15922_t				
OG0018133		15924_t				
OG0018134		15963_t				
OG0018135		15964_t				
OG0018136		15965_t				
OG0018137		15975_t				
OG0018138		15976_t				
OG0018139		15985_t				
OG0018140		16003_t				
OG0018141		16022_t				
OG0018142		16038_t				
OG0018143		16045_t				
OG0018144		16050_t				
OG0018145		16065_t				
OG0018146		16102_t				
OG0018147		16103_t				
OG0018148		16111_t				
OG0018149		16126_t				
OG0018150		16211_t				
OG0018151		16264_t				
OG0018152		16282_t				
OG0018153		16352_t				
OG0018154		16357_t				
OG0018155		16363_t				
OG0018156		16380_t				
OG0018157		16428_t				
OG0018158		16454_t				
OG0018159		16486_t				
OG0018160		16494_t				
OG0018161		16519_t				
OG0018162		16529_t				
OG0018163		16534_t				
OG0018164		16567_t				
OG0018165		16607_t				
OG0018166		16632_t				
OG0018167		16634_t				
OG0018168		16651_t				
OG0018169		16657_t				
OG0018170		16692_t				
OG0018171		16705_t				
OG0018172		16744_t				
OG0018173		16745_t				
OG0018174		16755_t				
OG0018175		16762_t				
OG0018176		16772_t				
OG0018177		16810_t				
OG0018178		16839_t				
OG0018179		16861_t				
OG0018180		16862_t				
OG0018181		16876_t				
OG0018182		16901_t				
OG0018183		16902_t				
OG0018184		16906_t				
OG0018185		16907_t				
OG0018186		16915_t				
OG0018187		16921_t				
OG0018188		16931_t				
OG0018189		16960_t				
OG0018190		16968_t				
OG0018191		17001_t				
OG0018192		17010_t				
OG0018193		17058_t				
OG0018194		17098_t				
OG0018195		17132_t				
OG0018196		17154_t				
OG0018197		17164_t				
OG0018198		17180_t				
OG0018199		17286_t				
OG0018200		17296_t				
OG0018201		17339_t				
OG0018202		17341_t				
OG0018203		17348_t				
OG0018204		17365_t				
OG0018205		17371_t				
OG0018206		17412_t				
OG0018207		17413_t				
OG0018208		17414_t				
OG0018209		17424_t				
OG0018210		17427_t				
OG0018211		17431_t				
OG0018212		17438_t				
OG0018213		17467_t				
OG0018214		17517_t				
OG0018215		17523_t				
OG0018216		17609_t				
OG0018217		17610_t				
OG0018218		17621_t				
OG0018219		17624_t				
OG0018220		17627_t				
OG0018221		17628_t				
OG0018222		17637_t				
OG0018223		17702_t				
OG0018224		17716_t				
OG0018225		17720_t				
OG0018226		17727_t				
OG0018227		17782_t				
OG0018228		17814_t				
OG0018229		17815_t				
OG0018230		17816_t				
OG0018231		17834_t				
OG0018232		17842_t				
OG0018233		17866_t				
OG0018234		17902_t				
OG0018235		17905_t				
OG0018236		17928_t				
OG0018237		17929_t				
OG0018238		17930_t				
OG0018239		17942_t				
OG0018240		17970_t				
OG0018241		17982_t				
OG0018242		18002_t				
OG0018243		18009_t				
OG0018244		18028_t				
OG0018245		18044_t				
OG0018246		18045_t				
OG0018247		18059_t				
OG0018248		18087_t				
OG0018249		18091_t				
OG0018250		18103_t				
OG0018251		18113_t				
OG0018252		18136_t				
OG0018253		18146_t				
OG0018254		18162_t				
OG0018255		18186_t				
OG0018256		18210_t				
OG0018257		18221_t				
OG0018258		12382_t				
OG0018259		12395_t				
OG0018260		12421_t				
OG0018261		12424_t				
OG0018262		12425_t				
OG0018263		12429_t				
OG0018264		12460_t				
OG0018265		12463_t				
OG0018266		12464_t				
OG0018267		12484_t				
OG0018268		12520_t				
OG0018269		12551_t				
OG0018270		12565_t				
OG0018271		12568_t				
OG0018272		12571_t				
OG0018273		12581_t				
OG0018274		12612_t				
OG0018275		12625_t				
OG0018276		12626_t				
OG0018277		12629_t				
OG0018278		12630_t				
OG0018279		12636_t				
OG0018280		12642_t				
OG0018281		12661_t				
OG0018282		12676_t				
OG0018283		12683_t				
OG0018284		12719_t				
OG0018285		12728_t				
OG0018286		12731_t				
OG0018287		12747_t				
OG0018288		12779_t				
OG0018289		12797_t				
OG0018290		12804_t				
OG0018291		12823_t				
OG0018292		12826_t				
OG0018293		12839_t				
OG0018294		12855_t				
OG0018295		12877_t				
OG0018296		12881_t				
OG0018297		12904_t				
OG0018298		12923_t				
OG0018299		12986_t				
OG0018300		13017_t				
OG0018301		13023_t				
OG0018302		13025_t				
OG0018303		13106_t				
OG0018304		13112_t				
OG0018305		13180_t				
OG0018306		13220_t				
OG0018307		13235_t				
OG0018308		13248_t				
OG0018309		13249_t				
OG0018310		13258_t				
OG0018311		13329_t				
OG0018312		13336_t				
OG0018313		13343_t				
OG0018314		13380_t				
OG0018315		13382_t				
OG0018316		13383_t				
OG0018317		13390_t				
OG0018318		13634_t				
OG0018319		13708_t				
OG0018320		13724_t				
OG0018321		13836_t				
OG0018322		13845_t				
OG0018323		13846_t				
OG0018324		13896_t				
OG0018325		13901_t				
OG0018326		13907_t				
OG0018327		13924_t				
OG0018328		13963_t				
OG0018329		14031_t				
OG0018330		14036_t				
OG0018331		14072_t				
OG0018332		14113_t				
OG0018333		14121_t				
OG0018334		14126_t				
OG0018335		14127_t				
OG0018336		14133_t				
OG0018337		14136_t				
OG0018338		14144_t				
OG0018339		14151_t				
OG0018340		14154_t				
OG0018341		14205_t				
OG0018342		14206_t				
OG0018343		14208_t				
OG0018344		14214_t				
OG0018345		14221_t				
OG0018346		14222_t				
OG0018347		14269_t				
OG0018348		14270_t				
OG0018349		14271_t				
OG0018350		14272_t				
OG0018351		14276_t				
OG0018352		14278_t				
OG0018353		14279_t				
OG0018354		14280_t				
OG0018355		14283_t				
OG0018356		14287_t				
OG0018357		14308_t				
OG0018358		14318_t				
OG0018359		14325_t				
OG0018360		14331_t				
OG0018361		14341_t				
OG0018362		14342_t				
OG0018363		14368_t				
OG0018364		14420_t				
OG0018365		14421_t				
OG0018366		14425_t				
OG0018367		14439_t				
OG0018368		14486_t				
OG0018369		14502_t				
OG0018370		14518_t				
OG0018371		14519_t				
OG0018372		14546_t				
OG0018373		14547_t				
OG0018374		14548_t				
OG0018375		14554_t				
OG0018376		14566_t				
OG0018377		14581_t				
OG0018378		14592_t				
OG0018379		14604_t				
OG0018380		14611_t				
OG0018381		14614_t				
OG0018382		14623_t				
OG0018383		14626_t				
OG0018384		14652_t				
OG0018385		14653_t				
OG0018386		14661_t				
OG0018387		14703_t				
OG0018388		14709_t				
OG0018389		14721_t				
OG0018390		14764_t				
OG0018391		14786_t				
OG0018392		14802_t				
OG0018393		14869_t				
OG0018394		14947_t				
OG0018395		15028_t				
OG0018396		15030_t				
OG0018397		15035_t				
OG0018398		15054_t				
OG0018399		5869_t				
OG0018400		5870_t				
OG0018401		5872_t				
OG0018402		5883_t				
OG0018403		5884_t				
OG0018404		5900_t				
OG0018405		5905_t				
OG0018406		5911_t				
OG0018407		5928_t				
OG0018408		5929_t				
OG0018409		5931_t				
OG0018410		5938_t				
OG0018411		5939_t				
OG0018412		5981_t				
OG0018413		5982_t				
OG0018414		6002_t				
OG0018415		6007_t				
OG0018416		6012_t				
OG0018417		6014_t				
OG0018418		6024_t				
OG0018419		6033_t				
OG0018420		6034_t				
OG0018421		6036_t				
OG0018422		6038_t				
OG0018423		6075_t				
OG0018424		6080_t				
OG0018425		6081_t				
OG0018426		6082_t				
OG0018427		6083_t				
OG0018428		6087_t				
OG0018429		6102_t				
OG0018430		6125_t				
OG0018431		6144_t				
OG0018432		6151_t				
OG0018433		6153_t				
OG0018434		6162_t				
OG0018435		6173_t				
OG0018436		6191_t				
OG0018437		6202_t				
OG0018438		6205_t				
OG0018439		6232_t				
OG0018440		6256_t				
OG0018441		6264_t				
OG0018442		6291_t				
OG0018443		6302_t				
OG0018444		6366_t				
OG0018445		6377_t				
OG0018446		6385_t				
OG0018447		6387_t				
OG0018448		6389_t				
OG0018449		6406_t				
OG0018450		6408_t				
OG0018451		6438_t				
OG0018452		6451_t				
OG0018453		6459_t				
OG0018454		6461_t				
OG0018455		6469_t				
OG0018456		6481_t				
OG0018457		6482_t				
OG0018458		6496_t				
OG0018459		6518_t				
OG0018460		6534_t				
OG0018461		6562_t				
OG0018462		6574_t				
OG0018463		6575_t				
OG0018464		6581_t				
OG0018465		6585_t				
OG0018466		6603_t				
OG0018467		6630_t				
OG0018468		6648_t				
OG0018469		6703_t				
OG0018470		6747_t				
OG0018471		6774_t				
OG0018472		6783_t				
OG0018473		6798_t				
OG0018474		6803_t				
OG0018475		6929_t				
OG0018476		6932_t				
OG0018477		6965_t				
OG0018478		6973_t				
OG0018479		6977_t				
OG0018480		6978_t				
OG0018481		7053_t				
OG0018482		7055_t				
OG0018483		7084_t				
OG0018484		7105_t				
OG0018485		7156_t				
OG0018486		7157_t				
OG0018487		7158_t				
OG0018488		7159_t				
OG0018489		7162_t				
OG0018490		7167_t				
OG0018491		7193_t				
OG0018492		7200_t				
OG0018493		7220_t				
OG0018494		7307_t				
OG0018495		7342_t				
OG0018496		7366_t				
OG0018497		7411_t				
OG0018498		7442_t				
OG0018499		7463_t				
OG0018500		7464_t				
OG0018501		7472_t				
OG0018502		7481_t				
OG0018503		7521_t				
OG0018504		7523_t				
OG0018505		7533_t				
OG0018506		7595_t				
OG0018507		7603_t				
OG0018508		7658_t				
OG0018509		7674_t				
OG0018510		7690_t				
OG0018511		7748_t				
OG0018512		7768_t				
OG0018513		7808_t				
OG0018514		7813_t				
OG0018515		7833_t				
OG0018516		7839_t				
OG0018517		7850_t				
OG0018518		7855_t				
OG0018519		7867_t				
OG0018520		7868_t				
OG0018521		7869_t				
OG0018522		7870_t				
OG0018523		7872_t				
OG0018524		7875_t				
OG0018525		7899_t				
OG0018526		7938_t				
OG0018527		7942_t				
OG0018528		7976_t				
OG0018529		7997_t				
OG0018530		8024_t				
OG0018531		8035_t				
OG0018532		8054_t				
OG0018533		8080_t				
OG0018534		8089_t				
OG0018535		8094_t				
OG0018536		8133_t				
OG0018537		8139_t				
OG0018538		8140_t				
OG0018539		8141_t				
OG0018540		8150_t				
OG0018541		8159_t				
OG0018542		8165_t				
OG0018543		8174_t				
OG0018544		8191_t				
OG0018545		8192_t				
OG0018546		8193_t				
OG0018547		8221_t				
OG0018548		8240_t				
OG0018549		8241_t				
OG0018550		8254_t				
OG0018551		8271_t				
OG0018552		8283_t				
OG0018553		8290_t				
OG0018554		8291_t				
OG0018555		8309_t				
OG0018556		8313_t				
OG0018557		8323_t				
OG0018558		8330_t				
OG0018559		8351_t				
OG0018560		8352_t				
OG0018561		8381_t				
OG0018562		8424_t				
OG0018563		8436_t				
OG0018564		8439_t				
OG0018565		8443_t				
OG0018566		8448_t				
OG0018567		8453_t				
OG0018568		8468_t				
OG0018569		8472_t				
OG0018570		8473_t				
OG0018571		8474_t				
OG0018572		8478_t				
OG0018573		8499_t				
OG0018574		8500_t				
OG0018575		8515_t				
OG0018576		8524_t				
OG0018577		8525_t				
OG0018578		8543_t				
OG0018579		8545_t				
OG0018580		8566_t				
OG0018581		8567_t				
OG0018582		8576_t				
OG0018583		8577_t				
OG0018584		8596_t				
OG0018585		8603_t				
OG0018586		8605_t				
OG0018587		8609_t				
OG0018588		8636_t				
OG0018589		8639_t				
OG0018590		8646_t				
OG0018591		8652_t				
OG0018592		8656_t				
OG0018593		8661_t				
OG0018594		8684_t				
OG0018595		8685_t				
OG0018596		8686_t				
OG0018597		8688_t				
OG0018598		8689_t				
OG0018599		8704_t				
OG0018600		8709_t				
OG0018601		8710_t				
OG0018602		8711_t				
OG0018603		8713_t				
OG0018604		8714_t				
OG0018605		8717_t				
OG0018606		8719_t				
OG0018607		8721_t				
OG0018608		8722_t				
OG0018609		8723_t				
OG0018610		8724_t				
OG0018611		8725_t				
OG0018612		8727_t				
OG0018613		8732_t				
OG0018614		8757_t				
OG0018615		8786_t				
OG0018616		8791_t				
OG0018617		8804_t				
OG0018618		8810_t				
OG0018619		8825_t				
OG0018620		8830_t				
OG0018621		8834_t				
OG0018622		8841_t				
OG0018623		11_t				
OG0018624		21_t				
OG0018625		37_t				
OG0018626		112_t				
OG0018627		127_t				
OG0018628		134_t				
OG0018629		135_t				
OG0018630		153_t				
OG0018631		163_t				
OG0018632		186_t				
OG0018633		207_t				
OG0018634		255_t				
OG0018635		280_t				
OG0018636		306_t				
OG0018637		344_t				
OG0018638		380_t				
OG0018639		410_t				
OG0018640		414_t				
OG0018641		429_t				
OG0018642		431_t				
OG0018643		434_t				
OG0018644		440_t				
OG0018645		443_t				
OG0018646		448_t				
OG0018647		449_t				
OG0018648		453_t				
OG0018649		454_t				
OG0018650		463_t				
OG0018651		489_t				
OG0018652		504_t				
OG0018653		509_t				
OG0018654		521_t				
OG0018655		524_t				
OG0018656		529_t				
OG0018657		540_t				
OG0018658		553_t				
OG0018659		554_t				
OG0018660		556_t				
OG0018661		579_t				
OG0018662		595_t				
OG0018663		608_t				
OG0018664		610_t				
OG0018665		626_t				
OG0018666		634_t				
OG0018667		638_t				
OG0018668		642_t				
OG0018669		658_t				
OG0018670		676_t				
OG0018671		686_t				
OG0018672		688_t				
OG0018673		694_t				
OG0018674		704_t				
OG0018675		723_t				
OG0018676		729_t				
OG0018677		745_t				
OG0018678		762_t				
OG0018679		779_t				
OG0018680		780_t				
OG0018681		801_t				
OG0018682		802_t				
OG0018683		813_t				
OG0018684		821_t				
OG0018685		828_t				
OG0018686		836_t				
OG0018687		841_t				
OG0018688		847_t				
OG0018689		858_t				
OG0018690		860_t				
OG0018691		880_t				
OG0018692		896_t				
OG0018693		904_t				
OG0018694		909_t				
OG0018695		926_t				
OG0018696		930_t				
OG0018697		938_t				
OG0018698		939_t				
OG0018699		951_t				
OG0018700		958_t				
OG0018701		973_t				
OG0018702		974_t				
OG0018703		1020_t				
OG0018704		1021_t				
OG0018705		1024_t				
OG0018706		1027_t				
OG0018707		1043_t				
OG0018708		1045_t				
OG0018709		1112_t				
OG0018710		1122_t				
OG0018711		1136_t				
OG0018712		1182_t				
OG0018713		1216_t				
OG0018714		1229_t				
OG0018715		1233_t				
OG0018716		1238_t				
OG0018717		1266_t				
OG0018718		1309_t				
OG0018719		1311_t				
OG0018720		1314_t				
OG0018721		1378_t				
OG0018722		1395_t				
OG0018723		1423_t				
OG0018724		1462_t				
OG0018725		1477_t				
OG0018726		1625_t				
OG0018727		1655_t				
OG0018728		1673_t				
OG0018729		1679_t				
OG0018730		1784_t				
OG0018731		1856_t				
OG0018732		1892_t				
OG0018733		1936_t				
OG0018734		1950_t				
OG0018735		1953_t				
OG0018736		1980_t				
OG0018737		2031_t				
OG0018738		2036_t				
OG0018739		2047_t				
OG0018740		2061_t				
OG0018741		2102_t				
OG0018742		2205_t				
OG0018743		2217_t				
OG0018744		2221_t				
OG0018745		2278_t				
OG0018746		2284_t				
OG0018747		2285_t				
OG0018748		2287_t				
OG0018749		2288_t				
OG0018750		2289_t				
OG0018751		2322_t				
OG0018752		2323_t				
OG0018753		2329_t				
OG0018754		2350_t				
OG0018755		2351_t				
OG0018756		2367_t				
OG0018757		2368_t				
OG0018758		2370_t				
OG0018759		2373_t				
OG0018760		2388_t				
OG0018761		2398_t				
OG0018762		2421_t				
OG0018763		2422_t				
OG0018764		2432_t				
OG0018765		2469_t				
OG0018766		2476_t				
OG0018767		2477_t				
OG0018768		2491_t				
OG0018769		2494_t				
OG0018770		2503_t				
OG0018771		2514_t				
OG0018772		2515_t				
OG0018773		2528_t				
OG0018774		2532_t				
OG0018775		2570_t				
OG0018776		2583_t				
OG0018777		2590_t				
OG0018778		2600_t				
OG0018779		2616_t				
OG0018780		2630_t				
OG0018781		2633_t				
OG0018782		2673_t				
OG0018783		2676_t				
OG0018784		2685_t				
OG0018785		2686_t				
OG0018786		2687_t				
OG0018787		2720_t				
OG0018788		2723_t				
OG0018789		2732_t				
OG0018790		2733_t				
OG0018791		2754_t				
OG0018792		2755_t				
OG0018793		2756_t				
OG0018794		2769_t				
OG0018795		2772_t				
OG0018796		2779_t				
OG0018797		2813_t				
OG0018798		2815_t				
OG0018799		2836_t				
OG0018800		2855_t				
OG0018801		2858_t				
OG0018802		2867_t				
OG0018803		2868_t				
OG0018804		2869_t				
OG0018805		2887_t				
OG0018806		2888_t				
OG0018807		2892_t				
OG0018808		2898_t				
OG0018809		2903_t				
OG0018810		2971_t				
OG0018811		2996_t				
OG0018812		2998_t				
OG0018813		2999_t				
OG0018814		3006_t				
OG0018815		3021_t				
OG0018816		3023_t				
OG0018817		3024_t				
OG0018818		3036_t				
OG0018819		3052_t				
OG0018820		3059_t				
OG0018821		3060_t				
OG0018822		3065_t				
OG0018823		3067_t				
OG0018824		3093_t				
OG0018825		3118_t				
OG0018826		3120_t				
OG0018827		3122_t				
OG0018828		3135_t				
OG0018829		3148_t				
OG0018830		3150_t				
OG0018831		3176_t				
OG0018832		3184_t				
OG0018833		3189_t				
OG0018834		3206_t				
OG0018835		3208_t				
OG0018836		3232_t				
OG0018837		3233_t				
OG0018838		3234_t				
OG0018839		3246_t				
OG0018840		3263_t				
OG0018841		3266_t				
OG0018842		3282_t				
OG0018843		3294_t				
OG0018844		3315_t				
OG0018845		3318_t				
OG0018846		3333_t				
OG0018847		3334_t				
OG0018848		3343_t				
OG0018849		3351_t				
OG0018850		3381_t				
OG0018851		3384_t				
OG0018852		3453_t				
OG0018853		3466_t				
OG0018854		3472_t				
OG0018855		3473_t				
OG0018856		3479_t				
OG0018857		3494_t				
OG0018858		3495_t				
OG0018859		3502_t				
OG0018860		3515_t				
OG0018861		3524_t				
OG0018862		3541_t				
OG0018863		3584_t				
OG0018864		3605_t				
OG0018865		3617_t				
OG0018866		3618_t				
OG0018867		3650_t				
OG0018868		3700_t				
OG0018869		3704_t				
OG0018870		3718_t				
OG0018871		3721_t				
OG0018872		3739_t				
OG0018873		3748_t				
OG0018874		3800_t				
OG0018875		3811_t				
OG0018876		3818_t				
OG0018877		3823_t				
OG0018878		3831_t				
OG0018879		3847_t				
OG0018880		3855_t				
OG0018881		3859_t				
OG0018882		3868_t				
OG0018883		3869_t				
OG0018884		3884_t				
OG0018885		3885_t				
OG0018886		3901_t				
OG0018887		3916_t				
OG0018888		3970_t				
OG0018889		4054_t				
OG0018890		4096_t				
OG0018891		4133_t				
OG0018892		4170_t				
OG0018893		4197_t				
OG0018894		4198_t				
OG0018895		4243_t				
OG0018896		4246_t				
OG0018897		4274_t				
OG0018898		4302_t				
OG0018899		4312_t				
OG0018900		4333_t				
OG0018901		4396_t				
OG0018902		4402_t				
OG0018903		4416_t				
OG0018904		4445_t				
OG0018905		4475_t				
OG0018906		4476_t				
OG0018907		4483_t				
OG0018908		4495_t				
OG0018909		4553_t				
OG0018910		4577_t				
OG0018911		4610_t				
OG0018912		4616_t				
OG0018913		4620_t				
OG0018914		4657_t				
OG0018915		4659_t				
OG0018916		4678_t				
OG0018917		4682_t				
OG0018918		4747_t				
OG0018919		4775_t				
OG0018920		4785_t				
OG0018921		4814_t				
OG0018922		4848_t				
OG0018923		4868_t				
OG0018924		4890_t				
OG0018925		4891_t				
OG0018926		4903_t				
OG0018927		4916_t				
OG0018928		4917_t				
OG0018929		4920_t				
OG0018930		4946_t				
OG0018931		4958_t				
OG0018932		4959_t				
OG0018933		4979_t				
OG0018934		4981_t				
OG0018935		5008_t				
OG0018936		5013_t				
OG0018937		5044_t				
OG0018938		5045_t				
OG0018939		5047_t				
OG0018940		5064_t				
OG0018941		5091_t				
OG0018942		5098_t				
OG0018943		5118_t				
OG0018944		5205_t				
OG0018945		5209_t				
OG0018946		5216_t				
OG0018947		5218_t				
OG0018948		5255_t				
OG0018949		5265_t				
OG0018950		5268_t				
OG0018951		5300_t				
OG0018952		5303_t				
OG0018953		5316_t				
OG0018954		5332_t				
OG0018955		5352_t				
OG0018956		5358_t				
OG0018957		5372_t				
OG0018958		5375_t				
OG0018959		5399_t				
OG0018960		5417_t				
OG0018961		5422_t				
OG0018962		5423_t				
OG0018963		5425_t				
OG0018964		5451_t				
OG0018965		5470_t				
OG0018966		5484_t				
OG0018967		5560_t				
OG0018968		5561_t				
OG0018969		5568_t				
OG0018970		5594_t				
OG0018971		5665_t				
OG0018972		5673_t				
OG0018973		5676_t				
OG0018974		5689_t				
OG0018975		5751_t				
OG0018976		5756_t				
OG0018977		5757_t				
OG0018978		5778_t				
OG0018979		8864_t				
OG0018980			g10719.t1			
OG0018981			g10730.t1			
OG0018982			g10736.t1			
OG0018983			g10759.t1			
OG0018984			g10772.t1			
OG0018985			g10773.t1			
OG0018986			g10780.t1			
OG0018987			g10787.t1			
OG0018988			g10790.t1			
OG0018989			g10817.t1			
OG0018990			g10831.t1			
OG0018991			g10848.t1			
OG0018992			g10849.t1			
OG0018993			g10867.t1			
OG0018994			g10871.t1			
OG0018995			g10904.t1			
OG0018996			g10917.t1			
OG0018997			g10942.t1			
OG0018998			g10956.t1			
OG0018999			g10983.t1			
OG0019000			g10995.t1			
OG0019001			g10996.t1			
OG0019002			g11001.t1			
OG0019003			g11016.t1			
OG0019004			g11029.t1			
OG0019005			g11060.t1			
OG0019006			g11064.t1			
OG0019007			g11083.t1			
OG0019008			g11090.t1			
OG0019009			g11105.t1			
OG0019010			g11111.t2			
OG0019011			g11140.t1			
OG0019012			g11144.t1			
OG0019013			g11157.t1			
OG0019014			g11167.t1			
OG0019015			g11183.t1			
OG0019016			g11197.t1			
OG0019017			g11198.t1			
OG0019018			g11203.t1			
OG0019019			g11208.t1			
OG0019020			g11251.t1			
OG0019021			g11303.t1			
OG0019022			g11313.t1			
OG0019023			g11314.t1			
OG0019024			g11316.t1			
OG0019025			g11326.t1			
OG0019026			g11354.t1			
OG0019027			g11362.t1			
OG0019028			g11370.t1			
OG0019029			g11388.t1			
OG0019030			g11391.t1			
OG0019031			g11418.t1			
OG0019032			g11422.t1			
OG0019033			g11480.t1			
OG0019034			g11484.t1			
OG0019035			g11512.t1			
OG0019036			g11530.t1			
OG0019037			g11534.t1			
OG0019038			g11554.t1			
OG0019039			g11592.t1			
OG0019040			g11636.t1			
OG0019041			g11676.t1			
OG0019042			g11760.t1			
OG0019043			g11774.t1			
OG0019044			g11776.t1			
OG0019045			g11779.t1			
OG0019046			g11792.t1			
OG0019047			g11797.t1			
OG0019048			g11802.t1			
OG0019049			g11807.t1			
OG0019050			g11815.t1			
OG0019051			g11856.t1			
OG0019052			g11859.t1			
OG0019053			g11872.t1			
OG0019054			g11912.t1			
OG0019055			g11916.t1			
OG0019056			g11917.t1			
OG0019057			g11961.t1			
OG0019058			g11974.t1			
OG0019059			g11975.t1			
OG0019060			g12001.t1			
OG0019061			g12016.t1			
OG0019062			g12019.t1			
OG0019063			g12061.t1			
OG0019064			g12063.t2			
OG0019065			g12067.t1			
OG0019066			g12101.t1			
OG0019067			g12186.t1			
OG0019068			g12195.t1			
OG0019069			g12333.t1			
OG0019070			g12334.t1			
OG0019071			g12400.t1			
OG0019072			g12415.t1			
OG0019073			g12420.t1			
OG0019074			g12437.t1			
OG0019075			g12450.t1			
OG0019076			g12484.t1			
OG0019077			g12486.t1			
OG0019078			g12507.t1			
OG0019079			g12601.t1			
OG0019080			g12610.t1			
OG0019081			g12615.t1			
OG0019082			g12617.t1			
OG0019083			g12638.t1			
OG0019084			g12642.t1			
OG0019085			g12661.t1			
OG0019086			g12687.t1			
OG0019087			g12722.t1			
OG0019088			g12757.t1			
OG0019089			g12778.t1			
OG0019090			g12839.t1			
OG0019091			g12865.t1			
OG0019092			g12919.t1			
OG0019093			g12944.t1			
OG0019094			g12955.t1			
OG0019095			g12974.t1			
OG0019096			g12977.t1			
OG0019097			g13046.t1			
OG0019098			g13096.t1			
OG0019099			g13115.t1			
OG0019100			g13132.t2			
OG0019101			g13133.t1			
OG0019102			g13137.t1			
OG0019103			g13140.t1			
OG0019104			g13143.t1			
OG0019105			g13153.t1			
OG0019106			g13159.t1			
OG0019107			g13162.t1			
OG0019108			g13167.t1			
OG0019109			g13221.t1			
OG0019110			g8195.t1			
OG0019111			g8203.t1			
OG0019112			g8206.t1			
OG0019113			g8272.t1			
OG0019114			g8273.t1			
OG0019115			g8278.t1			
OG0019116			g8306.t1			
OG0019117			g8345.t1			
OG0019118			g8383.t1			
OG0019119			g8422.t1			
OG0019120			g8429.t1			
OG0019121			g8457.t1			
OG0019122			g8487.t1			
OG0019123			g8514.t1			
OG0019124			g8535.t1			
OG0019125			g8545.t1			
OG0019126			g8599.t1			
OG0019127			g8600.t1			
OG0019128			g8654.t1			
OG0019129			g8745.t1			
OG0019130			g8781.t1			
OG0019131			g8812.t1			
OG0019132			g8861.t1			
OG0019133			g8871.t1			
OG0019134			g8882.t1			
OG0019135			g8884.t1			
OG0019136			g8896.t1			
OG0019137			g8899.t1			
OG0019138			g8903.t1			
OG0019139			g8943.t1			
OG0019140			g8979.t1			
OG0019141			g8999.t1			
OG0019142			g9006.t1			
OG0019143			g9024.t1			
OG0019144			g9031.t1			
OG0019145			g9040.t1			
OG0019146			g9094.t1			
OG0019147			g9118.t1			
OG0019148			g9132.t1			
OG0019149			g9145.t1			
OG0019150			g9206.t1			
OG0019151			g9226.t1			
OG0019152			g9228.t1			
OG0019153			g9237.t1			
OG0019154			g9252.t1			
OG0019155			g9260.t1			
OG0019156			g9279.t1			
OG0019157			g9306.t1			
OG0019158			g9393.t1			
OG0019159			g9422.t1			
OG0019160			g9424.t1			
OG0019161			g9432.t1			
OG0019162			g9456.t1			
OG0019163			g9469.t1			
OG0019164			g9514.t1			
OG0019165			g9515.t1			
OG0019166			g9579.t1			
OG0019167			g9623.t1			
OG0019168			g9685.t1			
OG0019169			g9690.t1			
OG0019170			g9700.t1			
OG0019171			g9764.t1			
OG0019172			g9844.t1			
OG0019173			g9858.t1			
OG0019174			g9880.t1			
OG0019175			g9883.t1			
OG0019176			g9900.t1			
OG0019177			g9936.t1			
OG0019178			g9944.t1			
OG0019179			g9958.t1			
OG0019180			g9978.t1			
OG0019181			g9979.t1			
OG0019182			g9990.t1			
OG0019183			g9995.t1			
OG0019184			g10072.t1			
OG0019185			g10075.t1			
OG0019186			g10081.t1			
OG0019187			g10100.t1			
OG0019188			g10163.t1			
OG0019189			g10195.t1			
OG0019190			g10232.t1			
OG0019191			g10248.t1			
OG0019192			g10252.t1			
OG0019193			g10258.t1			
OG0019194			g10268.t1			
OG0019195			g10271.t1			
OG0019196			g10320.t1			
OG0019197			g10326.t1			
OG0019198			g10329.t1			
OG0019199			g10382.t1			
OG0019200			g10429.t2			
OG0019201			g10481.t1			
OG0019202			g10541.t1			
OG0019203			g10544.t1			
OG0019204			g10545.t1			
OG0019205			g10546.t1			
OG0019206			g10558.t1			
OG0019207			g10578.t1			
OG0019208			g10585.t1			
OG0019209			g10586.t1			
OG0019210			g10615.t1			
OG0019211			g10688.t1			
OG0019212			g2713.t1			
OG0019213			g2721.t1			
OG0019214			g2722.t1			
OG0019215			g2725.t1			
OG0019216			g2728.t1			
OG0019217			g2736.t1			
OG0019218			g2739.t1			
OG0019219			g2754.t1			
OG0019220			g2764.t1			
OG0019221			g2784.t1			
OG0019222			g2796.t1			
OG0019223			g2802.t1			
OG0019224			g2803.t1			
OG0019225			g2804.t1			
OG0019226			g2825.t1			
OG0019227			g2844.t1			
OG0019228			g2848.t1			
OG0019229			g2870.t1			
OG0019230			g2872.t1			
OG0019231			g2877.t1			
OG0019232			g2882.t1			
OG0019233			g2909.t1			
OG0019234			g2910.t1			
OG0019235			g2919.t1			
OG0019236			g2929.t1			
OG0019237			g2931.t1			
OG0019238			g2932.t1			
OG0019239			g2933.t1			
OG0019240			g2941.t1			
OG0019241			g2943.t1			
OG0019242			g2955.t1			
OG0019243			g2972.t1			
OG0019244			g2975.t1			
OG0019245			g2977.t1			
OG0019246			g2985.t1			
OG0019247			g3009.t1			
OG0019248			g3024.t1			
OG0019249			g3085.t1			
OG0019250			g3088.t1			
OG0019251			g3098.t1			
OG0019252			g3115.t1			
OG0019253			g3121.t1			
OG0019254			g3139.t1			
OG0019255			g3175.t1			
OG0019256			g3194.t1			
OG0019257			g3209.t2			
OG0019258			g3226.t1			
OG0019259			g3227.t1			
OG0019260			g3231.t1			
OG0019261			g3236.t1			
OG0019262			g3237.t1			
OG0019263			g3245.t1			
OG0019264			g3250.t1			
OG0019265			g3271.t1			
OG0019266			g3390.t1			
OG0019267			g3393.t1			
OG0019268			g3448.t1			
OG0019269			g3478.t1			
OG0019270			g3567.t1			
OG0019271			g3627.t1			
OG0019272			g3642.t1			
OG0019273			g3713.t1			
OG0019274			g3744.t1			
OG0019275			g3828.t1			
OG0019276			g3861.t1			
OG0019277			g3865.t1			
OG0019278			g3873.t1			
OG0019279			g3890.t1			
OG0019280			g3904.t1			
OG0019281			g3949.t1			
OG0019282			g3989.t1			
OG0019283			g4033.t1			
OG0019284			g4167.t1			
OG0019285			g4181.t1			
OG0019286			g4236.t1			
OG0019287			g4262.t1			
OG0019288			g4295.t1			
OG0019289			g4299.t1			
OG0019290			g4319.t1			
OG0019291			g4321.t1			
OG0019292			g4348.t1			
OG0019293			g4357.t1			
OG0019294			g4403.t1			
OG0019295			g4444.t1			
OG0019296			g4445.t1			
OG0019297			g4449.t1			
OG0019298			g4472.t1			
OG0019299			g4475.t1			
OG0019300			g4490.t1			
OG0019301			g4494.t1			
OG0019302			g4497.t1			
OG0019303			g4522.t1			
OG0019304			g4572.t1			
OG0019305			g4581.t1			
OG0019306			g4623.t1			
OG0019307			g4640.t1			
OG0019308			g4649.t1			
OG0019309			g4657.t1			
OG0019310			g4662.t1			
OG0019311			g4663.t1			
OG0019312			g4671.t1			
OG0019313			g4677.t1			
OG0019314			g4685.t1			
OG0019315			g4710.t1			
OG0019316			g4714.t1			
OG0019317			g4726.t1			
OG0019318			g4745.t1			
OG0019319			g4775.t1			
OG0019320			g4792.t1			
OG0019321			g4793.t1			
OG0019322			g4794.t1			
OG0019323			g4805.t1			
OG0019324			g4808.t1			
OG0019325			g4842.t1			
OG0019326			g4854.t1			
OG0019327			g4872.t1			
OG0019328			g4882.t1			
OG0019329			g4929.t1			
OG0019330			g4930.t1			
OG0019331			g4941.t1			
OG0019332			g5000.t1			
OG0019333			g5001.t1			
OG0019334			g5004.t1			
OG0019335			g5006.t1			
OG0019336			g5012.t1			
OG0019337			g5019.t1			
OG0019338			g5025.t1			
OG0019339			g5047.t1			
OG0019340			g5087.t1			
OG0019341			g5130.t1			
OG0019342			g5131.t1			
OG0019343			g5137.t1			
OG0019344			g5155.t1			
OG0019345			g5185.t1			
OG0019346			g5205.t1			
OG0019347			g5206.t1			
OG0019348			g5213.t1			
OG0019349			g5229.t1			
OG0019350			g5.t1			
OG0019351			g29.t1			
OG0019352			g39.t1			
OG0019353			g43.t1			
OG0019354			g93.t1			
OG0019355			g107.t1			
OG0019356			g113.t1			
OG0019357			g120.t1			
OG0019358			g124.t1			
OG0019359			g130.t1			
OG0019360			g131.t1			
OG0019361			g135.t1			
OG0019362			g160.t1			
OG0019363			g215.t1			
OG0019364			g227.t1			
OG0019365			g232.t1			
OG0019366			g238.t1			
OG0019367			g242.t1			
OG0019368			g243.t1			
OG0019369			g249.t1			
OG0019370			g259.t1			
OG0019371			g269.t1			
OG0019372			g270.t1			
OG0019373			g367.t1			
OG0019374			g369.t1			
OG0019375			g394.t1			
OG0019376			g398.t1			
OG0019377			g411.t1			
OG0019378			g417.t1			
OG0019379			g435.t1			
OG0019380			g442.t1			
OG0019381			g461.t1			
OG0019382			g483.t1			
OG0019383			g490.t1			
OG0019384			g496.t1			
OG0019385			g497.t1			
OG0019386			g500.t1			
OG0019387			g531.t1			
OG0019388			g574.t1			
OG0019389			g580.t1			
OG0019390			g619.t1			
OG0019391			g620.t1			
OG0019392			g627.t1			
OG0019393			g670.t1			
OG0019394			g678.t1			
OG0019395			g679.t1			
OG0019396			g681.t1			
OG0019397			g837.t1			
OG0019398			g865.t1			
OG0019399			g888.t1			
OG0019400			g957.t1			
OG0019401			g964.t1			
OG0019402			g996.t1			
OG0019403			g997.t1			
OG0019404			g1014.t1			
OG0019405			g1033.t1			
OG0019406			g1047.t1			
OG0019407			g1144.t1			
OG0019408			g1153.t1			
OG0019409			g1156.t1			
OG0019410			g1157.t1			
OG0019411			g1162.t1			
OG0019412			g1176.t1			
OG0019413			g1201.t1			
OG0019414			g1208.t1			
OG0019415			g1275.t1			
OG0019416			g1277.t1			
OG0019417			g1288.t1			
OG0019418			g1299.t1			
OG0019419			g1335.t1			
OG0019420			g1339.t1			
OG0019421			g1361.t1			
OG0019422			g1394.t1			
OG0019423			g1421.t1			
OG0019424			g1443.t1			
OG0019425			g1460.t1			
OG0019426			g1497.t1			
OG0019427			g1514.t1			
OG0019428			g1538.t1			
OG0019429			g1545.t1			
OG0019430			g1641.t1			
OG0019431			g1678.t1			
OG0019432			g1681.t1			
OG0019433			g1688.t1			
OG0019434			g1698.t1			
OG0019435			g1763.t1			
OG0019436			g1794.t1			
OG0019437			g1822.t1			
OG0019438			g1891.t1			
OG0019439			g1972.t1			
OG0019440			g2059.t1			
OG0019441			g2074.t1			
OG0019442			g2101.t1			
OG0019443			g2116.t1			
OG0019444			g2142.t1			
OG0019445			g2149.t1			
OG0019446			g2154.t1			
OG0019447			g2160.t1			
OG0019448			g2174.t1			
OG0019449			g2179.t1			
OG0019450			g2212.t1			
OG0019451			g2221.t1			
OG0019452			g2249.t1			
OG0019453			g2257.t1			
OG0019454			g2285.t1			
OG0019455			g2298.t1			
OG0019456			g2321.t1			
OG0019457			g2324.t1			
OG0019458			g2341.t1			
OG0019459			g2347.t1			
OG0019460			g2374.t1			
OG0019461			g2392.t1			
OG0019462			g2451.t1			
OG0019463			g2456.t1			
OG0019464			g2508.t1			
OG0019465			g2509.t1			
OG0019466			g2565.t1			
OG0019467			g2579.t1			
OG0019468			g2613.t1			
OG0019469			g2626.t1			
OG0019470			g2633.t1			
OG0019471			g2647.t1			
OG0019472			g2649.t1			
OG0019473			g2667.t1			
OG0019474			g2668.t1			
OG0019475			g13238.t1			
OG0019476			g13291.t1			
OG0019477			g13326.t1			
OG0019478			g13335.t1			
OG0019479			g13337.t1			
OG0019480			g13338.t1			
OG0019481			g13372.t1			
OG0019482			g13402.t1			
OG0019483			g13407.t1			
OG0019484			g13411.t1			
OG0019485			g13412.t1			
OG0019486			g13423.t1			
OG0019487			g13424.t1			
OG0019488			g13457.t1			
OG0019489			g13464.t1			
OG0019490			g13506.t1			
OG0019491			g13510.t1			
OG0019492			g13538.t1			
OG0019493			g13567.t1			
OG0019494			g13578.t1			
OG0019495			g13639.t1			
OG0019496			g13658.t1			
OG0019497			g13659.t1			
OG0019498			g13663.t1			
OG0019499			g13664.t1			
OG0019500			g13665.t1			
OG0019501			g13691.t1			
OG0019502			g13723.t1			
OG0019503			g13733.t1			
OG0019504			g13800.t1			
OG0019505			g13804.t1			
OG0019506			g13810.t1			
OG0019507			g13820.t1			
OG0019508			g13846.t1			
OG0019509			g13862.t1			
OG0019510			g13900.t1			
OG0019511			g13915.t1			
OG0019512			g13924.t1			
OG0019513			g13946.t1			
OG0019514			g14022.t1			
OG0019515			g14041.t1			
OG0019516			g14059.t1			
OG0019517			g14287.t1			
OG0019518			g14346.t1			
OG0019519			g14400.t1			
OG0019520			g14454.t1			
OG0019521			g14458.t1			
OG0019522			g14496.t1			
OG0019523			g14533.t1			
OG0019524			g14558.t1			
OG0019525			g14577.t1			
OG0019526			g14584.t1			
OG0019527			g14686.t1			
OG0019528			g14712.t1			
OG0019529			g14733.t1			
OG0019530			g14739.t1			
OG0019531			g14789.t1			
OG0019532			g14790.t1			
OG0019533			g14791.t1			
OG0019534			g14792.t1			
OG0019535			g14807.t1			
OG0019536			g14813.t1			
OG0019537			g14910.t1			
OG0019538			g14927.t1			
OG0019539			g14982.t1			
OG0019540			g15009.t1			
OG0019541			g15030.t1			
OG0019542			g15041.t1			
OG0019543			g15074.t1			
OG0019544			g15083.t1			
OG0019545			g15100.t1			
OG0019546			g15156.t1			
OG0019547			g15168.t1			
OG0019548			g15194.t1			
OG0019549			g15258.t1			
OG0019550			g15266.t1			
OG0019551			g15309.t1			
OG0019552			g15333.t1			
OG0019553			g15347.t1			
OG0019554			g15420.t1			
OG0019555			g15427.t1			
OG0019556			g15428.t1			
OG0019557			g15441.t1			
OG0019558			g15458.t1			
OG0019559			g15465.t1			
OG0019560			g15499.t1			
OG0019561			g15510.t1			
OG0019562			g15545.t1			
OG0019563			g15550.t1			
OG0019564			g15552.t1			
OG0019565			g15571.t1			
OG0019566			g15607.t2			
OG0019567			g15609.t1			
OG0019568			g15615.t1			
OG0019569			g15634.t1			
OG0019570			g15656.t1			
OG0019571			g15674.t1			
OG0019572			g15682.t1			
OG0019573			g15698.t1			
OG0019574			g15711.t1			
OG0019575			g15721.t1			
OG0019576			g15742.t1			
OG0019577			g15747.t1			
OG0019578			g15764.t1			
OG0019579			g15779.t1			
OG0019580			g15802.t1			
OG0019581			g15814.t1			
OG0019582			g15819.t1			
OG0019583			g15839.t1			
OG0019584			g15844.t1			
OG0019585			g15846.t1			
OG0019586			g15874.t1			
OG0019587			g15937.t1			
OG0019588			g15941.t1			
OG0019589			g15942.t1			
OG0019590			g15945.t1			
OG0019591			g15959.t1			
OG0019592			g15960.t1			
OG0019593			g15986.t1			
OG0019594			g16006.t1			
OG0019595			g16046.t1			
OG0019596			g16076.t1			
OG0019597			g16079.t1			
OG0019598			g16103.t1			
OG0019599			g16104.t1			
OG0019600			g16126.t1			
OG0019601			g16134.t1			
OG0019602			g16217.t1			
OG0019603			g16223.t1			
OG0019604			g16229.t1			
OG0019605			g16299.t1			
OG0019606			g16319.t1			
OG0019607			g16327.t1			
OG0019608			g16331.t1			
OG0019609			g16374.t1			
OG0019610			g16379.t1			
OG0019611			g16380.t1			
OG0019612			g16388.t1			
OG0019613			g16389.t1			
OG0019614			g16415.t1			
OG0019615			g16435.t1			
OG0019616			g16457.t1			
OG0019617			g16504.t1			
OG0019618			g5263.t1			
OG0019619			g5313.t1			
OG0019620			g5314.t1			
OG0019621			g5319.t1			
OG0019622			g5320.t1			
OG0019623			g5321.t1			
OG0019624			g5349.t1			
OG0019625			g5368.t1			
OG0019626			g5394.t1			
OG0019627			g5430.t1			
OG0019628			g5458.t1			
OG0019629			g5461.t1			
OG0019630			g5467.t1			
OG0019631			g5482.t1			
OG0019632			g5483.t1			
OG0019633			g5484.t1			
OG0019634			g5487.t1			
OG0019635			g5491.t1			
OG0019636			g5494.t1			
OG0019637			g5496.t1			
OG0019638			g5498.t1			
OG0019639			g5506.t1			
OG0019640			g5507.t1			
OG0019641			g5520.t1			
OG0019642			g5527.t1			
OG0019643			g5530.t1			
OG0019644			g5531.t1			
OG0019645			g5532.t1			
OG0019646			g5533.t1			
OG0019647			g5553.t1			
OG0019648			g5559.t1			
OG0019649			g5562.t1			
OG0019650			g5567.t1			
OG0019651			g5569.t1			
OG0019652			g5570.t1			
OG0019653			g5572.t1			
OG0019654			g5609.t1			
OG0019655			g5656.t1			
OG0019656			g5688.t1			
OG0019657			g5692.t1			
OG0019658			g5704.t1			
OG0019659			g5713.t1			
OG0019660			g5729.t1			
OG0019661			g5737.t1			
OG0019662			g5739.t1			
OG0019663			g5740.t1			
OG0019664			g5741.t1			
OG0019665			g5757.t1			
OG0019666			g5763.t1			
OG0019667			g5772.t1			
OG0019668			g5782.t1			
OG0019669			g5794.t1			
OG0019670			g5800.t1			
OG0019671			g5804.t1			
OG0019672			g5806.t1			
OG0019673			g5808.t1			
OG0019674			g5846.t1			
OG0019675			g5858.t1			
OG0019676			g5878.t1			
OG0019677			g5900.t1			
OG0019678			g5938.t1			
OG0019679			g5941.t1			
OG0019680			g5999.t1			
OG0019681			g6000.t1			
OG0019682			g6023.t1			
OG0019683			g6038.t1			
OG0019684			g6040.t1			
OG0019685			g6105.t1			
OG0019686			g6135.t1			
OG0019687			g6160.t1			
OG0019688			g6194.t1			
OG0019689			g6252.t1			
OG0019690			g6345.t1			
OG0019691			g6356.t1			
OG0019692			g6425.t1			
OG0019693			g6442.t1			
OG0019694			g6523.t1			
OG0019695			g6524.t1			
OG0019696			g6526.t1			
OG0019697			g6597.t1			
OG0019698			g6675.t1			
OG0019699			g6677.t1			
OG0019700			g6688.t1			
OG0019701			g6709.t1			
OG0019702			g6743.t1			
OG0019703			g6800.t1			
OG0019704			g6831.t1			
OG0019705			g6836.t1			
OG0019706			g6846.t1			
OG0019707			g6879.t1			
OG0019708			g6880.t1			
OG0019709			g6888.t1			
OG0019710			g6898.t1			
OG0019711			g6913.t1			
OG0019712			g6960.t1			
OG0019713			g7010.t1			
OG0019714			g7069.t1			
OG0019715			g7206.t1			
OG0019716			g7212.t1			
OG0019717			g7288.t1			
OG0019718			g7379.t1			
OG0019719			g7391.t1			
OG0019720			g7399.t1			
OG0019721			g7400.t1			
OG0019722			g7408.t1			
OG0019723			g7472.t1			
OG0019724			g7517.t1			
OG0019725			g7561.t1			
OG0019726			g7562.t1			
OG0019727			g7566.t1			
OG0019728			g7582.t1			
OG0019729			g7593.t1			
OG0019730			g7604.t1			
OG0019731			g7605.t1			
OG0019732			g7617.t1			
OG0019733			g7624.t1			
OG0019734			g7646.t1			
OG0019735			g7725.t1			
OG0019736			g7759.t1			
OG0019737			g7791.t1			
OG0019738			g7821.t1			
OG0019739			g7823.t1			
OG0019740			g7886.t1			
OG0019741			g7912.t1			
OG0019742			g7920.t1			
OG0019743			g8013.t1			
OG0019744			g8041.t1			
OG0019745			g8056.t1			
OG0019746			g8057.t1			
OG0019747			g8060.t1			
OG0019748			g8077.t1			
OG0019749			g8103.t1			
OG0019750			g8160.t1			
OG0019751				g2.t1		
OG0019752				g55.t1		
OG0019753				g75.t1		
OG0019754				g82.t1		
OG0019755				g96.t1		
OG0019756				g97.t1		
OG0019757				g135.t1		
OG0019758				g173.t1		
OG0019759				g177.t1		
OG0019760				g184.t1		
OG0019761				g187.t1		
OG0019762				g221.t1		
OG0019763				g285.t1		
OG0019764				g307.t1		
OG0019765				g336.t1		
OG0019766				g337.t1		
OG0019767				g354.t1		
OG0019768				g393.t1		
OG0019769				g396.t1		
OG0019770				g437.t1		
OG0019771				g450.t1		
OG0019772				g458.t1		
OG0019773				g506.t1		
OG0019774				g510.t1		
OG0019775				g512.t1		
OG0019776				g514.t1		
OG0019777				g534.t1		
OG0019778				g622.t1		
OG0019779				g645.t1		
OG0019780				g652.t1		
OG0019781				g661.t1		
OG0019782				g684.t1		
OG0019783				g751.t1		
OG0019784				g768.t1		
OG0019785				g782.t1		
OG0019786				g802.t1		
OG0019787				g883.t1		
OG0019788				g913.t1		
OG0019789				g962.t1		
OG0019790				g965.t1		
OG0019791				g1089.t1		
OG0019792				g1104.t1		
OG0019793				g1108.t1		
OG0019794				g1110.t1		
OG0019795				g1155.t1		
OG0019796				g1237.t1		
OG0019797				g1289.t1		
OG0019798				g1336.t1		
OG0019799				g1432.t1		
OG0019800				g1442.t1		
OG0019801				g1451.t1		
OG0019802				g1487.t1		
OG0019803				g1490.t1		
OG0019804				g1559.t1		
OG0019805				g1568.t1		
OG0019806				g1571.t1		
OG0019807				g1596.t1		
OG0019808				g1650.t1		
OG0019809				g1664.t1		
OG0019810				g1695.t1		
OG0019811				g1701.t1		
OG0019812				g1746.t1		
OG0019813				g1786.t1		
OG0019814				g1830.t1		
OG0019815				g1915.t1		
OG0019816				g1929.t1		
OG0019817				g1972.t1		
OG0019818				g2013.t1		
OG0019819				g2060.t1		
OG0019820				g2068.t1		
OG0019821				g2075.t1		
OG0019822				g2088.t1		
OG0019823				g2095.t1		
OG0019824				g2108.t1		
OG0019825				g2184.t1		
OG0019826				g2217.t1		
OG0019827				g2225.t1		
OG0019828				g2226.t1		
OG0019829				g2240.t1		
OG0019830				g2243.t1		
OG0019831				g2245.t1		
OG0019832				g2248.t1		
OG0019833				g2252.t1		
OG0019834				g2266.t1		
OG0019835				g2279.t1		
OG0019836				g2280.t1		
OG0019837				g2288.t1		
OG0019838				g2324.t1		
OG0019839				g2331.t1		
OG0019840				g2356.t1		
OG0019841				g2378.t1		
OG0019842				g2418.t1		
OG0019843				g11688.t1		
OG0019844				g11708.t1		
OG0019845				g11728.t1		
OG0019846				g11731.t1		
OG0019847				g11734.t1		
OG0019848				g11756.t1		
OG0019849				g11762.t1		
OG0019850				g11765.t1		
OG0019851				g11776.t1		
OG0019852				g11824.t1		
OG0019853				g11844.t1		
OG0019854				g11845.t1		
OG0019855				g11848.t1		
OG0019856				g11871.t1		
OG0019857				g11873.t1		
OG0019858				g11902.t1		
OG0019859				g11930.t1		
OG0019860				g11964.t1		
OG0019861				g11978.t1		
OG0019862				g11987.t1		
OG0019863				g12036.t1		
OG0019864				g12040.t1		
OG0019865				g12062.t1		
OG0019866				g12075.t1		
OG0019867				g12077.t1		
OG0019868				g12102.t1		
OG0019869				g12103.t1		
OG0019870				g12106.t1		
OG0019871				g12130.t1		
OG0019872				g12165.t1		
OG0019873				g12168.t1		
OG0019874				g12240.t1		
OG0019875				g12252.t1		
OG0019876				g12287.t1		
OG0019877				g12292.t1		
OG0019878				g12335.t1		
OG0019879				g12339.t1		
OG0019880				g12480.t1		
OG0019881				g12495.t1		
OG0019882				g12524.t1		
OG0019883				g12532.t1		
OG0019884				g12573.t1		
OG0019885				g12605.t1		
OG0019886				g12718.t1		
OG0019887				g12728.t1		
OG0019888				g12759.t1		
OG0019889				g12770.t1		
OG0019890				g12797.t1		
OG0019891				g12829.t1		
OG0019892				g12902.t1		
OG0019893				g12979.t1		
OG0019894				g13007.t1		
OG0019895				g13008.t1		
OG0019896				g13009.t1		
OG0019897				g13010.t1		
OG0019898				g13045.t1		
OG0019899				g13048.t1		
OG0019900				g13053.t1		
OG0019901				g13064.t1		
OG0019902				g13073.t1		
OG0019903				g13074.t1		
OG0019904				g13083.t1		
OG0019905				g13132.t1		
OG0019906				g13145.t1		
OG0019907				g13204.t1		
OG0019908				g13212.t1		
OG0019909				g13241.t1		
OG0019910				g13274.t1		
OG0019911				g13278.t1		
OG0019912				g13292.t1		
OG0019913				g13316.t1		
OG0019914				g13372.t1		
OG0019915				g13427.t1		
OG0019916				g13483.t1		
OG0019917				g13564.t1		
OG0019918				g13566.t1		
OG0019919				g13581.t1		
OG0019920				g13629.t1		
OG0019921				g13658.t1		
OG0019922				g13719.t1		
OG0019923				g13723.t1		
OG0019924				g13734.t1		
OG0019925				g13740.t1		
OG0019926				g13750.t1		
OG0019927				g13760.t1		
OG0019928				g13769.t1		
OG0019929				g13790.t1		
OG0019930				g13791.t1		
OG0019931				g13800.t1		
OG0019932				g13804.t1		
OG0019933				g13812.t1		
OG0019934				g13818.t1		
OG0019935				g13819.t1		
OG0019936				g13820.t1		
OG0019937				g13821.t1		
OG0019938				g13824.t1		
OG0019939				g13863.t1		
OG0019940				g13871.t1		
OG0019941				g13881.t1		
OG0019942				g13886.t1		
OG0019943				g13921.t1		
OG0019944				g13922.t1		
OG0019945				g13948.t1		
OG0019946				g13951.t1		
OG0019947				g14011.t1		
OG0019948				g14021.t1		
OG0019949				g9712.t1		
OG0019950				g9759.t1		
OG0019951				g9799.t1		
OG0019952				g9800.t1		
OG0019953				g9876.t1		
OG0019954				g9887.t1		
OG0019955				g9889.t1		
OG0019956				g9900.t1		
OG0019957				g9912.t1		
OG0019958				g9918.t1		
OG0019959				g9945.t1		
OG0019960				g9960.t1		
OG0019961				g9994.t1		
OG0019962				g10017.t1		
OG0019963				g10023.t1		
OG0019964				g10055.t1		
OG0019965				g10091.t1		
OG0019966				g10143.t1		
OG0019967				g10156.t1		
OG0019968				g10174.t1		
OG0019969				g10176.t1		
OG0019970				g10192.t1		
OG0019971				g10213.t1		
OG0019972				g10275.t1		
OG0019973				g10450.t1		
OG0019974				g10469.t1		
OG0019975				g10488.t1		
OG0019976				g10492.t1		
OG0019977				g10528.t1		
OG0019978				g10618.t1		
OG0019979				g10655.t1		
OG0019980				g10682.t1		
OG0019981				g10721.t1		
OG0019982				g10737.t1		
OG0019983				g10813.t1		
OG0019984				g10816.t1		
OG0019985				g10855.t1		
OG0019986				g10860.t1		
OG0019987				g10867.t1		
OG0019988				g10924.t1		
OG0019989				g10942.t1		
OG0019990				g10968.t1		
OG0019991				g10989.t1		
OG0019992				g10997.t1		
OG0019993				g11015.t1		
OG0019994				g11016.t1		
OG0019995				g11021.t1		
OG0019996				g11047.t1		
OG0019997				g11145.t1		
OG0019998				g11177.t1		
OG0019999				g11213.t1		
OG0020000				g11220.t1		
OG0020001				g11252.t1		
OG0020002				g11307.t1		
OG0020003				g11320.t1		
OG0020004				g11403.t1		
OG0020005				g11424.t1		
OG0020006				g11452.t1		
OG0020007				g11467.t1		
OG0020008				g11470.t1		
OG0020009				g11515.t1		
OG0020010				g11596.t1		
OG0020011				g11598.t1		
OG0020012				g11606.t1		
OG0020013				g11657.t1		
OG0020014				g11660.t1		
OG0020015				g11669.t1		
OG0020016				g11683.t1		
OG0020017				g7146.t1		
OG0020018				g7147.t1		
OG0020019				g7255.t1		
OG0020020				g7265.t1		
OG0020021				g7312.t1		
OG0020022				g7339.t1		
OG0020023				g7390.t1		
OG0020024				g7416.t1		
OG0020025				g7500.t1		
OG0020026				g7533.t1		
OG0020027				g7556.t1		
OG0020028				g7617.t1		
OG0020029				g7641.t1		
OG0020030				g7672.t1		
OG0020031				g7673.t1		
OG0020032				g7674.t1		
OG0020033				g7675.t1		
OG0020034				g7683.t1		
OG0020035				g7684.t1		
OG0020036				g7692.t1		
OG0020037				g7764.t1		
OG0020038				g7765.t1		
OG0020039				g7791.t1		
OG0020040				g7832.t1		
OG0020041				g7867.t1		
OG0020042				g7872.t1		
OG0020043				g7904.t1		
OG0020044				g7911.t1		
OG0020045				g7928.t1		
OG0020046				g7929.t1		
OG0020047				g7933.t1		
OG0020048				g7965.t1		
OG0020049				g7967.t1		
OG0020050				g7998.t1		
OG0020051				g7999.t1		
OG0020052				g8005.t1		
OG0020053				g8013.t1		
OG0020054				g8022.t1		
OG0020055				g8027.t1		
OG0020056				g8042.t1		
OG0020057				g8059.t1		
OG0020058				g8115.t1		
OG0020059				g8117.t1		
OG0020060				g8133.t1		
OG0020061				g8199.t1		
OG0020062				g8257.t1		
OG0020063				g8295.t1		
OG0020064				g8355.t1		
OG0020065				g8363.t1		
OG0020066				g8365.t1		
OG0020067				g8367.t1		
OG0020068				g8385.t1		
OG0020069				g8390.t1		
OG0020070				g8424.t1		
OG0020071				g8428.t1		
OG0020072				g8444.t1		
OG0020073				g8466.t1		
OG0020074				g8507.t1		
OG0020075				g8544.t1		
OG0020076				g8550.t1		
OG0020077				g8568.t1		
OG0020078				g8625.t2		
OG0020079				g8636.t1		
OG0020080				g8638.t1		
OG0020081				g8691.t1		
OG0020082				g8697.t1		
OG0020083				g8766.t1		
OG0020084				g8773.t1		
OG0020085				g8798.t1		
OG0020086				g8810.t1		
OG0020087				g8834.t1		
OG0020088				g8836.t1		
OG0020089				g8848.t1		
OG0020090				g8851.t1		
OG0020091				g8856.t1		
OG0020092				g8902.t1		
OG0020093				g8919.t1		
OG0020094				g8929.t1		
OG0020095				g8933.t1		
OG0020096				g8939.t1		
OG0020097				g8948.t1		
OG0020098				g8952.t1		
OG0020099				g8953.t1		
OG0020100				g8954.t1		
OG0020101				g8958.t1		
OG0020102				g8960.t1		
OG0020103				g8962.t1		
OG0020104				g8963.t1		
OG0020105				g8981.t1		
OG0020106				g9018.t1		
OG0020107				g9026.t1		
OG0020108				g9031.t1		
OG0020109				g9047.t1		
OG0020110				g9130.t1		
OG0020111				g9163.t1		
OG0020112				g9169.t1		
OG0020113				g9174.t1		
OG0020114				g9212.t1		
OG0020115				g9219.t1		
OG0020116				g9265.t1		
OG0020117				g9276.t1		
OG0020118				g9299.t1		
OG0020119				g9365.t1		
OG0020120				g9396.t1		
OG0020121				g9397.t1		
OG0020122				g9404.t1		
OG0020123				g9490.t1		
OG0020124				g9552.t1		
OG0020125				g9639.t1		
OG0020126				g9644.t1		
OG0020127				g4601.t1		
OG0020128				g4613.t1		
OG0020129				g4656.t1		
OG0020130				g4683.t1		
OG0020131				g4690.t1		
OG0020132				g4691.t1		
OG0020133				g4713.t1		
OG0020134				g4720.t1		
OG0020135				g4730.t1		
OG0020136				g4750.t1		
OG0020137				g4751.t1		
OG0020138				g4752.t1		
OG0020139				g4759.t1		
OG0020140				g4764.t1		
OG0020141				g4765.t1		
OG0020142				g4777.t1		
OG0020143				g4781.t1		
OG0020144				g4783.t1		
OG0020145				g4784.t1		
OG0020146				g4785.t1		
OG0020147				g4787.t1		
OG0020148				g4789.t1		
OG0020149				g4790.t1		
OG0020150				g4800.t1		
OG0020151				g4802.t1		
OG0020152				g4806.t1		
OG0020153				g4808.t1		
OG0020154				g4814.t1		
OG0020155				g4816.t1		
OG0020156				g4821.t1		
OG0020157				g4827.t1		
OG0020158				g4830.t1		
OG0020159				g4839.t1		
OG0020160				g4848.t1		
OG0020161				g4854.t1		
OG0020162				g4857.t1		
OG0020163				g4859.t1		
OG0020164				g4874.t1		
OG0020165				g4875.t1		
OG0020166				g4880.t1		
OG0020167				g4887.t1		
OG0020168				g4893.t1		
OG0020169				g4894.t1		
OG0020170				g4903.t1		
OG0020171				g4914.t1		
OG0020172				g4922.t1		
OG0020173				g4924.t1		
OG0020174				g4927.t1		
OG0020175				g4938.t1		
OG0020176				g4946.t1		
OG0020177				g4955.t1		
OG0020178				g4959.t1		
OG0020179				g4962.t1		
OG0020180				g4963.t1		
OG0020181				g4968.t1		
OG0020182				g4975.t1		
OG0020183				g4986.t1		
OG0020184				g5003.t1		
OG0020185				g5005.t1		
OG0020186				g5030.t1		
OG0020187				g5042.t1		
OG0020188				g5106.t1		
OG0020189				g5156.t1		
OG0020190				g5174.t2		
OG0020191				g5177.t1		
OG0020192				g5199.t1		
OG0020193				g5275.t1		
OG0020194				g5282.t1		
OG0020195				g5316.t1		
OG0020196				g5321.t1		
OG0020197				g5382.t1		
OG0020198				g5434.t1		
OG0020199				g5438.t1		
OG0020200				g5452.t1		
OG0020201				g5472.t1		
OG0020202				g5493.t1		
OG0020203				g5550.t1		
OG0020204				g5599.t2		
OG0020205				g5685.t1		
OG0020206				g5689.t1		
OG0020207				g5699.t1		
OG0020208				g5721.t1		
OG0020209				g5759.t1		
OG0020210				g5804.t1		
OG0020211				g5806.t1		
OG0020212				g5833.t1		
OG0020213				g5846.t1		
OG0020214				g5852.t1		
OG0020215				g5869.t1		
OG0020216				g5885.t1		
OG0020217				g5927.t1		
OG0020218				g5934.t1		
OG0020219				g5944.t1		
OG0020220				g5947.t1		
OG0020221				g5965.t1		
OG0020222				g6033.t1		
OG0020223				g6046.t1		
OG0020224				g6048.t1		
OG0020225				g6066.t1		
OG0020226				g6081.t1		
OG0020227				g6092.t1		
OG0020228				g6107.t1		
OG0020229				g6121.t1		
OG0020230				g6133.t1		
OG0020231				g6188.t1		
OG0020232				g6189.t1		
OG0020233				g6208.t1		
OG0020234				g6211.t1		
OG0020235				g6216.t1		
OG0020236				g6280.t1		
OG0020237				g6363.t1		
OG0020238				g6388.t1		
OG0020239				g6401.t1		
OG0020240				g6405.t1		
OG0020241				g6413.t1		
OG0020242				g6417.t1		
OG0020243				g6428.t1		
OG0020244				g6429.t1		
OG0020245				g6507.t1		
OG0020246				g6557.t1		
OG0020247				g6582.t1		
OG0020248				g6640.t1		
OG0020249				g6641.t1		
OG0020250				g6672.t1		
OG0020251				g6677.t1		
OG0020252				g6717.t1		
OG0020253				g6719.t1		
OG0020254				g6722.t1		
OG0020255				g6726.t1		
OG0020256				g6740.t1		
OG0020257				g6763.t1		
OG0020258				g6779.t1		
OG0020259				g6786.t1		
OG0020260				g6804.t1		
OG0020261				g6850.t1		
OG0020262				g6855.t1		
OG0020263				g6884.t1		
OG0020264				g6916.t1		
OG0020265				g6946.t1		
OG0020266				g6985.t1		
OG0020267				g7001.t1		
OG0020268				g7027.t1		
OG0020269				g7028.t1		
OG0020270				g7032.t1		
OG0020271				g7043.t1		
OG0020272				g7058.t1		
OG0020273				g7080.t1		
OG0020274				g7125.t1		
OG0020275				g7127.t1		
OG0020276				g2434.t1		
OG0020277				g2473.t1		
OG0020278				g2476.t1		
OG0020279				g2480.t1		
OG0020280				g2509.t1		
OG0020281				g2521.t1		
OG0020282				g2528.t1		
OG0020283				g2541.t1		
OG0020284				g2544.t1		
OG0020285				g2555.t1		
OG0020286				g2558.t1		
OG0020287				g2559.t1		
OG0020288				g2567.t1		
OG0020289				g2568.t1		
OG0020290				g2569.t1		
OG0020291				g2583.t1		
OG0020292				g2592.t1		
OG0020293				g2593.t1		
OG0020294				g2604.t1		
OG0020295				g2609.t1		
OG0020296				g2634.t1		
OG0020297				g2635.t1		
OG0020298				g2666.t1		
OG0020299				g2677.t1		
OG0020300				g2682.t1		
OG0020301				g2712.t1		
OG0020302				g2737.t1		
OG0020303				g2750.t1		
OG0020304				g2780.t1		
OG0020305				g2781.t1		
OG0020306				g2840.t1		
OG0020307				g2842.t1		
OG0020308				g2871.t1		
OG0020309				g2881.t1		
OG0020310				g2900.t1		
OG0020311				g3000.t1		
OG0020312				g3003.t1		
OG0020313				g3051.t1		
OG0020314				g3076.t1		
OG0020315				g3201.t1		
OG0020316				g3347.t1		
OG0020317				g3368.t1		
OG0020318				g3373.t1		
OG0020319				g3389.t1		
OG0020320				g3436.t1		
OG0020321				g3450.t1		
OG0020322				g3457.t1		
OG0020323				g3466.t1		
OG0020324				g3477.t1		
OG0020325				g3515.t1		
OG0020326				g3518.t1		
OG0020327				g3534.t1		
OG0020328				g3550.t1		
OG0020329				g3556.t1		
OG0020330				g3631.t1		
OG0020331				g3764.t1		
OG0020332				g3773.t1		
OG0020333				g3861.t1		
OG0020334				g3882.t1		
OG0020335				g3899.t1		
OG0020336				g3906.t1		
OG0020337				g3915.t1		
OG0020338				g3991.t1		
OG0020339				g3992.t1		
OG0020340				g4024.t1		
OG0020341				g4036.t1		
OG0020342				g4044.t1		
OG0020343				g4068.t1		
OG0020344				g4083.t1		
OG0020345				g4106.t1		
OG0020346				g4107.t1		
OG0020347				g4122.t1		
OG0020348				g4162.t1		
OG0020349				g4191.t1		
OG0020350				g4235.t1		
OG0020351				g4276.t1		
OG0020352				g4357.t1		
OG0020353				g4358.t1		
OG0020354				g4374.t1		
OG0020355				g4381.t1		
OG0020356				g4429.t1		
OG0020357				g4452.t1		
OG0020358				g4474.t1		
OG0020359				g4481.t1		
OG0020360				g4484.t1		
OG0020361				g4516.t1		
OG0020362				g4532.t1		
OG0020363					18_t	
OG0020364					35_t	
OG0020365					66_t	
OG0020366					91_t	
OG0020367					92_t	
OG0020368					93_t	
OG0020369					94_t	
OG0020370					112_t	
OG0020371					121_t	
OG0020372					138_t	
OG0020373					143_t	
OG0020374					154_t	
OG0020375					155_t	
OG0020376					169_t	
OG0020377					220_t	
OG0020378					371_t	
OG0020379					375_t	
OG0020380					390_t	
OG0020381					391_t	
OG0020382					393_t	
OG0020383					395_t	
OG0020384					401_t	
OG0020385					402_t	
OG0020386					410_t	
OG0020387					413_t	
OG0020388					429_t	
OG0020389					434_t	
OG0020390					450_t	
OG0020391					480_t	
OG0020392					498_t	
OG0020393					510_t	
OG0020394					576_t	
OG0020395					592_t	
OG0020396					595_t	
OG0020397					599_t	
OG0020398					600_t	
OG0020399					620_t	
OG0020400					641_t	
OG0020401					653_t	
OG0020402					661_t	
OG0020403					662_t	
OG0020404					695_t	
OG0020405					713_t	
OG0020406					715_t	
OG0020407					718_t	
OG0020408					727_t	
OG0020409					777_t	
OG0020410					782_t	
OG0020411					815_t	
OG0020412					817_t	
OG0020413					820_t	
OG0020414					821_t	
OG0020415					831_t	
OG0020416					832_t	
OG0020417					834_t	
OG0020418					847_t	
OG0020419					853_t	
OG0020420					876_t	
OG0020421					877_t	
OG0020422					891_t	
OG0020423					893_t	
OG0020424					896_t	
OG0020425					899_t	
OG0020426					900_t	
OG0020427					910_t	
OG0020428					932_t	
OG0020429					933_t	
OG0020430					938_t	
OG0020431					963_t	
OG0020432					986_t	
OG0020433					1042_t	
OG0020434					1059_t	
OG0020435					1137_t	
OG0020436					1140_t	
OG0020437					1145_t	
OG0020438					1146_t	
OG0020439					1155_t	
OG0020440					1169_t	
OG0020441					1212_t	
OG0020442					1234_t	
OG0020443					1235_t	
OG0020444					1281_t	
OG0020445					1282_t	
OG0020446					1326_t	
OG0020447					1339_t	
OG0020448					1397_t	
OG0020449					1399_t	
OG0020450					1446_t	
OG0020451					1447_t	
OG0020452					1448_t	
OG0020453					1449_t	
OG0020454					1463_t	
OG0020455					1473_t	
OG0020456					1528_t	
OG0020457					1540_t	
OG0020458					1548_t	
OG0020459					1604_t	
OG0020460					1609_t	
OG0020461					1622_t	
OG0020462					1631_t	
OG0020463					1650_t	
OG0020464					1664_t	
OG0020465					1680_t	
OG0020466					1684_t	
OG0020467					1712_t	
OG0020468					1808_t	
OG0020469					1850_t	
OG0020470					1888_t	
OG0020471					1906_t	
OG0020472					1913_t	
OG0020473					1945_t	
OG0020474					1951_t	
OG0020475					2064_t	
OG0020476					2091_t	
OG0020477					2108_t	
OG0020478					2116_t	
OG0020479					2120_t	
OG0020480					2160_t	
OG0020481					2161_t	
OG0020482					2178_t	
OG0020483					2209_t	
OG0020484					2217_t	
OG0020485					2328_t	
OG0020486					2333_t	
OG0020487					2360_t	
OG0020488					2366_t	
OG0020489					2369_t	
OG0020490					2373_t	
OG0020491					2396_t	
OG0020492					2397_t	
OG0020493					2399_t	
OG0020494					2401_t	
OG0020495					2412_t	
OG0020496					2421_t	
OG0020497					2439_t	
OG0020498					2459_t	
OG0020499					2471_t	
OG0020500					2473_t	
OG0020501					2474_t	
OG0020502					2481_t	
OG0020503					2491_t	
OG0020504					2516_t	
OG0020505					2537_t	
OG0020506					2539_t	
OG0020507					2555_t	
OG0020508					2572_t	
OG0020509					2608_t	
OG0020510					2622_t	
OG0020511					2663_t	
OG0020512					2664_t	
OG0020513					2680_t	
OG0020514					2683_t	
OG0020515					2685_t	
OG0020516					2686_t	
OG0020517					2687_t	
OG0020518					2688_t	
OG0020519					2689_t	
OG0020520					2690_t	
OG0020521					2691_t	
OG0020522					2694_t	
OG0020523					2729_t	
OG0020524					2731_t	
OG0020525					2751_t	
OG0020526					2765_t	
OG0020527					2810_t	
OG0020528					2825_t	
OG0020529					2833_t	
OG0020530					2906_t	
OG0020531					2940_t	
OG0020532					2961_t	
OG0020533					2976_t	
OG0020534					2983_t	
OG0020535					3011_t	
OG0020536					3024_t	
OG0020537					3031_t	
OG0020538					3047_t	
OG0020539					3048_t	
OG0020540					3065_t	
OG0020541					3070_t	
OG0020542					3088_t	
OG0020543					3089_t	
OG0020544					3109_t	
OG0020545					3126_t	
OG0020546					3127_t	
OG0020547					3165_t	
OG0020548					3167_t	
OG0020549					3187_t	
OG0020550					3193_t	
OG0020551					3216_t	
OG0020552					3227_t	
OG0020553					3235_t	
OG0020554					3246_t	
OG0020555					3280_t	
OG0020556					3287_t	
OG0020557					3355_t	
OG0020558					3364_t	
OG0020559					3379_t	
OG0020560					3410_t	
OG0020561					3426_t	
OG0020562					3513_t	
OG0020563					3539_t	
OG0020564					3545_t	
OG0020565					3620_t	
OG0020566					3704_t	
OG0020567					3706_t	
OG0020568					3709_t	
OG0020569					3712_t	
OG0020570					3713_t	
OG0020571					3739_t	
OG0020572					3759_t	
OG0020573					3777_t	
OG0020574					3781_t	
OG0020575					3813_t	
OG0020576					3842_t	
OG0020577					3858_t	
OG0020578					3868_t	
OG0020579					3933_t	
OG0020580					3982_t	
OG0020581					3985_t	
OG0020582					3988_t	
OG0020583					4012_t	
OG0020584					4076_t	
OG0020585					4089_t	
OG0020586					4120_t	
OG0020587					4121_t	
OG0020588					4230_t	
OG0020589					4269_t	
OG0020590					4387_t	
OG0020591					4404_t	
OG0020592					4413_t	
OG0020593					4423_t	
OG0020594					4460_t	
OG0020595					4461_t	
OG0020596					4486_t	
OG0020597					4487_t	
OG0020598					4550_t	
OG0020599					4617_t	
OG0020600					4622_t	
OG0020601					4696_t	
OG0020602					4716_t	
OG0020603					4720_t	
OG0020604					4740_t	
OG0020605					4773_t	
OG0020606					4774_t	
OG0020607					4777_t	
OG0020608					4800_t	
OG0020609					4810_t	
OG0020610					4831_t	
OG0020611					4874_t	
OG0020612					4954_t	
OG0020613					4969_t	
OG0020614					5011_t	
OG0020615					5039_t	
OG0020616					5052_t	
OG0020617					5097_t	
OG0020618					5126_t	
OG0020619					5130_t	
OG0020620					5134_t	
OG0020621					5137_t	
OG0020622					5145_t	
OG0020623					5159_t	
OG0020624					5160_t	
OG0020625					5161_t	
OG0020626					5181_t	
OG0020627					5194_t	
OG0020628					5195_t	
OG0020629					5229_t	
OG0020630					5233_t	
OG0020631					5242_t	
OG0020632					5250_t	
OG0020633					5274_t	
OG0020634					5285_t	
OG0020635					5296_t	
OG0020636					5300_t	
OG0020637					5305_t	
OG0020638					5310_t	
OG0020639					5311_t	
OG0020640					5321_t	
OG0020641					5335_t	
OG0020642					5353_t	
OG0020643					5369_t	
OG0020644					5379_t	
OG0020645					5441_t	
OG0020646					5490_t	
OG0020647					5528_t	
OG0020648					5542_t	
OG0020649					5546_t	
OG0020650					5605_t	
OG0020651					5607_t	
OG0020652					5645_t	
OG0020653					5666_t	
OG0020654					5668_t	
OG0020655					5671_t	
OG0020656					5677_t	
OG0020657					5730_t	
OG0020658					5734_t	
OG0020659					5812_t	
OG0020660					5859_t	
OG0020661					5882_t	
OG0020662					5920_t	
OG0020663					5932_t	
OG0020664					5941_t	
OG0020665					5946_t	
OG0020666					5957_t	
OG0020667					5958_t	
OG0020668					5959_t	
OG0020669					5960_t	
OG0020670					5962_t	
OG0020671					5964_t	
OG0020672					5965_t	
OG0020673					5966_t	
OG0020674					5967_t	
OG0020675					5969_t	
OG0020676					5970_t	
OG0020677					5971_t	
OG0020678					5972_t	
OG0020679					5986_t	
OG0020680					5988_t	
OG0020681					5991_t	
OG0020682					5997_t	
OG0020683					6000_t	
OG0020684					6001_t	
OG0020685					6012_t	
OG0020686					6014_t	
OG0020687					6020_t	
OG0020688					6021_t	
OG0020689					6027_t	
OG0020690					6033_t	
OG0020691					6037_t	
OG0020692					6040_t	
OG0020693					6051_t	
OG0020694					6069_t	
OG0020695					6091_t	
OG0020696					6097_t	
OG0020697					6113_t	
OG0020698					6145_t	
OG0020699					6148_t	
OG0020700					6149_t	
OG0020701					6153_t	
OG0020702					6155_t	
OG0020703					6167_t	
OG0020704					6180_t	
OG0020705					6193_t	
OG0020706					6194_t	
OG0020707					6200_t	
OG0020708					6207_t	
OG0020709					6282_t	
OG0020710					6295_t	
OG0020711					6301_t	
OG0020712					6321_t	
OG0020713					6330_t	
OG0020714					6357_t	
OG0020715					6369_t	
OG0020716					6379_t	
OG0020717					6389_t	
OG0020718					6390_t	
OG0020719					6399_t	
OG0020720					6405_t	
OG0020721					6428_t	
OG0020722					6432_t	
OG0020723					6445_t	
OG0020724					6446_t	
OG0020725					6449_t	
OG0020726					6453_t	
OG0020727					6454_t	
OG0020728					6455_t	
OG0020729					6469_t	
OG0020730					6474_t	
OG0020731					6482_t	
OG0020732					6483_t	
OG0020733					6487_t	
OG0020734					6497_t	
OG0020735					6508_t	
OG0020736					6514_t	
OG0020737					6526_t	
OG0020738					6534_t	
OG0020739					6571_t	
OG0020740					6574_t	
OG0020741					6577_t	
OG0020742					6593_t	
OG0020743					6602_t	
OG0020744					6604_t	
OG0020745					6621_t	
OG0020746					6623_t	
OG0020747					6644_t	
OG0020748					6648_t	
OG0020749					6670_t	
OG0020750					6675_t	
OG0020751					6703_t	
OG0020752					6712_t	
OG0020753					6734_t	
OG0020754					6737_t	
OG0020755					6776_t	
OG0020756					6797_t	
OG0020757					6833_t	
OG0020758					6842_t	
OG0020759					6903_t	
OG0020760					6916_t	
OG0020761					6952_t	
OG0020762					6985_t	
OG0020763					7011_t	
OG0020764					7053_t	
OG0020765					7149_t	
OG0020766					7170_t	
OG0020767					7220_t	
OG0020768					7281_t	
OG0020769					7292_t	
OG0020770					7298_t	
OG0020771					7321_t	
OG0020772					7329_t	
OG0020773					7356_t	
OG0020774					7372_t	
OG0020775					7469_t	
OG0020776					7492_t	
OG0020777					7500_t	
OG0020778					7547_t	
OG0020779					7561_t	
OG0020780					7574_t	
OG0020781					7580_t	
OG0020782					7582_t	
OG0020783					7662_t	
OG0020784					7763_t	
OG0020785					7792_t	
OG0020786					7793_t	
OG0020787					7794_t	
OG0020788					7795_t	
OG0020789					7802_t	
OG0020790					7821_t	
OG0020791					7822_t	
OG0020792					7830_t	
OG0020793					7831_t	
OG0020794					7838_t	
OG0020795					7839_t	
OG0020796					7849_t	
OG0020797					7853_t	
OG0020798					7856_t	
OG0020799					7934_t	
OG0020800					7958_t	
OG0020801					7963_t	
OG0020802					8027_t	
OG0020803					8029_t	
OG0020804					8031_t	
OG0020805					8038_t	
OG0020806					8044_t	
OG0020807					8052_t	
OG0020808					8059_t	
OG0020809					8071_t	
OG0020810					8073_t	
OG0020811					8084_t	
OG0020812					8098_t	
OG0020813					8107_t	
OG0020814					8119_t	
OG0020815					8147_t	
OG0020816					8164_t	
OG0020817					8199_t	
OG0020818					8208_t	
OG0020819					8209_t	
OG0020820					8210_t	
OG0020821					8213_t	
OG0020822					8221_t	
OG0020823					8251_t	
OG0020824					8265_t	
OG0020825					8270_t	
OG0020826					8272_t	
OG0020827					8294_t	
OG0020828					8308_t	
OG0020829					8318_t	
OG0020830					8332_t	
OG0020831					8333_t	
OG0020832					8337_t	
OG0020833					8360_t	
OG0020834					8371_t	
OG0020835					8375_t	
OG0020836					8395_t	
OG0020837					8399_t	
OG0020838					8407_t	
OG0020839					8416_t	
OG0020840					8448_t	
OG0020841					8475_t	
OG0020842					8496_t	
OG0020843					8510_t	
OG0020844					8519_t	
OG0020845					8526_t	
OG0020846					8536_t	
OG0020847					8578_t	
OG0020848					8621_t	
OG0020849					8629_t	
OG0020850					8632_t	
OG0020851					8633_t	
OG0020852					8638_t	
OG0020853					8645_t	
OG0020854					8646_t	
OG0020855					8654_t	
OG0020856					8658_t	
OG0020857					8679_t	
OG0020858					8684_t	
OG0020859					8701_t	
OG0020860					15015_t	
OG0020861					15016_t	
OG0020862					15020_t	
OG0020863					15047_t	
OG0020864					15050_t	
OG0020865					15061_t	
OG0020866					15068_t	
OG0020867					15097_t	
OG0020868					15101_t	
OG0020869					15103_t	
OG0020870					15104_t	
OG0020871					15106_t	
OG0020872					15107_t	
OG0020873					15108_t	
OG0020874					15111_t	
OG0020875					15144_t	
OG0020876					15191_t	
OG0020877					15227_t	
OG0020878					15231_t	
OG0020879					15246_t	
OG0020880					15257_t	
OG0020881					15269_t	
OG0020882					15271_t	
OG0020883					15290_t	
OG0020884					15310_t	
OG0020885					15329_t	
OG0020886					15369_t	
OG0020887					15370_t	
OG0020888					15376_t	
OG0020889					15378_t	
OG0020890					15380_t	
OG0020891					15459_t	
OG0020892					15480_t	
OG0020893					15494_t	
OG0020894					15500_t	
OG0020895					15501_t	
OG0020896					15522_t	
OG0020897					15524_t	
OG0020898					15540_t	
OG0020899					15541_t	
OG0020900					15572_t	
OG0020901					15620_t	
OG0020902					15621_t	
OG0020903					15630_t	
OG0020904					15634_t	
OG0020905					15651_t	
OG0020906					15663_t	
OG0020907					15681_t	
OG0020908					15722_t	
OG0020909					15736_t	
OG0020910					15757_t	
OG0020911					15770_t	
OG0020912					15809_t	
OG0020913					15840_t	
OG0020914					15855_t	
OG0020915					15873_t	
OG0020916					15894_t	
OG0020917					15903_t	
OG0020918					15966_t	
OG0020919					15967_t	
OG0020920					15981_t	
OG0020921					16026_t	
OG0020922					16038_t	
OG0020923					16050_t	
OG0020924					16056_t	
OG0020925					16058_t	
OG0020926					16107_t	
OG0020927					16109_t	
OG0020928					16142_t	
OG0020929					16143_t	
OG0020930					16260_t	
OG0020931					16302_t	
OG0020932					16304_t	
OG0020933					16314_t	
OG0020934					16317_t	
OG0020935					16320_t	
OG0020936					16330_t	
OG0020937					16348_t	
OG0020938					16376_t	
OG0020939					16411_t	
OG0020940					16414_t	
OG0020941					16421_t	
OG0020942					16450_t	
OG0020943					16478_t	
OG0020944					16480_t	
OG0020945					16482_t	
OG0020946					16492_t	
OG0020947					16522_t	
OG0020948					16524_t	
OG0020949					16525_t	
OG0020950					16529_t	
OG0020951					16539_t	
OG0020952					16546_t	
OG0020953					16560_t	
OG0020954					16578_t	
OG0020955					16589_t	
OG0020956					16601_t	
OG0020957					16604_t	
OG0020958					16609_t	
OG0020959					16613_t	
OG0020960					16615_t	
OG0020961					16621_t	
OG0020962					16640_t	
OG0020963					16643_t	
OG0020964					16646_t	
OG0020965					16648_t	
OG0020966					16655_t	
OG0020967					16656_t	
OG0020968					16659_t	
OG0020969					16662_t	
OG0020970					16702_t	
OG0020971					16716_t	
OG0020972					16717_t	
OG0020973					16725_t	
OG0020974					16729_t	
OG0020975					16755_t	
OG0020976					16756_t	
OG0020977					16760_t	
OG0020978					16781_t	
OG0020979					16792_t	
OG0020980					16793_t	
OG0020981					16794_t	
OG0020982					16796_t	
OG0020983					16811_t	
OG0020984					16816_t	
OG0020985					16823_t	
OG0020986					16824_t	
OG0020987					16828_t	
OG0020988					16830_t	
OG0020989					16838_t	
OG0020990					16840_t	
OG0020991					16841_t	
OG0020992					16859_t	
OG0020993					16861_t	
OG0020994					16862_t	
OG0020995					16864_t	
OG0020996					16867_t	
OG0020997					16890_t	
OG0020998					16893_t	
OG0020999					16908_t	
OG0021000					16934_t	
OG0021001					16935_t	
OG0021002					16937_t	
OG0021003					16941_t	
OG0021004					16942_t	
OG0021005					16943_t	
OG0021006					16944_t	
OG0021007					16945_t	
OG0021008					16951_t	
OG0021009					16955_t	
OG0021010					16958_t	
OG0021011					16959_t	
OG0021012					16967_t	
OG0021013					16969_t	
OG0021014					16970_t	
OG0021015					16978_t	
OG0021016					16981_t	
OG0021017					16995_t	
OG0021018					16996_t	
OG0021019					16997_t	
OG0021020					17001_t	
OG0021021					17007_t	
OG0021022					17012_t	
OG0021023					17020_t	
OG0021024					17022_t	
OG0021025					17023_t	
OG0021026					17024_t	
OG0021027					17029_t	
OG0021028					17032_t	
OG0021029					17037_t	
OG0021030					17043_t	
OG0021031					17046_t	
OG0021032					17048_t	
OG0021033					17064_t	
OG0021034					17065_t	
OG0021035					17099_t	
OG0021036					17115_t	
OG0021037					17139_t	
OG0021038					17145_t	
OG0021039					17161_t	
OG0021040					17163_t	
OG0021041					17192_t	
OG0021042					17207_t	
OG0021043					17209_t	
OG0021044					17210_t	
OG0021045					17211_t	
OG0021046					17215_t	
OG0021047					17217_t	
OG0021048					17226_t	
OG0021049					17228_t	
OG0021050					17229_t	
OG0021051					17231_t	
OG0021052					17237_t	
OG0021053					17242_t	
OG0021054					17246_t	
OG0021055					17251_t	
OG0021056					17252_t	
OG0021057					17253_t	
OG0021058					17260_t	
OG0021059					17265_t	
OG0021060					17270_t	
OG0021061					17272_t	
OG0021062					17273_t	
OG0021063					17274_t	
OG0021064					17275_t	
OG0021065					17276_t	
OG0021066					17278_t	
OG0021067					17283_t	
OG0021068					17285_t	
OG0021069					17289_t	
OG0021070					17292_t	
OG0021071					17294_t	
OG0021072					17299_t	
OG0021073					17303_t	
OG0021074					17306_t	
OG0021075					17324_t	
OG0021076					17327_t	
OG0021077					17330_t	
OG0021078					17337_t	
OG0021079					17342_t	
OG0021080					17348_t	
OG0021081					17351_t	
OG0021082					17353_t	
OG0021083					17355_t	
OG0021084					17359_t	
OG0021085					17360_t	
OG0021086					17365_t	
OG0021087					17370_t	
OG0021088					17374_t	
OG0021089					17379_t	
OG0021090					17383_t	
OG0021091					17386_t	
OG0021092					17388_t	
OG0021093					17394_t	
OG0021094					17395_t	
OG0021095					17399_t	
OG0021096					17402_t	
OG0021097					17410_t	
OG0021098					17413_t	
OG0021099					17417_t	
OG0021100					17418_t	
OG0021101					17420_t	
OG0021102					17427_t	
OG0021103					17435_t	
OG0021104					17444_t	
OG0021105					17448_t	
OG0021106					17452_t	
OG0021107					17455_t	
OG0021108					17459_t	
OG0021109					17460_t	
OG0021110					17463_t	
OG0021111					17464_t	
OG0021112					17470_t	
OG0021113					17475_t	
OG0021114					17477_t	
OG0021115					17478_t	
OG0021116					17479_t	
OG0021117					17480_t	
OG0021118					17484_t	
OG0021119					17485_t	
OG0021120					17486_t	
OG0021121					17487_t	
OG0021122					17493_t	
OG0021123					17503_t	
OG0021124					17509_t	
OG0021125					17515_t	
OG0021126					17516_t	
OG0021127					17519_t	
OG0021128					17522_t	
OG0021129					17523_t	
OG0021130					17524_t	
OG0021131					17525_t	
OG0021132					17532_t	
OG0021133					17533_t	
OG0021134					17535_t	
OG0021135					17555_t	
OG0021136					17558_t	
OG0021137					17583_t	
OG0021138					17585_t	
OG0021139					17596_t	
OG0021140					17608_t	
OG0021141					17609_t	
OG0021142					17610_t	
OG0021143					17622_t	
OG0021144					17636_t	
OG0021145					17650_t	
OG0021146					17659_t	
OG0021147					17677_t	
OG0021148					17678_t	
OG0021149					17681_t	
OG0021150					17682_t	
OG0021151					17683_t	
OG0021152					17685_t	
OG0021153					17686_t	
OG0021154					17687_t	
OG0021155					17733_t	
OG0021156					17740_t	
OG0021157					17745_t	
OG0021158					17750_t	
OG0021159					17758_t	
OG0021160					17759_t	
OG0021161					17762_t	
OG0021162					17764_t	
OG0021163					17772_t	
OG0021164					17773_t	
OG0021165					17774_t	
OG0021166					17775_t	
OG0021167					17776_t	
OG0021168					17777_t	
OG0021169					17778_t	
OG0021170					17782_t	
OG0021171					17795_t	
OG0021172					17797_t	
OG0021173					17798_t	
OG0021174					17799_t	
OG0021175					17806_t	
OG0021176					17815_t	
OG0021177					17816_t	
OG0021178					17821_t	
OG0021179					17823_t	
OG0021180					17826_t	
OG0021181					17827_t	
OG0021182					17850_t	
OG0021183					17864_t	
OG0021184					17869_t	
OG0021185					17884_t	
OG0021186					17885_t	
OG0021187					17886_t	
OG0021188					17889_t	
OG0021189					17890_t	
OG0021190					17891_t	
OG0021191					17893_t	
OG0021192					17899_t	
OG0021193					17914_t	
OG0021194					17916_t	
OG0021195					17928_t	
OG0021196					17955_t	
OG0021197					17966_t	
OG0021198					17967_t	
OG0021199					17968_t	
OG0021200					17969_t	
OG0021201					17985_t	
OG0021202					17997_t	
OG0021203					17999_t	
OG0021204					18001_t	
OG0021205					18008_t	
OG0021206					18011_t	
OG0021207					18016_t	
OG0021208					18023_t	
OG0021209					18024_t	
OG0021210					18041_t	
OG0021211					18047_t	
OG0021212					18052_t	
OG0021213					18054_t	
OG0021214					18056_t	
OG0021215					18059_t	
OG0021216					18072_t	
OG0021217					18089_t	
OG0021218					18093_t	
OG0021219					18107_t	
OG0021220					18119_t	
OG0021221					18132_t	
OG0021222					18148_t	
OG0021223					18194_t	
OG0021224					18195_t	
OG0021225					18198_t	
OG0021226					18208_t	
OG0021227					18209_t	
OG0021228					18221_t	
OG0021229					18242_t	
OG0021230					8804_t	
OG0021231					8874_t	
OG0021232					8894_t	
OG0021233					8897_t	
OG0021234					8901_t	
OG0021235					8908_t	
OG0021236					8912_t	
OG0021237					8915_t	
OG0021238					8924_t	
OG0021239					8932_t	
OG0021240					8938_t	
OG0021241					8941_t	
OG0021242					9029_t	
OG0021243					9072_t	
OG0021244					9076_t	
OG0021245					9088_t	
OG0021246					9100_t	
OG0021247					9129_t	
OG0021248					9153_t	
OG0021249					9159_t	
OG0021250					9202_t	
OG0021251					9206_t	
OG0021252					9218_t	
OG0021253					9222_t	
OG0021254					9263_t	
OG0021255					9276_t	
OG0021256					9303_t	
OG0021257					9317_t	
OG0021258					9331_t	
OG0021259					9340_t	
OG0021260					9342_t	
OG0021261					9351_t	
OG0021262					9388_t	
OG0021263					9404_t	
OG0021264					9410_t	
OG0021265					9424_t	
OG0021266					9426_t	
OG0021267					9434_t	
OG0021268					9436_t	
OG0021269					9541_t	
OG0021270					9557_t	
OG0021271					9595_t	
OG0021272					9627_t	
OG0021273					9662_t	
OG0021274					9667_t	
OG0021275					9677_t	
OG0021276					9678_t	
OG0021277					9693_t	
OG0021278					9700_t	
OG0021279					9718_t	
OG0021280					9749_t	
OG0021281					9774_t	
OG0021282					9821_t	
OG0021283					9840_t	
OG0021284					9842_t	
OG0021285					9880_t	
OG0021286					9886_t	
OG0021287					9912_t	
OG0021288					9945_t	
OG0021289					9951_t	
OG0021290					9979_t	
OG0021291					9983_t	
OG0021292					9992_t	
OG0021293					9998_t	
OG0021294					10050_t	
OG0021295					10055_t	
OG0021296					10058_t	
OG0021297					10062_t	
OG0021298					10116_t	
OG0021299					10119_t	
OG0021300					10122_t	
OG0021301					10152_t	
OG0021302					10167_t	
OG0021303					10176_t	
OG0021304					10201_t	
OG0021305					10227_t	
OG0021306					10239_t	
OG0021307					10324_t	
OG0021308					10328_t	
OG0021309					10366_t	
OG0021310					10386_t	
OG0021311					10394_t	
OG0021312					10435_t	
OG0021313					10468_t	
OG0021314					10478_t	
OG0021315					10546_t	
OG0021316					10553_t	
OG0021317					10608_t	
OG0021318					10628_t	
OG0021319					10643_t	
OG0021320					10659_t	
OG0021321					10666_t	
OG0021322					10687_t	
OG0021323					10690_t	
OG0021324					10691_t	
OG0021325					10731_t	
OG0021326					10733_t	
OG0021327					10776_t	
OG0021328					10819_t	
OG0021329					10833_t	
OG0021330					10869_t	
OG0021331					10879_t	
OG0021332					10893_t	
OG0021333					10897_t	
OG0021334					10995_t	
OG0021335					11038_t	
OG0021336					11174_t	
OG0021337					11183_t	
OG0021338					11210_t	
OG0021339					11268_t	
OG0021340					11281_t	
OG0021341					11301_t	
OG0021342					11320_t	
OG0021343					11322_t	
OG0021344					11325_t	
OG0021345					11338_t	
OG0021346					11369_t	
OG0021347					11407_t	
OG0021348					11450_t	
OG0021349					11462_t	
OG0021350					11466_t	
OG0021351					11500_t	
OG0021352					11501_t	
OG0021353					11522_t	
OG0021354					11531_t	
OG0021355					11534_t	
OG0021356					11555_t	
OG0021357					11556_t	
OG0021358					11562_t	
OG0021359					11589_t	
OG0021360					11591_t	
OG0021361					11592_t	
OG0021362					11593_t	
OG0021363					11603_t	
OG0021364					11702_t	
OG0021365					11712_t	
OG0021366					11733_t	
OG0021367					11780_t	
OG0021368					11788_t	
OG0021369					11798_t	
OG0021370					11848_t	
OG0021371					11894_t	
OG0021372					11925_t	
OG0021373					11926_t	
OG0021374					11927_t	
OG0021375					11942_t	
OG0021376					11955_t	
OG0021377					11957_t	
OG0021378					11959_t	
OG0021379					11977_t	
OG0021380					12002_t	
OG0021381					12013_t	
OG0021382					12014_t	
OG0021383					12016_t	
OG0021384					12025_t	
OG0021385					12043_t	
OG0021386					12048_t	
OG0021387					12049_t	
OG0021388					12063_t	
OG0021389					12070_t	
OG0021390					12071_t	
OG0021391					12072_t	
OG0021392					12088_t	
OG0021393					12089_t	
OG0021394					12110_t	
OG0021395					12112_t	
OG0021396					12114_t	
OG0021397					12115_t	
OG0021398					12118_t	
OG0021399					12119_t	
OG0021400					12126_t	
OG0021401					12130_t	
OG0021402					12131_t	
OG0021403					12144_t	
OG0021404					12157_t	
OG0021405					12168_t	
OG0021406					12172_t	
OG0021407					12175_t	
OG0021408					12178_t	
OG0021409					12184_t	
OG0021410					12185_t	
OG0021411					12187_t	
OG0021412					12200_t	
OG0021413					12205_t	
OG0021414					12220_t	
OG0021415					12229_t	
OG0021416					12263_t	
OG0021417					12287_t	
OG0021418					12343_t	
OG0021419					12346_t	
OG0021420					12348_t	
OG0021421					12349_t	
OG0021422					12354_t	
OG0021423					12357_t	
OG0021424					12369_t	
OG0021425					12375_t	
OG0021426					12381_t	
OG0021427					12382_t	
OG0021428					12384_t	
OG0021429					12385_t	
OG0021430					12391_t	
OG0021431					12405_t	
OG0021432					12407_t	
OG0021433					12463_t	
OG0021434					12469_t	
OG0021435					12472_t	
OG0021436					12525_t	
OG0021437					12553_t	
OG0021438					12591_t	
OG0021439					12617_t	
OG0021440					12733_t	
OG0021441					12760_t	
OG0021442					12766_t	
OG0021443					12793_t	
OG0021444					12821_t	
OG0021445					12836_t	
OG0021446					12843_t	
OG0021447					12858_t	
OG0021448					12859_t	
OG0021449					12860_t	
OG0021450					12871_t	
OG0021451					12873_t	
OG0021452					12882_t	
OG0021453					12892_t	
OG0021454					12893_t	
OG0021455					12900_t	
OG0021456					12907_t	
OG0021457					12972_t	
OG0021458					12974_t	
OG0021459					12981_t	
OG0021460					13018_t	
OG0021461					13055_t	
OG0021462					13057_t	
OG0021463					13067_t	
OG0021464					13087_t	
OG0021465					13089_t	
OG0021466					13114_t	
OG0021467					13169_t	
OG0021468					13173_t	
OG0021469					13185_t	
OG0021470					13195_t	
OG0021471					13265_t	
OG0021472					13267_t	
OG0021473					13284_t	
OG0021474					13353_t	
OG0021475					13354_t	
OG0021476					13369_t	
OG0021477					13370_t	
OG0021478					13371_t	
OG0021479					13374_t	
OG0021480					13407_t	
OG0021481					13425_t	
OG0021482					13497_t	
OG0021483					13505_t	
OG0021484					13509_t	
OG0021485					13510_t	
OG0021486					13517_t	
OG0021487					13518_t	
OG0021488					13553_t	
OG0021489					13562_t	
OG0021490					13604_t	
OG0021491					13643_t	
OG0021492					13681_t	
OG0021493					13683_t	
OG0021494					13691_t	
OG0021495					13692_t	
OG0021496					13693_t	
OG0021497					13694_t	
OG0021498					13695_t	
OG0021499					13696_t	
OG0021500					13697_t	
OG0021501					13698_t	
OG0021502					13699_t	
OG0021503					13703_t	
OG0021504					13705_t	
OG0021505					13707_t	
OG0021506					13709_t	
OG0021507					13710_t	
OG0021508					13711_t	
OG0021509					13712_t	
OG0021510					13713_t	
OG0021511					13714_t	
OG0021512					13715_t	
OG0021513					13717_t	
OG0021514					13718_t	
OG0021515					13720_t	
OG0021516					13721_t	
OG0021517					13722_t	
OG0021518					13735_t	
OG0021519					13760_t	
OG0021520					13761_t	
OG0021521					13765_t	
OG0021522					13766_t	
OG0021523					13817_t	
OG0021524					13818_t	
OG0021525					13824_t	
OG0021526					13828_t	
OG0021527					13845_t	
OG0021528					13893_t	
OG0021529					13895_t	
OG0021530					13909_t	
OG0021531					13929_t	
OG0021532					13930_t	
OG0021533					13934_t	
OG0021534					13936_t	
OG0021535					13937_t	
OG0021536					13945_t	
OG0021537					13947_t	
OG0021538					13959_t	
OG0021539					13969_t	
OG0021540					14013_t	
OG0021541					14032_t	
OG0021542					14041_t	
OG0021543					14043_t	
OG0021544					14068_t	
OG0021545					14071_t	
OG0021546					14086_t	
OG0021547					14100_t	
OG0021548					14102_t	
OG0021549					14108_t	
OG0021550					14110_t	
OG0021551					14119_t	
OG0021552					14133_t	
OG0021553					14173_t	
OG0021554					14188_t	
OG0021555					14229_t	
OG0021556					14237_t	
OG0021557					14242_t	
OG0021558					14257_t	
OG0021559					14267_t	
OG0021560					14273_t	
OG0021561					14278_t	
OG0021562					14279_t	
OG0021563					14297_t	
OG0021564					14298_t	
OG0021565					14314_t	
OG0021566					14333_t	
OG0021567					14397_t	
OG0021568					14402_t	
OG0021569					14412_t	
OG0021570					14420_t	
OG0021571					14425_t	
OG0021572					14462_t	
OG0021573					14463_t	
OG0021574					14467_t	
OG0021575					14468_t	
OG0021576					14471_t	
OG0021577					14475_t	
OG0021578					14493_t	
OG0021579					14494_t	
OG0021580					14495_t	
OG0021581					14497_t	
OG0021582					14507_t	
OG0021583					14510_t	
OG0021584					14512_t	
OG0021585					14514_t	
OG0021586					14521_t	
OG0021587					14522_t	
OG0021588					14525_t	
OG0021589					14530_t	
OG0021590					14537_t	
OG0021591					14554_t	
OG0021592					14562_t	
OG0021593					14566_t	
OG0021594					14569_t	
OG0021595					14571_t	
OG0021596					14572_t	
OG0021597					14583_t	
OG0021598					14595_t	
OG0021599					14639_t	
OG0021600					14663_t	
OG0021601					14704_t	
OG0021602					14719_t	
OG0021603					14723_t	
OG0021604					14724_t	
OG0021605					14737_t	
OG0021606					14738_t	
OG0021607					14739_t	
OG0021608					14762_t	
OG0021609					14796_t	
OG0021610					14807_t	
OG0021611					14809_t	
OG0021612					14820_t	
OG0021613					14845_t	
OG0021614					14846_t	
OG0021615					15003_t	
OG0021616						g87.t1
OG0021617						g91.t1
OG0021618						g102.t1
OG0021619						g119.t1
OG0021620						g140.t1
OG0021621						g148.t1
OG0021622						g164.t1
OG0021623						g181.t1
OG0021624						g212.t1
OG0021625						g252.t1
OG0021626						g253.t1
OG0021627						g266.t1
OG0021628						g274.t1
OG0021629						g280.t1
OG0021630						g305.t1
OG0021631						g308.t1
OG0021632						g340.t1
OG0021633						g359.t1
OG0021634						g381.t1
OG0021635						g382.t1
OG0021636						g448.t1
OG0021637						g498.t1
OG0021638						g529.t1
OG0021639						g538.t1
OG0021640						g565.t1
OG0021641						g566.t1
OG0021642						g573.t1
OG0021643						g574.t1
OG0021644						g583.t1
OG0021645						g585.t1
OG0021646						g591.t1
OG0021647						g597.t1
OG0021648						g600.t1
OG0021649						g620.t1
OG0021650						g621.t1
OG0021651						g680.t1
OG0021652						g717.t1
OG0021653						g738.t1
OG0021654						g741.t1
OG0021655						g748.t1
OG0021656						g753.t1
OG0021657						g755.t1
OG0021658						g850.t1
OG0021659						g867.t1
OG0021660						g892.t1
OG0021661						g911.t1
OG0021662						g935.t1
OG0021663						g1057.t1
OG0021664						g1093.t1
OG0021665						g1101.t1
OG0021666						g1215.t1
OG0021667						g1232.t1
OG0021668						g1372.t1
OG0021669						g1387.t1
OG0021670						g1420.t1
OG0021671						g1427.t1
OG0021672						g1429.t1
OG0021673						g1442.t1
OG0021674						g1480.t1
OG0021675						g1494.t1
OG0021676						g1542.t1
OG0021677						g1588.t1
OG0021678						g1604.t1
OG0021679						g1606.t1
OG0021680						g1616.t1
OG0021681						g1644.t1
OG0021682						g1677.t1
OG0021683						g1740.t1
OG0021684						g1741.t1
OG0021685						g1781.t1
OG0021686						g1865.t1
OG0021687						g1880.t1
OG0021688						g1931.t1
OG0021689						g1934.t1
OG0021690						g1935.t1
OG0021691						g1956.t1
OG0021692						g1971.t1
OG0021693						g2008.t1
OG0021694						g2024.t1
OG0021695						g2026.t1
OG0021696						g2113.t1
OG0021697						g2130.t1
OG0021698						g2171.t1
OG0021699						g2268.t1
OG0021700						g2284.t1
OG0021701						g2393.t1
OG0021702						g2408.t1
OG0021703						g2425.t1
OG0021704						g2426.t1
OG0021705						g2505.t1
OG0021706						g7376.t1
OG0021707						g7388.t1
OG0021708						g7389.t1
OG0021709						g7395.t1
OG0021710						g7396.t1
OG0021711						g7409.t1
OG0021712						g7416.t1
OG0021713						g7417.t1
OG0021714						g7427.t1
OG0021715						g7428.t1
OG0021716						g7458.t1
OG0021717						g7535.t1
OG0021718						g7536.t1
OG0021719						g7583.t1
OG0021720						g7610.t1
OG0021721						g7616.t1
OG0021722						g7639.t1
OG0021723						g7652.t1
OG0021724						g7662.t1
OG0021725						g7685.t1
OG0021726						g7688.t1
OG0021727						g7690.t1
OG0021728						g7692.t1
OG0021729						g7742.t1
OG0021730						g7761.t1
OG0021731						g7768.t1
OG0021732						g7800.t1
OG0021733						g7859.t1
OG0021734						g7883.t1
OG0021735						g7888.t1
OG0021736						g7889.t1
OG0021737						g7894.t1
OG0021738						g7907.t1
OG0021739						g7949.t1
OG0021740						g7991.t1
OG0021741						g7993.t1
OG0021742						g8006.t1
OG0021743						g8020.t1
OG0021744						g8022.t1
OG0021745						g8032.t1
OG0021746						g8064.t1
OG0021747						g8106.t1
OG0021748						g8113.t1
OG0021749						g8136.t1
OG0021750						g8145.t1
OG0021751						g8255.t1
OG0021752						g8276.t1
OG0021753						g8316.t1
OG0021754						g8339.t1
OG0021755						g8439.t1
OG0021756						g8441.t1
OG0021757						g8482.t1
OG0021758						g8485.t1
OG0021759						g8487.t1
OG0021760						g8523.t1
OG0021761						g8528.t1
OG0021762						g8608.t1
OG0021763						g8620.t1
OG0021764						g8636.t1
OG0021765						g8696.t1
OG0021766						g8697.t1
OG0021767						g8737.t1
OG0021768						g8756.t1
OG0021769						g8786.t1
OG0021770						g8802.t1
OG0021771						g8834.t1
OG0021772						g8838.t1
OG0021773						g8889.t1
OG0021774						g8916.t1
OG0021775						g8918.t1
OG0021776						g8996.t1
OG0021777						g9063.t1
OG0021778						g9065.t1
OG0021779						g9076.t1
OG0021780						g9077.t1
OG0021781						g9083.t1
OG0021782						g9104.t1
OG0021783						g9125.t1
OG0021784						g9154.t1
OG0021785						g9178.t1
OG0021786						g9180.t1
OG0021787						g9203.t1
OG0021788						g9227.t1
OG0021789						g9256.t1
OG0021790						g9272.t1
OG0021791						g9307.t1
OG0021792						g9325.t1
OG0021793						g9354.t1
OG0021794						g9371.t1
OG0021795						g9384.t1
OG0021796						g9416.t1
OG0021797						g9436.t1
OG0021798						g9444.t1
OG0021799						g9453.t1
OG0021800						g9494.t1
OG0021801						g9538.t1
OG0021802						g9544.t1
OG0021803						g9557.t1
OG0021804						g9611.t1
OG0021805						g9634.t1
OG0021806						g9641.t1
OG0021807						g9655.t1
OG0021808						g9795.t1
OG0021809						g4970.t1
OG0021810						g4972.t1
OG0021811						g4991.t1
OG0021812						g5018.t1
OG0021813						g5031.t1
OG0021814						g5034.t1
OG0021815						g5050.t1
OG0021816						g5066.t1
OG0021817						g5072.t1
OG0021818						g5078.t1
OG0021819						g5081.t1
OG0021820						g5091.t1
OG0021821						g5095.t1
OG0021822						g5124.t2
OG0021823						g5137.t1
OG0021824						g5175.t1
OG0021825						g5179.t1
OG0021826						g5184.t1
OG0021827						g5260.t1
OG0021828						g5274.t1
OG0021829						g5297.t1
OG0021830						g5337.t1
OG0021831						g5339.t1
OG0021832						g5445.t1
OG0021833						g5461.t1
OG0021834						g5593.t1
OG0021835						g5626.t1
OG0021836						g5749.t1
OG0021837						g5755.t1
OG0021838						g5811.t1
OG0021839						g5812.t1
OG0021840						g5865.t1
OG0021841						g5877.t1
OG0021842						g5885.t1
OG0021843						g5927.t1
OG0021844						g5934.t1
OG0021845						g5935.t1
OG0021846						g5956.t1
OG0021847						g5997.t1
OG0021848						g6010.t1
OG0021849						g6013.t1
OG0021850						g6020.t1
OG0021851						g6025.t1
OG0021852						g6038.t1
OG0021853						g6047.t1
OG0021854						g6072.t1
OG0021855						g6100.t1
OG0021856						g6130.t1
OG0021857						g6154.t1
OG0021858						g6172.t1
OG0021859						g6174.t1
OG0021860						g6204.t1
OG0021861						g6213.t1
OG0021862						g6243.t1
OG0021863						g6293.t1
OG0021864						g6326.t1
OG0021865						g6362.t1
OG0021866						g6399.t1
OG0021867						g6404.t1
OG0021868						g6432.t1
OG0021869						g6464.t1
OG0021870						g6465.t1
OG0021871						g6467.t1
OG0021872						g6577.t1
OG0021873						g6581.t1
OG0021874						g6588.t1
OG0021875						g6612.t1
OG0021876						g6701.t1
OG0021877						g6709.t1
OG0021878						g6756.t1
OG0021879						g6762.t1
OG0021880						g6770.t1
OG0021881						g6788.t1
OG0021882						g6794.t1
OG0021883						g6855.t1
OG0021884						g6870.t1
OG0021885						g6888.t1
OG0021886						g6889.t1
OG0021887						g7008.t1
OG0021888						g7017.t1
OG0021889						g7052.t1
OG0021890						g7066.t1
OG0021891						g7084.t1
OG0021892						g7110.t1
OG0021893						g7134.t1
OG0021894						g7213.t1
OG0021895						g7227.t1
OG0021896						g7277.t1
OG0021897						g7288.t1
OG0021898						g7293.t2
OG0021899						g7306.t1
OG0021900						g7314.t1
OG0021901						g12572.t1
OG0021902						g12583.t1
OG0021903						g12616.t1
OG0021904						g12684.t1
OG0021905						g12685.t1
OG0021906						g12689.t1
OG0021907						g12712.t1
OG0021908						g12719.t1
OG0021909						g12732.t1
OG0021910						g12808.t1
OG0021911						g12856.t1
OG0021912						g12866.t1
OG0021913						g12876.t1
OG0021914						g12945.t1
OG0021915						g13004.t1
OG0021916						g13056.t1
OG0021917						g13085.t1
OG0021918						g13163.t1
OG0021919						g13164.t1
OG0021920						g13173.t1
OG0021921						g13194.t1
OG0021922						g13286.t1
OG0021923						g13338.t1
OG0021924						g13362.t1
OG0021925						g13475.t1
OG0021926						g13478.t1
OG0021927						g13485.t1
OG0021928						g13493.t1
OG0021929						g13643.t1
OG0021930						g13787.t1
OG0021931						g13792.t1
OG0021932						g13800.t1
OG0021933						g13895.t1
OG0021934						g13896.t1
OG0021935						g13956.t1
OG0021936						g13965.t1
OG0021937						g14053.t1
OG0021938						g14155.t1
OG0021939						g14156.t1
OG0021940						g14195.t1
OG0021941						g14202.t1
OG0021942						g14228.t1
OG0021943						g14282.t1
OG0021944						g14316.t1
OG0021945						g14347.t1
OG0021946						g14357.t1
OG0021947						g14369.t1
OG0021948						g14386.t1
OG0021949						g14394.t1
OG0021950						g14428.t1
OG0021951						g14460.t1
OG0021952						g14481.t1
OG0021953						g14497.t1
OG0021954						g14532.t1
OG0021955						g14538.t1
OG0021956						g14539.t1
OG0021957						g14554.t1
OG0021958						g14626.t1
OG0021959						g14627.t1
OG0021960						g14675.t1
OG0021961						g14691.t1
OG0021962						g14718.t1
OG0021963						g14722.t1
OG0021964						g14755.t1
OG0021965						g14760.t1
OG0021966						g14783.t1
OG0021967						g14793.t1
OG0021968						g14837.t1
OG0021969						g14867.t1
OG0021970						g14876.t1
OG0021971						g14897.t1
OG0021972						g14938.t1
OG0021973						g14948.t1
OG0021974						g14969.t1
OG0021975						g14981.t1
OG0021976						g14987.t1
OG0021977						g15010.t1
OG0021978						g15055.t1
OG0021979						g15068.t1
OG0021980						g15083.t1
OG0021981						g15110.t1
OG0021982						g15156.t1
OG0021983						g15159.t1
OG0021984						g15161.t1
OG0021985						g15162.t1
OG0021986						g15202.t1
OG0021987						g15232.t1
OG0021988						g15241.t1
OG0021989						g15245.t1
OG0021990						g15248.t1
OG0021991						g15285.t1
OG0021992						g15293.t1
OG0021993						g15297.t1
OG0021994						g15318.t1
OG0021995						g15351.t1
OG0021996						g15382.t1
OG0021997						g15403.t1
OG0021998						g15415.t1
OG0021999						g15416.t1
OG0022000						g15440.t1
OG0022001						g15454.t1
OG0022002						g15538.t1
OG0022003						g9804.t1
OG0022004						g9814.t1
OG0022005						g9833.t1
OG0022006						g9835.t1
OG0022007						g9847.t1
OG0022008						g9878.t1
OG0022009						g9879.t1
OG0022010						g9885.t1
OG0022011						g9932.t1
OG0022012						g9942.t1
OG0022013						g9961.t1
OG0022014						g9993.t1
OG0022015						g10013.t1
OG0022016						g10015.t1
OG0022017						g10019.t1
OG0022018						g10029.t1
OG0022019						g10034.t1
OG0022020						g10044.t1
OG0022021						g10083.t1
OG0022022						g10087.t1
OG0022023						g10091.t1
OG0022024						g10106.t1
OG0022025						g10137.t1
OG0022026						g10144.t1
OG0022027						g10179.t1
OG0022028						g10193.t1
OG0022029						g10210.t1
OG0022030						g10228.t1
OG0022031						g10232.t1
OG0022032						g10288.t1
OG0022033						g10293.t1
OG0022034						g10359.t1
OG0022035						g10391.t1
OG0022036						g10402.t1
OG0022037						g10482.t1
OG0022038						g10483.t1
OG0022039						g10489.t1
OG0022040						g10563.t1
OG0022041						g10587.t1
OG0022042						g10609.t1
OG0022043						g10610.t1
OG0022044						g10655.t1
OG0022045						g10713.t1
OG0022046						g10718.t1
OG0022047						g10828.t1
OG0022048						g10839.t1
OG0022049						g10875.t1
OG0022050						g11021.t1
OG0022051						g11022.t1
OG0022052						g11035.t1
OG0022053						g11080.t1
OG0022054						g11096.t1
OG0022055						g11111.t1
OG0022056						g11120.t1
OG0022057						g11139.t1
OG0022058						g11177.t1
OG0022059						g11207.t1
OG0022060						g11217.t1
OG0022061						g11223.t1
OG0022062						g11234.t1
OG0022063						g11282.t1
OG0022064						g11283.t1
OG0022065						g11286.t1
OG0022066						g11476.t1
OG0022067						g11499.t1
OG0022068						g11511.t1
OG0022069						g11633.t1
OG0022070						g11674.t1
OG0022071						g11713.t1
OG0022072						g11716.t1
OG0022073						g11720.t1
OG0022074						g11765.t1
OG0022075						g11829.t1
OG0022076						g11858.t1
OG0022077						g11866.t1
OG0022078						g11923.t1
OG0022079						g11939.t1
OG0022080						g11950.t1
OG0022081						g11954.t1
OG0022082						g11959.t1
OG0022083						g11966.t1
OG0022084						g11971.t1
OG0022085						g12016.t1
OG0022086						g12038.t1
OG0022087						g12047.t1
OG0022088						g12052.t1
OG0022089						g12186.t1
OG0022090						g12197.t1
OG0022091						g12213.t1
OG0022092						g12305.t1
OG0022093						g12327.t1
OG0022094						g12418.t1
OG0022095						g12458.t1
OG0022096						g12496.t1
OG0022097						g12513.t1
OG0022098						g2561.t1
OG0022099						g2589.t1
OG0022100						g2598.t1
OG0022101						g2647.t1
OG0022102						g2648.t1
OG0022103						g2684.t1
OG0022104						g2721.t1
OG0022105						g2865.t1
OG0022106						g2889.t1
OG0022107						g2893.t1
OG0022108						g2910.t1
OG0022109						g2954.t1
OG0022110						g3021.t1
OG0022111						g3123.t1
OG0022112						g3137.t1
OG0022113						g3163.t1
OG0022114						g3170.t1
OG0022115						g3211.t1
OG0022116						g3223.t1
OG0022117						g3236.t1
OG0022118						g3240.t1
OG0022119						g3256.t1
OG0022120						g3304.t1
OG0022121						g3334.t1
OG0022122						g3339.t1
OG0022123						g3344.t1
OG0022124						g3389.t1
OG0022125						g3453.t1
OG0022126						g3455.t1
OG0022127						g3502.t1
OG0022128						g3510.t1
OG0022129						g3570.t1
OG0022130						g3587.t1
OG0022131						g3588.t1
OG0022132						g3592.t1
OG0022133						g3709.t1
OG0022134						g3722.t1
OG0022135						g3725.t1
OG0022136						g3739.t1
OG0022137						g3776.t1
OG0022138						g3778.t1
OG0022139						g3784.t1
OG0022140						g3797.t1
OG0022141						g3799.t1
OG0022142						g3802.t1
OG0022143						g3928.t1
OG0022144						g3932.t1
OG0022145						g3978.t1
OG0022146						g4014.t1
OG0022147						g4046.t1
OG0022148						g4133.t1
OG0022149						g4145.t1
OG0022150						g4157.t1
OG0022151						g4236.t1
OG0022152						g4278.t1
OG0022153						g4279.t1
OG0022154						g4293.t1
OG0022155						g4348.t1
OG0022156						g4378.t1
OG0022157						g4397.t1
OG0022158						g4400.t1
OG0022159						g4427.t1
OG0022160						g4455.t1
OG0022161						g4467.t1
OG0022162						g4479.t1
OG0022163						g4510.t1
OG0022164						g4538.t1
OG0022165						g4539.t1
OG0022166						g4600.t1
OG0022167						g4602.t1
OG0022168						g4603.t1
OG0022169						g4618.t1
OG0022170						g4742.t1
OG0022171						g4748.t1
OG0022172						g4791.t1
OG0022173						g4800.t1
OG0022174						g4823.t1
OG0022175						g4825.t1
OG0022176						g4832.t1
OG0022177						g4902.t1
OG0022178						g4903.t1
