motif_id	motif_alt_id	sequence_name	start	stop	strand	score	p-value	q-value	matched_sequence
TTTRGGYTBVGGCYKAGCCMAARCCHAAA	MEME-1	II	25166	25194	+	39.3761	6.66e-14	1.7e-06	TTTTGGTTTCGGCTTAGCCCAAGCCGAAA
TTTRGGYTBVGGCYKAGCCMAARCCHAAA	MEME-1	I	27170	27198	+	39.2844	7.4e-14	1.7e-06	TTTTGGCTGCGGCCGAGCCCAAACCTAAA
TTTRGGYTBVGGCYKAGCCMAARCCHAAA	MEME-1	V	25753	25781	+	37.1927	5.97e-13	5.94e-06	GTTGGGCTTCGGCCGAGCCCAAACCTCAA
TTTRGGYTBVGGCYKAGCCMAARCCHAAA	MEME-1	I	8860868	8860896	+	37.1651	6.13e-13	5.94e-06	TTGGGGTTTGGGCCCGGCCAAAGCCCAAA
TTTRGGYTBVGGCYKAGCCMAARCCHAAA	MEME-1	III	9596311	9596339	+	37.0367	6.87e-13	5.94e-06	TTGAGGCTTGGGCTTAGGCCAAAGCCCAA
TTTRGGYTBVGGCYKAGCCMAARCCHAAA	MEME-1	IV	11179831	11179859	+	36.8991	7.76e-13	5.94e-06	ATTGGGTGCGGGCCTAGCCAAAGCCCAAA
TTTRGGYTBVGGCYKAGCCMAARCCHAAA	MEME-1	III	16284	16312	+	34.9541	3.71e-12	2.44e-05	ATTAGGCTGCGGCTCAGCCAATACCACAA
TTTRGGYTBVGGCYKAGCCMAARCCHAAA	MEME-1	V	10783438	10783466	+	34.3578	5.73e-12	3.29e-05	TTTAGGTTTGGGCTTAGGCCGTAGCCAAA
TTTRGGYTBVGGCYKAGCCMAARCCHAAA	MEME-1	V	30654	30682	-	34.0917	6.91e-12	3.53e-05	TTGAGGTTTGGGCTTAGGCCGAAGCCCAA
TTTRGGYTBVGGCYKAGCCMAARCCHAAA	MEME-1	IV	39768	39796	+	33.2661	1.21e-11	5.55e-05	TTTAGGTATAGGCTTAGCCCAACCCTTAT
TTTRGGYTBVGGCYKAGCCMAARCCHAAA	MEME-1	II	8999748	8999776	+	33.0459	1.39e-11	5.82e-05	GTTAGGCCGAGGCCGAGCCCAAACCAAAT
TTTRGGYTBVGGCYKAGCCMAARCCHAAA	MEME-1	II	9006178	9006206	+	32.7615	1.67e-11	6.39e-05	GTTAGGCAGAGGCCGAGCCCAAACCTAAT
TTTRGGYTBVGGCYKAGCCMAARCCHAAA	MEME-1	V	21224	21252	-	32.2661	2.27e-11	6.97e-05	ATTGGGTTTCGGCTAAGCCCAGACCATAA
TTTRGGYTBVGGCYKAGCCMAARCCHAAA	MEME-1	V	26115	26143	-	32.2661	2.27e-11	6.97e-05	ATTGGGTTTCGGCTAAGCCCAGACCATAA
TTTRGGYTBVGGCYKAGCCMAARCCHAAA	MEME-1	IV	26242	26270	-	32.2661	2.27e-11	6.97e-05	ATTGGGTTTCGGCTAAGCCCAGACCATAA
TTTRGGYTBVGGCYKAGCCMAARCCHAAA	MEME-1	X	11175672	11175700	+	30.7523	5.51e-11	0.000158	CTTAGGTTCAGGCTGAGCCAAATCCAAGT
TTTRGGYTBVGGCYKAGCCMAARCCHAAA	MEME-1	I	20959	20987	+	30.2477	7.29e-11	0.000197	TTTGGGCTCCGGCTTGGCCTAAGCCACAA
TTTRGGYTBVGGCYKAGCCMAARCCHAAA	MEME-1	I	8315113	8315141	-	29.3303	1.19e-10	0.000304	GTTGGGTTTCGGCCCGGCCCAAAGCACGA
TTTRGGYTBVGGCYKAGCCMAARCCHAAA	MEME-1	I	15117	15145	-	29.0826	1.36e-10	0.000317	TTTAGGCTGTGGCCTAGCCAAAGCCCTAT
TTTRGGYTBVGGCYKAGCCMAARCCHAAA	MEME-1	X	51829	51857	+	29.0459	1.38e-10	0.000317	TTTGGGCTCCGGCTTGGCTAAGCCACAAA
TTTRGGYTBVGGCYKAGCCMAARCCHAAA	MEME-1	IV	33024	33052	-	28.8349	1.54e-10	0.000337	GTTAGGCTAAGGCCGAGCCCAAACCTAAT
TTTRGGYTBVGGCYKAGCCMAARCCHAAA	MEME-1	X	25108	25136	-	26.9266	3.98e-10	0.000704	TTTAGGCTGTGGCCTAGCCAATGCCCTAT
TTTRGGYTBVGGCYKAGCCMAARCCHAAA	MEME-1	X	46683	46711	-	26.9266	3.98e-10	0.000704	TTTAGGCTGTGGCCTAGCCAATGCCCTAT
TTTRGGYTBVGGCYKAGCCMAARCCHAAA	MEME-1	III	9617942	9617970	+	26.9266	3.98e-10	0.000704	TTTAGGCTGTGGCCTAGCCAATGCCCTAT
TTTRGGYTBVGGCYKAGCCMAARCCHAAA	MEME-1	V	10790410	10790438	+	26.9266	3.98e-10	0.000704	TTTAGGCTGTGGCCTAGCCAATGCCCTAT
TTTRGGYTBVGGCYKAGCCMAARCCHAAA	MEME-1	X	11282332	11282360	+	26.9266	3.98e-10	0.000704	TTTAGGCTGTGGCCTAGCCAATGCCCTAT
TTTRGGYTBVGGCYKAGCCMAARCCHAAA	MEME-1	I	27164	27192	-	20.2385	7.64e-09	0.013	TTTGGGCTCGGCCGCAGCCAAAATCAAAA
TTTRGGYTBVGGCYKAGCCMAARCCHAAA	MEME-1	IV	10442893	10442921	-	19.0275	1.24e-08	0.0203	TTTTGGTTGACCCTGAGCTCGAACCTCAA
TTTRGGYTBVGGCYKAGCCMAARCCHAAA	MEME-1	IV	8542209	8542237	-	16.1101	3.73e-08	0.0588	CTTAGGCTTAGGCTCAGCCCATTTAAAGT
TTTRGGYTBVGGCYKAGCCMAARCCHAAA	MEME-1	IV	355442	355470	-	16.0275	3.84e-08	0.0588	CTGGGCTTCCGGCTCTGTCCAAACCCAAT
TTTRGGYTBVGGCYKAGCCMAARCCHAAA	MEME-1	III	5405029	5405057	+	15.8349	4.12e-08	0.0611	TATTGCCTTCGGCATAGGCAATGCCCAAA
TTTRGGYTBVGGCYKAGCCMAARCCHAAA	MEME-1	IV	9094830	9094858	-	15.2661	5.07e-08	0.0728	CTGGGGCTGGGGCGTAGGCCGGAGCGTAA
TTTRGGYTBVGGCYKAGCCMAARCCHAAA	MEME-1	I	2762151	2762179	+	15.0642	5.45e-08	0.0759	GTTGGGCGGCGTCCTGGGCCGATCCCCAT
TTTRGGYTBVGGCYKAGCCMAARCCHAAA	MEME-1	II	1611571	1611599	-	14.5963	6.44e-08	0.0871	CTGTCGTGGCGGCTGAGCTCGGACCTAAA
TTTRGGYTBVGGCYKAGCCMAARCCHAAA	MEME-1	II	25172	25200	-	14.2477	7.29e-08	0.0957	TTGGACTTTCGGCTTGGGCTAAGCCGAAA
TTTRGGYTBVGGCYKAGCCMAARCCHAAA	MEME-1	III	4546849	4546877	+	14.1284	7.61e-08	0.0971	ATGAGCTTCAGGGTCAGCTCAAAGAGAAA
TTTRGGYTBVGGCYKAGCCMAARCCHAAA	MEME-1	I	8860867	8860895	-	13.7706	8.63e-08	0.107	TTGGGCTTTGGCCGGGCCCAAACCCCAAA
TTTRGGYTBVGGCYKAGCCMAARCCHAAA	MEME-1	V	3297307	3297335	+	13.367	9.93e-08	0.12	TTTGGGTCGGGGCTCAGGTAATTCGATAT
TTTRGGYTBVGGCYKAGCCMAARCCHAAA	MEME-1	X	4737742	4737770	+	13.1927	1.06e-07	0.124	CTGTGGCTGAGGCCTGGATCATGGCGCAA
TTTRGGYTBVGGCYKAGCCMAARCCHAAA	MEME-1	IV	2860927	2860955	+	12.7706	1.22e-07	0.14	TTTGGACTTCGGCTGAGACAGAAGAGAAA
TTTRGGYTBVGGCYKAGCCMAARCCHAAA	MEME-1	X	51349	51377	-	12.0275	1.57e-07	0.173	CTTAGGCTTAGGCTTAGGCCATTACAAGC
TTTRGGYTBVGGCYKAGCCMAARCCHAAA	MEME-1	X	10767818	10767846	-	12.0183	1.58e-07	0.173	TTTTGCTGCCGTTCCAGGCCAAGCCAAAA
TTTRGGYTBVGGCYKAGCCMAARCCHAAA	MEME-1	V	8335318	8335346	-	11.8899	1.65e-07	0.176	TTTAAGCTTAGGCTTAGGTCTTAGCCTAA
TTTRGGYTBVGGCYKAGCCMAARCCHAAA	MEME-1	II	8433037	8433065	+	11.6881	1.76e-07	0.184	TCGGGCTCGGGGTCCAGCCCAAGCACAAA
TTTRGGYTBVGGCYKAGCCMAARCCHAAA	MEME-1	V	2781931	2781959	+	11.4037	1.94e-07	0.189	CTGGAGCTTCGGTCGAGCCAAAGGATAAA
TTTRGGYTBVGGCYKAGCCMAARCCHAAA	MEME-1	V	2782228	2782256	+	11.4037	1.94e-07	0.189	CTGGAGCTTCGGTCGAGCCAAAGGATAAA
TTTRGGYTBVGGCYKAGCCMAARCCHAAA	MEME-1	III	3817552	3817580	+	11.3761	1.96e-07	0.189	TTTAGGCTGCGGCGGGCCCAAGAGAGAAA
TTTRGGYTBVGGCYKAGCCMAARCCHAAA	MEME-1	III	1623000	1623028	-	11.3486	1.98e-07	0.189	ATTAGGCCTCGGGCGGGCTCAAACCCGGA
TTTRGGYTBVGGCYKAGCCMAARCCHAAA	MEME-1	V	25747	25775	-	11.2018	2.08e-07	0.195	TTTGGGCTCGGCCGAAGCCCAACTACTAT
TTTRGGYTBVGGCYKAGCCMAARCCHAAA	MEME-1	I	3833392	3833420	-	11.0092	2.21e-07	0.201	TTGAGGTTCGAGCCGGTCCAAATGATAAA
TTTRGGYTBVGGCYKAGCCMAARCCHAAA	MEME-1	V	7107937	7107965	+	10.9633	2.25e-07	0.201	GTGAGGATTCGACTTGGCCAAGTCCGAAT
TTTRGGYTBVGGCYKAGCCMAARCCHAAA	MEME-1	III	2776897	2776925	-	10.9266	2.27e-07	0.201	TTTGGCTTTCCGCTGGGCCAGGACAGAGT
TTTRGGYTBVGGCYKAGCCMAARCCHAAA	MEME-1	X	11005596	11005624	-	10.8165	2.36e-07	0.204	GTGTAGCCTCGGCCCGGCCAAAGCGAAAA
TTTRGGYTBVGGCYKAGCCMAARCCHAAA	MEME-1	V	9857402	9857430	-	10.4495	2.66e-07	0.226	CTTTCCTTTCGGCCCGGCCCGGTCCAAGA
TTTRGGYTBVGGCYKAGCCMAARCCHAAA	MEME-1	III	6234269	6234297	-	10.2936	2.8e-07	0.228	TTTTGGCTGGGGTTTAGGTAGACGAGAGA
TTTRGGYTBVGGCYKAGCCMAARCCHAAA	MEME-1	II	2536355	2536383	+	10.2752	2.82e-07	0.228	GTTTCCTTTCGGCCCAGCTAAATCATAGA
TTTRGGYTBVGGCYKAGCCMAARCCHAAA	MEME-1	I	3119279	3119307	+	10.2294	2.86e-07	0.228	CTGTGGTGGAGGCTTCGCCCGAAAACAAA
TTTRGGYTBVGGCYKAGCCMAARCCHAAA	MEME-1	IV	8542215	8542243	-	10.1835	2.9e-07	0.228	CTTAGGCTTAGGCTTAGGCTCAGCCCATT
TTTRGGYTBVGGCYKAGCCMAARCCHAAA	MEME-1	I	1535362	1535390	-	10.1284	2.96e-07	0.228	ACGAGGCCTCGGCTTGGGCCAAAGACAAG
TTTRGGYTBVGGCYKAGCCMAARCCHAAA	MEME-1	V	9185485	9185513	-	10.1009	2.98e-07	0.228	TTGCGCCATCGGCTCAGCCAAAGGGATAA
TTTRGGYTBVGGCYKAGCCMAARCCHAAA	MEME-1	V	1539935	1539963	-	10	3.08e-07	0.229	TAGAGGTTGAGGCCTTGCTAAAGGAGAAA
TTTRGGYTBVGGCYKAGCCMAARCCHAAA	MEME-1	II	6356969	6356997	-	9.94495	3.14e-07	0.229	AATAAGTTCAGGCTAAGGCCAAGCAAAGA
TTTRGGYTBVGGCYKAGCCMAARCCHAAA	MEME-1	V	10520863	10520891	-	9.94495	3.14e-07	0.229	TTTTGGCTGCGCACCAACCAAATGCAAAT
TTTRGGYTBVGGCYKAGCCMAARCCHAAA	MEME-1	V	7264988	7265016	+	9.80734	3.28e-07	0.235	TTTACGCACCCGCCAAGGCAAAACAAAAT
TTTRGGYTBVGGCYKAGCCMAARCCHAAA	MEME-1	X	9121604	9121632	+	9.76147	3.33e-07	0.235	TTTATGCACAGGCTCATCCAAAACTTAAA
TTTRGGYTBVGGCYKAGCCMAARCCHAAA	MEME-1	II	6732343	6732371	-	9.72477	3.37e-07	0.235	AATGGGTCCAGTCTTGGCCAAAGCCTTGA
TTTRGGYTBVGGCYKAGCCMAARCCHAAA	MEME-1	II	4562622	4562650	-	9.55963	3.55e-07	0.24	GTGAGGAACAGGCTGAGCCCGACGGTCAA
TTTRGGYTBVGGCYKAGCCMAARCCHAAA	MEME-1	V	10783445	10783473	+	9.53211	3.58e-07	0.24	TTGGGCTTAGGCCGTAGCCAAAATCAAAA
TTTRGGYTBVGGCYKAGCCMAARCCHAAA	MEME-1	V	248808	248836	+	9.3945	3.75e-07	0.24	TTGAGGCACGGGCACGCCCAAGCCAAAAA
TTTRGGYTBVGGCYKAGCCMAARCCHAAA	MEME-1	X	17230	17258	-	9.38532	3.76e-07	0.24	CTTGGGCGTCGGTCGGGTCAAAGGCGCAA
TTTRGGYTBVGGCYKAGCCMAARCCHAAA	MEME-1	X	38806	38834	-	9.38532	3.76e-07	0.24	CTTGGGCGTCGGTCGGGTCAAAGGCGCAA
TTTRGGYTBVGGCYKAGCCMAARCCHAAA	MEME-1	V	3610512	3610540	-	9.36697	3.78e-07	0.24	TTTTGGTTTCTGCCAAGCCAGCACCGTGA
TTTRGGYTBVGGCYKAGCCMAARCCHAAA	MEME-1	II	1710456	1710484	+	9.33945	3.81e-07	0.24	CTGTGCTACAGCCCTGGTCAATGCCCAGA
TTTRGGYTBVGGCYKAGCCMAARCCHAAA	MEME-1	V	3197605	3197633	+	9.16514	4.03e-07	0.243	ATGAGCCTTGGGCAGGGGCATATCCCTAA
TTTRGGYTBVGGCYKAGCCMAARCCHAAA	MEME-1	III	9168974	9169002	-	9.16514	4.03e-07	0.243	GTGTGCCCCCCGTTGAGCCCAAAGCCAAT
TTTRGGYTBVGGCYKAGCCMAARCCHAAA	MEME-1	IV	7735521	7735549	+	9.12844	4.08e-07	0.243	TTTTGGTCTCGGGCATGGCAGAAGCAAAA
TTTRGGYTBVGGCYKAGCCMAARCCHAAA	MEME-1	I	8560408	8560436	+	9.05505	4.18e-07	0.243	TTTAGGTTGCCGTCTGGCTCGGAGCCAAT
TTTRGGYTBVGGCYKAGCCMAARCCHAAA	MEME-1	X	2258993	2259021	+	9.0367	4.2e-07	0.243	TTTGGGGTTGGGCTTGGGGAGTCGCATAA
TTTRGGYTBVGGCYKAGCCMAARCCHAAA	MEME-1	X	7741322	7741350	-	9.02752	4.21e-07	0.243	CTGTTTTTGCGGCTCAGCCAAATCAAAAT
TTTRGGYTBVGGCYKAGCCMAARCCHAAA	MEME-1	V	9431267	9431295	+	9.01835	4.23e-07	0.243	TTTGGCCACGAGCTGGGCCCAGGTCATAA
TTTRGGYTBVGGCYKAGCCMAARCCHAAA	MEME-1	III	5841035	5841063	-	8.77982	4.56e-07	0.257	ATCGGGCTGAGACGGAGGCCAAGGCCAAA
TTTRGGYTBVGGCYKAGCCMAARCCHAAA	MEME-1	IV	8298250	8298278	+	8.76147	4.59e-07	0.257	TTTAGGCGTCAGCTTAGGCATATTCCAAA
TTTRGGYTBVGGCYKAGCCMAARCCHAAA	MEME-1	II	8055583	8055611	-	8.7156	4.65e-07	0.258	GTGAGCTGGCCGCCAAGGCCAAGGACAGA
TTTRGGYTBVGGCYKAGCCMAARCCHAAA	MEME-1	III	370060	370088	+	8.54128	4.92e-07	0.269	ATTGGGCGGCGGCCTAGCAGAAAGCAAAG
TTTRGGYTBVGGCYKAGCCMAARCCHAAA	MEME-1	X	11288529	11288557	+	8.44037	5.08e-07	0.272	TTTAGGCTTAGGCTTAGGCTTAGGCTTAG
TTTRGGYTBVGGCYKAGCCMAARCCHAAA	MEME-1	I	6472556	6472584	-	8.33945	5.24e-07	0.272	CTTGTGTGTGGGCTGAGAGCAAACCTAAT
TTTRGGYTBVGGCYKAGCCMAARCCHAAA	MEME-1	I	241244	241272	-	8.3211	5.27e-07	0.272	CTGCGGCTCGGGCTAAGGCAGGCGCATGT
TTTRGGYTBVGGCYKAGCCMAARCCHAAA	MEME-1	V	8956711	8956739	+	8.24771	5.39e-07	0.272	CTTAGCCGTAACCTTAGCCCCATCCTCAA
TTTRGGYTBVGGCYKAGCCMAARCCHAAA	MEME-1	V	1521474	1521502	-	8.19266	5.49e-07	0.272	ATTGGCCACCTGCTTAGCCTGAAGCGAAT
TTTRGGYTBVGGCYKAGCCMAARCCHAAA	MEME-1	V	8768951	8768979	-	8.19266	5.49e-07	0.272	TTTGGGTCCGAGTCTGGCCCGTGGACAAA
TTTRGGYTBVGGCYKAGCCMAARCCHAAA	MEME-1	II	109389	109417	+	8.17431	5.52e-07	0.272	ATGGGGCACTGGCCGGGACAGAGGCACAA
TTTRGGYTBVGGCYKAGCCMAARCCHAAA	MEME-1	I	8202149	8202177	-	8.17431	5.52e-07	0.272	TTAAGGTATGGGTTTGGCCCAAAAAAAAA
TTTRGGYTBVGGCYKAGCCMAARCCHAAA	MEME-1	II	1449156	1449184	+	8.04587	5.74e-07	0.272	TTTGGGAGCCGGCAGGGGCCGTGGCCAGA
TTTRGGYTBVGGCYKAGCCMAARCCHAAA	MEME-1	X	7939228	7939256	-	8.01835	5.79e-07	0.272	TTTAGACTTCGCCCAATGTCATGCCTCAA
TTTRGGYTBVGGCYKAGCCMAARCCHAAA	MEME-1	V	4446826	4446854	-	7.97248	5.88e-07	0.272	ATTGGCTACAGGACGGGGTCGAGCCTTAA
TTTRGGYTBVGGCYKAGCCMAARCCHAAA	MEME-1	II	4461066	4461094	-	7.9633	5.9e-07	0.272	TCGAAGTCTAGGCCTGGACAAAACCAAAA
TTTRGGYTBVGGCYKAGCCMAARCCHAAA	MEME-1	IV	10014921	10014949	+	7.82569	6.15e-07	0.272	TTTTGGGTTGGTCCTACCCCAAAGAACAA
TTTRGGYTBVGGCYKAGCCMAARCCHAAA	MEME-1	V	1167893	1167921	+	7.76147	6.28e-07	0.272	TTTGGGGTTGGGCTTGGGGAGTCGCGTAA
TTTRGGYTBVGGCYKAGCCMAARCCHAAA	MEME-1	X	1413809	1413837	-	7.76147	6.28e-07	0.272	TTTGGGGTTGGGCTTGGGGAGTCGCGTAA
TTTRGGYTBVGGCYKAGCCMAARCCHAAA	MEME-1	V	1732066	1732094	-	7.76147	6.28e-07	0.272	TTTGGGGTTGGGCTTGGGGAGTCGCGTAA
TTTRGGYTBVGGCYKAGCCMAARCCHAAA	MEME-1	IV	1812725	1812753	-	7.76147	6.28e-07	0.272	TTTGGGGTTGGGCTTGGGGAGTCGCGTAA
TTTRGGYTBVGGCYKAGCCMAARCCHAAA	MEME-1	II	2113670	2113698	+	7.76147	6.28e-07	0.272	TTTGGGGTTGGGCTTGGGGAGTCGCGTAA
TTTRGGYTBVGGCYKAGCCMAARCCHAAA	MEME-1	IV	6212918	6212946	-	7.76147	6.28e-07	0.272	TTTGGGGTTGGGCTTGGGGAGTCGCGTAA
TTTRGGYTBVGGCYKAGCCMAARCCHAAA	MEME-1	I	7949659	7949687	-	7.76147	6.28e-07	0.272	TTTGGGGTTGGGCTTGGGGAGTCGCGTAA
TTTRGGYTBVGGCYKAGCCMAARCCHAAA	MEME-1	II	8528330	8528358	+	7.72477	6.35e-07	0.272	ATGTGGTGCCTGCCTAGCTATTACCGCAA
TTTRGGYTBVGGCYKAGCCMAARCCHAAA	MEME-1	IV	33030	33058	+	7.7156	6.37e-07	0.272	TTTGGGCTCGGCCTTAGCCTAACTCTTCT
TTTRGGYTBVGGCYKAGCCMAARCCHAAA	MEME-1	X	3248415	3248443	+	7.70642	6.39e-07	0.272	GGTAGCTTCCGGCCGCGGCCAAGCCCAAG
TTTRGGYTBVGGCYKAGCCMAARCCHAAA	MEME-1	X	11277093	11277121	-	7.69725	6.41e-07	0.272	ATGTGCCTAAGCCTAAGCCTAAAGCCTAA
TTTRGGYTBVGGCYKAGCCMAARCCHAAA	MEME-1	I	3392137	3392165	-	7.6789	6.44e-07	0.272	GTTGGCTTTGGGCCAAGCCTAATCAATAG
TTTRGGYTBVGGCYKAGCCMAARCCHAAA	MEME-1	V	10752938	10752966	+	7.61468	6.57e-07	0.274	CTGGGACATGGGCTCCGCCCGAAGACCAA
TTTRGGYTBVGGCYKAGCCMAARCCHAAA	MEME-1	IV	8542221	8542249	-	7.59633	6.61e-07	0.274	GTTAGGCTTAGGCTTAGGCTTAGGCTCAG
TTTRGGYTBVGGCYKAGCCMAARCCHAAA	MEME-1	II	3748672	3748700	-	7.47706	6.86e-07	0.276	ATGAGCTACAGTCTTGGCCCAAGCCATCT
TTTRGGYTBVGGCYKAGCCMAARCCHAAA	MEME-1	III	4634133	4634161	-	7.45872	6.9e-07	0.276	GTGAAGCAGAGGCCGAGGCAGAAGAACGA
TTTRGGYTBVGGCYKAGCCMAARCCHAAA	MEME-1	II	4366274	4366302	+	7.43119	6.96e-07	0.276	TTGAGGTGTGGGCATGGCCAAGAAGCCAA
TTTRGGYTBVGGCYKAGCCMAARCCHAAA	MEME-1	II	4927307	4927335	-	7.38532	7.06e-07	0.276	CTTTGGTGTAGACTGAGGCCGGACCTCCA
TTTRGGYTBVGGCYKAGCCMAARCCHAAA	MEME-1	V	66885	66913	+	7.33028	7.18e-07	0.276	TTTGGTTTTGGGTCTGGCCCAGCTCCTAA
TTTRGGYTBVGGCYKAGCCMAARCCHAAA	MEME-1	X	6456960	6456988	+	7.30275	7.24e-07	0.276	ATGTGGTTCAGGGATAGCGCGAGCCAAAA
TTTRGGYTBVGGCYKAGCCMAARCCHAAA	MEME-1	IV	1484454	1484482	+	7.27523	7.3e-07	0.276	CTGGAGCACCGCCTCTGCCCGACCCGAAA
TTTRGGYTBVGGCYKAGCCMAARCCHAAA	MEME-1	II	3090646	3090674	-	7.21101	7.45e-07	0.276	AGGTACTGGAGGCCCAGGCCAAAGCCAAA
TTTRGGYTBVGGCYKAGCCMAARCCHAAA	MEME-1	X	7425115	7425143	+	7.21101	7.45e-07	0.276	ATTTGCTTTGTGATTAGGTAAACCCGAAT
TTTRGGYTBVGGCYKAGCCMAARCCHAAA	MEME-1	II	4433194	4433222	+	7.19266	7.49e-07	0.276	TTGATCTTTCGCCCTATGCCAGCGCTAAA
TTTRGGYTBVGGCYKAGCCMAARCCHAAA	MEME-1	III	3110100	3110128	-	7.13761	7.62e-07	0.276	ATTAGCTTCCCGCCTGGCTAACTCCAAGA
TTTRGGYTBVGGCYKAGCCMAARCCHAAA	MEME-1	III	7129465	7129493	+	7.05505	7.81e-07	0.276	TTTCGCTGGAGCCAGAGGCCAAAGAAAAA
TTTRGGYTBVGGCYKAGCCMAARCCHAAA	MEME-1	III	5273361	5273389	-	7.0367	7.86e-07	0.276	TTGAGGTTTCGGCAGAGCCCATTTGCCGA
TTTRGGYTBVGGCYKAGCCMAARCCHAAA	MEME-1	X	2467447	2467475	-	7.02752	7.88e-07	0.276	CTGGGGCGCCGCCGCAGCCCCAACACCGA
TTTRGGYTBVGGCYKAGCCMAARCCHAAA	MEME-1	V	95921	95949	+	6.9633	8.04e-07	0.276	GTGGGGCAGGGGCTGAAGCTGAGGCCCAT
TTTRGGYTBVGGCYKAGCCMAARCCHAAA	MEME-1	III	2309790	2309818	+	6.91743	8.15e-07	0.276	TTTTGGCACAGGCTCAGGCAGCCCAACAG
TTTRGGYTBVGGCYKAGCCMAARCCHAAA	MEME-1	I	3640101	3640129	+	6.90826	8.17e-07	0.276	TTTTGGCCCAGCGTTTGGCAAAAGACAAT
TTTRGGYTBVGGCYKAGCCMAARCCHAAA	MEME-1	III	5706475	5706503	-	6.88991	8.22e-07	0.276	GTTGACCCCGGCCTTGGCCCAACCCGCCA
TTTRGGYTBVGGCYKAGCCMAARCCHAAA	MEME-1	I	6242017	6242045	+	6.86239	8.29e-07	0.276	TTTAGGTGTCCGATGAGCTGAAGCCCCAT
TTTRGGYTBVGGCYKAGCCMAARCCHAAA	MEME-1	I	8882728	8882756	-	6.84404	8.34e-07	0.276	TTGAGGCTTAGGCTTGAGCCATCTAATAT
TTTRGGYTBVGGCYKAGCCMAARCCHAAA	MEME-1	I	4938853	4938881	-	6.83486	8.36e-07	0.276	GAGGGGCTGAGGACGAGCTAGAGGCCAAT
TTTRGGYTBVGGCYKAGCCMAARCCHAAA	MEME-1	III	4270209	4270237	+	6.77064	8.52e-07	0.276	GTGATGTTTCGGCCGAGACAGGCCATCAA
TTTRGGYTBVGGCYKAGCCMAARCCHAAA	MEME-1	IV	3681984	3682012	+	6.66055	8.82e-07	0.276	CTGAGCTTGCGGCTGACCCCAACGAATAG
TTTRGGYTBVGGCYKAGCCMAARCCHAAA	MEME-1	IV	3156945	3156973	-	6.61468	8.94e-07	0.276	TTTTGGCTTCGGCTTTAGCAAATCTGCAA
TTTRGGYTBVGGCYKAGCCMAARCCHAAA	MEME-1	III	6117652	6117680	+	6.58716	9.02e-07	0.276	TTTTGGTTGAACCTTGGCCGATTCAGCAA
TTTRGGYTBVGGCYKAGCCMAARCCHAAA	MEME-1	V	2781752	2781780	+	6.55963	9.09e-07	0.276	CTGGAGCTTCGGTCGAGCTAAAGGATCAA
TTTRGGYTBVGGCYKAGCCMAARCCHAAA	MEME-1	X	3738732	3738760	-	6.53211	9.17e-07	0.276	TTGGGGTGCCGCTCAAGGCAAAGCAAATA
TTTRGGYTBVGGCYKAGCCMAARCCHAAA	MEME-1	V	8519249	8519277	+	6.46789	9.35e-07	0.276	TTGTGTTTTAAGCTAAGCTAAAGGAACAA
TTTRGGYTBVGGCYKAGCCMAARCCHAAA	MEME-1	II	4026454	4026482	+	6.36697	9.64e-07	0.276	CTTTGGCGCCTGCTTAGCTAATTGCTACA
TTTRGGYTBVGGCYKAGCCMAARCCHAAA	MEME-1	IV	3517202	3517230	+	6.34862	9.7e-07	0.276	TTGGGGCCCATCCTTTGCCAAGAGCACGA
TTTRGGYTBVGGCYKAGCCMAARCCHAAA	MEME-1	I	6805913	6805941	-	6.34862	9.7e-07	0.276	GTTAGGCTGAAGCTAAGCACGGGCATAAT
TTTRGGYTBVGGCYKAGCCMAARCCHAAA	MEME-1	I	6960047	6960075	+	6.33945	9.72e-07	0.276	CTGGGGCTGAGGCTGAGGCTGGACGTAGT
TTTRGGYTBVGGCYKAGCCMAARCCHAAA	MEME-1	V	6530286	6530314	-	6.3211	9.78e-07	0.276	ATTGGCCTGGGAATGAGCAAATACCAAAA
TTTRGGYTBVGGCYKAGCCMAARCCHAAA	MEME-1	I	7113391	7113419	-	6.23853	1e-06	0.276	GTGAGCCTTGCCCTTGGCCCAGTCCTCAG
TTTRGGYTBVGGCYKAGCCMAARCCHAAA	MEME-1	X	5961000	5961028	-	6.15596	1.03e-06	0.276	GTGAGCTTTCGCCAAAGCCCGTGGAAAGA
TTTRGGYTBVGGCYKAGCCMAARCCHAAA	MEME-1	IV	10111997	10112025	+	6.13761	1.03e-06	0.276	CTTAGGTCCGGGCCTTCCTCGTTCCCCAT
TTTRGGYTBVGGCYKAGCCMAARCCHAAA	MEME-1	I	927251	927279	+	6.11009	1.04e-06	0.276	TGTTGCTCGGGGCCTAGCCCAGCGCGTTA
TTTRGGYTBVGGCYKAGCCMAARCCHAAA	MEME-1	III	4737052	4737080	+	6.09174	1.05e-06	0.276	GGTTGGTTGCGGCCCAGGCACAGACCCAA
TTTRGGYTBVGGCYKAGCCMAARCCHAAA	MEME-1	V	3825799	3825827	-	6.04587	1.06e-06	0.276	TCTGAGTCGAGGCCCGGCCCGTTGCCAAT
TTTRGGYTBVGGCYKAGCCMAARCCHAAA	MEME-1	II	3586552	3586580	-	6.0367	1.07e-06	0.276	ATGAGGTCCCGGCTTGGACCAGTGACCAG
TTTRGGYTBVGGCYKAGCCMAARCCHAAA	MEME-1	V	4178347	4178375	+	6	1.08e-06	0.276	TGGAGCCCCAGGCGGAGCCAGATCCTCGA
TTTRGGYTBVGGCYKAGCCMAARCCHAAA	MEME-1	II	21787	21815	+	5.9633	1.09e-06	0.276	ATGTGCCTAAGCCTAAGCCTAAGGCTTAA
TTTRGGYTBVGGCYKAGCCMAARCCHAAA	MEME-1	I	5940533	5940561	-	5.94495	1.1e-06	0.276	GCGAGACGCCGGCCAAGCCAATAGCCAGT
TTTRGGYTBVGGCYKAGCCMAARCCHAAA	MEME-1	X	10310146	10310174	+	5.94495	1.1e-06	0.276	ATGTGGTTGGGTCTGAGCAAAACGTCCAA
TTTRGGYTBVGGCYKAGCCMAARCCHAAA	MEME-1	X	7565389	7565417	+	5.89908	1.11e-06	0.276	TTTGGGCATAGCCCAAGTCAAAAACCACA
TTTRGGYTBVGGCYKAGCCMAARCCHAAA	MEME-1	I	2031516	2031544	-	5.88073	1.12e-06	0.276	ATGGTACCCCGGCCCAGGCAAAAGAGAAA
TTTRGGYTBVGGCYKAGCCMAARCCHAAA	MEME-1	III	9558820	9558848	+	5.85321	1.13e-06	0.276	TGTAGCTTCCGCCTCGGCCACGACCGTAT
TTTRGGYTBVGGCYKAGCCMAARCCHAAA	MEME-1	III	6219431	6219459	-	5.78899	1.15e-06	0.276	TTCTTCCTTCGGCTCGGCCCAATCCTACA
TTTRGGYTBVGGCYKAGCCMAARCCHAAA	MEME-1	X	2587750	2587778	+	5.77982	1.15e-06	0.276	AACTGGTTTGGGCTTGGGCAAAGGCAACA
TTTRGGYTBVGGCYKAGCCMAARCCHAAA	MEME-1	I	8864483	8864511	+	5.75229	1.16e-06	0.276	CTTAGGCTTAGGCTTAGGCTTAGGCTTAG
TTTRGGYTBVGGCYKAGCCMAARCCHAAA	MEME-1	I	8864489	8864517	+	5.75229	1.16e-06	0.276	CTTAGGCTTAGGCTTAGGCTTAGGCTTAG
TTTRGGYTBVGGCYKAGCCMAARCCHAAA	MEME-1	V	10792207	10792235	+	5.75229	1.16e-06	0.276	CTTAGGCTTAGGCTTAGGCTTAGGCTTAG
TTTRGGYTBVGGCYKAGCCMAARCCHAAA	MEME-1	IV	11184560	11184588	+	5.75229	1.16e-06	0.276	CTTAGGCTTAGGCTTAGGCTTAGGCTTAG
TTTRGGYTBVGGCYKAGCCMAARCCHAAA	MEME-1	IV	11184566	11184594	+	5.75229	1.16e-06	0.276	CTTAGGCTTAGGCTTAGGCTTAGGCTTAG
TTTRGGYTBVGGCYKAGCCMAARCCHAAA	MEME-1	IV	11184572	11184600	+	5.75229	1.16e-06	0.276	CTTAGGCTTAGGCTTAGGCTTAGGCTTAG
TTTRGGYTBVGGCYKAGCCMAARCCHAAA	MEME-1	IV	11184578	11184606	+	5.75229	1.16e-06	0.276	CTTAGGCTTAGGCTTAGGCTTAGGCTTAG
TTTRGGYTBVGGCYKAGCCMAARCCHAAA	MEME-1	IV	11184612	11184640	+	5.75229	1.16e-06	0.276	CTTAGGCTTAGGCTTAGGCTTAGGCTTAG
TTTRGGYTBVGGCYKAGCCMAARCCHAAA	MEME-1	X	11288372	11288400	+	5.75229	1.16e-06	0.276	CTTAGGCTTAGGCTTAGGCTTAGGCTTAG
TTTRGGYTBVGGCYKAGCCMAARCCHAAA	MEME-1	X	11288378	11288406	+	5.75229	1.16e-06	0.276	CTTAGGCTTAGGCTTAGGCTTAGGCTTAG
TTTRGGYTBVGGCYKAGCCMAARCCHAAA	MEME-1	X	11288384	11288412	+	5.75229	1.16e-06	0.276	CTTAGGCTTAGGCTTAGGCTTAGGCTTAG
TTTRGGYTBVGGCYKAGCCMAARCCHAAA	MEME-1	X	11288390	11288418	+	5.75229	1.16e-06	0.276	CTTAGGCTTAGGCTTAGGCTTAGGCTTAG
TTTRGGYTBVGGCYKAGCCMAARCCHAAA	MEME-1	X	11288396	11288424	+	5.75229	1.16e-06	0.276	CTTAGGCTTAGGCTTAGGCTTAGGCTTAG
TTTRGGYTBVGGCYKAGCCMAARCCHAAA	MEME-1	X	11288402	11288430	+	5.75229	1.16e-06	0.276	CTTAGGCTTAGGCTTAGGCTTAGGCTTAG
TTTRGGYTBVGGCYKAGCCMAARCCHAAA	MEME-1	X	11288408	11288436	+	5.75229	1.16e-06	0.276	CTTAGGCTTAGGCTTAGGCTTAGGCTTAG
TTTRGGYTBVGGCYKAGCCMAARCCHAAA	MEME-1	X	11288414	11288442	+	5.75229	1.16e-06	0.276	CTTAGGCTTAGGCTTAGGCTTAGGCTTAG
TTTRGGYTBVGGCYKAGCCMAARCCHAAA	MEME-1	X	11288420	11288448	+	5.75229	1.16e-06	0.276	CTTAGGCTTAGGCTTAGGCTTAGGCTTAG
TTTRGGYTBVGGCYKAGCCMAARCCHAAA	MEME-1	X	11288426	11288454	+	5.75229	1.16e-06	0.276	CTTAGGCTTAGGCTTAGGCTTAGGCTTAG
TTTRGGYTBVGGCYKAGCCMAARCCHAAA	MEME-1	X	11288432	11288460	+	5.75229	1.16e-06	0.276	CTTAGGCTTAGGCTTAGGCTTAGGCTTAG
TTTRGGYTBVGGCYKAGCCMAARCCHAAA	MEME-1	X	11288438	11288466	+	5.75229	1.16e-06	0.276	CTTAGGCTTAGGCTTAGGCTTAGGCTTAG
TTTRGGYTBVGGCYKAGCCMAARCCHAAA	MEME-1	X	11288444	11288472	+	5.75229	1.16e-06	0.276	CTTAGGCTTAGGCTTAGGCTTAGGCTTAG
TTTRGGYTBVGGCYKAGCCMAARCCHAAA	MEME-1	X	11288450	11288478	+	5.75229	1.16e-06	0.276	CTTAGGCTTAGGCTTAGGCTTAGGCTTAG
TTTRGGYTBVGGCYKAGCCMAARCCHAAA	MEME-1	X	11288456	11288484	+	5.75229	1.16e-06	0.276	CTTAGGCTTAGGCTTAGGCTTAGGCTTAG
TTTRGGYTBVGGCYKAGCCMAARCCHAAA	MEME-1	X	11288462	11288490	+	5.75229	1.16e-06	0.276	CTTAGGCTTAGGCTTAGGCTTAGGCTTAG
TTTRGGYTBVGGCYKAGCCMAARCCHAAA	MEME-1	X	11288468	11288496	+	5.75229	1.16e-06	0.276	CTTAGGCTTAGGCTTAGGCTTAGGCTTAG
TTTRGGYTBVGGCYKAGCCMAARCCHAAA	MEME-1	X	11288474	11288502	+	5.75229	1.16e-06	0.276	CTTAGGCTTAGGCTTAGGCTTAGGCTTAG
TTTRGGYTBVGGCYKAGCCMAARCCHAAA	MEME-1	X	11288480	11288508	+	5.75229	1.16e-06	0.276	CTTAGGCTTAGGCTTAGGCTTAGGCTTAG
TTTRGGYTBVGGCYKAGCCMAARCCHAAA	MEME-1	X	11288486	11288514	+	5.75229	1.16e-06	0.276	CTTAGGCTTAGGCTTAGGCTTAGGCTTAG
TTTRGGYTBVGGCYKAGCCMAARCCHAAA	MEME-1	X	11288492	11288520	+	5.75229	1.16e-06	0.276	CTTAGGCTTAGGCTTAGGCTTAGGCTTAG
TTTRGGYTBVGGCYKAGCCMAARCCHAAA	MEME-1	X	11288498	11288526	+	5.75229	1.16e-06	0.276	CTTAGGCTTAGGCTTAGGCTTAGGCTTAG
TTTRGGYTBVGGCYKAGCCMAARCCHAAA	MEME-1	X	11288535	11288563	+	5.75229	1.16e-06	0.276	CTTAGGCTTAGGCTTAGGCTTAGGCTTAG
TTTRGGYTBVGGCYKAGCCMAARCCHAAA	MEME-1	X	11288541	11288569	+	5.75229	1.16e-06	0.276	CTTAGGCTTAGGCTTAGGCTTAGGCTTAG
TTTRGGYTBVGGCYKAGCCMAARCCHAAA	MEME-1	I	3449557	3449585	+	5.74312	1.16e-06	0.276	CTTTTCTAGCGGCCGGGCCATGACCACAA
TTTRGGYTBVGGCYKAGCCMAARCCHAAA	MEME-1	V	9877775	9877803	+	5.73394	1.17e-06	0.276	ATTTTGTTCAGGACGAGCTCAAAGCCAAG
TTTRGGYTBVGGCYKAGCCMAARCCHAAA	MEME-1	IV	3025934	3025962	+	5.72477	1.17e-06	0.276	CTTGTCCGTCGGCTGGGCACGAGCCAAGA
TTTRGGYTBVGGCYKAGCCMAARCCHAAA	MEME-1	IV	3387151	3387179	-	5.65138	1.2e-06	0.279	ACGAGGCTTCGGCTTGGACCAGACCACTT
TTTRGGYTBVGGCYKAGCCMAARCCHAAA	MEME-1	III	1585940	1585968	+	5.6422	1.2e-06	0.279	ATTAGGTTAGGTTTGAGGCCAGACCGTAA
TTTRGGYTBVGGCYKAGCCMAARCCHAAA	MEME-1	III	359933	359961	+	5.6055	1.21e-06	0.279	GTTGCGCCCAGGCTGAGCTCCGCCCTCGA
TTTRGGYTBVGGCYKAGCCMAARCCHAAA	MEME-1	V	2390328	2390356	-	5.6055	1.21e-06	0.279	TTTTGCCTCGGGATTGGGTAGCGGCAAAA
TTTRGGYTBVGGCYKAGCCMAARCCHAAA	MEME-1	III	1979561	1979589	-	5.59633	1.22e-06	0.279	TTTTCGAGCGGGCCCAGCCCGGACAGAGA
TTTRGGYTBVGGCYKAGCCMAARCCHAAA	MEME-1	IV	8010487	8010515	-	5.58716	1.22e-06	0.279	TCGAGGTTGGGACTGAGACCATGCACAGA
TTTRGGYTBVGGCYKAGCCMAARCCHAAA	MEME-1	I	5262916	5262944	-	5.56881	1.23e-06	0.279	GTTGAGCAGCGGCTCGAGCCAGCCCTCAT
TTTRGGYTBVGGCYKAGCCMAARCCHAAA	MEME-1	I	2417143	2417171	-	5.51376	1.25e-06	0.281	TTTAAGTGTGGCTTTGGCCAATTCACAGA
TTTRGGYTBVGGCYKAGCCMAARCCHAAA	MEME-1	X	6991529	6991557	+	5.47706	1.26e-06	0.281	TATGGGCGACGGCCGAGGCAAATACCTAA
TTTRGGYTBVGGCYKAGCCMAARCCHAAA	MEME-1	I	8864495	8864523	+	5.45872	1.27e-06	0.281	CTTAGGCTTAGGCTTAGGCTTAGGCTTCA
TTTRGGYTBVGGCYKAGCCMAARCCHAAA	MEME-1	X	11288504	11288532	+	5.45872	1.27e-06	0.281	CTTAGGCTTAGGCTTAGGCTTAGGCTTTA
TTTRGGYTBVGGCYKAGCCMAARCCHAAA	MEME-1	X	11288547	11288575	+	5.45872	1.27e-06	0.281	CTTAGGCTTAGGCTTAGGCTTAGGCTTCA
TTTRGGYTBVGGCYKAGCCMAARCCHAAA	MEME-1	IV	2257907	2257935	-	5.43119	1.28e-06	0.281	CTTTGGCACAGGCCTGGTCCAATCATCCT
TTTRGGYTBVGGCYKAGCCMAARCCHAAA	MEME-1	V	25696	25724	-	5.42202	1.28e-06	0.281	ACTTGGTGTCGGCCGGGCTAACAGAAAAA
TTTRGGYTBVGGCYKAGCCMAARCCHAAA	MEME-1	V	30596	30624	-	5.42202	1.28e-06	0.281	ACTTGGTGTCGGCCGGGCTAACAGAAAAA
TTTRGGYTBVGGCYKAGCCMAARCCHAAA	MEME-1	I	4094518	4094546	-	5.3578	1.31e-06	0.283	TTTTTGTACAGCTTCAGCCCGTAGCCCAT
TTTRGGYTBVGGCYKAGCCMAARCCHAAA	MEME-1	II	8087233	8087261	-	5.3578	1.31e-06	0.283	TGTGGGCATGGACCGAGCAAAGCCCGAAA
TTTRGGYTBVGGCYKAGCCMAARCCHAAA	MEME-1	V	9763494	9763522	+	5.33028	1.32e-06	0.283	TTTTGGCTGCGCCCTTTTCCAATGCAAAA
TTTRGGYTBVGGCYKAGCCMAARCCHAAA	MEME-1	IV	1145055	1145083	+	5.2844	1.34e-06	0.283	TTGAATTTTCGACCCAGCTCAAACAAAAA
TTTRGGYTBVGGCYKAGCCMAARCCHAAA	MEME-1	V	61070	61098	-	5.27523	1.34e-06	0.283	ATGGGGTTCCGGCTAAGCGAATTAATTAT
TTTRGGYTBVGGCYKAGCCMAARCCHAAA	MEME-1	V	3328924	3328952	+	5.25688	1.35e-06	0.283	GTTATGCCCTGGATGAGCCAAAACCCCGT
TTTRGGYTBVGGCYKAGCCMAARCCHAAA	MEME-1	V	5282897	5282925	-	5.25688	1.35e-06	0.283	CTTAGCTCTCGGCTCATCCCAGAGCATTT
TTTRGGYTBVGGCYKAGCCMAARCCHAAA	MEME-1	II	351380	351408	+	5.24771	1.35e-06	0.283	ATGAGCCGGTGGCTGAGCCAAGAGAGAAG
TTTRGGYTBVGGCYKAGCCMAARCCHAAA	MEME-1	X	8031361	8031389	+	5.24771	1.35e-06	0.283	TTTTTTTTTACGCCGAGGCAAAGCCTAGA
TTTRGGYTBVGGCYKAGCCMAARCCHAAA	MEME-1	II	6641828	6641856	+	5.16514	1.38e-06	0.289	GTTGGCTTTCGCTCAAGCTCAAAGATCGT
TTTRGGYTBVGGCYKAGCCMAARCCHAAA	MEME-1	V	2496007	2496035	+	5.11927	1.4e-06	0.291	TCTAGGCCCAGGCCCGGCTCGTTGCCAAC
TTTRGGYTBVGGCYKAGCCMAARCCHAAA	MEME-1	III	3601067	3601095	-	5.11009	1.41e-06	0.291	ATTAGGATTCGCCGTAGGTAAATCATAGA
TTTRGGYTBVGGCYKAGCCMAARCCHAAA	MEME-1	IV	6239148	6239176	-	5.10092	1.41e-06	0.291	TTTAGCTTTGGGCTCGGTTCAATGACTAC
TTTRGGYTBVGGCYKAGCCMAARCCHAAA	MEME-1	II	3538629	3538657	+	5.07339	1.42e-06	0.292	CTTGGTCTGGAACTGAGCTAAACCCTCAA
TTTRGGYTBVGGCYKAGCCMAARCCHAAA	MEME-1	II	2048121	2048149	-	5.05505	1.43e-06	0.292	ATTTGGCGCAGGCTCAGCTGACGGCACGT
TTTRGGYTBVGGCYKAGCCMAARCCHAAA	MEME-1	I	299171	299199	-	4.98165	1.46e-06	0.297	GGTTGGTTCAGGCCTAGGCTAGCGAACAT
TTTRGGYTBVGGCYKAGCCMAARCCHAAA	MEME-1	I	3060578	3060606	+	4.97248	1.47e-06	0.297	GTTTGCTGGCGTCTCGGACAAGGCCAAAT
TTTRGGYTBVGGCYKAGCCMAARCCHAAA	MEME-1	III	8117326	8117354	-	4.93578	1.48e-06	0.298	TTTGGGTGGATCCCGAGCCTCGACCAAAA
TTTRGGYTBVGGCYKAGCCMAARCCHAAA	MEME-1	IV	5238212	5238240	+	4.91743	1.49e-06	0.298	TTTGAGCTCACCCTCGTCCCATGCCAAAA
TTTRGGYTBVGGCYKAGCCMAARCCHAAA	MEME-1	II	5892603	5892631	+	4.91743	1.49e-06	0.298	ATTGGGTGCGGCTCTAAGCAATACACTAA
TTTRGGYTBVGGCYKAGCCMAARCCHAAA	MEME-1	I	6158103	6158131	-	4.87156	1.51e-06	0.298	ATGGGCTAGAGCCTAAATCAATACCAAAA
TTTRGGYTBVGGCYKAGCCMAARCCHAAA	MEME-1	IV	9365611	9365639	+	4.87156	1.51e-06	0.298	TTTTGGAACGGCCATAGCTCAAAGATCGA
TTTRGGYTBVGGCYKAGCCMAARCCHAAA	MEME-1	I	199020	199048	-	4.85321	1.52e-06	0.298	ATCGGGTCGCGCCTCGTGCCGTGCCTAAA
TTTRGGYTBVGGCYKAGCCMAARCCHAAA	MEME-1	II	823040	823068	-	4.85321	1.52e-06	0.298	ATGGGTCTTGGTCTGGGTCAAACCCAAGA
TTTRGGYTBVGGCYKAGCCMAARCCHAAA	MEME-1	III	8787551	8787579	+	4.83486	1.53e-06	0.298	TTTTACTCTGGGCACAGCCCAGAGAAAGA
TTTRGGYTBVGGCYKAGCCMAARCCHAAA	MEME-1	IV	4713463	4713491	+	4.82569	1.53e-06	0.298	CCTGGGTCCAGGCTGCGCCCAAGGGAAAT
TTTRGGYTBVGGCYKAGCCMAARCCHAAA	MEME-1	I	664808	664836	-	4.79817	1.54e-06	0.299	ATTGGCTCTGAGCCTGGCCAAGTCGATAA
TTTRGGYTBVGGCYKAGCCMAARCCHAAA	MEME-1	X	1941938	1941966	+	4.73394	1.57e-06	0.302	ATTGGGCTTTGGCCGAACACGAACACTAA
TTTRGGYTBVGGCYKAGCCMAARCCHAAA	MEME-1	V	5261923	5261951	+	4.73394	1.57e-06	0.302	GTTGGTTCTAGGCTTGGCCCAAAAATGAA
TTTRGGYTBVGGCYKAGCCMAARCCHAAA	MEME-1	III	2314235	2314263	+	4.66972	1.6e-06	0.307	GTTAGGCTGAGGGTGAGGCCAAAAGGAGA
TTTRGGYTBVGGCYKAGCCMAARCCHAAA	MEME-1	X	3095615	3095643	-	4.6422	1.62e-06	0.307	CTGAGGCCTGGGCTCGTCTCGACCACAAG
TTTRGGYTBVGGCYKAGCCMAARCCHAAA	MEME-1	V	10379579	10379607	+	4.62385	1.63e-06	0.307	TTGAACTATCAGCTCAGGCCATCCAAAAT
TTTRGGYTBVGGCYKAGCCMAARCCHAAA	MEME-1	II	8537170	8537198	+	4.61468	1.63e-06	0.307	ACGTGCATTCGGCTCGGCCCAACCCAATA
TTTRGGYTBVGGCYKAGCCMAARCCHAAA	MEME-1	II	3903708	3903736	+	4.59633	1.64e-06	0.307	AACAGGTTCAGCCCAAGCCCCAGGCCCAA
TTTRGGYTBVGGCYKAGCCMAARCCHAAA	MEME-1	III	26679	26707	+	4.57798	1.65e-06	0.307	GGCAAGTTGCGGCTTGGCCCAGCGCCAAT
TTTRGGYTBVGGCYKAGCCMAARCCHAAA	MEME-1	I	8291666	8291694	+	4.57798	1.65e-06	0.307	GTGTGGCTGTGGCTCAGGCCGTCCAGCAG
TTTRGGYTBVGGCYKAGCCMAARCCHAAA	MEME-1	X	4662767	4662795	-	4.55963	1.66e-06	0.307	TTGAGGTTGGGGCCTGTCCAGGCGTTCGT
TTTRGGYTBVGGCYKAGCCMAARCCHAAA	MEME-1	III	3926146	3926174	+	4.55046	1.66e-06	0.307	TTGAGTTTTAGGCTGAAGCCAACTAAAAT
TTTRGGYTBVGGCYKAGCCMAARCCHAAA	MEME-1	I	6623893	6623921	+	4.53211	1.67e-06	0.307	TTTAGCTCTCGACAGAGCTCAGAGACCAT
TTTRGGYTBVGGCYKAGCCMAARCCHAAA	MEME-1	V	1495559	1495587	-	4.51376	1.68e-06	0.307	GTGAGGCTGAGGGTGAGACCACGGCTAGA
TTTRGGYTBVGGCYKAGCCMAARCCHAAA	MEME-1	III	2050959	2050987	-	4.51376	1.68e-06	0.307	TCGAGCTGGAGGCCGATGCCGAGCACAAT
TTTRGGYTBVGGCYKAGCCMAARCCHAAA	MEME-1	IV	3217046	3217074	+	4.43119	1.72e-06	0.313	CAGAGGCGTGGCCCCGGCCCAGAGACTGT
TTTRGGYTBVGGCYKAGCCMAARCCHAAA	MEME-1	III	2031973	2032001	+	4.41284	1.73e-06	0.313	CTTAGGCTTAGGCTAGGCTAAGCTACATT
TTTRGGYTBVGGCYKAGCCMAARCCHAAA	MEME-1	III	9596312	9596340	+	4.41284	1.73e-06	0.313	TGAGGCTTGGGCTTAGGCCAAAGCCCAAA
TTTRGGYTBVGGCYKAGCCMAARCCHAAA	MEME-1	IV	2888452	2888480	+	4.36697	1.75e-06	0.315	CTTAGTTTGCGGCTTGTCCAAAAACTCGT
TTTRGGYTBVGGCYKAGCCMAARCCHAAA	MEME-1	I	6230363	6230391	-	4.33945	1.77e-06	0.315	TTTTTGCTTCCGCCGAGGCAACACACAGA
TTTRGGYTBVGGCYKAGCCMAARCCHAAA	MEME-1	II	2649071	2649099	+	4.33028	1.77e-06	0.315	GTTTGTCTCCGCCTTGGCCTGTCCCCCGT
TTTRGGYTBVGGCYKAGCCMAARCCHAAA	MEME-1	II	3899772	3899800	-	4.3211	1.78e-06	0.315	GTTGGGTTGTGGACAAGGCCAGACGGAAA
TTTRGGYTBVGGCYKAGCCMAARCCHAAA	MEME-1	V	8889116	8889144	-	4.30275	1.79e-06	0.315	TTTAGCCCGAACAGTAGCCCAAACCGAAA
TTTRGGYTBVGGCYKAGCCMAARCCHAAA	MEME-1	I	1482752	1482780	+	4.29358	1.79e-06	0.315	TTTTGGCTTAGGCTTTGGCAAGAAACACT
TTTRGGYTBVGGCYKAGCCMAARCCHAAA	MEME-1	I	3126599	3126627	+	4.2844	1.8e-06	0.315	TTGGGGCGGAGGACGGGAAAAAGCCACAA
TTTRGGYTBVGGCYKAGCCMAARCCHAAA	MEME-1	V	10085613	10085641	+	4.25688	1.81e-06	0.315	ATGAGCCTCCGTCGCAGCCAAACGGAAAA
TTTRGGYTBVGGCYKAGCCMAARCCHAAA	MEME-1	I	14722	14750	-	4.24771	1.82e-06	0.315	CTTCGGCTTAGGCTTAGGCCATTACAAGC
TTTRGGYTBVGGCYKAGCCMAARCCHAAA	MEME-1	I	6437774	6437802	+	4.24771	1.82e-06	0.315	GTTGGGCGGGAGCTGGCACCATGCCAAAA
TTTRGGYTBVGGCYKAGCCMAARCCHAAA	MEME-1	V	9320378	9320406	+	4.24771	1.82e-06	0.315	TTTTGTCACGGCCTCAGCCAATTTCTTGA
TTTRGGYTBVGGCYKAGCCMAARCCHAAA	MEME-1	V	2131344	2131372	-	4.17431	1.85e-06	0.318	GATGGGCTTCGTCTTGGTCAAGGCCTCAT
TTTRGGYTBVGGCYKAGCCMAARCCHAAA	MEME-1	IV	9365515	9365543	-	4.16514	1.86e-06	0.318	TTGTAGCCCAGGCCAAGCTCTTTCCACAT
TTTRGGYTBVGGCYKAGCCMAARCCHAAA	MEME-1	V	2600524	2600552	-	4.15596	1.86e-06	0.318	TTAGGGCCGAGGCCGAGCTGCTACCCCAT
TTTRGGYTBVGGCYKAGCCMAARCCHAAA	MEME-1	IV	6614069	6614097	-	4.15596	1.86e-06	0.318	TTTAGCACCAGCCTGAGCCAAAGCCACCC
TTTRGGYTBVGGCYKAGCCMAARCCHAAA	MEME-1	X	1670200	1670228	-	4.14679	1.87e-06	0.318	CTTGGCCTTCGTACCAGCCAATTCAATAA
TTTRGGYTBVGGCYKAGCCMAARCCHAAA	MEME-1	II	3932911	3932939	+	4.10092	1.9e-06	0.321	CAATGGCTTCGGCTTGGCTAATTGCCAGT
TTTRGGYTBVGGCYKAGCCMAARCCHAAA	MEME-1	V	10456851	10456879	+	4.05505	1.92e-06	0.324	ATTGGGTAGACGCCAAGGCCGTCGCCCTA
TTTRGGYTBVGGCYKAGCCMAARCCHAAA	MEME-1	III	565465	565493	+	4.02752	1.94e-06	0.324	CTTGGGTATGGGCCTGATCCAAAAAAAAA
TTTRGGYTBVGGCYKAGCCMAARCCHAAA	MEME-1	IV	1482394	1482422	-	4.01835	1.94e-06	0.324	TGTGGCTGTGGCCACAGCCAAAGCCACAG
TTTRGGYTBVGGCYKAGCCMAARCCHAAA	MEME-1	I	161683	161711	+	4.00917	1.95e-06	0.324	CTGTGGCCCCGGCTGCTCCAAAGCGAAAT
TTTRGGYTBVGGCYKAGCCMAARCCHAAA	MEME-1	I	2646245	2646273	+	4.00917	1.95e-06	0.324	TTGTGTCCTACGCTTGGCTCAATGCCAGT
TTTRGGYTBVGGCYKAGCCMAARCCHAAA	MEME-1	I	1117228	1117256	-	4	1.95e-06	0.324	TTCAGTTTCCTGCTACGCCAAAGCCAAAA
TTTRGGYTBVGGCYKAGCCMAARCCHAAA	MEME-1	V	530394	530422	+	3.97248	1.97e-06	0.325	TTGTTCCTTCGCCCTTGGTCAAACCTAGT
TTTRGGYTBVGGCYKAGCCMAARCCHAAA	MEME-1	II	6854675	6854703	+	3.95413	1.98e-06	0.326	AGTGGGCTTCGGCTGGGCCAGTTCAGCCT
TTTRGGYTBVGGCYKAGCCMAARCCHAAA	MEME-1	IV	6366260	6366288	-	3.93578	1.99e-06	0.326	CTGTGGCTCCGGCTGATCCCAATTGAAGA
TTTRGGYTBVGGCYKAGCCMAARCCHAAA	MEME-1	II	8684922	8684950	-	3.89908	2.01e-06	0.328	CTTCGGTCCAGCCTTGTCCAGATGCCCAT
TTTRGGYTBVGGCYKAGCCMAARCCHAAA	MEME-1	II	665598	665626	+	3.88991	2.02e-06	0.328	CTTGGCTTCGTTCTCGGCCCAAGCTCTAA
TTTRGGYTBVGGCYKAGCCMAARCCHAAA	MEME-1	II	5784803	5784831	+	3.85321	2.04e-06	0.331	GTGAGGCTGGAGCAGGGCACAAACCACGT
TTTRGGYTBVGGCYKAGCCMAARCCHAAA	MEME-1	III	2124539	2124567	+	3.82569	2.05e-06	0.331	CCTTGGTATCGGCCTTTCCAAAAGCAAAT
TTTRGGYTBVGGCYKAGCCMAARCCHAAA	MEME-1	III	7216312	7216340	+	3.82569	2.05e-06	0.331	TTTAGGCGGCGACTCGGCCGAGGCCGATT
TTTRGGYTBVGGCYKAGCCMAARCCHAAA	MEME-1	II	818554	818582	+	3.78899	2.08e-06	0.333	GTATGCTCGGGCTCGAGCCAAAGGCGCAA
TTTRGGYTBVGGCYKAGCCMAARCCHAAA	MEME-1	I	7834579	7834607	+	3.75229	2.1e-06	0.336	ATGTGCTGTGGGACGACGCAATGGCCAAT
TTTRGGYTBVGGCYKAGCCMAARCCHAAA	MEME-1	X	1917362	1917390	+	3.73394	2.11e-06	0.336	ATGGGGTTTGGACAGAGGTAGTTGCACAA
TTTRGGYTBVGGCYKAGCCMAARCCHAAA	MEME-1	V	10783444	10783472	+	3.7156	2.12e-06	0.337	TTTGGGCTTAGGCCGTAGCCAAAATCAAA
TTTRGGYTBVGGCYKAGCCMAARCCHAAA	MEME-1	II	113179	113207	+	3.6789	2.14e-06	0.337	TTGAGCCCCGGGTGTGTCCAAATCCCCAA
TTTRGGYTBVGGCYKAGCCMAARCCHAAA	MEME-1	IV	7210891	7210919	-	3.6789	2.14e-06	0.337	TTTCCGTCCAGGCTCAACCAGTCCCACAA
TTTRGGYTBVGGCYKAGCCMAARCCHAAA	MEME-1	V	6483191	6483219	-	3.66972	2.15e-06	0.337	GTTGGCTGCGGCGCGCGCCCAGCCCCAGT
TTTRGGYTBVGGCYKAGCCMAARCCHAAA	MEME-1	II	6828971	6828999	-	3.66972	2.15e-06	0.337	GTTGGGCGGAGTCTACGCCAGAAGACAGA
TTTRGGYTBVGGCYKAGCCMAARCCHAAA	MEME-1	IV	35965	35993	+	3.65138	2.16e-06	0.337	TTGAGGCTTAGGCTTAAGCCATCTGATAT
TTTRGGYTBVGGCYKAGCCMAARCCHAAA	MEME-1	I	654049	654077	+	3.63303	2.17e-06	0.337	CCTGGGCCGAGGCTCAGCTCAAGCAGCGC
TTTRGGYTBVGGCYKAGCCMAARCCHAAA	MEME-1	X	1651881	1651909	-	3.63303	2.17e-06	0.337	ATGAGGTGCCTGCTCTGCTATTACCCAAA
TTTRGGYTBVGGCYKAGCCMAARCCHAAA	MEME-1	II	5113038	5113066	+	3.62385	2.18e-06	0.337	ATGGGGATGAGCCCTAAGCAGAAGATCAA
TTTRGGYTBVGGCYKAGCCMAARCCHAAA	MEME-1	II	852900	852928	+	3.55963	2.22e-06	0.338	CCTAGGCTTAGGGACAGCTAAACCCTCAT
TTTRGGYTBVGGCYKAGCCMAARCCHAAA	MEME-1	X	2635390	2635418	+	3.55963	2.22e-06	0.338	TTTAGGTGCAAGCTGGTTTCATCCCCAAA
TTTRGGYTBVGGCYKAGCCMAARCCHAAA	MEME-1	I	3224798	3224826	-	3.55963	2.22e-06	0.338	TCTTCGCGCAGCCTGGGCTCATCCCGAAT
TTTRGGYTBVGGCYKAGCCMAARCCHAAA	MEME-1	V	4800378	4800406	+	3.55963	2.22e-06	0.338	TTGGGGTGGGGGTCGAGTCCAAAGTTCGA
TTTRGGYTBVGGCYKAGCCMAARCCHAAA	MEME-1	IV	5266473	5266501	-	3.55046	2.22e-06	0.338	TTTGTCTGAAGGCTGGGCACGAGCCAAAA
TTTRGGYTBVGGCYKAGCCMAARCCHAAA	MEME-1	X	8582624	8582652	-	3.54128	2.23e-06	0.338	TTTTGGTTGAGGCCCAGACAAGTTGCTAA
TTTRGGYTBVGGCYKAGCCMAARCCHAAA	MEME-1	V	7170093	7170121	-	3.52294	2.24e-06	0.338	TGGAGGTACAAGCTTGGCTGAAGCCCCAT
TTTRGGYTBVGGCYKAGCCMAARCCHAAA	MEME-1	I	3791828	3791856	-	3.51376	2.25e-06	0.338	TTGGGCCAGAGGCTGAGCTTGGGCCCAGG
TTTRGGYTBVGGCYKAGCCMAARCCHAAA	MEME-1	I	1808147	1808175	+	3.50459	2.25e-06	0.338	TTGAGGTAGAGACTCTGACAGAACCGCAA
TTTRGGYTBVGGCYKAGCCMAARCCHAAA	MEME-1	I	908676	908704	-	3.49541	2.26e-06	0.338	TTGTGGTGGTTACTTAGCCAAAAGCAAGT
TTTRGGYTBVGGCYKAGCCMAARCCHAAA	MEME-1	II	4078743	4078771	-	3.46789	2.28e-06	0.339	ATGAAGCTGCTGCCTGGCTCATACACTGA
TTTRGGYTBVGGCYKAGCCMAARCCHAAA	MEME-1	II	4782726	4782754	-	3.46789	2.28e-06	0.339	CTGTGACGCAGCCTGAACCCAAACAACGA
TTTRGGYTBVGGCYKAGCCMAARCCHAAA	MEME-1	II	4709026	4709054	-	3.44037	2.3e-06	0.34	CTCAGCTTCCGCCTAAGCCCAAGCCGATC
TTTRGGYTBVGGCYKAGCCMAARCCHAAA	MEME-1	V	5762554	5762582	+	3.43119	2.3e-06	0.34	ATTGGCCCACGGCGTGGCCTATTCCTAAA
TTTRGGYTBVGGCYKAGCCMAARCCHAAA	MEME-1	II	6009591	6009619	+	3.42202	2.31e-06	0.34	GTTAGGCTGCTCCCTGACTAGACCCTTAA
TTTRGGYTBVGGCYKAGCCMAARCCHAAA	MEME-1	II	3128777	3128805	-	3.3945	2.33e-06	0.341	CTGGCCCGGCGGCTGGGTCCAGCGCGAAA
TTTRGGYTBVGGCYKAGCCMAARCCHAAA	MEME-1	V	8945931	8945959	-	3.38532	2.33e-06	0.341	GTCGGGCCGGGGTCGAACCAAAAGCGCAA
TTTRGGYTBVGGCYKAGCCMAARCCHAAA	MEME-1	III	7583863	7583891	-	3.3578	2.35e-06	0.341	CTGGGCTCCGAGCTTGGCCCGTCCCTTCA
TTTRGGYTBVGGCYKAGCCMAARCCHAAA	MEME-1	V	8945937	8945965	-	3.3578	2.35e-06	0.341	CATCGGGTCGGGCCGGGGTCGAACCAAAA
TTTRGGYTBVGGCYKAGCCMAARCCHAAA	MEME-1	II	3676274	3676302	-	3.34862	2.36e-06	0.341	CTTGAGGTGAGGCCCGGGCAGAGCACAGT
TTTRGGYTBVGGCYKAGCCMAARCCHAAA	MEME-1	V	10792219	10792247	+	3.34862	2.36e-06	0.341	CTTAGGCTTAGGCTTAGCTTAGGCTTAGG
TTTRGGYTBVGGCYKAGCCMAARCCHAAA	MEME-1	X	7806251	7806279	+	3.33945	2.36e-06	0.341	TTTAGGTTTGGCGCGCGGCCAGGCCCCGC
TTTRGGYTBVGGCYKAGCCMAARCCHAAA	MEME-1	IV	6614075	6614103	+	3.26606	2.41e-06	0.347	CTTTGGCTCAGGCTGGTGCTAAAGCAGAT
TTTRGGYTBVGGCYKAGCCMAARCCHAAA	MEME-1	I	4547662	4547690	-	3.22018	2.45e-06	0.347	CTTGGCTACCGGATTGGCTCGAACACCAC
TTTRGGYTBVGGCYKAGCCMAARCCHAAA	MEME-1	II	8694793	8694821	+	3.21101	2.45e-06	0.347	CCGAGGCCTGGGCTCGTCTCGACCATAAA
TTTRGGYTBVGGCYKAGCCMAARCCHAAA	MEME-1	V	8266337	8266365	-	3.20183	2.46e-06	0.347	CTTGGCCAGGCCCTGATGCCAAAGCATAA
TTTRGGYTBVGGCYKAGCCMAARCCHAAA	MEME-1	IV	110293	110321	+	3.18349	2.47e-06	0.347	ATTTGCTTCCGGCAGGGGTCGAGCCCGGT
TTTRGGYTBVGGCYKAGCCMAARCCHAAA	MEME-1	X	5677846	5677874	+	3.18349	2.47e-06	0.347	GTGAAGTTTCAGCTCAGTCCGAGCAAAAA
TTTRGGYTBVGGCYKAGCCMAARCCHAAA	MEME-1	III	974794	974822	+	3.17431	2.48e-06	0.347	TTGTGGTGCCTGCCCAAGCATTACCAAAA
TTTRGGYTBVGGCYKAGCCMAARCCHAAA	MEME-1	X	1865727	1865755	-	3.17431	2.48e-06	0.347	TTTGGGTGAAAGCCTAGCTCAAAAAGCAA
TTTRGGYTBVGGCYKAGCCMAARCCHAAA	MEME-1	I	5206658	5206686	-	3.16514	2.49e-06	0.347	TTGAGCTCTCGGTCTAAGCAAACGAATAA
TTTRGGYTBVGGCYKAGCCMAARCCHAAA	MEME-1	I	7318533	7318561	-	3.15596	2.49e-06	0.347	GTTGTCCTTGGCCCGTGCCAAAGCATCGT
TTTRGGYTBVGGCYKAGCCMAARCCHAAA	MEME-1	V	9373271	9373299	-	3.15596	2.49e-06	0.347	CTGCGGCAGAGCCAGGGCCAAGGCCCCGT
TTTRGGYTBVGGCYKAGCCMAARCCHAAA	MEME-1	X	10978014	10978042	+	3.14679	2.5e-06	0.347	AGTATGTTTCGGCTTGGCCAGTAGATCGT
TTTRGGYTBVGGCYKAGCCMAARCCHAAA	MEME-1	V	4936409	4936437	-	3.11927	2.52e-06	0.349	CTTGGCCTTAGCACCAGGCATGGCCACAT
TTTRGGYTBVGGCYKAGCCMAARCCHAAA	MEME-1	IV	11184650	11184678	-	3.11009	2.53e-06	0.349	CTAAGCCTAAGCCTAAGCCTAAGCCCTAA
TTTRGGYTBVGGCYKAGCCMAARCCHAAA	MEME-1	IV	6149362	6149390	+	3.08257	2.55e-06	0.349	TTTTCGCTCCGGCGGAGTTCGAACCGAGA
TTTRGGYTBVGGCYKAGCCMAARCCHAAA	MEME-1	II	8334606	8334634	+	3.07339	2.55e-06	0.349	CTGATCCGTAGGCTTGGCCCGAACCTTGC
TTTRGGYTBVGGCYKAGCCMAARCCHAAA	MEME-1	III	1732895	1732923	-	3.06422	2.56e-06	0.349	TTATGGCCTCGGACAAGCAAATACACAAA
TTTRGGYTBVGGCYKAGCCMAARCCHAAA	MEME-1	III	1405675	1405703	-	3.04587	2.57e-06	0.349	ATTAGGCTTAGGCCTATGTCAGCAATTAT
TTTRGGYTBVGGCYKAGCCMAARCCHAAA	MEME-1	V	4716126	4716154	-	3.04587	2.57e-06	0.349	GTTGTGTTTGTCCTTAGCCAGAAACATAA
TTTRGGYTBVGGCYKAGCCMAARCCHAAA	MEME-1	V	8598762	8598790	+	3.04587	2.57e-06	0.349	TTCGGCTACGGTCCGGGCGAAGACCTAAA
TTTRGGYTBVGGCYKAGCCMAARCCHAAA	MEME-1	V	6405317	6405345	+	2.97248	2.63e-06	0.355	TTTAGATACCAGCCAAGGCAGGTGCTAAT
TTTRGGYTBVGGCYKAGCCMAARCCHAAA	MEME-1	V	25754	25782	+	2.95413	2.64e-06	0.355	TTGGGCTTCGGCCGAGCCCAAACCTCAAA
TTTRGGYTBVGGCYKAGCCMAARCCHAAA	MEME-1	II	7003589	7003617	+	2.95413	2.64e-06	0.355	CATGGGACGGGGCTTGGTCCAGGCCGAAT
TTTRGGYTBVGGCYKAGCCMAARCCHAAA	MEME-1	II	1363106	1363134	+	2.93578	2.66e-06	0.355	TCGGGGCCCATCCTTAGCCCATTCCTACA
TTTRGGYTBVGGCYKAGCCMAARCCHAAA	MEME-1	III	1470239	1470267	-	2.93578	2.66e-06	0.355	CTGAGCCAGGTGCGCGGCCCGGTCCAAAA
TTTRGGYTBVGGCYKAGCCMAARCCHAAA	MEME-1	V	4818107	4818135	+	2.89908	2.68e-06	0.355	TTTTCCTATAGGCTTGACCAGACCCTCGT
TTTRGGYTBVGGCYKAGCCMAARCCHAAA	MEME-1	I	2090093	2090121	-	2.88073	2.7e-06	0.355	TCTTCGTTCAGGCTGTGCCAAAAACACAA
TTTRGGYTBVGGCYKAGCCMAARCCHAAA	MEME-1	X	4720717	4720745	-	2.85321	2.72e-06	0.355	TTTCTACTGAGCCTTGGCCAAGAGCAAAT
TTTRGGYTBVGGCYKAGCCMAARCCHAAA	MEME-1	III	8706213	8706241	-	2.85321	2.72e-06	0.355	TTTTGGATCCAGATGGGCTAGAGCCGAAA
TTTRGGYTBVGGCYKAGCCMAARCCHAAA	MEME-1	III	7579084	7579112	-	2.84404	2.73e-06	0.355	TTGAGCTCGCGGCAGAGACCATGAACAAA
TTTRGGYTBVGGCYKAGCCMAARCCHAAA	MEME-1	II	6713164	6713192	-	2.83486	2.73e-06	0.355	GTCGAGCACGGGCCTGGCCCAATCACACA
TTTRGGYTBVGGCYKAGCCMAARCCHAAA	MEME-1	X	7870613	7870641	-	2.82569	2.74e-06	0.355	GTGAGCCTGAGGAATAGGCCAAAGCACAC
TTTRGGYTBVGGCYKAGCCMAARCCHAAA	MEME-1	V	4915680	4915708	+	2.81651	2.75e-06	0.355	ATGAGGTGTCTTCCTGGCCACATCCGAAA
TTTRGGYTBVGGCYKAGCCMAARCCHAAA	MEME-1	I	8315112	8315140	-	2.79817	2.76e-06	0.355	TTGGGTTTCGGCCCGGCCCAAAGCACGAT
TTTRGGYTBVGGCYKAGCCMAARCCHAAA	MEME-1	X	3758842	3758870	-	2.78899	2.77e-06	0.355	TTGAGCCTGGGGGCTAGGCCCTTGCCAAC
TTTRGGYTBVGGCYKAGCCMAARCCHAAA	MEME-1	X	3051695	3051723	+	2.77982	2.78e-06	0.355	GTGGGACTGCGGCTGGACTCAACCCTCAG
TTTRGGYTBVGGCYKAGCCMAARCCHAAA	MEME-1	I	4384315	4384343	-	2.77982	2.78e-06	0.355	TTGACTTTGAGGCCGAGGCCACACCCATA
TTTRGGYTBVGGCYKAGCCMAARCCHAAA	MEME-1	V	4403113	4403141	-	2.77982	2.78e-06	0.355	GGGAGGAGGGGGCTGGACCAGAGCCTAAA
TTTRGGYTBVGGCYKAGCCMAARCCHAAA	MEME-1	I	4533883	4533911	-	2.77982	2.78e-06	0.355	AATAGGCTTCGGCCTCGGCAGGACACGAA
TTTRGGYTBVGGCYKAGCCMAARCCHAAA	MEME-1	III	5606131	5606159	-	2.77982	2.78e-06	0.355	GCTACGATCCGGCCAAGGCCAAAGAAAAA
TTTRGGYTBVGGCYKAGCCMAARCCHAAA	MEME-1	V	111857	111885	+	2.73394	2.81e-06	0.358	TTTGTCCCCGGGCTGAGCCGACCCCGAGT
TTTRGGYTBVGGCYKAGCCMAARCCHAAA	MEME-1	II	899420	899448	+	2.73394	2.81e-06	0.358	GTGAGTTATGGGGCTGGCTAAAACCAGAA
TTTRGGYTBVGGCYKAGCCMAARCCHAAA	MEME-1	X	2304750	2304778	+	2.70642	2.83e-06	0.358	TGTAGGTTTGAACTTGGCTAAGGCAAAAA
TTTRGGYTBVGGCYKAGCCMAARCCHAAA	MEME-1	III	676732	676760	-	2.68807	2.85e-06	0.358	TTTACACTTGGGCAGAGCCAAAAGACTGT
TTTRGGYTBVGGCYKAGCCMAARCCHAAA	MEME-1	IV	2018758	2018786	-	2.68807	2.85e-06	0.358	TTGTGCCATTGCCTTGGCCAGTCCCCTAC
TTTRGGYTBVGGCYKAGCCMAARCCHAAA	MEME-1	III	7056341	7056369	-	2.68807	2.85e-06	0.358	TTGAGTTGCCGGCGAGGCCCTATCCAAGA
TTTRGGYTBVGGCYKAGCCMAARCCHAAA	MEME-1	III	3295616	3295644	-	2.66972	2.86e-06	0.358	TTTTTGTTTAGGCTGACGGAAAAGAACAA
TTTRGGYTBVGGCYKAGCCMAARCCHAAA	MEME-1	V	8538479	8538507	-	2.63303	2.89e-06	0.358	AATAGGCTTCAGCTTCGGCAGGACACAAA
TTTRGGYTBVGGCYKAGCCMAARCCHAAA	MEME-1	IV	9110	9138	+	2.61468	2.91e-06	0.358	GTTACACTCAGGCTTAGCCATTCCACAGA
TTTRGGYTBVGGCYKAGCCMAARCCHAAA	MEME-1	I	8880922	8880950	-	2.61468	2.91e-06	0.358	GTTACACTCAGGCTTAGCCATTCCACAGA
TTTRGGYTBVGGCYKAGCCMAARCCHAAA	MEME-1	V	10809062	10809090	-	2.61468	2.91e-06	0.358	GTTACACTCAGGCTTAGCCATTCCACAGA
TTTRGGYTBVGGCYKAGCCMAARCCHAAA	MEME-1	X	11304974	11305002	-	2.61468	2.91e-06	0.358	GTTACACTCAGGCTTAGCCATTCCACAGA
TTTRGGYTBVGGCYKAGCCMAARCCHAAA	MEME-1	X	196609	196637	+	2.6055	2.92e-06	0.358	CTCTTCCTGAGGCTCAGCCCGGAGACAAT
TTTRGGYTBVGGCYKAGCCMAARCCHAAA	MEME-1	III	4448474	4448502	+	2.6055	2.92e-06	0.358	CTCTTCCTGAGGCTCAGCCCGGAGACAAT
TTTRGGYTBVGGCYKAGCCMAARCCHAAA	MEME-1	I	7207869	7207897	-	2.6055	2.92e-06	0.358	CTCTCCCTGAGGCTCAGCCCGGAGACAAT
TTTRGGYTBVGGCYKAGCCMAARCCHAAA	MEME-1	IV	5654081	5654109	-	2.58716	2.93e-06	0.359	CTTCGTTTTCTGCCTGGCCAAGTCCATAA
TTTRGGYTBVGGCYKAGCCMAARCCHAAA	MEME-1	X	103234	103262	-	2.57798	2.94e-06	0.359	CTAAGGCACCGCATAAGCCAAGGGCGTAA
TTTRGGYTBVGGCYKAGCCMAARCCHAAA	MEME-1	II	8828904	8828932	+	2.56881	2.95e-06	0.359	GTAGAGCATGGGCAGAGCCAGGACCGAAA
TTTRGGYTBVGGCYKAGCCMAARCCHAAA	MEME-1	IV	5718790	5718818	-	2.55963	2.96e-06	0.359	CTTTCCTTGAGACCTCGGCCAAGGCCAAA
TTTRGGYTBVGGCYKAGCCMAARCCHAAA	MEME-1	IV	9057464	9057492	-	2.55046	2.96e-06	0.359	TTGCTCGTCAGGCCCAGGCAAAAGACAAA
TTTRGGYTBVGGCYKAGCCMAARCCHAAA	MEME-1	II	3234008	3234036	-	2.52294	2.99e-06	0.36	ATTAGTCGTCGGTTTAGCCAAAACAGTTA
TTTRGGYTBVGGCYKAGCCMAARCCHAAA	MEME-1	I	8834462	8834490	-	2.52294	2.99e-06	0.36	GTTTGGCTGAGTCTAAGGTATAAGCGCGA
TTTRGGYTBVGGCYKAGCCMAARCCHAAA	MEME-1	III	69684	69712	-	2.46789	3.03e-06	0.365	ATTAGCCTCGGGGCGTGTCAGACCCCAGA
TTTRGGYTBVGGCYKAGCCMAARCCHAAA	MEME-1	X	2449303	2449331	-	2.45872	3.04e-06	0.365	TTTTAATCCAGGCCTAGCCTGACGCAAAT
TTTRGGYTBVGGCYKAGCCMAARCCHAAA	MEME-1	I	4952120	4952148	-	2.43119	3.07e-06	0.366	ATTTGGAAACGGCATAACCAAACCCCAAA
TTTRGGYTBVGGCYKAGCCMAARCCHAAA	MEME-1	III	2320129	2320157	-	2.42202	3.07e-06	0.366	TTTTGGTCTAGGCAAAGGCAAGACTTGAT
TTTRGGYTBVGGCYKAGCCMAARCCHAAA	MEME-1	V	10452825	10452853	-	2.40367	3.09e-06	0.366	CCGAGCCTGAGCCTCTGCCAGTCCCGCAA
TTTRGGYTBVGGCYKAGCCMAARCCHAAA	MEME-1	III	2363825	2363853	+	2.40367	3.09e-06	0.366	TTTAGCTTTAGGAGACGCCAAACGATAAA
TTTRGGYTBVGGCYKAGCCMAARCCHAAA	MEME-1	X	9993337	9993365	+	2.40367	3.09e-06	0.366	TTGGGACTGAGGCTGAGCTTGAGGCTGAT
TTTRGGYTBVGGCYKAGCCMAARCCHAAA	MEME-1	X	7790971	7790999	-	2.3945	3.1e-06	0.366	ATGAGGTCTGCGACAAGGTCAACGAAAAA
TTTRGGYTBVGGCYKAGCCMAARCCHAAA	MEME-1	III	8128884	8128912	-	2.37615	3.11e-06	0.367	TTGTAGTATCGGCGTAGGCAATACAAAAC
TTTRGGYTBVGGCYKAGCCMAARCCHAAA	MEME-1	X	8886115	8886143	-	2.3211	3.16e-06	0.369	CTCAAGCGCGGGCTTGGCAAGTGCCAAAA
TTTRGGYTBVGGCYKAGCCMAARCCHAAA	MEME-1	X	2138368	2138396	+	2.3211	3.16e-06	0.369	CTTAGTTTTGGCCTTTTCCCAAGGATAAT
TTTRGGYTBVGGCYKAGCCMAARCCHAAA	MEME-1	I	5507904	5507932	+	2.3211	3.16e-06	0.369	ATTGGACTCCTGTCCAGCCAAACCACCGA
TTTRGGYTBVGGCYKAGCCMAARCCHAAA	MEME-1	II	3508540	3508568	-	2.31193	3.17e-06	0.369	TTGTGCCTTCGGCCTGGCGCCGGGGCAAA
TTTRGGYTBVGGCYKAGCCMAARCCHAAA	MEME-1	V	4471543	4471571	-	2.31193	3.17e-06	0.369	ATGTGCTGCGGCCAGAGCAAGTAGCCCAA
TTTRGGYTBVGGCYKAGCCMAARCCHAAA	MEME-1	I	5061220	5061248	+	2.25688	3.22e-06	0.374	ATTAGGTCGCTACTTACCCAAAGCATAGA
TTTRGGYTBVGGCYKAGCCMAARCCHAAA	MEME-1	X	5602889	5602917	-	2.18349	3.29e-06	0.38	GTTTGGTTCAAGGTTGGCGCAAACATTAA
TTTRGGYTBVGGCYKAGCCMAARCCHAAA	MEME-1	V	1273473	1273501	+	2.18349	3.29e-06	0.38	TTCAACTTCAGCCTTGGCCGAAGCCAAGT
TTTRGGYTBVGGCYKAGCCMAARCCHAAA	MEME-1	V	10783439	10783467	-	2.16514	3.31e-06	0.38	TTTTGGCTACGGCCTAAGCCCAAACCTAA
TTTRGGYTBVGGCYKAGCCMAARCCHAAA	MEME-1	V	5348901	5348929	+	2.16514	3.31e-06	0.38	ATGAGGCTTTGTCGGGGGCAAAACAAAGA
TTTRGGYTBVGGCYKAGCCMAARCCHAAA	MEME-1	X	6207306	6207334	-	2.13761	3.33e-06	0.38	TTTAGCCTGAGTCTGAGCCGGCAGACAAT
TTTRGGYTBVGGCYKAGCCMAARCCHAAA	MEME-1	V	1365750	1365778	-	2.12844	3.34e-06	0.38	TTTAGCTTTAGCGCCGGCCTGAAGAACAT
TTTRGGYTBVGGCYKAGCCMAARCCHAAA	MEME-1	III	600458	600486	+	2.11927	3.35e-06	0.38	CTGAGCTTTGGGCTCAACTCGAGGAACTA
TTTRGGYTBVGGCYKAGCCMAARCCHAAA	MEME-1	IV	1872714	1872742	+	2.11927	3.35e-06	0.38	TTTATGCTTAGGCTTAGGGGAAACGGCAA
TTTRGGYTBVGGCYKAGCCMAARCCHAAA	MEME-1	I	3091194	3091222	+	2.11927	3.35e-06	0.38	TTTGGGCTTGGTTTAAACTCAACGAAAAA
TTTRGGYTBVGGCYKAGCCMAARCCHAAA	MEME-1	II	6034778	6034806	+	2.09174	3.37e-06	0.382	GTATGGTGGTGGCTTGGCCAAGAGCTCAC
TTTRGGYTBVGGCYKAGCCMAARCCHAAA	MEME-1	X	6416099	6416127	-	2.06422	3.4e-06	0.382	TTTTGGCACGCGCTTTAGCAAGTCCTCAA
TTTRGGYTBVGGCYKAGCCMAARCCHAAA	MEME-1	I	6631833	6631861	-	2.06422	3.4e-06	0.382	CTTTGGCTGCGGGCGAGCAAAAAAACCGA
TTTRGGYTBVGGCYKAGCCMAARCCHAAA	MEME-1	I	2541135	2541163	+	2.06422	3.4e-06	0.382	CTTAGACTTAGGCTTAGGCAATTCTTTCA
TTTRGGYTBVGGCYKAGCCMAARCCHAAA	MEME-1	IV	8161220	8161248	+	2.0367	3.43e-06	0.384	TTGTGCTCTGGCCTGTGGCCAAAGGACGT
TTTRGGYTBVGGCYKAGCCMAARCCHAAA	MEME-1	III	2250700	2250728	-	1.99083	3.47e-06	0.386	ATTGGCCGGAGGCTGCGGACAGACCATGT
TTTRGGYTBVGGCYKAGCCMAARCCHAAA	MEME-1	X	11090479	11090507	-	1.99083	3.47e-06	0.386	TTGGGCTCTAGCCCCGTCTATTACCCAAT
TTTRGGYTBVGGCYKAGCCMAARCCHAAA	MEME-1	IV	4528470	4528498	+	1.99083	3.47e-06	0.386	GTGGGGGGCCTGCCGAGCTATTACCAAAA
TTTRGGYTBVGGCYKAGCCMAARCCHAAA	MEME-1	V	6989379	6989407	-	1.98165	3.48e-06	0.386	CTTGGGCTTGGCCACAGGTAATATACAGT
TTTRGGYTBVGGCYKAGCCMAARCCHAAA	MEME-1	III	3970231	3970259	+	1.97248	3.49e-06	0.386	TTGTGGTTCCTCCTTGGCTAGGCACATAA
TTTRGGYTBVGGCYKAGCCMAARCCHAAA	MEME-1	X	5238525	5238553	+	1.9633	3.5e-06	0.387	TTTTGGTGCTGGCTAAGTGAATGCCCTGA
TTTRGGYTBVGGCYKAGCCMAARCCHAAA	MEME-1	IV	4956411	4956439	+	1.95413	3.51e-06	0.387	CTTGGGCTTAGCAGCAGCTACAGCCGAAA
TTTRGGYTBVGGCYKAGCCMAARCCHAAA	MEME-1	III	6341484	6341512	-	1.93578	3.53e-06	0.387	ATAAGGTTGGTGCGCAGCCAAACTCTCAA
TTTRGGYTBVGGCYKAGCCMAARCCHAAA	MEME-1	IV	5356030	5356058	+	1.93578	3.53e-06	0.387	ATTGGGCGGACGGTTAGCCAAAGAAGCAA
TTTRGGYTBVGGCYKAGCCMAARCCHAAA	MEME-1	III	9110897	9110925	+	1.88991	3.57e-06	0.389	TTGTGGTTCTGCCTGAGACAGACAAAAAA
TTTRGGYTBVGGCYKAGCCMAARCCHAAA	MEME-1	IV	135853	135881	+	1.87156	3.59e-06	0.389	GTTCGGTTCGGGTTCGGATCGGACCAAAA
TTTRGGYTBVGGCYKAGCCMAARCCHAAA	MEME-1	IV	1098767	1098795	+	1.87156	3.59e-06	0.389	TTTAGGGGTCGGCCTAGAGAGATCAAAAT
TTTRGGYTBVGGCYKAGCCMAARCCHAAA	MEME-1	V	4883175	4883203	+	1.87156	3.59e-06	0.389	ATGAGGATCGGCCTGAACTCGGAGAACAA
TTTRGGYTBVGGCYKAGCCMAARCCHAAA	MEME-1	III	1935743	1935771	+	1.86239	3.6e-06	0.389	CTTTGGTTCAGTCTTAAGCCCGACCACGA
TTTRGGYTBVGGCYKAGCCMAARCCHAAA	MEME-1	X	1838278	1838306	-	1.85321	3.61e-06	0.389	TTCTGGTCTTGCCCAAGACAAAACCATAT
TTTRGGYTBVGGCYKAGCCMAARCCHAAA	MEME-1	II	2509390	2509418	-	1.85321	3.61e-06	0.389	ATGTGGTCTCGGCCCAGCCGGCAGAGCGA
TTTRGGYTBVGGCYKAGCCMAARCCHAAA	MEME-1	X	8769309	8769337	-	1.82569	3.64e-06	0.391	AAGAGCCTGAGGCTGAGGTAAGTGTCCAA
TTTRGGYTBVGGCYKAGCCMAARCCHAAA	MEME-1	II	2191106	2191134	+	1.82569	3.64e-06	0.391	ATGGGGTTCAGGCTAGACACTTGCACAAA
TTTRGGYTBVGGCYKAGCCMAARCCHAAA	MEME-1	II	6514714	6514742	+	1.80734	3.66e-06	0.391	TTTAGGCATCGAACCAGGCCCAGCAGCAA
TTTRGGYTBVGGCYKAGCCMAARCCHAAA	MEME-1	V	890914	890942	+	1.79817	3.67e-06	0.391	AAGAGCTGAAGGCCCAGGCCAAGGACTAT
TTTRGGYTBVGGCYKAGCCMAARCCHAAA	MEME-1	II	8027433	8027461	-	1.78899	3.68e-06	0.391	ACTGGCCTCCGGCCGGAGTCATGGACAAA
TTTRGGYTBVGGCYKAGCCMAARCCHAAA	MEME-1	III	1897137	1897165	+	1.76147	3.7e-06	0.391	CTGGAGCTTCGGTCACGCCAAAAGATAAA
TTTRGGYTBVGGCYKAGCCMAARCCHAAA	MEME-1	I	4339721	4339749	+	1.76147	3.7e-06	0.391	TCTTGGAACGGACTGAGCCAATTCATCAA
TTTRGGYTBVGGCYKAGCCMAARCCHAAA	MEME-1	IV	8239142	8239170	-	1.75229	3.71e-06	0.391	TTTATGATCAGGATGAGCCAGGAGCATAT
TTTRGGYTBVGGCYKAGCCMAARCCHAAA	MEME-1	V	6516933	6516961	-	1.74312	3.72e-06	0.391	CTGGGCTTGGACCTTGGCCAGGGCCTCTT
TTTRGGYTBVGGCYKAGCCMAARCCHAAA	MEME-1	II	7276017	7276045	-	1.74312	3.72e-06	0.391	TTTAGGTATGGGCTTCCGCCGTACCATCT
TTTRGGYTBVGGCYKAGCCMAARCCHAAA	MEME-1	III	5216954	5216982	-	1.73394	3.73e-06	0.391	GATTGGTTGGGCCCCAGGGCTAACCTCAT
TTTRGGYTBVGGCYKAGCCMAARCCHAAA	MEME-1	X	6801505	6801533	-	1.70642	3.76e-06	0.391	TTGACCAGCAGGCTGGGCTGAAACCACAA
TTTRGGYTBVGGCYKAGCCMAARCCHAAA	MEME-1	X	10866596	10866624	+	1.6789	3.79e-06	0.391	CCGAGGTCCAGCCTTGGGCCAAATCAAAG
TTTRGGYTBVGGCYKAGCCMAARCCHAAA	MEME-1	II	114238	114266	-	1.66972	3.8e-06	0.391	GTTGGCCAGCTGCTCACCCAATAGATCAT
TTTRGGYTBVGGCYKAGCCMAARCCHAAA	MEME-1	II	8360845	8360873	-	1.66972	3.8e-06	0.391	CTGGGGTTGGGACATGGATAAAGCCCAGT
TTTRGGYTBVGGCYKAGCCMAARCCHAAA	MEME-1	V	4505211	4505239	+	1.63303	3.84e-06	0.391	GTTGACTTTGGCATGGGGCAAGGCCTCGA
TTTRGGYTBVGGCYKAGCCMAARCCHAAA	MEME-1	X	11170643	11170671	+	1.59633	3.88e-06	0.391	TGGAGGTTCCGGCGTGGCTATTGGCTCAT
TTTRGGYTBVGGCYKAGCCMAARCCHAAA	MEME-1	II	320871	320899	+	1.58716	3.89e-06	0.391	CTTAGGCTCGGGCCGGGCCGATTGCATCC
TTTRGGYTBVGGCYKAGCCMAARCCHAAA	MEME-1	X	8836751	8836779	+	1.58716	3.89e-06	0.391	TTGTGGTTGAGGCCGCGGAAATAACGAGA
TTTRGGYTBVGGCYKAGCCMAARCCHAAA	MEME-1	V	30648	30676	-	1.57798	3.9e-06	0.391	TTTGGGCTTAGGCCGAAGCCCAACTACTA
TTTRGGYTBVGGCYKAGCCMAARCCHAAA	MEME-1	IV	2341431	2341459	-	1.54128	3.94e-06	0.391	CTGGGGCAGCAGCTGTGGCCGGAGCGAGA
TTTRGGYTBVGGCYKAGCCMAARCCHAAA	MEME-1	I	8238633	8238661	-	1.54128	3.94e-06	0.391	TTGGACCAGAGGATAAGGCCAAGCCTGAA
TTTRGGYTBVGGCYKAGCCMAARCCHAAA	MEME-1	II	6566929	6566957	+	1.54128	3.94e-06	0.391	CTTGGTTCCAGGCTCAGGTTGACGCCTAT
TTTRGGYTBVGGCYKAGCCMAARCCHAAA	MEME-1	II	5711533	5711561	-	1.53211	3.95e-06	0.391	TGTAGCCATGGACCAGGGCAATGCCGAGT
TTTRGGYTBVGGCYKAGCCMAARCCHAAA	MEME-1	V	547159	547187	+	1.53211	3.95e-06	0.391	AGGTGGTCGAGGCCTTGCCACTACCATAA
TTTRGGYTBVGGCYKAGCCMAARCCHAAA	MEME-1	III	2303632	2303660	+	1.52294	3.96e-06	0.391	TTCGGCTGCCGACTTGGCCCCGGCCCCGA
TTTRGGYTBVGGCYKAGCCMAARCCHAAA	MEME-1	IV	10864645	10864673	-	1.51376	3.97e-06	0.391	TTTAGGCTTCGGGCTGGCTCAGTTCGACT
TTTRGGYTBVGGCYKAGCCMAARCCHAAA	MEME-1	X	11288523	11288551	-	1.51376	3.97e-06	0.391	CTAAGCCTAAGCCTAAGCCTAAAGCCTAA
TTTRGGYTBVGGCYKAGCCMAARCCHAAA	MEME-1	II	3198260	3198288	+	1.51376	3.97e-06	0.391	ATGGGCTTGGGTCCGAGCCAGACCTTGAT
TTTRGGYTBVGGCYKAGCCMAARCCHAAA	MEME-1	X	1365488	1365516	-	1.49541	3.99e-06	0.391	TTTGGCTGCCGTCTTTTCCAAATCAGAAA
TTTRGGYTBVGGCYKAGCCMAARCCHAAA	MEME-1	V	8678937	8678965	+	1.49541	3.99e-06	0.391	GTTGTGCTGGGGCATGGCCAGAGGATGAA
TTTRGGYTBVGGCYKAGCCMAARCCHAAA	MEME-1	X	2855197	2855225	-	1.48624	4e-06	0.391	CTGGGGTTGAGTCTGGAGTCGAACCTTGA
TTTRGGYTBVGGCYKAGCCMAARCCHAAA	MEME-1	I	5257917	5257945	-	1.47706	4.01e-06	0.391	TTTTGGCATGGCGCTGGCCAAAATAAAAC
TTTRGGYTBVGGCYKAGCCMAARCCHAAA	MEME-1	IV	4507747	4507775	+	1.47706	4.01e-06	0.391	CTGTCGTCTCGGCTGAGGAAAGTCCTCGT
TTTRGGYTBVGGCYKAGCCMAARCCHAAA	MEME-1	III	7057144	7057172	+	1.47706	4.01e-06	0.391	TTGGGGCTCTGGTTAAGACCGACGAGAAA
TTTRGGYTBVGGCYKAGCCMAARCCHAAA	MEME-1	V	3296556	3296584	-	1.44954	4.04e-06	0.391	TCTGGGTCGGGGCTCAGGTAATTCGATGT
TTTRGGYTBVGGCYKAGCCMAARCCHAAA	MEME-1	II	2169831	2169859	+	1.44954	4.04e-06	0.391	TTGGGCTAGCGGACTGGCCTTTGCCGAAA
TTTRGGYTBVGGCYKAGCCMAARCCHAAA	MEME-1	III	1795840	1795868	+	1.44037	4.05e-06	0.391	TTTGTGTACGGGCTTATGCCATGCTATGA
TTTRGGYTBVGGCYKAGCCMAARCCHAAA	MEME-1	II	5145570	5145598	-	1.43119	4.06e-06	0.391	ATGAGGCCAAGGCCGAGGAGAAGGCTTAA
TTTRGGYTBVGGCYKAGCCMAARCCHAAA	MEME-1	V	9923024	9923052	+	1.43119	4.06e-06	0.391	TTTTGGAAGAAGCTAGGCGAAAGGCGAAA
TTTRGGYTBVGGCYKAGCCMAARCCHAAA	MEME-1	IV	5039600	5039628	+	1.40367	4.09e-06	0.391	TTCAGGCATCGGCTGGAGCTATACAAAAT
TTTRGGYTBVGGCYKAGCCMAARCCHAAA	MEME-1	III	8378508	8378536	+	1.40367	4.09e-06	0.391	CCTGGGTGTCGGACCGGGCCAAAGCCATT
TTTRGGYTBVGGCYKAGCCMAARCCHAAA	MEME-1	V	136854	136882	-	1.38532	4.11e-06	0.391	TTTTGATTTCGGCCGATCCAGGAAAGAAA
TTTRGGYTBVGGCYKAGCCMAARCCHAAA	MEME-1	V	9055888	9055916	+	1.38532	4.11e-06	0.391	GTGTGGCGCGCCCGCAGCCCAGTGCCTAT
TTTRGGYTBVGGCYKAGCCMAARCCHAAA	MEME-1	I	8504370	8504398	-	1.36697	4.14e-06	0.391	CTGTGGCTTGGGCTGTTCCAGTAGCGGAA
TTTRGGYTBVGGCYKAGCCMAARCCHAAA	MEME-1	V	2137880	2137908	-	1.34862	4.16e-06	0.391	ATTGGCTTGGGTCTCAGACAGACACACAT
TTTRGGYTBVGGCYKAGCCMAARCCHAAA	MEME-1	X	8735568	8735596	-	1.34862	4.16e-06	0.391	TCTTTTCGTCGGCTTGGCCAAATCAACAA
TTTRGGYTBVGGCYKAGCCMAARCCHAAA	MEME-1	III	1930572	1930600	+	1.33945	4.17e-06	0.391	TTTTCCTTTCTCCTAAGTCCAACCCGCAA
TTTRGGYTBVGGCYKAGCCMAARCCHAAA	MEME-1	III	2031967	2031995	+	1.3211	4.19e-06	0.391	CTTAGCCTTAGGCTTAGGCTAGGCTAAGC
TTTRGGYTBVGGCYKAGCCMAARCCHAAA	MEME-1	I	4879741	4879769	+	1.3211	4.19e-06	0.391	CTTGGTTTTCTGCTTGGACCAGCCACTAA
TTTRGGYTBVGGCYKAGCCMAARCCHAAA	MEME-1	V	4685818	4685846	+	1.31193	4.2e-06	0.391	TTGGAGCTCGGGCCAAAACAGAAGCCAGT
TTTRGGYTBVGGCYKAGCCMAARCCHAAA	MEME-1	V	7124315	7124343	+	1.31193	4.2e-06	0.391	TTTTGGTTCGCGTTTAGGAAAAGCTCAAT
TTTRGGYTBVGGCYKAGCCMAARCCHAAA	MEME-1	X	152695	152723	-	1.29358	4.22e-06	0.391	TTTGGCGAGCGGCCAAGCGCATCGCTAAG
TTTRGGYTBVGGCYKAGCCMAARCCHAAA	MEME-1	I	8679316	8679344	+	1.29358	4.22e-06	0.391	TTGTTTCTGCGGCTAAGGCAAACGACGAA
TTTRGGYTBVGGCYKAGCCMAARCCHAAA	MEME-1	V	8383007	8383035	-	1.2844	4.23e-06	0.391	ATTGGGCTTCGTCTCGGGCCAAGGGGCTT
TTTRGGYTBVGGCYKAGCCMAARCCHAAA	MEME-1	V	10753205	10753233	-	1.2844	4.23e-06	0.391	GCTGGGCTTCGGCTCAGTCCACAGGTAAA
TTTRGGYTBVGGCYKAGCCMAARCCHAAA	MEME-1	V	3392956	3392984	+	1.2844	4.23e-06	0.391	CGTAGGCAAGAGCCAAGCCAAGACATAAA
TTTRGGYTBVGGCYKAGCCMAARCCHAAA	MEME-1	II	5073662	5073690	+	1.2844	4.23e-06	0.391	ATGAGGTTCAGCCAGAGCTCAAGAATAAC
TTTRGGYTBVGGCYKAGCCMAARCCHAAA	MEME-1	V	6546210	6546238	+	1.2844	4.23e-06	0.391	ATGATGTTTAATCCGAGCCAAAGGACCAT
TTTRGGYTBVGGCYKAGCCMAARCCHAAA	MEME-1	I	664474	664502	-	1.27523	4.24e-06	0.391	TTGTGGCCGGCGCCGGGGCCGGCCAACTA
TTTRGGYTBVGGCYKAGCCMAARCCHAAA	MEME-1	IV	6488032	6488060	-	1.26606	4.25e-06	0.391	ATTTGGATCAGCATTAGGAAAATGCAAAA
TTTRGGYTBVGGCYKAGCCMAARCCHAAA	MEME-1	II	700638	700666	-	1.25688	4.26e-06	0.391	TTGGGGTAAGGGCTGAGCCAAATAATTCT
TTTRGGYTBVGGCYKAGCCMAARCCHAAA	MEME-1	III	200748	200776	-	1.24771	4.27e-06	0.391	ATTAGGTACAGTCACAACCCAAACCAAAC
TTTRGGYTBVGGCYKAGCCMAARCCHAAA	MEME-1	III	9024593	9024621	+	1.23853	4.29e-06	0.391	TTGGAGCTTCGCTTGAGGCCGATCCGAAC
TTTRGGYTBVGGCYKAGCCMAARCCHAAA	MEME-1	I	494645	494673	-	1.22936	4.3e-06	0.391	TATGGCATCCGGCTTCGCCAATCCAAAGT
TTTRGGYTBVGGCYKAGCCMAARCCHAAA	MEME-1	I	1237156	1237184	-	1.22936	4.3e-06	0.391	TATGGCGTCCGGCTTTGCCAATCCAAAGT
TTTRGGYTBVGGCYKAGCCMAARCCHAAA	MEME-1	I	491319	491347	+	1.22936	4.3e-06	0.391	TATGGCATCCGGCTTCGCCAATCCAAAGT
TTTRGGYTBVGGCYKAGCCMAARCCHAAA	MEME-1	I	580880	580908	+	1.22936	4.3e-06	0.391	TGTGGCATCCGGCTTCGCCAATCCAAAGT
TTTRGGYTBVGGCYKAGCCMAARCCHAAA	MEME-1	IV	817191	817219	-	1.22018	4.31e-06	0.391	ATGCGCCTTAGGCCCGGCTAGGCCGAAAT
TTTRGGYTBVGGCYKAGCCMAARCCHAAA	MEME-1	X	10099812	10099840	-	1.22018	4.31e-06	0.391	CTGATGTTCAGGCTTGGCGACATGACAAA
TTTRGGYTBVGGCYKAGCCMAARCCHAAA	MEME-1	V	2012966	2012994	-	1.21101	4.32e-06	0.391	TTTTGTCTTCAGCTAACGCCAGCGCAAAT
TTTRGGYTBVGGCYKAGCCMAARCCHAAA	MEME-1	I	8860874	8860902	-	1.20183	4.33e-06	0.391	GGGGACTTTGGGCTTTGGCCGGGCCCAAA
TTTRGGYTBVGGCYKAGCCMAARCCHAAA	MEME-1	IV	10636891	10636919	-	1.19266	4.34e-06	0.391	TTTTCCCTTGGTGCAAGCCCAATCCGCAT
TTTRGGYTBVGGCYKAGCCMAARCCHAAA	MEME-1	I	4579971	4579999	+	1.19266	4.34e-06	0.391	TTTTGGTCTCTGCTGGCGCCGGCCATAGA
TTTRGGYTBVGGCYKAGCCMAARCCHAAA	MEME-1	I	4683365	4683393	+	1.19266	4.34e-06	0.391	GTGTGCTTGCGGCCGTGGTCATTCCTTCA
TTTRGGYTBVGGCYKAGCCMAARCCHAAA	MEME-1	II	4705688	4705716	+	1.19266	4.34e-06	0.391	TTTGTCCCGAAGACGGGCCAAAAGCCCAA
TTTRGGYTBVGGCYKAGCCMAARCCHAAA	MEME-1	IV	616087	616115	-	1.18349	4.35e-06	0.391	GGGTGCCTCGGCCTTGGCACAGTCCACGA
TTTRGGYTBVGGCYKAGCCMAARCCHAAA	MEME-1	I	4293704	4293732	-	1.17431	4.36e-06	0.391	TTTTTCCTGCGGATTAGCTGAGACCAAGA
TTTRGGYTBVGGCYKAGCCMAARCCHAAA	MEME-1	V	6285153	6285181	+	1.17431	4.36e-06	0.391	AAGAGGCGGCGGCCGGCCGAAACCACAAA
TTTRGGYTBVGGCYKAGCCMAARCCHAAA	MEME-1	IV	9001527	9001555	+	1.17431	4.36e-06	0.391	CATAGGCTGGGACCGGGGCAGACCGTCAA
TTTRGGYTBVGGCYKAGCCMAARCCHAAA	MEME-1	IV	360742	360770	-	1.15596	4.38e-06	0.391	CTCAGCTTTGGGCTCAGAACATTGCAAAT
TTTRGGYTBVGGCYKAGCCMAARCCHAAA	MEME-1	III	991952	991980	-	1.15596	4.38e-06	0.391	CTGCAGCCTGGGTCCAGCCAATACCGTAA
TTTRGGYTBVGGCYKAGCCMAARCCHAAA	MEME-1	IV	11184644	11184672	-	1.14679	4.4e-06	0.391	CTAAGCCTAAGCCTAAGCCCTAAGCCTAA
TTTRGGYTBVGGCYKAGCCMAARCCHAAA	MEME-1	III	7025701	7025729	-	1.13761	4.41e-06	0.391	GTTAGGCATAGCGTAAGCTCAAACAGTAC
TTTRGGYTBVGGCYKAGCCMAARCCHAAA	MEME-1	II	3227563	3227591	+	1.13761	4.41e-06	0.391	TCTGGGTCGACGCCTGGCCCGAGTCTCGA
TTTRGGYTBVGGCYKAGCCMAARCCHAAA	MEME-1	III	2744256	2744284	-	1.12844	4.42e-06	0.391	ATATGGTTTCGGCCCGGCCCGAAACGCGG
TTTRGGYTBVGGCYKAGCCMAARCCHAAA	MEME-1	II	4506053	4506081	-	1.11927	4.43e-06	0.391	TGTAGGCGGAGCCTGTGGCCGGCGCTCGA
TTTRGGYTBVGGCYKAGCCMAARCCHAAA	MEME-1	IV	6056097	6056125	+	1.11927	4.43e-06	0.391	GATGGGTACCGGCTCAGTCAGGCGAACAT
TTTRGGYTBVGGCYKAGCCMAARCCHAAA	MEME-1	X	1678673	1678701	-	1.11009	4.44e-06	0.391	ATGAAACTGGTGCTTGGCTCAATGCCAAT
TTTRGGYTBVGGCYKAGCCMAARCCHAAA	MEME-1	II	485778	485806	+	1.10092	4.45e-06	0.391	ATTAGCCTCGGGCTTTGTCCAGCCATTAC
TTTRGGYTBVGGCYKAGCCMAARCCHAAA	MEME-1	III	4557591	4557619	+	1.10092	4.45e-06	0.391	GTTGGGTCCAGACGAAGCCGGGAGCCAAA
TTTRGGYTBVGGCYKAGCCMAARCCHAAA	MEME-1	III	8258401	8258429	+	1.09174	4.46e-06	0.391	CTCGGGCAGCGGCCCTGCTAAGGCAGAGA
TTTRGGYTBVGGCYKAGCCMAARCCHAAA	MEME-1	IV	3599282	3599310	-	1.08257	4.48e-06	0.391	TTGGAGCAGCGAGTCAGCCCGAACAGAAA
TTTRGGYTBVGGCYKAGCCMAARCCHAAA	MEME-1	I	8236549	8236577	+	1.08257	4.48e-06	0.391	CTTGAGTTCAGGCTTGGGGAAGCCACGAA
TTTRGGYTBVGGCYKAGCCMAARCCHAAA	MEME-1	IV	3093382	3093410	-	1.06422	4.5e-06	0.391	ATTGACGGGCGGCTAAGGCCAACCCGAAG
TTTRGGYTBVGGCYKAGCCMAARCCHAAA	MEME-1	III	927150	927178	-	1.05505	4.51e-06	0.391	TTTTGGTCGGGACAAAGGTAAGACAACGA
TTTRGGYTBVGGCYKAGCCMAARCCHAAA	MEME-1	V	939320	939348	-	1.05505	4.51e-06	0.391	CATCGGTGGCGGCCAAGTCCAGACCGAGA
TTTRGGYTBVGGCYKAGCCMAARCCHAAA	MEME-1	IV	9428585	9428613	-	1.05505	4.51e-06	0.391	ATTAGGGTAACGACGAGCCCATGCCGAAA
TTTRGGYTBVGGCYKAGCCMAARCCHAAA	MEME-1	III	3473520	3473548	+	1.0367	4.53e-06	0.391	TTTAGTTAGAGACTGGGCAAAAAGAGAAA
TTTRGGYTBVGGCYKAGCCMAARCCHAAA	MEME-1	III	8863645	8863673	+	1.0367	4.53e-06	0.391	CTGGGACTCGGGCTAGGCCATAACTGTAT
TTTRGGYTBVGGCYKAGCCMAARCCHAAA	MEME-1	II	7518266	7518294	-	1.00917	4.57e-06	0.391	TTTAGGTTGAGCCTTTACCCGGAAAGAAA
TTTRGGYTBVGGCYKAGCCMAARCCHAAA	MEME-1	III	9565481	9565509	+	1	4.58e-06	0.391	CGGGCGCTCGTGCTCGGCCCGGTCCCAAA
TTTRGGYTBVGGCYKAGCCMAARCCHAAA	MEME-1	I	3091733	3091761	+	0.990826	4.59e-06	0.391	CTGGGCTCGGGCCTCGACGAATGGCCAAT
TTTRGGYTBVGGCYKAGCCMAARCCHAAA	MEME-1	II	4931095	4931123	+	0.963303	4.62e-06	0.391	ATTTAATTGAGGCTGGGGTAAATCCCGAA
TTTRGGYTBVGGCYKAGCCMAARCCHAAA	MEME-1	II	3508533	3508561	-	0.944954	4.65e-06	0.391	TTCGGCCTGGCGCCGGGGCAAACCAGTGT
TTTRGGYTBVGGCYKAGCCMAARCCHAAA	MEME-1	V	45354	45382	-	0.93578	4.66e-06	0.391	TCGAGGCGCCGGGAGAGGCCGAGGCGCAA
TTTRGGYTBVGGCYKAGCCMAARCCHAAA	MEME-1	II	8144216	8144244	+	0.926606	4.67e-06	0.391	TTCACGTGTGGACTTTGGCCAAAGCAAAA
TTTRGGYTBVGGCYKAGCCMAARCCHAAA	MEME-1	X	3508971	3508999	+	0.917431	4.68e-06	0.391	TCAGGCTAGCGGCTTAGCCAGTAACACAT
TTTRGGYTBVGGCYKAGCCMAARCCHAAA	MEME-1	V	8486858	8486886	+	0.917431	4.68e-06	0.391	GTGTGGTGTCCGCTGTGGTCAGTGCAAAT
TTTRGGYTBVGGCYKAGCCMAARCCHAAA	MEME-1	III	490165	490193	+	0.908257	4.7e-06	0.391	TTGAGGTAGCTGCCAAAGCCACACCCTGA
TTTRGGYTBVGGCYKAGCCMAARCCHAAA	MEME-1	IV	7305206	7305234	-	0.899083	4.71e-06	0.391	ATCAGCCATCGGCCGTGCTAAAGCCTCCA
TTTRGGYTBVGGCYKAGCCMAARCCHAAA	MEME-1	II	5728915	5728943	+	0.899083	4.71e-06	0.391	CTTGGGCTGATTGTGAGGCAGAACATAAA
TTTRGGYTBVGGCYKAGCCMAARCCHAAA	MEME-1	IV	5961990	5962018	+	0.899083	4.71e-06	0.391	TTTTGGCTGCTGACCAGCCTGAACAATAT
TTTRGGYTBVGGCYKAGCCMAARCCHAAA	MEME-1	IV	4176947	4176975	+	0.889908	4.72e-06	0.391	GTGTTGCATGGGCTGCCCCCAAAGACCAA
TTTRGGYTBVGGCYKAGCCMAARCCHAAA	MEME-1	I	6155755	6155783	+	0.889908	4.72e-06	0.391	TTTCTGCTGAGGCTCAGCCAGAAGATCGC
TTTRGGYTBVGGCYKAGCCMAARCCHAAA	MEME-1	X	10208422	10208450	-	0.880734	4.73e-06	0.391	CAGTTGTTCAGGCCGAGGCCACACACAGA
TTTRGGYTBVGGCYKAGCCMAARCCHAAA	MEME-1	I	171941	171969	-	0.862385	4.76e-06	0.391	TATAGACTTGGGCCTCGCCTAATCCGAGA
TTTRGGYTBVGGCYKAGCCMAARCCHAAA	MEME-1	III	3017215	3017243	+	0.862385	4.76e-06	0.391	CTGTGGTCTCGGCTGAGAACACAGCTTAT
TTTRGGYTBVGGCYKAGCCMAARCCHAAA	MEME-1	III	6333039	6333067	-	0.853211	4.77e-06	0.391	TGTGGGCCAGGGCGTAGGTCATCCCCTGA
TTTRGGYTBVGGCYKAGCCMAARCCHAAA	MEME-1	II	8786759	8786787	-	0.853211	4.77e-06	0.391	TGGAGCCTCAGGATGCGGCAAGAGCACAA
TTTRGGYTBVGGCYKAGCCMAARCCHAAA	MEME-1	I	7199423	7199451	+	0.853211	4.77e-06	0.391	ATGTGGTTTTGACCAAACCAATGCAACAA
TTTRGGYTBVGGCYKAGCCMAARCCHAAA	MEME-1	II	4970592	4970620	-	0.844037	4.78e-06	0.391	TTTTGGCACGGACTAGGCCGAAAAAAAGA
TTTRGGYTBVGGCYKAGCCMAARCCHAAA	MEME-1	V	9270471	9270499	-	0.844037	4.78e-06	0.391	ATTTGGATCCGGCTTGGCCTTGTCAGCAA
TTTRGGYTBVGGCYKAGCCMAARCCHAAA	MEME-1	III	1541232	1541260	-	0.834862	4.79e-06	0.391	TTGGGCTTTCGGAGCAGCTGAGGCCATAA
TTTRGGYTBVGGCYKAGCCMAARCCHAAA	MEME-1	I	597140	597168	+	0.807339	4.83e-06	0.391	CTTTGGAATAGGCCCAGCTGAAAGAGAGT
TTTRGGYTBVGGCYKAGCCMAARCCHAAA	MEME-1	IV	9896345	9896373	-	0.788991	4.85e-06	0.391	TTTGGATCGGGACTCAGGCCATAGACATT
TTTRGGYTBVGGCYKAGCCMAARCCHAAA	MEME-1	I	932483	932511	+	0.788991	4.85e-06	0.391	CTGAGGGGCAGCCTGAGGGAATCCACCGA
TTTRGGYTBVGGCYKAGCCMAARCCHAAA	MEME-1	IV	9568752	9568780	-	0.770642	4.88e-06	0.391	CTGACGTGTTGCCCGGGTCCAAGCCGCAA
TTTRGGYTBVGGCYKAGCCMAARCCHAAA	MEME-1	X	1820891	1820919	-	0.761468	4.89e-06	0.391	CTCTGGCAGAGCTTGAGGTCAACCCATAT
TTTRGGYTBVGGCYKAGCCMAARCCHAAA	MEME-1	X	2349617	2349645	-	0.761468	4.89e-06	0.391	TTGTCTTACCGGGCTGGCCAGTCCCCAAA
TTTRGGYTBVGGCYKAGCCMAARCCHAAA	MEME-1	X	8318262	8318290	-	0.761468	4.89e-06	0.391	ATGTGACAACGTCTTGGCTCAGACCAAAA
TTTRGGYTBVGGCYKAGCCMAARCCHAAA	MEME-1	I	5735422	5735450	+	0.761468	4.89e-06	0.391	TTTGGGTTGAGGCTAAAGCATTCGCATTA
TTTRGGYTBVGGCYKAGCCMAARCCHAAA	MEME-1	IV	2781164	2781192	+	0.752294	4.9e-06	0.391	TTTCGGTCTCGCCGTAGCCCAGGGACCCT
TTTRGGYTBVGGCYKAGCCMAARCCHAAA	MEME-1	III	7144846	7144874	+	0.752294	4.9e-06	0.391	TTTTGGCTTGGCCTCTTGAAAAACATCAT
TTTRGGYTBVGGCYKAGCCMAARCCHAAA	MEME-1	I	3686913	3686941	-	0.743119	4.91e-06	0.391	TTGGAGTTCTGGCGGGGACCAAGGCGAAA
TTTRGGYTBVGGCYKAGCCMAARCCHAAA	MEME-1	I	8238084	8238112	-	0.743119	4.91e-06	0.391	TTCAGGTCGAGACCAATGCCAAGCCGCGA
TTTRGGYTBVGGCYKAGCCMAARCCHAAA	MEME-1	IV	6748587	6748615	+	0.743119	4.91e-06	0.391	ATGAGGCTCGGGATCGTCCAATTCGAAGA
TTTRGGYTBVGGCYKAGCCMAARCCHAAA	MEME-1	IV	4005047	4005075	-	0.724771	4.94e-06	0.391	CTTGGATGGCGTCTTGGGCAAGCACTAAA
TTTRGGYTBVGGCYKAGCCMAARCCHAAA	MEME-1	I	4841118	4841146	+	0.715596	4.95e-06	0.391	GTTCGGTGTCGCCTCGGCCAGTCCTTCGT
TTTRGGYTBVGGCYKAGCCMAARCCHAAA	MEME-1	V	4411602	4411630	-	0.706422	4.96e-06	0.391	CTTATGCCCGGCCTGACCCAATCGAACGA
TTTRGGYTBVGGCYKAGCCMAARCCHAAA	MEME-1	V	734768	734796	-	0.697248	4.98e-06	0.391	TTGAGCTTTCTGTCGAACCAGACCATAAA
TTTRGGYTBVGGCYKAGCCMAARCCHAAA	MEME-1	I	1968828	1968856	-	0.688073	4.99e-06	0.391	GTTTGGTCGCGGATTAGGTTCAGCCCTAA
TTTRGGYTBVGGCYKAGCCMAARCCHAAA	MEME-1	III	5321456	5321484	-	0.688073	4.99e-06	0.391	ATTTGCTTTGAGCCTTGGCAATGCGGCAA
TTTRGGYTBVGGCYKAGCCMAARCCHAAA	MEME-1	IV	7810001	7810029	-	0.678899	5e-06	0.391	TCGTGATAGCGCCTTAACTAAAACCTCAA
TTTRGGYTBVGGCYKAGCCMAARCCHAAA	MEME-1	V	7307161	7307189	+	0.678899	5e-06	0.391	ATTGGGCATCGGAACATCTAAAACCTTAT
TTTRGGYTBVGGCYKAGCCMAARCCHAAA	MEME-1	III	2995530	2995558	+	0.669725	5.02e-06	0.391	TTTGGACCTGGGGTGGGATCGAGCCCAGA
TTTRGGYTBVGGCYKAGCCMAARCCHAAA	MEME-1	I	3640095	3640123	-	0.66055	5.03e-06	0.391	TTTTGCCAAACGCTGGGCCAAAAGAGCGT
TTTRGGYTBVGGCYKAGCCMAARCCHAAA	MEME-1	X	9045532	9045560	+	0.66055	5.03e-06	0.391	ATGGGGCTCCAGCTGGGGAAAACACATAT
TTTRGGYTBVGGCYKAGCCMAARCCHAAA	MEME-1	II	8720660	8720688	-	0.651376	5.04e-06	0.391	GTGTGGCTCCGGTCAAGCCAGATCTCGAT
TTTRGGYTBVGGCYKAGCCMAARCCHAAA	MEME-1	I	2479275	2479303	+	0.633028	5.07e-06	0.391	CTGGGGGTGGGGTCTGGGCCTACCACAGA
TTTRGGYTBVGGCYKAGCCMAARCCHAAA	MEME-1	III	7431427	7431455	+	0.633028	5.07e-06	0.391	TTCAAGTTTCGGGTAAGCCAAAATAAAAA
TTTRGGYTBVGGCYKAGCCMAARCCHAAA	MEME-1	X	4693151	4693179	-	0.614679	5.09e-06	0.391	ATCTCGCTAAGGTTCAGCCCAACGCCAAA
TTTRGGYTBVGGCYKAGCCMAARCCHAAA	MEME-1	IV	7355928	7355956	+	0.614679	5.09e-06	0.391	TTTTGATTTCAGCCTAGCGAAGACCACAG
TTTRGGYTBVGGCYKAGCCMAARCCHAAA	MEME-1	I	7819220	7819248	+	0.605505	5.1e-06	0.391	ATGTGCTGTGGGACGACGCAATGGCCAGT
TTTRGGYTBVGGCYKAGCCMAARCCHAAA	MEME-1	I	7828324	7828352	+	0.605505	5.1e-06	0.391	ATGTGCTGTGGGACGACGCAATGGCCAGT
TTTRGGYTBVGGCYKAGCCMAARCCHAAA	MEME-1	X	6910167	6910195	-	0.59633	5.12e-06	0.391	GTGATCCTGAAGCTGAGGTCATCGCATAA
TTTRGGYTBVGGCYKAGCCMAARCCHAAA	MEME-1	II	823041	823069	+	0.59633	5.12e-06	0.391	CTTGGGTTTGACCCAGACCAAGACCCATT
TTTRGGYTBVGGCYKAGCCMAARCCHAAA	MEME-1	I	57974	58002	+	0.587156	5.13e-06	0.391	GTGAGCCAGGGGATGAGGCAGAGCAGGAT
TTTRGGYTBVGGCYKAGCCMAARCCHAAA	MEME-1	III	4737053	4737081	+	0.587156	5.13e-06	0.391	GTTGGTTGCGGCCCAGGCACAGACCCAAC
TTTRGGYTBVGGCYKAGCCMAARCCHAAA	MEME-1	II	6828446	6828474	+	0.568807	5.16e-06	0.391	GCTAGCCACGCGATTAGCCAAAACCGCGA
TTTRGGYTBVGGCYKAGCCMAARCCHAAA	MEME-1	X	10824734	10824762	-	0.559633	5.17e-06	0.391	TTTGTCTATATGCCCAGCCAATTCCCACT
TTTRGGYTBVGGCYKAGCCMAARCCHAAA	MEME-1	X	1775802	1775830	+	0.559633	5.17e-06	0.391	CTTTAGCATCGGTCGAGCGCAACGACAAA
TTTRGGYTBVGGCYKAGCCMAARCCHAAA	MEME-1	II	3198259	3198287	+	0.559633	5.17e-06	0.391	TATGGGCTTGGGTCCGAGCCAGACCTTGA
TTTRGGYTBVGGCYKAGCCMAARCCHAAA	MEME-1	I	6144490	6144518	-	0.550459	5.18e-06	0.391	AGTGGCCGGAGGCGCGGCCAAGTCCGAGT
TTTRGGYTBVGGCYKAGCCMAARCCHAAA	MEME-1	II	4254095	4254123	-	0.541284	5.19e-06	0.391	GTTTGATTTCGCCTCGTCCAAATCGTCAA
TTTRGGYTBVGGCYKAGCCMAARCCHAAA	MEME-1	V	10696690	10696718	-	0.541284	5.19e-06	0.391	TTTAGGTCTCGGAATGACTAAAAGCGAGA
TTTRGGYTBVGGCYKAGCCMAARCCHAAA	MEME-1	IV	4557141	4557169	-	0.53211	5.21e-06	0.391	ATCAGGTCCGGGTTGGTCCAAAGGAACAA
TTTRGGYTBVGGCYKAGCCMAARCCHAAA	MEME-1	X	427223	427251	+	0.53211	5.21e-06	0.391	TTGAGGTTTAGCGCGAGCTGTAACCACGT
TTTRGGYTBVGGCYKAGCCMAARCCHAAA	MEME-1	X	5319203	5319231	-	0.522936	5.22e-06	0.391	TTTATCTTCAGGTTTTGCCAGACCATCAT
TTTRGGYTBVGGCYKAGCCMAARCCHAAA	MEME-1	I	2217726	2217754	+	0.522936	5.22e-06	0.391	CACAGGCGGGGGCATAGCTAAAGGAAAAA
TTTRGGYTBVGGCYKAGCCMAARCCHAAA	MEME-1	III	4875247	4875275	-	0.513761	5.23e-06	0.391	TTTAGCTGTGGTCTGGCCTCGAGGACAGA
TTTRGGYTBVGGCYKAGCCMAARCCHAAA	MEME-1	II	614718	614746	-	0.504587	5.25e-06	0.391	ACGAGATCCGGGCTGAGGCCGTTCATCGA
TTTRGGYTBVGGCYKAGCCMAARCCHAAA	MEME-1	IV	3141988	3142016	+	0.495413	5.26e-06	0.391	TTTGTGCAGCGGCCCAAGCCAGTCGAAAT
TTTRGGYTBVGGCYKAGCCMAARCCHAAA	MEME-1	II	4676976	4677004	+	0.495413	5.26e-06	0.391	TTTAGATAGAGCCTCATCCAAAAGAAACA
TTTRGGYTBVGGCYKAGCCMAARCCHAAA	MEME-1	X	361052	361080	-	0.486239	5.27e-06	0.391	TAGGGCTTACGGCTTAGCCCAACAACAAG
TTTRGGYTBVGGCYKAGCCMAARCCHAAA	MEME-1	IV	1092288	1092316	-	0.486239	5.27e-06	0.391	GTTTCCCTTAGGCTCGGCCGAAACCATTT
TTTRGGYTBVGGCYKAGCCMAARCCHAAA	MEME-1	V	6497705	6497733	+	0.486239	5.27e-06	0.391	ATGTCGTTTCGGCTGTTCCCAATCAGCAT
TTTRGGYTBVGGCYKAGCCMAARCCHAAA	MEME-1	I	6017973	6018001	+	0.477064	5.29e-06	0.391	TTGTACTGCCGCCCAAGGTAGGAGCGCAA
TTTRGGYTBVGGCYKAGCCMAARCCHAAA	MEME-1	IV	3924181	3924209	-	0.46789	5.3e-06	0.391	ATTGGTCCAGGGCCAAGACAGAAGACAAA
TTTRGGYTBVGGCYKAGCCMAARCCHAAA	MEME-1	I	3409376	3409404	+	0.46789	5.3e-06	0.391	ATTAGATTTATGCTTTGCTAAAAACTAAA
TTTRGGYTBVGGCYKAGCCMAARCCHAAA	MEME-1	III	9104008	9104036	-	0.458716	5.31e-06	0.391	TTTAGGCCGCTGCCTAGCCAGAAAAGAGG
TTTRGGYTBVGGCYKAGCCMAARCCHAAA	MEME-1	II	3447848	3447876	-	0.440367	5.34e-06	0.391	TTGCGGTTGAGGCGGGACCCGAGGCTTGA
TTTRGGYTBVGGCYKAGCCMAARCCHAAA	MEME-1	II	4763556	4763584	+	0.440367	5.34e-06	0.391	TTTTGACTGGGACTCATCCCAAAGGTCAA
TTTRGGYTBVGGCYKAGCCMAARCCHAAA	MEME-1	I	5918821	5918849	+	0.440367	5.34e-06	0.391	CTTTGCCGGCGGCCGGGTTCAGACACCCA
TTTRGGYTBVGGCYKAGCCMAARCCHAAA	MEME-1	V	7325462	7325490	+	0.440367	5.34e-06	0.391	TTTTGGCTGGCGACTGACCGAAACCGCAA
TTTRGGYTBVGGCYKAGCCMAARCCHAAA	MEME-1	IV	8096887	8096915	+	0.431193	5.35e-06	0.391	ATGAGGTCGGAGCTGAGGACGAAGCTGAT
TTTRGGYTBVGGCYKAGCCMAARCCHAAA	MEME-1	X	7708612	7708640	-	0.422018	5.37e-06	0.391	CGTGGCCACCGCCTGGGCTCCATCCGAAT
TTTRGGYTBVGGCYKAGCCMAARCCHAAA	MEME-1	I	5354093	5354121	-	0.412844	5.38e-06	0.391	GTTAGCCAGAAGCTAAGGCAGAGGCGCTA
TTTRGGYTBVGGCYKAGCCMAARCCHAAA	MEME-1	V	6332000	6332028	-	0.412844	5.38e-06	0.391	ATGAGGATGAGGCCGGTGGAAACCACAAT
TTTRGGYTBVGGCYKAGCCMAARCCHAAA	MEME-1	X	3629205	3629233	+	0.412844	5.38e-06	0.391	CTGAGCCCGCCCCTTAGCCAGGCGCCGAT
TTTRGGYTBVGGCYKAGCCMAARCCHAAA	MEME-1	III	8513525	8513553	+	0.412844	5.38e-06	0.391	AATGGGCTCGAGTCGAGCCAAACGCCATA
TTTRGGYTBVGGCYKAGCCMAARCCHAAA	MEME-1	II	1353344	1353372	-	0.40367	5.39e-06	0.391	TTTCGCTCCCGGGTGGGCTCGAACCACCA
TTTRGGYTBVGGCYKAGCCMAARCCHAAA	MEME-1	X	2411866	2411894	-	0.40367	5.39e-06	0.391	CTGAGCTTCTGGCTGAGGACTGCCCGAAT
TTTRGGYTBVGGCYKAGCCMAARCCHAAA	MEME-1	X	2795079	2795107	-	0.40367	5.39e-06	0.391	TTTCGCTCCCGGGTGGGCTCGAACCACCA
TTTRGGYTBVGGCYKAGCCMAARCCHAAA	MEME-1	III	4389555	4389583	-	0.40367	5.39e-06	0.391	TTTCGCTCCCGGGTGGGCTCGAACCACCA
TTTRGGYTBVGGCYKAGCCMAARCCHAAA	MEME-1	I	4833606	4833634	-	0.40367	5.39e-06	0.391	TTTATCCACAGGACAAGCCAGAAGACAGT
TTTRGGYTBVGGCYKAGCCMAARCCHAAA	MEME-1	III	7716961	7716989	-	0.40367	5.39e-06	0.391	TTTCGCTCCCGGGTGGGCTCGAACCACCA
TTTRGGYTBVGGCYKAGCCMAARCCHAAA	MEME-1	I	487258	487286	+	0.40367	5.39e-06	0.391	TTTCGCTCCCGGGTGGGCTCGAACCACCA
TTTRGGYTBVGGCYKAGCCMAARCCHAAA	MEME-1	X	736938	736966	+	0.40367	5.39e-06	0.391	TTTCGCTCCCGGGTGGGCTCGAACCACCA
TTTRGGYTBVGGCYKAGCCMAARCCHAAA	MEME-1	X	739749	739777	+	0.40367	5.39e-06	0.391	TTTCGCTCCCGGGTGGGCTCGAACCACCA
TTTRGGYTBVGGCYKAGCCMAARCCHAAA	MEME-1	X	1446850	1446878	+	0.40367	5.39e-06	0.391	TTTCGCTCCCGGGTGGGCTCGAACCACCA
TTTRGGYTBVGGCYKAGCCMAARCCHAAA	MEME-1	III	1580159	1580187	+	0.40367	5.39e-06	0.391	TTTCGCTCCCGGGTGGGCTCGAACCACCA
TTTRGGYTBVGGCYKAGCCMAARCCHAAA	MEME-1	III	1663523	1663551	+	0.40367	5.39e-06	0.391	TTTCGCTCCCGGGTGGGCTCGAACCACCA
TTTRGGYTBVGGCYKAGCCMAARCCHAAA	MEME-1	IV	9389866	9389894	+	0.40367	5.39e-06	0.391	TTTCGCTCCCGGGTGGGCTCGAACCACCA
TTTRGGYTBVGGCYKAGCCMAARCCHAAA	MEME-1	II	67298	67326	-	0.394495	5.41e-06	0.391	CTTTGGCTGCGTCCTAACCCGGACACATT
TTTRGGYTBVGGCYKAGCCMAARCCHAAA	MEME-1	IV	5600210	5600238	-	0.394495	5.41e-06	0.391	TTTAGGTTTGGGTCGCGCCCAGGTCGATT
TTTRGGYTBVGGCYKAGCCMAARCCHAAA	MEME-1	II	8015360	8015388	-	0.376147	5.44e-06	0.391	CTGGGGCTTCGGGCTTGTCATAACCTAAT
TTTRGGYTBVGGCYKAGCCMAARCCHAAA	MEME-1	I	27171	27199	+	0.376147	5.44e-06	0.391	TTTGGCTGCGGCCGAGCCCAAACCTAAAA
TTTRGGYTBVGGCYKAGCCMAARCCHAAA	MEME-1	V	1666390	1666418	+	0.366972	5.45e-06	0.391	AATAGGTTGAGCCTTGACCAAACAAAAAT
TTTRGGYTBVGGCYKAGCCMAARCCHAAA	MEME-1	V	2906315	2906343	-	0.357798	5.46e-06	0.391	TTTAGGACCAGCCACAGCTCAACAACAAT
TTTRGGYTBVGGCYKAGCCMAARCCHAAA	MEME-1	X	3366769	3366797	+	0.357798	5.46e-06	0.391	TTTAGGATGCGGCTAGACCAAAGTTGAAA
TTTRGGYTBVGGCYKAGCCMAARCCHAAA	MEME-1	X	2328488	2328516	-	0.348624	5.48e-06	0.391	CTTTGGTATAGGCTCCACCAGTCCAATAT
TTTRGGYTBVGGCYKAGCCMAARCCHAAA	MEME-1	X	2395359	2395387	-	0.33945	5.49e-06	0.391	ATTGGGCCGCAGCTGGGGTGAATCAGAGA
TTTRGGYTBVGGCYKAGCCMAARCCHAAA	MEME-1	III	4260672	4260700	-	0.33945	5.49e-06	0.391	TTGTTCTAGAAGCTTGGACAAAAGCTAAA
TTTRGGYTBVGGCYKAGCCMAARCCHAAA	MEME-1	X	517193	517221	+	0.33945	5.49e-06	0.391	GATAGGTTTCGGCTGCGCAAAAGTACAAA
TTTRGGYTBVGGCYKAGCCMAARCCHAAA	MEME-1	II	700645	700673	+	0.33945	5.49e-06	0.391	TTTGGCTCAGCCCTTACCCCAATCCAAGT
TTTRGGYTBVGGCYKAGCCMAARCCHAAA	MEME-1	II	5722518	5722546	-	0.330275	5.5e-06	0.391	TTGGCGTCTAGGCTTTGGCATTGCATAAT
TTTRGGYTBVGGCYKAGCCMAARCCHAAA	MEME-1	V	3480034	3480062	+	0.321101	5.52e-06	0.391	GTTAGCTGCAGCCTCGGCTCTGGCCAATT
TTTRGGYTBVGGCYKAGCCMAARCCHAAA	MEME-1	X	4845658	4845686	+	0.321101	5.52e-06	0.391	TTTTGGCGTATACTGGGCTACAGCCACAT
TTTRGGYTBVGGCYKAGCCMAARCCHAAA	MEME-1	IV	9760252	9760280	-	0.311927	5.53e-06	0.391	TTTGGGCAGAGGGTGATGCAAAGAAACAT
TTTRGGYTBVGGCYKAGCCMAARCCHAAA	MEME-1	IV	329752	329780	+	0.311927	5.53e-06	0.391	TTGAGGCGGCTGCTATGGCAAAATCGTAT
TTTRGGYTBVGGCYKAGCCMAARCCHAAA	MEME-1	I	1533838	1533866	-	0.302752	5.55e-06	0.391	TTTAGACTCGGCTTTGGATCATGGCTAAT
TTTRGGYTBVGGCYKAGCCMAARCCHAAA	MEME-1	I	6059398	6059426	-	0.302752	5.55e-06	0.391	GTCAGGCCCGGGCCGAGCCGCGAGAAAAT
TTTRGGYTBVGGCYKAGCCMAARCCHAAA	MEME-1	V	2089384	2089412	-	0.293578	5.56e-06	0.391	TCTAGGCTTCGTCTGAGCAAAAACACTTA
TTTRGGYTBVGGCYKAGCCMAARCCHAAA	MEME-1	IV	9976960	9976988	-	0.293578	5.56e-06	0.391	TGTTGGAAGAGGCCGAGCACAAGCGAAAA
TTTRGGYTBVGGCYKAGCCMAARCCHAAA	MEME-1	II	6048376	6048404	+	0.293578	5.56e-06	0.391	ATCAGCCCCAGCCTAATCCAATTCCTTAT
TTTRGGYTBVGGCYKAGCCMAARCCHAAA	MEME-1	I	8416797	8416825	+	0.293578	5.56e-06	0.391	TTTTGTCTTCGCCCTGTCCAAATGTCAGA
TTTRGGYTBVGGCYKAGCCMAARCCHAAA	MEME-1	IV	6749009	6749037	-	0.284404	5.57e-06	0.391	ATATGGTGCCTCCCGAGCCCTTTCCCAAT
TTTRGGYTBVGGCYKAGCCMAARCCHAAA	MEME-1	X	6867454	6867482	-	0.275229	5.59e-06	0.391	TTTAGGATGAAACCTAGCCCAGCGCAAAC
TTTRGGYTBVGGCYKAGCCMAARCCHAAA	MEME-1	I	1011199	1011227	+	0.275229	5.59e-06	0.391	TTTGCGTACGGGCTCCACTCGACGCACAA
TTTRGGYTBVGGCYKAGCCMAARCCHAAA	MEME-1	I	1615600	1615628	-	0.266055	5.6e-06	0.391	TTTAGGCTGCGGAATGGGCATAGGAACGA
TTTRGGYTBVGGCYKAGCCMAARCCHAAA	MEME-1	II	8564268	8564296	+	0.266055	5.6e-06	0.391	TTGAGGCCCCAGCGGAGCAAAAACGCCAT
TTTRGGYTBVGGCYKAGCCMAARCCHAAA	MEME-1	III	7489498	7489526	+	0.256881	5.62e-06	0.391	CTGAGATTTGGGCAAAGCCGATCGATAAT
TTTRGGYTBVGGCYKAGCCMAARCCHAAA	MEME-1	II	7764635	7764663	+	0.256881	5.62e-06	0.391	ACTAGGCTGAGCCCGGACCAGGCCAGAAT
TTTRGGYTBVGGCYKAGCCMAARCCHAAA	MEME-1	IV	3977809	3977837	-	0.220183	5.67e-06	0.394	ATTAGCTAGCGGCACAGGGAACTGCCAAA
TTTRGGYTBVGGCYKAGCCMAARCCHAAA	MEME-1	II	2408634	2408662	+	0.201835	5.7e-06	0.395	ATTCGCTTCGGGCCGGGACAATTCGAAGA
TTTRGGYTBVGGCYKAGCCMAARCCHAAA	MEME-1	V	5154172	5154200	-	0.192661	5.72e-06	0.395	GTAGCGCTCAGCCTTACCCAAACGCTTAT
TTTRGGYTBVGGCYKAGCCMAARCCHAAA	MEME-1	I	1565648	1565676	+	0.192661	5.72e-06	0.395	TTTGAACCCCGCCTCGTCCCAAGCAACAA
TTTRGGYTBVGGCYKAGCCMAARCCHAAA	MEME-1	IV	9487030	9487058	+	0.192661	5.72e-06	0.395	AAGAGGTTTATGGCTGGCCCAATGACAAT
TTTRGGYTBVGGCYKAGCCMAARCCHAAA	MEME-1	X	6690334	6690362	+	0.146789	5.79e-06	0.399	CTCAGACACCGCCATGGCCAAAAGCACAT
TTTRGGYTBVGGCYKAGCCMAARCCHAAA	MEME-1	II	2708786	2708814	+	0.12844	5.82e-06	0.399	TATTGGTTTTAGCTGGGCCAAGACATCGT
TTTRGGYTBVGGCYKAGCCMAARCCHAAA	MEME-1	I	3719460	3719488	+	0.119266	5.83e-06	0.399	TTCAGGCTTGGGACGAGGCCGACTACCGT
TTTRGGYTBVGGCYKAGCCMAARCCHAAA	MEME-1	III	8738593	8738621	+	0.110092	5.84e-06	0.399	AGGAGGTCTGTGCCAAGCTCATCCCCGAT
TTTRGGYTBVGGCYKAGCCMAARCCHAAA	MEME-1	IV	9203995	9204023	-	0.0917431	5.87e-06	0.399	TCGTGGCCTAGGCTACGCTAAAACCCGGT
TTTRGGYTBVGGCYKAGCCMAARCCHAAA	MEME-1	II	8777240	8777268	+	0.0917431	5.87e-06	0.399	TTTGGCTATAGGCTTGGCCAGCTCCTGTT
TTTRGGYTBVGGCYKAGCCMAARCCHAAA	MEME-1	II	1339970	1339998	+	0.0825688	5.89e-06	0.399	TGGAGGCAGCAGCCGTGCCCATTCAAAAT
TTTRGGYTBVGGCYKAGCCMAARCCHAAA	MEME-1	III	1334475	1334503	+	0.0733945	5.9e-06	0.399	ATTGGGCCCCTGGACAGCCCGGAGCAAAT
TTTRGGYTBVGGCYKAGCCMAARCCHAAA	MEME-1	I	8834744	8834772	+	0.0733945	5.9e-06	0.399	CTTTGGCGCGGGCTGCGCCCCCTGCAAGT
TTTRGGYTBVGGCYKAGCCMAARCCHAAA	MEME-1	II	9003513	9003541	-	0.0642202	5.92e-06	0.399	TTGAGGCTTAGGCTTGAGCCATCTAATAC
TTTRGGYTBVGGCYKAGCCMAARCCHAAA	MEME-1	II	8124271	8124299	-	0.0550459	5.93e-06	0.399	CTGTGACTTCGGCCGAGCTCTTGGCCATT
TTTRGGYTBVGGCYKAGCCMAARCCHAAA	MEME-1	I	7163733	7163761	-	0.0458716	5.95e-06	0.399	GTGTCGCGTCAGCTCGAGCAAAGCCAAAA
TTTRGGYTBVGGCYKAGCCMAARCCHAAA	MEME-1	II	3286998	3287026	+	0.0458716	5.95e-06	0.399	ATTGGCCACGGGATGAGCGTAGACCACGA
TTTRGGYTBVGGCYKAGCCMAARCCHAAA	MEME-1	V	5746321	5746349	+	0.0458716	5.95e-06	0.399	GTGTGGCTCCTCCTCAACGAATACCGCAA
TTTRGGYTBVGGCYKAGCCMAARCCHAAA	MEME-1	III	4781725	4781753	-	0.0366972	5.96e-06	0.399	TTGGGGGAGGGGAATAGGTAGGACCTAAA
TTTRGGYTBVGGCYKAGCCMAARCCHAAA	MEME-1	V	10032624	10032652	+	0.0366972	5.96e-06	0.399	GAGAGGCTTGGCCTAAAGCCTAAGCCTAA
TTTRGGYTBVGGCYKAGCCMAARCCHAAA	MEME-1	V	8871190	8871218	-	0.0183486	5.99e-06	0.399	CTTTGGTAGGGGCTAAAGCAAGATGCCAA
TTTRGGYTBVGGCYKAGCCMAARCCHAAA	MEME-1	II	7588256	7588284	+	0.0183486	5.99e-06	0.399	CTTGGCTACGGTCACGGCTCAAACCTCAG
TTTRGGYTBVGGCYKAGCCMAARCCHAAA	MEME-1	V	9817045	9817073	-	0.00917431	6.01e-06	0.399	CCTAGCCCTGGACCTGGACCAAACCCCGT
TTTRGGYTBVGGCYKAGCCMAARCCHAAA	MEME-1	III	2314229	2314257	-	0	6.02e-06	0.399	TTTGGCCTCACCCTCAGCCTAACTCTTGA
TTTRGGYTBVGGCYKAGCCMAARCCHAAA	MEME-1	X	2990363	2990391	-	-0.00917431	6.04e-06	0.399	TTTGATTTAAGGCTTAGGAAAAGCAAAAA
TTTRGGYTBVGGCYKAGCCMAARCCHAAA	MEME-1	II	5335005	5335033	-	-0.00917431	6.04e-06	0.399	GTTGTGCATCTCCCGAGCCAGACCAAAGT
TTTRGGYTBVGGCYKAGCCMAARCCHAAA	MEME-1	I	1588829	1588857	+	-0.0183486	6.05e-06	0.399	GCTTGTCGCCGGCCGAGGCAATGCTAAAT
TTTRGGYTBVGGCYKAGCCMAARCCHAAA	MEME-1	V	9805919	9805947	+	-0.0183486	6.05e-06	0.399	CTGGGGATTCGCATCAGCTAATTCCTTGT
TTTRGGYTBVGGCYKAGCCMAARCCHAAA	MEME-1	II	4342238	4342266	+	-0.0275229	6.07e-06	0.399	ATCGACCTTGGGTTGGGGCCAAACACAGA
TTTRGGYTBVGGCYKAGCCMAARCCHAAA	MEME-1	I	6243295	6243323	+	-0.0275229	6.07e-06	0.399	ATATGGTATCGCCCTGGCTAAAAGTGAGT
TTTRGGYTBVGGCYKAGCCMAARCCHAAA	MEME-1	II	3230269	3230297	+	-0.0458716	6.1e-06	0.399	TTGGAGCGGAGGGCGAGCTCGAGACGAAA
TTTRGGYTBVGGCYKAGCCMAARCCHAAA	MEME-1	V	5007196	5007224	-	-0.0550459	6.11e-06	0.399	TTTTGGTTCCCTCTTATGCCAGAGATAGA
TTTRGGYTBVGGCYKAGCCMAARCCHAAA	MEME-1	X	5438792	5438820	-	-0.0550459	6.11e-06	0.399	AATAGCTTGAGGCACAGACAATTGCAAAT
TTTRGGYTBVGGCYKAGCCMAARCCHAAA	MEME-1	IV	4974411	4974439	+	-0.0733945	6.14e-06	0.399	ATTAGTCACATCCCCGGCCAGAGCAAAGA
TTTRGGYTBVGGCYKAGCCMAARCCHAAA	MEME-1	I	6265020	6265048	+	-0.0733945	6.14e-06	0.399	TGTGCCCTGCGGCTGAGCTCGAGTAAAAA
TTTRGGYTBVGGCYKAGCCMAARCCHAAA	MEME-1	X	3108308	3108336	-	-0.0917431	6.17e-06	0.399	TTGAACTTGAGGCTGAGCTTGCAGCTAAT
TTTRGGYTBVGGCYKAGCCMAARCCHAAA	MEME-1	X	8132137	8132165	-	-0.0917431	6.17e-06	0.399	CGTTGGTCTGGTCTGAGTTCGTACCAAAA
TTTRGGYTBVGGCYKAGCCMAARCCHAAA	MEME-1	V	4352165	4352193	+	-0.0917431	6.17e-06	0.399	CTGTGACGTAGGCTGATCCAATAGCTCCA
TTTRGGYTBVGGCYKAGCCMAARCCHAAA	MEME-1	I	1417421	1417449	+	-0.100917	6.19e-06	0.399	CTTTGATGTGGCCTCAAGCCAAGGCTGAA
TTTRGGYTBVGGCYKAGCCMAARCCHAAA	MEME-1	X	4932898	4932926	+	-0.100917	6.19e-06	0.399	ATGTCTCTTGCGCTCGGCCAATAGACAAA
TTTRGGYTBVGGCYKAGCCMAARCCHAAA	MEME-1	II	1040049	1040077	-	-0.110092	6.21e-06	0.399	TTGAGCTTGATCCAGAGCTCAAACAAAAC
TTTRGGYTBVGGCYKAGCCMAARCCHAAA	MEME-1	I	6159293	6159321	-	-0.110092	6.21e-06	0.399	ATCTGGCGCTGGCTTGGATCAAAGCCAGT
TTTRGGYTBVGGCYKAGCCMAARCCHAAA	MEME-1	II	7102197	7102225	+	-0.110092	6.21e-06	0.399	TGGAGGCATAGGCCGAGCTGATGGCCCTT
TTTRGGYTBVGGCYKAGCCMAARCCHAAA	MEME-1	IV	441426	441454	-	-0.119266	6.22e-06	0.399	ATTTGGCCGTGGTCAGGCCCGGAGACAGA
TTTRGGYTBVGGCYKAGCCMAARCCHAAA	MEME-1	IV	5754548	5754576	-	-0.119266	6.22e-06	0.399	TTTTGGTCGTTGCGGGGCCCGATGACAAA
TTTRGGYTBVGGCYKAGCCMAARCCHAAA	MEME-1	X	6225942	6225970	-	-0.119266	6.22e-06	0.399	TTTGTTTTGTGGCCTAGCTCATTCAGCAT
TTTRGGYTBVGGCYKAGCCMAARCCHAAA	MEME-1	II	4975844	4975872	+	-0.137615	6.25e-06	0.399	TTCAGTTAGGGGATTGGGTCAGTCCAAAA
TTTRGGYTBVGGCYKAGCCMAARCCHAAA	MEME-1	X	9006708	9006736	+	-0.137615	6.25e-06	0.399	TGTAGGCAGGGCCTGAAGTAGAACCTTGT
TTTRGGYTBVGGCYKAGCCMAARCCHAAA	MEME-1	V	9882366	9882394	-	-0.146789	6.27e-06	0.399	CTTGTCTCTCGGCTCATCCACAGCCTCGA
TTTRGGYTBVGGCYKAGCCMAARCCHAAA	MEME-1	II	971933	971961	+	-0.146789	6.27e-06	0.399	TTGGGGTTAAGGCATGGCCTAAAGTCTAT
TTTRGGYTBVGGCYKAGCCMAARCCHAAA	MEME-1	III	5736469	5736497	+	-0.146789	6.27e-06	0.399	ATTGACTGCCGGCTTAGTTCGTAGATAAT
TTTRGGYTBVGGCYKAGCCMAARCCHAAA	MEME-1	II	2700522	2700550	-	-0.155963	6.28e-06	0.399	GTGAGGCTTCGGCCACGGTCTGTGCTAGT
TTTRGGYTBVGGCYKAGCCMAARCCHAAA	MEME-1	V	7229365	7229393	+	-0.155963	6.28e-06	0.399	ATGAGGTGTCGGGTAGGGAAGACCAAAGA
TTTRGGYTBVGGCYKAGCCMAARCCHAAA	MEME-1	III	3335944	3335972	+	-0.165138	6.3e-06	0.399	TTCTGGGTCCCGCTTACGCCATTCCTAAA
TTTRGGYTBVGGCYKAGCCMAARCCHAAA	MEME-1	III	659035	659063	-	-0.174312	6.31e-06	0.399	GTGTGGTTGGGCAGCGGCTCGAGCCTCGT
TTTRGGYTBVGGCYKAGCCMAARCCHAAA	MEME-1	II	5097013	5097041	-	-0.174312	6.31e-06	0.399	CTTGTCCTTAGACTCGGCCAGTTCCACGT
TTTRGGYTBVGGCYKAGCCMAARCCHAAA	MEME-1	IV	4351499	4351527	-	-0.183486	6.33e-06	0.399	CTTCGGCTCGGGATGATCCAATTGAGCAA
TTTRGGYTBVGGCYKAGCCMAARCCHAAA	MEME-1	III	1253483	1253511	+	-0.183486	6.33e-06	0.399	TTTGGGCTTAGGCCGGGACCAAAGTTGCT
TTTRGGYTBVGGCYKAGCCMAARCCHAAA	MEME-1	III	1388466	1388494	+	-0.183486	6.33e-06	0.399	GAGTGGCGTCGCCTTGGCCAGAAGACCTT
TTTRGGYTBVGGCYKAGCCMAARCCHAAA	MEME-1	X	7686477	7686505	+	-0.183486	6.33e-06	0.399	TTGTAGTGCCGGAGTAGGCAAACCAATAA
TTTRGGYTBVGGCYKAGCCMAARCCHAAA	MEME-1	I	2831203	2831231	-	-0.192661	6.35e-06	0.399	ATGAGGTAGGAGCTTGAGAAAAGCAAAAA
TTTRGGYTBVGGCYKAGCCMAARCCHAAA	MEME-1	V	6142210	6142238	-	-0.192661	6.35e-06	0.399	TTTGGGTTCAGGTTAGAGACGAAGACAAA
TTTRGGYTBVGGCYKAGCCMAARCCHAAA	MEME-1	III	3942544	3942572	-	-0.211009	6.38e-06	0.399	TTTGGCTCCACCCAAAGCTAGATCCGCAA
TTTRGGYTBVGGCYKAGCCMAARCCHAAA	MEME-1	II	6372565	6372593	-	-0.211009	6.38e-06	0.399	CTGTGGCTGCTACTCAGCTCTACGCCCAT
TTTRGGYTBVGGCYKAGCCMAARCCHAAA	MEME-1	III	643421	643449	+	-0.211009	6.38e-06	0.399	CCTGGGCTTCGGATTGGGCCAGAGCGCTT
TTTRGGYTBVGGCYKAGCCMAARCCHAAA	MEME-1	I	5552905	5552933	+	-0.211009	6.38e-06	0.399	ATGAGGCGCGATCTCGCGCCGAGCCCAAT
TTTRGGYTBVGGCYKAGCCMAARCCHAAA	MEME-1	V	1738162	1738190	-	-0.220183	6.39e-06	0.399	TTTTGGCTTGGTTTTAGCCCATCCTTTAC
TTTRGGYTBVGGCYKAGCCMAARCCHAAA	MEME-1	II	2488362	2488390	-	-0.220183	6.39e-06	0.399	TTGTGCCGTAGCCCAATCCCAGCCCTTTT
TTTRGGYTBVGGCYKAGCCMAARCCHAAA	MEME-1	IV	6219014	6219042	-	-0.220183	6.39e-06	0.399	TTTTGGCTTGGTTTTAGCCCATCCTTTAC
TTTRGGYTBVGGCYKAGCCMAARCCHAAA	MEME-1	I	7955752	7955780	-	-0.220183	6.39e-06	0.399	TTTTGGCTTGGTTTTAGCCCATCCTTTAC
TTTRGGYTBVGGCYKAGCCMAARCCHAAA	MEME-1	II	2107576	2107604	+	-0.220183	6.39e-06	0.399	TTTTGGCTTGGTTTTAGCCCATCCTTTAC
TTTRGGYTBVGGCYKAGCCMAARCCHAAA	MEME-1	V	425253	425281	+	-0.229358	6.41e-06	0.399	GTGTGGTGGGGGCGGAGGGCGAACCATAG
TTTRGGYTBVGGCYKAGCCMAARCCHAAA	MEME-1	III	4592952	4592980	-	-0.238532	6.43e-06	0.399	CAGAGGCGGCGGCCTTGGCAGAGACCTAA
TTTRGGYTBVGGCYKAGCCMAARCCHAAA	MEME-1	V	669774	669802	+	-0.238532	6.43e-06	0.399	TTTTGTCTTCAGCTAGCGCCAGGGCAAAT
TTTRGGYTBVGGCYKAGCCMAARCCHAAA	MEME-1	III	1425397	1425425	-	-0.247706	6.44e-06	0.399	TTGAGCCAGAACCCAAGCTCAACCGTCGA
TTTRGGYTBVGGCYKAGCCMAARCCHAAA	MEME-1	IV	9573134	9573162	-	-0.247706	6.44e-06	0.399	TTGGGATTTCGGCTGGTGTGAGCCCGCAA
TTTRGGYTBVGGCYKAGCCMAARCCHAAA	MEME-1	II	4031740	4031768	+	-0.247706	6.44e-06	0.399	ACTGAGTTCAGGCTTAGGGCAAGACAAAT
TTTRGGYTBVGGCYKAGCCMAARCCHAAA	MEME-1	III	4948079	4948107	+	-0.247706	6.44e-06	0.399	ATGAGCTCTCGTCTGAGCTCATGGATCTT
TTTRGGYTBVGGCYKAGCCMAARCCHAAA	MEME-1	III	2354998	2355026	-	-0.256881	6.46e-06	0.399	AGGGGGCGTCGGCCTGGAACAACGCCAGT
TTTRGGYTBVGGCYKAGCCMAARCCHAAA	MEME-1	III	6328855	6328883	-	-0.256881	6.46e-06	0.399	TTTAGCCGCCGTCTTCGCTCAAAGATCAC
TTTRGGYTBVGGCYKAGCCMAARCCHAAA	MEME-1	X	8631213	8631241	+	-0.256881	6.46e-06	0.399	TTGGCGATGGGCCTCAGCTAAAGGACCAG
TTTRGGYTBVGGCYKAGCCMAARCCHAAA	MEME-1	I	20960	20988	+	-0.266055	6.47e-06	0.399	TTGGGCTCCGGCTTGGCCTAAGCCACAAA
TTTRGGYTBVGGCYKAGCCMAARCCHAAA	MEME-1	I	4028279	4028307	+	-0.266055	6.47e-06	0.399	TTTGGCTTCCGGCCTCGTCCATACGCGGA
TTTRGGYTBVGGCYKAGCCMAARCCHAAA	MEME-1	II	5523178	5523206	+	-0.266055	6.47e-06	0.399	ATTGGGCTGAGGATAGGCCAGAAGCAGGC
TTTRGGYTBVGGCYKAGCCMAARCCHAAA	MEME-1	IV	3239799	3239827	-	-0.275229	6.49e-06	0.399	GAGAGGTGGAAGCTCAGACCAACGAAAAA
TTTRGGYTBVGGCYKAGCCMAARCCHAAA	MEME-1	I	1561093	1561121	-	-0.284404	6.51e-06	0.399	TGTTGGTCCCGGCACGGGAAATGGCGAAA
TTTRGGYTBVGGCYKAGCCMAARCCHAAA	MEME-1	II	6225696	6225724	-	-0.293578	6.52e-06	0.399	ACTGGCTAGAGGCTGATCCAAGAGCCGAT
TTTRGGYTBVGGCYKAGCCMAARCCHAAA	MEME-1	X	7896722	7896750	-	-0.293578	6.52e-06	0.399	CTGAGCCTCATCCTCACCCCGAGCCAGAA
TTTRGGYTBVGGCYKAGCCMAARCCHAAA	MEME-1	I	7860276	7860304	+	-0.293578	6.52e-06	0.399	TAGAGCCTTCGGCTGGGACAAAGGACAGC
TTTRGGYTBVGGCYKAGCCMAARCCHAAA	MEME-1	III	2039701	2039729	-	-0.302752	6.54e-06	0.399	TTTGGCCACCGGCCTTGCTACGTCCTAAC
TTTRGGYTBVGGCYKAGCCMAARCCHAAA	MEME-1	I	5580894	5580922	-	-0.302752	6.54e-06	0.399	GTGAGGTATCGGCTTGTTCAAGGCAAGAA
TTTRGGYTBVGGCYKAGCCMAARCCHAAA	MEME-1	V	4642827	4642855	+	-0.302752	6.54e-06	0.399	TTGTGGTTTCGGCAGCTGTCAAGGATCAA
TTTRGGYTBVGGCYKAGCCMAARCCHAAA	MEME-1	III	5331419	5331447	+	-0.311927	6.55e-06	0.399	CTGAAGTTGAACGTCGGCCAAAAGCACAA
TTTRGGYTBVGGCYKAGCCMAARCCHAAA	MEME-1	V	10125923	10125951	+	-0.311927	6.55e-06	0.399	CTTGATCATCGCCTGAGCCCATTTCGAAA
TTTRGGYTBVGGCYKAGCCMAARCCHAAA	MEME-1	II	2331588	2331616	-	-0.330275	6.59e-06	0.399	TTGTGGCACGTCACGGGCTCAACCCCAAC
TTTRGGYTBVGGCYKAGCCMAARCCHAAA	MEME-1	IV	7797532	7797560	+	-0.330275	6.59e-06	0.399	TTCAGGTTGAACCTTGGGTCAGAACAAAT
TTTRGGYTBVGGCYKAGCCMAARCCHAAA	MEME-1	III	2440742	2440770	+	-0.33945	6.6e-06	0.399	TTGGTGCGCAGGCTTAGCACAGTGACCAC
TTTRGGYTBVGGCYKAGCCMAARCCHAAA	MEME-1	IV	8977163	8977191	+	-0.33945	6.6e-06	0.399	ATTGGGCCGAGGCTCCGGAAAACGCTCCT
TTTRGGYTBVGGCYKAGCCMAARCCHAAA	MEME-1	III	2622317	2622345	-	-0.348624	6.62e-06	0.399	TTTGTCTCTATCCTTAACCCAGTCCAAAA
TTTRGGYTBVGGCYKAGCCMAARCCHAAA	MEME-1	X	3738733	3738761	-	-0.348624	6.62e-06	0.399	TTTGGGGTGCCGCTCAAGGCAAAGCAAAT
TTTRGGYTBVGGCYKAGCCMAARCCHAAA	MEME-1	IV	9371129	9371157	-	-0.348624	6.62e-06	0.399	AGCAGCTTGGTGCTTGGCTCGATCCCCAA
TTTRGGYTBVGGCYKAGCCMAARCCHAAA	MEME-1	X	3091787	3091815	-	-0.357798	6.64e-06	0.4	CTGAGCCTCGAGCTCGGCAAACTCCTTAA
TTTRGGYTBVGGCYKAGCCMAARCCHAAA	MEME-1	II	5033543	5033571	-	-0.366972	6.65e-06	0.4	TTGGGGTCGCGTCTGAGTCAAATCAAGGT
TTTRGGYTBVGGCYKAGCCMAARCCHAAA	MEME-1	X	2285078	2285106	+	-0.376147	6.67e-06	0.401	ATGAAGCTGCGTCTTGACTCATAGCCAGA
TTTRGGYTBVGGCYKAGCCMAARCCHAAA	MEME-1	V	30653	30681	+	-0.385321	6.69e-06	0.401	GTTGGGCTTCGGCCTAAGCCCAAACCTCA
TTTRGGYTBVGGCYKAGCCMAARCCHAAA	MEME-1	IV	8549885	8549913	-	-0.394495	6.7e-06	0.401	TTGGGTCTTGGGCTAGGGTCTTACCAAGC
TTTRGGYTBVGGCYKAGCCMAARCCHAAA	MEME-1	III	8358470	8358498	+	-0.394495	6.7e-06	0.401	TCTGGCTCCACGCCTGGGCAATACTGAAA
TTTRGGYTBVGGCYKAGCCMAARCCHAAA	MEME-1	II	6761697	6761725	-	-0.40367	6.72e-06	0.401	TCTGGTTTGAGGCCTCGGACAAACAAAAA
TTTRGGYTBVGGCYKAGCCMAARCCHAAA	MEME-1	III	9469231	9469259	-	-0.412844	6.73e-06	0.401	TTTAGGCCGAAGCCCGTCTAAAAGTGAAA
TTTRGGYTBVGGCYKAGCCMAARCCHAAA	MEME-1	II	676455	676483	+	-0.412844	6.73e-06	0.401	TTTTGCGCCCGGTCCGGCCCATTGCCAAC
TTTRGGYTBVGGCYKAGCCMAARCCHAAA	MEME-1	IV	519347	519375	-	-0.422018	6.75e-06	0.401	ATGGGGTGCAGCCTGTTGTCAACGAACAA
TTTRGGYTBVGGCYKAGCCMAARCCHAAA	MEME-1	V	3512913	3512941	+	-0.431193	6.77e-06	0.401	TTTGGGCTTAAACGGAGATAAAGCCGAAA
TTTRGGYTBVGGCYKAGCCMAARCCHAAA	MEME-1	V	9866769	9866797	-	-0.440367	6.78e-06	0.401	TAGAGCCAGGGTCTGATCCCAAAGACCAT
TTTRGGYTBVGGCYKAGCCMAARCCHAAA	MEME-1	III	1887988	1888016	-	-0.449541	6.8e-06	0.401	TTGTGGCACAGAATGGGCTAATCTCCAAA
TTTRGGYTBVGGCYKAGCCMAARCCHAAA	MEME-1	IV	7944874	7944902	-	-0.449541	6.8e-06	0.401	CTGCGGTACGGGCTCTGGCCGTTACTAAA
TTTRGGYTBVGGCYKAGCCMAARCCHAAA	MEME-1	V	10209719	10209747	+	-0.449541	6.8e-06	0.401	CTTTGCTTGGCACCGAGCTCGACCATCGA
TTTRGGYTBVGGCYKAGCCMAARCCHAAA	MEME-1	X	1591921	1591949	-	-0.458716	6.82e-06	0.401	GTGATGTTTAAGTCGAGCCAAAATCCAAT
TTTRGGYTBVGGCYKAGCCMAARCCHAAA	MEME-1	I	6272728	6272756	-	-0.458716	6.82e-06	0.401	GCTTGCCTGAAGCTGAGGTAGTCGCCCAA
TTTRGGYTBVGGCYKAGCCMAARCCHAAA	MEME-1	I	979280	979308	+	-0.458716	6.82e-06	0.401	TTTTGGCGCACGCTGAGCCCGAAAAGTAG
TTTRGGYTBVGGCYKAGCCMAARCCHAAA	MEME-1	X	9432573	9432601	+	-0.458716	6.82e-06	0.401	CTGTGGAACAGGCTTGCCCCGACGAGAGA
TTTRGGYTBVGGCYKAGCCMAARCCHAAA	MEME-1	III	5290321	5290349	-	-0.477064	6.85e-06	0.402	AGGAGGTCAGAGCCAAGCTCAACCCGCAT
TTTRGGYTBVGGCYKAGCCMAARCCHAAA	MEME-1	II	5183170	5183198	+	-0.477064	6.85e-06	0.402	GCTGCGATCCGGCCAAGGTCAATCCTCAT
TTTRGGYTBVGGCYKAGCCMAARCCHAAA	MEME-1	III	1795290	1795318	-	-0.486239	6.87e-06	0.402	TTGAGGTGGAGCTCTTGCTTGAACCGAAA
TTTRGGYTBVGGCYKAGCCMAARCCHAAA	MEME-1	III	7276823	7276851	+	-0.486239	6.87e-06	0.402	GTTCCGCCGAGGCTGAGTTAAAGCAGAAA
TTTRGGYTBVGGCYKAGCCMAARCCHAAA	MEME-1	X	9046721	9046749	+	-0.486239	6.87e-06	0.402	CTTGGATGCAGGCGCGCGCAAACCCATAA
TTTRGGYTBVGGCYKAGCCMAARCCHAAA	MEME-1	X	7587151	7587179	-	-0.495413	6.89e-06	0.402	TTGAGCGGGGCGCTGAGCTAAACCCCTCT
TTTRGGYTBVGGCYKAGCCMAARCCHAAA	MEME-1	I	41650	41678	+	-0.504587	6.9e-06	0.403	ATGAGGTCAAGGCCTGGACAATTCAAAAG
TTTRGGYTBVGGCYKAGCCMAARCCHAAA	MEME-1	II	320865	320893	+	-0.513761	6.92e-06	0.403	ATTCGTCTTAGGCTCGGGCCGGGCCGATT
TTTRGGYTBVGGCYKAGCCMAARCCHAAA	MEME-1	V	9857396	9857424	-	-0.53211	6.96e-06	0.403	TTTCGGCCCGGCCCGGTCCAAGACTGAGA
TTTRGGYTBVGGCYKAGCCMAARCCHAAA	MEME-1	II	6991208	6991236	+	-0.53211	6.96e-06	0.403	TTTGGCTCCGGGATAGGGTCACGGAGCAA
TTTRGGYTBVGGCYKAGCCMAARCCHAAA	MEME-1	V	8337405	8337433	+	-0.53211	6.96e-06	0.403	GTTTGCCTTCGCCTGAGCTGAAGCTTCCA
TTTRGGYTBVGGCYKAGCCMAARCCHAAA	MEME-1	V	66884	66912	-	-0.550459	6.99e-06	0.403	TAGGAGCTGGGCCAGACCCAAAACCAAAT
TTTRGGYTBVGGCYKAGCCMAARCCHAAA	MEME-1	III	267363	267391	-	-0.550459	6.99e-06	0.403	ATTATGTAGAGGCCTCGCTCGAGCCACTT
TTTRGGYTBVGGCYKAGCCMAARCCHAAA	MEME-1	II	7953623	7953651	+	-0.550459	6.99e-06	0.403	TTGTGGTTGCTGCTCAGGAAACGGAACAT
TTTRGGYTBVGGCYKAGCCMAARCCHAAA	MEME-1	III	9370470	9370498	+	-0.550459	6.99e-06	0.403	TTGTGGTCTAGTCTAGGCCAGGGCGGCGT
TTTRGGYTBVGGCYKAGCCMAARCCHAAA	MEME-1	II	1369938	1369966	-	-0.559633	7.01e-06	0.403	CTTGGGCTTTGGCTCGGCTACAGGAGAAG
TTTRGGYTBVGGCYKAGCCMAARCCHAAA	MEME-1	X	1993686	1993714	-	-0.559633	7.01e-06	0.403	CTTGGGTATAGGCAAGAGCAAGGCCAGAA
TTTRGGYTBVGGCYKAGCCMAARCCHAAA	MEME-1	I	2253571	2253599	-	-0.577982	7.04e-06	0.404	TTTGGGATTCGGGTTAGCAAGATGAAAGT
TTTRGGYTBVGGCYKAGCCMAARCCHAAA	MEME-1	V	9246839	9246867	-	-0.577982	7.04e-06	0.404	TCCAGCTCCGGCCCCGGCTCAACCGCAAA
TTTRGGYTBVGGCYKAGCCMAARCCHAAA	MEME-1	X	9830452	9830480	-	-0.587156	7.06e-06	0.404	TTTGGCGGGAGGCCAGGGCCCGTCAGCAA
TTTRGGYTBVGGCYKAGCCMAARCCHAAA	MEME-1	X	8146900	8146928	+	-0.587156	7.06e-06	0.404	TTCGGTCATCGGCCTGGCCATGGCAAAGA
TTTRGGYTBVGGCYKAGCCMAARCCHAAA	MEME-1	X	10120864	10120892	+	-0.587156	7.06e-06	0.404	TTCGGTCATCGGCCTGGCCATGGCAAAGA
TTTRGGYTBVGGCYKAGCCMAARCCHAAA	MEME-1	II	7391719	7391747	-	-0.605505	7.09e-06	0.404	CAGAGTTGGAGGATCAGGCAAAGCAAAAA
TTTRGGYTBVGGCYKAGCCMAARCCHAAA	MEME-1	III	6595916	6595944	-	-0.614679	7.11e-06	0.404	TTTTTTTTTCAGCTAGGGCCAGCGCAAAT
TTTRGGYTBVGGCYKAGCCMAARCCHAAA	MEME-1	II	7300971	7300999	-	-0.623853	7.13e-06	0.404	CTTTGGCTTCTGTTTGTCCAGTTCCGAAA
TTTRGGYTBVGGCYKAGCCMAARCCHAAA	MEME-1	III	2246222	2246250	+	-0.623853	7.13e-06	0.404	CTGGGCATTCGGACGGGCCCGAACTCCGA
TTTRGGYTBVGGCYKAGCCMAARCCHAAA	MEME-1	IV	2719608	2719636	+	-0.623853	7.13e-06	0.404	AGTAGGTTAGAGCCAGGGCAATAGCCAGT
TTTRGGYTBVGGCYKAGCCMAARCCHAAA	MEME-1	II	1517583	1517611	-	-0.633028	7.15e-06	0.404	ATGATGACTCGGCTCGGCTCGACACCCAA
TTTRGGYTBVGGCYKAGCCMAARCCHAAA	MEME-1	II	1892165	1892193	+	-0.633028	7.15e-06	0.404	CTGTGTTATCGCCTGGGCTCAGCCTTTAA
TTTRGGYTBVGGCYKAGCCMAARCCHAAA	MEME-1	V	2762966	2762994	+	-0.633028	7.15e-06	0.404	GTGAGGCTGAGACCTAGAAAAACACAAAA
TTTRGGYTBVGGCYKAGCCMAARCCHAAA	MEME-1	I	979274	979302	-	-0.642202	7.16e-06	0.404	TTCGGGCTCAGCGTGCGCCAAAAACACAT
TTTRGGYTBVGGCYKAGCCMAARCCHAAA	MEME-1	X	1902203	1902231	-	-0.642202	7.16e-06	0.404	TTTACCTTTGGCATTTGCCAAAGCTAAAA
TTTRGGYTBVGGCYKAGCCMAARCCHAAA	MEME-1	III	5280276	5280304	-	-0.642202	7.16e-06	0.404	TTCTGGTTTCGCCTTGACGAAACCAGAGA
TTTRGGYTBVGGCYKAGCCMAARCCHAAA	MEME-1	IV	5618601	5618629	+	-0.642202	7.16e-06	0.404	TTTGGGTGGGGACAGGGGTGAAACCTTGA
TTTRGGYTBVGGCYKAGCCMAARCCHAAA	MEME-1	I	562640	562668	-	-0.651376	7.18e-06	0.404	GTGGAGCTGCTGCTGTGCCAGGACCTTAT
TTTRGGYTBVGGCYKAGCCMAARCCHAAA	MEME-1	V	7069698	7069726	-	-0.651376	7.18e-06	0.404	TTTGGCTTTGGGCTGGGCTTTGAGCATCA
TTTRGGYTBVGGCYKAGCCMAARCCHAAA	MEME-1	II	3903714	3903742	-	-0.66055	7.2e-06	0.404	CTGAGGTTGGGCCTGGGGCTTGGGCTGAA
TTTRGGYTBVGGCYKAGCCMAARCCHAAA	MEME-1	X	5051374	5051402	+	-0.66055	7.2e-06	0.404	TTTTTCTTTCGCCTGACCTCGAGCCCCCA
TTTRGGYTBVGGCYKAGCCMAARCCHAAA	MEME-1	I	8183932	8183960	-	-0.678899	7.24e-06	0.404	TGTAGCCTCGGCTTGAGCAAAACGAGAAA
TTTRGGYTBVGGCYKAGCCMAARCCHAAA	MEME-1	I	3139986	3140014	+	-0.688073	7.25e-06	0.404	GTGTCTTTCAGGCTGAGACCGAACAATAA
TTTRGGYTBVGGCYKAGCCMAARCCHAAA	MEME-1	V	4852500	4852528	+	-0.697248	7.27e-06	0.404	ATTGGCTGCCTCCGTGGGCCAGAGAACAA
TTTRGGYTBVGGCYKAGCCMAARCCHAAA	MEME-1	IV	8248865	8248893	-	-0.706422	7.29e-06	0.404	CTTTGGTTCGACTGTAGCCCATATCCAAA
TTTRGGYTBVGGCYKAGCCMAARCCHAAA	MEME-1	V	972367	972395	-	-0.715596	7.31e-06	0.404	ACGAGGCTTCAGCCCAGGTAATGGCTAAC
TTTRGGYTBVGGCYKAGCCMAARCCHAAA	MEME-1	III	1682950	1682978	-	-0.724771	7.32e-06	0.404	CTTGTACACAGCGTGAGCCCAGTCCAAAA
TTTRGGYTBVGGCYKAGCCMAARCCHAAA	MEME-1	I	4826850	4826878	-	-0.724771	7.32e-06	0.404	TTGGAGTCTCGGCCGATTTCATCCAAAAA
TTTRGGYTBVGGCYKAGCCMAARCCHAAA	MEME-1	IV	9694182	9694210	-	-0.724771	7.32e-06	0.404	TTGGGGCTGAGGTTGAGGCGAGGAAACGA
TTTRGGYTBVGGCYKAGCCMAARCCHAAA	MEME-1	III	1891413	1891441	+	-0.724771	7.32e-06	0.404	CTTGTACACAGCGTGAGCCCAGTCCAAAA
TTTRGGYTBVGGCYKAGCCMAARCCHAAA	MEME-1	IV	1982814	1982842	+	-0.733945	7.34e-06	0.404	AGGAGGATTGGCCCAAGATCAAACCTAGT
TTTRGGYTBVGGCYKAGCCMAARCCHAAA	MEME-1	IV	10497250	10497278	+	-0.743119	7.36e-06	0.404	GAAAGTTTTAGACTGGGCCCAATCCAAAA
TTTRGGYTBVGGCYKAGCCMAARCCHAAA	MEME-1	I	654043	654071	-	-0.752294	7.38e-06	0.404	CTTGAGCTGAGCCTCGGCCCAGGCCTTTC
TTTRGGYTBVGGCYKAGCCMAARCCHAAA	MEME-1	V	5079623	5079651	+	-0.761468	7.4e-06	0.404	TTTAGGGTCCGGTCTAGACAAAACAGGGA
TTTRGGYTBVGGCYKAGCCMAARCCHAAA	MEME-1	V	5819650	5819678	+	-0.761468	7.4e-06	0.404	TTTGTCTTTAGGCATAGATAGTAGCACAA
TTTRGGYTBVGGCYKAGCCMAARCCHAAA	MEME-1	IV	8090795	8090823	+	-0.761468	7.4e-06	0.404	AATAGCTCCCGCCCCAACCAAACCTTCAA
TTTRGGYTBVGGCYKAGCCMAARCCHAAA	MEME-1	III	7056296	7056324	-	-0.770642	7.42e-06	0.404	GTTAGACATCGTCTCGGCCCAGATATCAA
TTTRGGYTBVGGCYKAGCCMAARCCHAAA	MEME-1	X	1365651	1365679	+	-0.770642	7.42e-06	0.404	ATTGAGTGGCAGGTCGGCCAAAACATAGA
TTTRGGYTBVGGCYKAGCCMAARCCHAAA	MEME-1	V	1800932	1800960	-	-0.779817	7.43e-06	0.404	TTCTCGTCCCGGCCTGGGCCCAGCACAGT
TTTRGGYTBVGGCYKAGCCMAARCCHAAA	MEME-1	V	6094424	6094452	+	-0.779817	7.43e-06	0.404	TGGCGGCATCGGCTCGGCCCGTTCCTCCT
TTTRGGYTBVGGCYKAGCCMAARCCHAAA	MEME-1	V	6214799	6214827	+	-0.779817	7.43e-06	0.404	TCTGGCTCCGGACTTGGCCAAGTTCACAT
TTTRGGYTBVGGCYKAGCCMAARCCHAAA	MEME-1	I	8847491	8847519	-	-0.788991	7.45e-06	0.404	TATTGCCGGCGCTTTAGCCAAGACCCCTT
TTTRGGYTBVGGCYKAGCCMAARCCHAAA	MEME-1	IV	4906736	4906764	+	-0.788991	7.45e-06	0.404	TTGGGCCGTCGGTTGTTGCCAAACCGAGT
TTTRGGYTBVGGCYKAGCCMAARCCHAAA	MEME-1	V	30647	30675	-	-0.798165	7.47e-06	0.404	TTGGGCTTAGGCCGAAGCCCAACTACTAT
TTTRGGYTBVGGCYKAGCCMAARCCHAAA	MEME-1	V	3278704	3278732	-	-0.798165	7.47e-06	0.404	CTGTGACTCTGCCTTGGCTAGTCCAGAAA
TTTRGGYTBVGGCYKAGCCMAARCCHAAA	MEME-1	IV	3318222	3318250	-	-0.798165	7.47e-06	0.404	CTTGGCCGCCACCTCCGGCAAAGGCGTAT
TTTRGGYTBVGGCYKAGCCMAARCCHAAA	MEME-1	III	5716615	5716643	-	-0.798165	7.47e-06	0.404	TTGAGTTTTTGGCTGATCCAAATGTCCAT
TTTRGGYTBVGGCYKAGCCMAARCCHAAA	MEME-1	I	7523597	7523625	-	-0.798165	7.47e-06	0.404	ATGTGGATGGGGATCAGTCCATGGATCAT
TTTRGGYTBVGGCYKAGCCMAARCCHAAA	MEME-1	V	6649342	6649370	+	-0.798165	7.47e-06	0.404	TTGTAGTTCGGTCCGAGCCAGTGGCGCTT
TTTRGGYTBVGGCYKAGCCMAARCCHAAA	MEME-1	III	564124	564152	-	-0.807339	7.49e-06	0.404	TTTTGCTTGCAGCTTGGCCATGTGGACAA
TTTRGGYTBVGGCYKAGCCMAARCCHAAA	MEME-1	I	8424948	8424976	-	-0.807339	7.49e-06	0.404	ATTGGCCTGTGGCCCAGGACCAACATCGA
TTTRGGYTBVGGCYKAGCCMAARCCHAAA	MEME-1	II	4173189	4173217	-	-0.816514	7.51e-06	0.404	ATGAGGCTGGGGCGGAAACAGAACCGGAA
TTTRGGYTBVGGCYKAGCCMAARCCHAAA	MEME-1	I	4969342	4969370	-	-0.816514	7.51e-06	0.404	CATTGGGCGAGGCTGAGCCAAGAGATAAG
TTTRGGYTBVGGCYKAGCCMAARCCHAAA	MEME-1	X	10282908	10282936	-	-0.816514	7.51e-06	0.404	CTGAGCTTTCGGTTGGGCTAGGGCAGAAC
TTTRGGYTBVGGCYKAGCCMAARCCHAAA	MEME-1	II	5105832	5105860	-	-0.825688	7.53e-06	0.404	AGTATACTCAGGCTGAGCTCAAAGCCAAG
TTTRGGYTBVGGCYKAGCCMAARCCHAAA	MEME-1	X	1670893	1670921	-	-0.834862	7.54e-06	0.404	TATAGGTTCAGTATTAGCTAAAAGCACAC
TTTRGGYTBVGGCYKAGCCMAARCCHAAA	MEME-1	I	2967554	2967582	+	-0.834862	7.54e-06	0.404	TTGGGACGCGACGCGAGCCAAAAGCGAGA
TTTRGGYTBVGGCYKAGCCMAARCCHAAA	MEME-1	X	6187977	6188005	+	-0.853211	7.58e-06	0.404	CTGAGGTTGAGGAAAAGCCACAAGCGCGT
TTTRGGYTBVGGCYKAGCCMAARCCHAAA	MEME-1	II	8336459	8336487	+	-0.853211	7.58e-06	0.404	TTTGGGTTGGGAGTCGGCCAAGAACGAAC
TTTRGGYTBVGGCYKAGCCMAARCCHAAA	MEME-1	X	1684464	1684492	-	-0.862385	7.6e-06	0.404	TCTGGCCACCGGCTAGGCCATACTACCAA
TTTRGGYTBVGGCYKAGCCMAARCCHAAA	MEME-1	II	2446237	2446265	+	-0.862385	7.6e-06	0.404	TTGTCCTCTCGGACCGGCCCAGCCCAAAC
TTTRGGYTBVGGCYKAGCCMAARCCHAAA	MEME-1	V	4796608	4796636	+	-0.862385	7.6e-06	0.404	TTGAGGTCCAGGCTCTGTCCCTGACAAAA
TTTRGGYTBVGGCYKAGCCMAARCCHAAA	MEME-1	V	7232295	7232323	+	-0.862385	7.6e-06	0.404	ATCTGGTGGGAGCTGAGCAAGATCATAAA
TTTRGGYTBVGGCYKAGCCMAARCCHAAA	MEME-1	X	10744355	10744383	-	-0.880734	7.64e-06	0.404	ATGTGCTTCCGCCTCAGCCAGTTCATGCT
TTTRGGYTBVGGCYKAGCCMAARCCHAAA	MEME-1	II	4315941	4315969	+	-0.880734	7.64e-06	0.404	ATTTGGCACCTGTCCAGCTCAAAACGTAA
TTTRGGYTBVGGCYKAGCCMAARCCHAAA	MEME-1	II	6131921	6131949	+	-0.880734	7.64e-06	0.404	TCGAGGTGTGGCTCGCGCCCAAAACAAAA
TTTRGGYTBVGGCYKAGCCMAARCCHAAA	MEME-1	I	1340311	1340339	-	-0.889908	7.66e-06	0.404	CTTTTGTTGCGGCCAAAGGAAACCCGAGA
TTTRGGYTBVGGCYKAGCCMAARCCHAAA	MEME-1	III	1436067	1436095	-	-0.889908	7.66e-06	0.404	GTTTGGTTCCGCGTTGGCTTAGTGAAAAT
TTTRGGYTBVGGCYKAGCCMAARCCHAAA	MEME-1	II	1306985	1307013	+	-0.889908	7.66e-06	0.404	CTTGCGAATCGGCTTCGCCCGGCCATCAA
TTTRGGYTBVGGCYKAGCCMAARCCHAAA	MEME-1	I	2106667	2106695	-	-0.899083	7.67e-06	0.404	ATTTGGTAGAGGACGAGCCGGTCCTCCAT
TTTRGGYTBVGGCYKAGCCMAARCCHAAA	MEME-1	X	2726860	2726888	-	-0.899083	7.67e-06	0.404	TCGAGGCTCTGGACGCGGCAAGACCACAA
TTTRGGYTBVGGCYKAGCCMAARCCHAAA	MEME-1	V	6668259	6668287	+	-0.899083	7.67e-06	0.404	TTGTACTGTAGCATAAGGCCGAGCATAAA
TTTRGGYTBVGGCYKAGCCMAARCCHAAA	MEME-1	IV	4665104	4665132	-	-0.908257	7.69e-06	0.404	TTGTGGCATCAGACTGGCCAAGTCCCTTA
TTTRGGYTBVGGCYKAGCCMAARCCHAAA	MEME-1	I	8776637	8776665	-	-0.908257	7.69e-06	0.404	CTGTGCAGTCGGTCGAGTCCAAACCAAGT
TTTRGGYTBVGGCYKAGCCMAARCCHAAA	MEME-1	V	9669826	9669854	-	-0.917431	7.71e-06	0.404	AGGTGCTCGAGGCCAAGCTCATAGCTGGA
TTTRGGYTBVGGCYKAGCCMAARCCHAAA	MEME-1	III	3924344	3924372	+	-0.917431	7.71e-06	0.404	TTTAGGTTCGCGCCAAGACCAACTACACT
TTTRGGYTBVGGCYKAGCCMAARCCHAAA	MEME-1	II	7074351	7074379	+	-0.917431	7.71e-06	0.404	GTTTGGCTGTGGTCGAGACAGAACATTAT
TTTRGGYTBVGGCYKAGCCMAARCCHAAA	MEME-1	IV	4312400	4312428	-	-0.926606	7.73e-06	0.404	TTTCGGCTCGTCCTTAGCCCGCCCTCTAA
TTTRGGYTBVGGCYKAGCCMAARCCHAAA	MEME-1	I	8207066	8207094	-	-0.926606	7.73e-06	0.404	GGGTCGCTCGGGCTAAGGCAGCGCCTCAT
TTTRGGYTBVGGCYKAGCCMAARCCHAAA	MEME-1	V	8542938	8542966	-	-0.93578	7.75e-06	0.404	CTTAGACGCAGAGTCGGGCCAGGCCGAAA
TTTRGGYTBVGGCYKAGCCMAARCCHAAA	MEME-1	II	602245	602273	-	-0.944954	7.77e-06	0.404	CTTAGGCTTAGGCTTAGGCAGTTTATGCA
TTTRGGYTBVGGCYKAGCCMAARCCHAAA	MEME-1	II	1098504	1098532	-	-0.954128	7.79e-06	0.404	TTTGGCTTGAGGGTCAGTTGAAGGAACAA
TTTRGGYTBVGGCYKAGCCMAARCCHAAA	MEME-1	V	9022691	9022719	-	-0.963303	7.81e-06	0.404	GATTTGCGCCGCCTCGGCCAAAAACGCAA
TTTRGGYTBVGGCYKAGCCMAARCCHAAA	MEME-1	V	4693734	4693762	+	-0.963303	7.81e-06	0.404	GTGTGCTGTCAGCTCGGCACAAAGAAAGT
TTTRGGYTBVGGCYKAGCCMAARCCHAAA	MEME-1	III	5158670	5158698	-	-0.972477	7.83e-06	0.404	TGGTGATTTCGGCTTCGACCAAAGAAAAA
TTTRGGYTBVGGCYKAGCCMAARCCHAAA	MEME-1	X	1812221	1812249	+	-0.972477	7.83e-06	0.404	ATGAGGCAGCGAGTGAGGCCATAGCTCCT
TTTRGGYTBVGGCYKAGCCMAARCCHAAA	MEME-1	IV	1870325	1870353	-	-1	7.88e-06	0.404	TTTTGGCTCCCCGTTGACCAAAAGATCAT
TTTRGGYTBVGGCYKAGCCMAARCCHAAA	MEME-1	X	2587756	2587784	-	-1	7.88e-06	0.404	GTGAAATGTTGCCTTTGCCCAAGCCCAAA
TTTRGGYTBVGGCYKAGCCMAARCCHAAA	MEME-1	I	1699485	1699513	+	-1	7.88e-06	0.404	TTAGGGTTTCCGCTCCGCCAATGCCGAGG
TTTRGGYTBVGGCYKAGCCMAARCCHAAA	MEME-1	X	300487	300515	+	-1.00917	7.9e-06	0.404	GTCTGGCTGGGCATTGACTCAAACATAAA
TTTRGGYTBVGGCYKAGCCMAARCCHAAA	MEME-1	II	4628467	4628495	+	-1.00917	7.9e-06	0.404	CTTGGGCATGCGCTCGGCTCCAACAACAG
TTTRGGYTBVGGCYKAGCCMAARCCHAAA	MEME-1	I	7795038	7795066	-	-1.01835	7.92e-06	0.404	CTTAGCCTCGTGCTTGGTCCAGTCCTCGG
TTTRGGYTBVGGCYKAGCCMAARCCHAAA	MEME-1	X	8198502	8198530	-	-1.01835	7.92e-06	0.404	TTTATGAACGGGGCGAGACAAAAGCCCAT
TTTRGGYTBVGGCYKAGCCMAARCCHAAA	MEME-1	X	8961688	8961716	-	-1.01835	7.92e-06	0.404	GTTGGGCCCAGGGTCAGGCAGTGATAAAA
TTTRGGYTBVGGCYKAGCCMAARCCHAAA	MEME-1	V	2510225	2510253	+	-1.01835	7.92e-06	0.404	ATTGGGCTTCGGCTTTGAGCACAGCTTAT
TTTRGGYTBVGGCYKAGCCMAARCCHAAA	MEME-1	I	3700786	3700814	+	-1.01835	7.92e-06	0.404	TCTGGCTTGGGGCTACCCCAGATCCTAGT
TTTRGGYTBVGGCYKAGCCMAARCCHAAA	MEME-1	III	8512131	8512159	+	-1.01835	7.92e-06	0.404	ATTGGACGGAGGCCGACGTCGAGGACAGA
TTTRGGYTBVGGCYKAGCCMAARCCHAAA	MEME-1	X	1402933	1402961	-	-1.02752	7.94e-06	0.404	ATGTGCTACGGCCGAAACCAAAACACTGA
TTTRGGYTBVGGCYKAGCCMAARCCHAAA	MEME-1	I	89865	89893	+	-1.04587	7.98e-06	0.404	CTGATCTCCCGGCCTAGGTCAATCACCGC
TTTRGGYTBVGGCYKAGCCMAARCCHAAA	MEME-1	V	10792213	10792241	+	-1.04587	7.98e-06	0.404	CTTAGGCTTAGGCTTAGGCTTAGCTTAGG
TTTRGGYTBVGGCYKAGCCMAARCCHAAA	MEME-1	IV	11184584	11184612	+	-1.04587	7.98e-06	0.404	CTTAGGCTTAGGCTTAGGCTTAGCTTAGC
TTTRGGYTBVGGCYKAGCCMAARCCHAAA	MEME-1	I	6660697	6660725	-	-1.06422	8.02e-06	0.404	CAGAGCAGCCCGCTTGGCCCGAACCTCAT
TTTRGGYTBVGGCYKAGCCMAARCCHAAA	MEME-1	V	8811158	8811186	-	-1.06422	8.02e-06	0.404	TTGAGCTATGGACCAGCGTCATGCCACGA
TTTRGGYTBVGGCYKAGCCMAARCCHAAA	MEME-1	I	5274802	5274830	+	-1.06422	8.02e-06	0.404	TTGGGCTTTCGCCGAGGTTCAATCCTTGT
TTTRGGYTBVGGCYKAGCCMAARCCHAAA	MEME-1	X	3517887	3517915	-	-1.07339	8.04e-06	0.404	ATTTCCTTGAGGCCGATGTCGAAGATCAA
TTTRGGYTBVGGCYKAGCCMAARCCHAAA	MEME-1	IV	2179756	2179784	-	-1.08257	8.06e-06	0.404	ATGGGCCCGGGTCTCGGCCCAAACGGCTT
TTTRGGYTBVGGCYKAGCCMAARCCHAAA	MEME-1	I	7008555	7008583	-	-1.08257	8.06e-06	0.404	AGCGGGTGCAAACTGAGGCCAAACCAAAA
TTTRGGYTBVGGCYKAGCCMAARCCHAAA	MEME-1	X	7874835	7874863	-	-1.08257	8.06e-06	0.404	TTGGTGTAGGGCTGGAGCTCGTGCCCAAA
TTTRGGYTBVGGCYKAGCCMAARCCHAAA	MEME-1	X	4073115	4073143	+	-1.08257	8.06e-06	0.404	TTGATGTCCCTGCTGAGGCTGTCCACCAA
TTTRGGYTBVGGCYKAGCCMAARCCHAAA	MEME-1	X	8061442	8061470	+	-1.08257	8.06e-06	0.404	TTTAGCTATCGTGTTATCTCAACCACCAT
TTTRGGYTBVGGCYKAGCCMAARCCHAAA	MEME-1	III	8613743	8613771	-	-1.09174	8.08e-06	0.404	CTTTCCTTCAAGCTCAACCCATGCACAAT
TTTRGGYTBVGGCYKAGCCMAARCCHAAA	MEME-1	I	2163915	2163943	+	-1.09174	8.08e-06	0.404	GCTGGGCTCCGCCACCGCCAAGTCCGAGA
TTTRGGYTBVGGCYKAGCCMAARCCHAAA	MEME-1	V	8965717	8965745	-	-1.10092	8.1e-06	0.404	TTGAGCTGCAGCCCTGCTCCGATCCGAGT
TTTRGGYTBVGGCYKAGCCMAARCCHAAA	MEME-1	X	429517	429545	-	-1.11009	8.12e-06	0.404	GTGTGGCCTCGCCGTGAGCAAAGCGAAAA
TTTRGGYTBVGGCYKAGCCMAARCCHAAA	MEME-1	II	1631513	1631541	-	-1.11009	8.12e-06	0.404	TTTAGCTGCCGCACTAGCCTGTGCCTACT
TTTRGGYTBVGGCYKAGCCMAARCCHAAA	MEME-1	V	7123133	7123161	+	-1.11009	8.12e-06	0.404	GGTCGGTCGAGGCCTTGGTCAGACCACAT
TTTRGGYTBVGGCYKAGCCMAARCCHAAA	MEME-1	I	2905223	2905251	+	-1.11927	8.14e-06	0.404	CTGTTGTCAATGCTAAGCCAAGACCAAGA
TTTRGGYTBVGGCYKAGCCMAARCCHAAA	MEME-1	X	8509415	8509443	+	-1.11927	8.14e-06	0.404	CTTTGGCTCAGGCCTGGTGCTTGGCATAT
TTTRGGYTBVGGCYKAGCCMAARCCHAAA	MEME-1	III	431800	431828	-	-1.12844	8.16e-06	0.404	CTGTCGCCCTGGCTGAGCCGAAGGATAGA
TTTRGGYTBVGGCYKAGCCMAARCCHAAA	MEME-1	IV	1114624	1114652	+	-1.12844	8.16e-06	0.404	AATCGGCCCGGCCTGAGCTCAGCGAAAGT
TTTRGGYTBVGGCYKAGCCMAARCCHAAA	MEME-1	III	8419587	8419615	+	-1.12844	8.16e-06	0.404	TAGGAGTGCAGCCATAGCCCAGAGACAAT
TTTRGGYTBVGGCYKAGCCMAARCCHAAA	MEME-1	X	10962009	10962037	+	-1.12844	8.16e-06	0.404	TATAGCCTTGGGCATGTCCAAAAACAAGA
TTTRGGYTBVGGCYKAGCCMAARCCHAAA	MEME-1	IV	1543139	1543167	-	-1.13761	8.18e-06	0.404	ATGAGCCAGGGACAGAGCCCAGAGACGAA
TTTRGGYTBVGGCYKAGCCMAARCCHAAA	MEME-1	II	306946	306974	+	-1.13761	8.18e-06	0.404	ATTTGGAGGAGACCGAGCTCGGAGCATGA
TTTRGGYTBVGGCYKAGCCMAARCCHAAA	MEME-1	X	3089260	3089288	+	-1.13761	8.18e-06	0.404	TTTAATCCTCCGCATAGGCAAAACCTCAT
TTTRGGYTBVGGCYKAGCCMAARCCHAAA	MEME-1	IV	3140673	3140701	+	-1.13761	8.18e-06	0.404	TGAAACTCCGGGCCCGGGTCAGACCCAAA
TTTRGGYTBVGGCYKAGCCMAARCCHAAA	MEME-1	X	9855788	9855816	+	-1.13761	8.18e-06	0.404	GTGTGGTTGGGAGTGAGCGAGAGCCTTGA
TTTRGGYTBVGGCYKAGCCMAARCCHAAA	MEME-1	V	5678271	5678299	-	-1.14679	8.2e-06	0.404	TTTGGCCTGAGCACTGTGCAAAACGTCAT
TTTRGGYTBVGGCYKAGCCMAARCCHAAA	MEME-1	X	2372021	2372049	+	-1.14679	8.2e-06	0.404	TATAAGCAGAGCCTAAGGCCAACCCCTTT
TTTRGGYTBVGGCYKAGCCMAARCCHAAA	MEME-1	IV	1482395	1482423	-	-1.15596	8.22e-06	0.404	TTGTGGCTGTGGCCACAGCCAAAGCCACA
TTTRGGYTBVGGCYKAGCCMAARCCHAAA	MEME-1	I	6641270	6641298	-	-1.15596	8.22e-06	0.404	ATCAGCCCCCAGCTCGGGCAAAGCCGCTA
TTTRGGYTBVGGCYKAGCCMAARCCHAAA	MEME-1	X	8986897	8986925	-	-1.16514	8.24e-06	0.404	ATCAGCTCCGGCCTTGGCACATTCCAACA
TTTRGGYTBVGGCYKAGCCMAARCCHAAA	MEME-1	IV	7634212	7634240	-	-1.17431	8.26e-06	0.404	GTTTGGTATGACTTTAGGCCAAGCACGAT
TTTRGGYTBVGGCYKAGCCMAARCCHAAA	MEME-1	III	8532315	8532343	-	-1.17431	8.26e-06	0.404	TTGTGGTCTATCCCGAGGCCTTGGCCACA
TTTRGGYTBVGGCYKAGCCMAARCCHAAA	MEME-1	X	981376	981404	+	-1.17431	8.26e-06	0.404	GATCGGCTTCGCCTTGGCCAACCACTAAA
TTTRGGYTBVGGCYKAGCCMAARCCHAAA	MEME-1	II	5671096	5671124	+	-1.17431	8.26e-06	0.404	GGGTGGCGTCGACCAAGCCAATCGATCGA
TTTRGGYTBVGGCYKAGCCMAARCCHAAA	MEME-1	X	8147541	8147569	+	-1.18349	8.28e-06	0.404	TTCTGGTCTGCGCCTTGCCCGACCGTAAA
TTTRGGYTBVGGCYKAGCCMAARCCHAAA	MEME-1	X	10121505	10121533	+	-1.18349	8.28e-06	0.404	TTCTGGTCTGCGCCTTGCCCGACCGTAAA
TTTRGGYTBVGGCYKAGCCMAARCCHAAA	MEME-1	I	2437381	2437409	+	-1.19266	8.3e-06	0.404	GTTTGGTTGAGACTAGGACCTAGGCAAGT
TTTRGGYTBVGGCYKAGCCMAARCCHAAA	MEME-1	V	1131021	1131049	-	-1.20183	8.32e-06	0.404	TTTGGTATCGGACCGGGACCGAACCGAAT
TTTRGGYTBVGGCYKAGCCMAARCCHAAA	MEME-1	V	1901406	1901434	+	-1.20183	8.32e-06	0.404	ATTTGCATGCGCCTTACCTCAACTCGCAA
TTTRGGYTBVGGCYKAGCCMAARCCHAAA	MEME-1	II	5335288	5335316	-	-1.22018	8.36e-06	0.404	ATTGGGTACCGGCTAACGCAATCCTCCGG
TTTRGGYTBVGGCYKAGCCMAARCCHAAA	MEME-1	X	10406349	10406377	-	-1.22018	8.36e-06	0.404	ATCAGGTCGGGGGCGAGTCAAAGCGTCAA
TTTRGGYTBVGGCYKAGCCMAARCCHAAA	MEME-1	X	4692593	4692621	-	-1.22936	8.38e-06	0.404	TTGAGACTCGGATCTGGCCAATGGCCAAC
TTTRGGYTBVGGCYKAGCCMAARCCHAAA	MEME-1	V	9267580	9267608	+	-1.22936	8.38e-06	0.404	TTTGCTTTGTGGCCTCGGTCAAACACAAA
TTTRGGYTBVGGCYKAGCCMAARCCHAAA	MEME-1	IV	9740769	9740797	+	-1.22936	8.38e-06	0.404	CTTGACCAGCGGCTCGTCCAAAGCCGGAT
TTTRGGYTBVGGCYKAGCCMAARCCHAAA	MEME-1	V	1137193	1137221	-	-1.23853	8.4e-06	0.404	ATGTTCTTCAGGCCGGTGCAAAAGCTGAA
TTTRGGYTBVGGCYKAGCCMAARCCHAAA	MEME-1	X	9919261	9919289	-	-1.24771	8.42e-06	0.404	TTCAGGCTCAGGCTATGAACAATCCCTAT
TTTRGGYTBVGGCYKAGCCMAARCCHAAA	MEME-1	X	8500989	8501017	-	-1.25688	8.44e-06	0.404	CTTTGGCTCCGGGTAGACCAAAGGAACAG
TTTRGGYTBVGGCYKAGCCMAARCCHAAA	MEME-1	I	2516637	2516665	+	-1.25688	8.44e-06	0.404	TTTAGTTTTGGGAAGGGGTAAAATCAAAA
TTTRGGYTBVGGCYKAGCCMAARCCHAAA	MEME-1	V	5949764	5949792	-	-1.26606	8.46e-06	0.404	TTTAGCGTCTGCCGTAGGCCATAGAAAGA
TTTRGGYTBVGGCYKAGCCMAARCCHAAA	MEME-1	V	6222157	6222185	-	-1.26606	8.46e-06	0.404	GATAGCTGTAAGACTGGCCAATGCCGAAA
TTTRGGYTBVGGCYKAGCCMAARCCHAAA	MEME-1	IV	2077222	2077250	+	-1.26606	8.46e-06	0.404	ATTTTGGAGCACCCTAGGCAAACGCCCAA
TTTRGGYTBVGGCYKAGCCMAARCCHAAA	MEME-1	V	2560558	2560586	-	-1.27523	8.48e-06	0.404	TTTATGTTTCGGCTGTGGCATAAAACCAT
TTTRGGYTBVGGCYKAGCCMAARCCHAAA	MEME-1	X	1367518	1367546	+	-1.27523	8.48e-06	0.404	ATTAGGATGGTGCTAACCTCAGACAAAGA
TTTRGGYTBVGGCYKAGCCMAARCCHAAA	MEME-1	IV	3941527	3941555	-	-1.2844	8.51e-06	0.404	GTTGGCTGGAGGGCTGGGCAGATTCGAGA
TTTRGGYTBVGGCYKAGCCMAARCCHAAA	MEME-1	X	5362356	5362384	-	-1.2844	8.51e-06	0.404	TTTAGCTCCAGGCCGCGTCAAAACTCCTA
TTTRGGYTBVGGCYKAGCCMAARCCHAAA	MEME-1	II	8523889	8523917	-	-1.2844	8.51e-06	0.404	CTACGGTTCCGGGCAGGCTCATGCCGAGA
TTTRGGYTBVGGCYKAGCCMAARCCHAAA	MEME-1	III	2826095	2826123	-	-1.29358	8.53e-06	0.404	TTTGGGTAGAGACGAAGGTCATCCCCAGC
TTTRGGYTBVGGCYKAGCCMAARCCHAAA	MEME-1	II	1777514	1777542	+	-1.29358	8.53e-06	0.404	GTTTATTTGCGGCTGAGGAAAAATCTAAA
TTTRGGYTBVGGCYKAGCCMAARCCHAAA	MEME-1	X	3443300	3443328	+	-1.29358	8.53e-06	0.404	TTTAGGTATAGCGTCAGGTAAATTCCCAG
TTTRGGYTBVGGCYKAGCCMAARCCHAAA	MEME-1	V	3450671	3450699	+	-1.29358	8.53e-06	0.404	TTGAGGTTGAGCCCGAGTCCGAAGACTTG
TTTRGGYTBVGGCYKAGCCMAARCCHAAA	MEME-1	II	1402085	1402113	-	-1.30275	8.55e-06	0.404	TTTTGGCTTGGATGAGGGCCAAAGCGTGA
TTTRGGYTBVGGCYKAGCCMAARCCHAAA	MEME-1	II	608897	608925	+	-1.30275	8.55e-06	0.404	GTGAGCTTGTGGTTCGGGTAATTGCTCAT
TTTRGGYTBVGGCYKAGCCMAARCCHAAA	MEME-1	IV	4011835	4011863	+	-1.30275	8.55e-06	0.404	ATGTGGCGAGGGATTGGGTAAGTCACAGA
TTTRGGYTBVGGCYKAGCCMAARCCHAAA	MEME-1	X	4360572	4360600	+	-1.30275	8.55e-06	0.404	CTCTGGCCTCGGCGCAACTCATGGCTCAA
TTTRGGYTBVGGCYKAGCCMAARCCHAAA	MEME-1	X	9343775	9343803	-	-1.31193	8.57e-06	0.404	ATTGAGCTCAGGCTGATACCAGGCATTGA
TTTRGGYTBVGGCYKAGCCMAARCCHAAA	MEME-1	II	7702796	7702824	+	-1.31193	8.57e-06	0.404	CTTGGCCTCAGTCTTGGGAATATCCTCAT
TTTRGGYTBVGGCYKAGCCMAARCCHAAA	MEME-1	II	8581143	8581171	-	-1.3211	8.59e-06	0.404	CTGAGGCCTCACGTGAGGCCAAGGCGAAG
TTTRGGYTBVGGCYKAGCCMAARCCHAAA	MEME-1	V	2571310	2571338	+	-1.3211	8.59e-06	0.404	GTTAAGTTGGTGCGCAGCCAATATCCAGA
TTTRGGYTBVGGCYKAGCCMAARCCHAAA	MEME-1	II	610420	610448	-	-1.33028	8.61e-06	0.404	CTTAGAGCGAGCCTAAGGCAATTGCATAT
TTTRGGYTBVGGCYKAGCCMAARCCHAAA	MEME-1	II	3575611	3575639	+	-1.33028	8.61e-06	0.404	CTTGGCCTTGTCTCCAGCCAAAAGCTGGA
TTTRGGYTBVGGCYKAGCCMAARCCHAAA	MEME-1	V	6415591	6415619	+	-1.33945	8.63e-06	0.404	CTTGGGGAGAGGACGAGGTCAACACGCAA
TTTRGGYTBVGGCYKAGCCMAARCCHAAA	MEME-1	IV	8835220	8835248	+	-1.33945	8.63e-06	0.404	TTTTGGCGGAGTCCAATCCAGATCCGCAG
TTTRGGYTBVGGCYKAGCCMAARCCHAAA	MEME-1	III	6202110	6202138	-	-1.34862	8.65e-06	0.404	GGTTGCTCGGGGCTAGCCCAGATCCTAGT
TTTRGGYTBVGGCYKAGCCMAARCCHAAA	MEME-1	IV	145569	145597	+	-1.34862	8.65e-06	0.404	ATTTCGTTCCAGCCGGGACCAAACCCGGA
TTTRGGYTBVGGCYKAGCCMAARCCHAAA	MEME-1	I	7860038	7860066	+	-1.34862	8.65e-06	0.404	TGCTGGTTTAGGCTTGGTCCAGTCCAATA
TTTRGGYTBVGGCYKAGCCMAARCCHAAA	MEME-1	V	3036182	3036210	-	-1.3578	8.67e-06	0.404	TTTGAGTTCGGGGTTCGGTAGAAGACCAT
TTTRGGYTBVGGCYKAGCCMAARCCHAAA	MEME-1	V	9681629	9681657	-	-1.3578	8.67e-06	0.404	TTGTTGTCGAGGCATCGTCCAAAGCCAAT
TTTRGGYTBVGGCYKAGCCMAARCCHAAA	MEME-1	III	5499802	5499830	+	-1.3578	8.67e-06	0.404	ATTAGGTGGAGGACCGGGTAAACCGAGAA
TTTRGGYTBVGGCYKAGCCMAARCCHAAA	MEME-1	IV	8747793	8747821	+	-1.3578	8.67e-06	0.404	TTGACGTAGAGGCTTGACCAATAGAGAAG
TTTRGGYTBVGGCYKAGCCMAARCCHAAA	MEME-1	IV	10804000	10804028	+	-1.3578	8.67e-06	0.404	GTTTGGTTCAGCGCTGGCTCAGTGCACGC
TTTRGGYTBVGGCYKAGCCMAARCCHAAA	MEME-1	III	108045	108073	-	-1.36697	8.69e-06	0.404	TTTGGGCTTGCGCTAATATAAACGAGAAT
TTTRGGYTBVGGCYKAGCCMAARCCHAAA	MEME-1	I	2957211	2957239	-	-1.36697	8.69e-06	0.404	TTACGATCTCGGCGTAGGCCAAGGCGAAT
TTTRGGYTBVGGCYKAGCCMAARCCHAAA	MEME-1	I	1538950	1538978	+	-1.37615	8.72e-06	0.404	ATCGGGTTTCGGCTGAGAACACAGCTTAT
TTTRGGYTBVGGCYKAGCCMAARCCHAAA	MEME-1	II	2892196	2892224	-	-1.38532	8.74e-06	0.404	TTTAGGAATCGCCCAAATCCAAGCTCAAA
TTTRGGYTBVGGCYKAGCCMAARCCHAAA	MEME-1	IV	4361850	4361878	+	-1.38532	8.74e-06	0.404	TTTCGGTCGAGTCTTGGCTAATCGCAGGA
TTTRGGYTBVGGCYKAGCCMAARCCHAAA	MEME-1	X	7616927	7616955	+	-1.38532	8.74e-06	0.404	CTGAGGTCGCTGCCAAGCACACACACAGT
TTTRGGYTBVGGCYKAGCCMAARCCHAAA	MEME-1	X	8719689	8719717	+	-1.38532	8.74e-06	0.404	TTTCTCCTTCGCCTTATCCCAATCACTGA
TTTRGGYTBVGGCYKAGCCMAARCCHAAA	MEME-1	X	9583683	9583711	+	-1.38532	8.74e-06	0.404	TCTAGTTCCGGGTTGAGCGAATAGCCCAA
TTTRGGYTBVGGCYKAGCCMAARCCHAAA	MEME-1	V	3752575	3752603	-	-1.3945	8.76e-06	0.404	TTTAGGCGGAGCTTGAAACAGGAGCTAAA
TTTRGGYTBVGGCYKAGCCMAARCCHAAA	MEME-1	I	4313186	4313214	-	-1.3945	8.76e-06	0.404	ATGAGTTTGCGGCCAAGGAAGAGAAAAAA
TTTRGGYTBVGGCYKAGCCMAARCCHAAA	MEME-1	X	3248421	3248449	+	-1.3945	8.76e-06	0.404	TTCCGGCCGCGGCCAAGCCCAAGAAAGAA
TTTRGGYTBVGGCYKAGCCMAARCCHAAA	MEME-1	II	8666473	8666501	+	-1.3945	8.76e-06	0.404	AATTGGCTGAGACCTAGCAAAGACAAAGT
TTTRGGYTBVGGCYKAGCCMAARCCHAAA	MEME-1	V	9155493	9155521	+	-1.40367	8.78e-06	0.404	GTGAACTATCGGCATAGGCCATACGAAGA
TTTRGGYTBVGGCYKAGCCMAARCCHAAA	MEME-1	X	1616126	1616154	+	-1.41284	8.8e-06	0.404	GTGTCGCACATGCTCAGCTCAACCCCTAG
TTTRGGYTBVGGCYKAGCCMAARCCHAAA	MEME-1	IV	4535549	4535577	+	-1.42202	8.82e-06	0.404	CTTAGGTCCGGGCTGACCAGGGGCACCAT
TTTRGGYTBVGGCYKAGCCMAARCCHAAA	MEME-1	III	3161381	3161409	-	-1.43119	8.84e-06	0.404	GAGAACTTCAGTCTTAGCCAAAGGACTAA
TTTRGGYTBVGGCYKAGCCMAARCCHAAA	MEME-1	V	3166198	3166226	-	-1.43119	8.84e-06	0.404	ATTACCCACCGGATGGGGCAATACCACAC
TTTRGGYTBVGGCYKAGCCMAARCCHAAA	MEME-1	II	6544128	6544156	+	-1.43119	8.84e-06	0.404	TTGGGGCCTTGGCTGTGGTAGACGCGGAA
TTTRGGYTBVGGCYKAGCCMAARCCHAAA	MEME-1	V	682796	682824	-	-1.44037	8.87e-06	0.404	TTGAGCCTCCGCCTTATAAAATTCAAAAA
TTTRGGYTBVGGCYKAGCCMAARCCHAAA	MEME-1	III	6044473	6044501	-	-1.44037	8.87e-06	0.404	GTGGGGCTCCCGGCCAGGCTGGACCAAGA
TTTRGGYTBVGGCYKAGCCMAARCCHAAA	MEME-1	IV	7599937	7599965	-	-1.44037	8.87e-06	0.404	CTTGGGCCTGGTCCTGTCCCATGCGTTGA
TTTRGGYTBVGGCYKAGCCMAARCCHAAA	MEME-1	X	7870460	7870488	-	-1.44037	8.87e-06	0.404	TTTGGGTGTTGGCTAAGCAAAAAAAGTGT
TTTRGGYTBVGGCYKAGCCMAARCCHAAA	MEME-1	I	2815996	2816024	+	-1.44037	8.87e-06	0.404	TTGTGGACTCGGCATGGCTCGGGGAGCAT
TTTRGGYTBVGGCYKAGCCMAARCCHAAA	MEME-1	X	8945808	8945836	+	-1.44037	8.87e-06	0.404	TGTAGTTTGAGGCTAAGACAATAGGTAAA
TTTRGGYTBVGGCYKAGCCMAARCCHAAA	MEME-1	I	5929532	5929560	+	-1.44954	8.89e-06	0.404	CTTTGGCGTATCCCCAGCCCTAGAAAAAA
TTTRGGYTBVGGCYKAGCCMAARCCHAAA	MEME-1	V	6119083	6119111	+	-1.44954	8.89e-06	0.404	TTGAACTAGAAGACGAGCCAGTGCCAAAA
TTTRGGYTBVGGCYKAGCCMAARCCHAAA	MEME-1	X	6349795	6349823	+	-1.44954	8.89e-06	0.404	TTGGGATGTGGGCTTACCTAGTTTCACAA
TTTRGGYTBVGGCYKAGCCMAARCCHAAA	MEME-1	II	8862347	8862375	+	-1.44954	8.89e-06	0.404	TTGGGGCTGTTGCTGTGGCCAGGGCTGAA
TTTRGGYTBVGGCYKAGCCMAARCCHAAA	MEME-1	IV	635573	635601	-	-1.45872	8.91e-06	0.404	TTTGGGAGCCGGTTGAGCTAGAAGAACCA
TTTRGGYTBVGGCYKAGCCMAARCCHAAA	MEME-1	V	2022599	2022627	-	-1.45872	8.91e-06	0.404	ATTAGCCTCGTTGTTAGGAAAAACCAAAA
TTTRGGYTBVGGCYKAGCCMAARCCHAAA	MEME-1	II	7680250	7680278	-	-1.45872	8.91e-06	0.404	TAGAGGCATGGGCCCGGCCCATATTGTGA
TTTRGGYTBVGGCYKAGCCMAARCCHAAA	MEME-1	V	5031958	5031986	+	-1.45872	8.91e-06	0.404	TTTGGGTAGAGGCAAAGGACATAGAGAAC
TTTRGGYTBVGGCYKAGCCMAARCCHAAA	MEME-1	V	344179	344207	+	-1.47706	8.95e-06	0.404	ATGATGCAGAGGCTCTGCCCGACTCTTAT
TTTRGGYTBVGGCYKAGCCMAARCCHAAA	MEME-1	III	644261	644289	+	-1.47706	8.95e-06	0.404	TCTAGGCTCGGGCTCGTTTCGAACCATGT
TTTRGGYTBVGGCYKAGCCMAARCCHAAA	MEME-1	IV	5336132	5336160	+	-1.47706	8.95e-06	0.404	TTGAGAGCCCGACCTAGCCAGTTGCTCAT
TTTRGGYTBVGGCYKAGCCMAARCCHAAA	MEME-1	II	6463830	6463858	+	-1.47706	8.95e-06	0.404	CCTTAACTTCGCCTTAGCCAATTCCTCGA
TTTRGGYTBVGGCYKAGCCMAARCCHAAA	MEME-1	X	10191614	10191642	+	-1.47706	8.95e-06	0.404	GAATGCTCTCGGCTCGGCCAATGCCTCCA
TTTRGGYTBVGGCYKAGCCMAARCCHAAA	MEME-1	IV	984722	984750	-	-1.48624	8.97e-06	0.405	TTTTGGCTCCGGCCATGGCCAACAGTCAG
TTTRGGYTBVGGCYKAGCCMAARCCHAAA	MEME-1	X	8920437	8920465	-	-1.48624	8.97e-06	0.405	CATGGGCTTGGGCAGGGGTAATACCGTTA
TTTRGGYTBVGGCYKAGCCMAARCCHAAA	MEME-1	IV	3674335	3674363	-	-1.49541	9e-06	0.405	TTGAGGCATTGGCCATTCCAGGAGCGCAA
TTTRGGYTBVGGCYKAGCCMAARCCHAAA	MEME-1	X	2617933	2617961	-	-1.50459	9.02e-06	0.405	TTGAACCTTAGGCTTGGGTCAGACTGATA
TTTRGGYTBVGGCYKAGCCMAARCCHAAA	MEME-1	V	5324899	5324927	-	-1.50459	9.02e-06	0.405	TTGTTCCTGCCGCTAATGCAAATCCCAGA
TTTRGGYTBVGGCYKAGCCMAARCCHAAA	MEME-1	I	2628844	2628872	+	-1.50459	9.02e-06	0.405	AATTGGTCGAGGCCCGAGCCATTCAACGA
TTTRGGYTBVGGCYKAGCCMAARCCHAAA	MEME-1	II	5068798	5068826	-	-1.51376	9.04e-06	0.405	GTTGGCGACAGCCTTGGCCAGAAGCGTCT
TTTRGGYTBVGGCYKAGCCMAARCCHAAA	MEME-1	III	2671412	2671440	-	-1.52294	9.06e-06	0.405	TTTGGTTATCGGCAGAGGTAGACGCGAAC
TTTRGGYTBVGGCYKAGCCMAARCCHAAA	MEME-1	II	4570362	4570390	-	-1.52294	9.06e-06	0.405	GTGAGGAACAGGCCGAGCCCGATGGTACT
TTTRGGYTBVGGCYKAGCCMAARCCHAAA	MEME-1	IV	6513500	6513528	-	-1.52294	9.06e-06	0.405	TTTTGGTACAGTCTGAGGTAAGTACAAAG
TTTRGGYTBVGGCYKAGCCMAARCCHAAA	MEME-1	II	1798725	1798753	+	-1.52294	9.06e-06	0.405	CTTTGCTTTAGTCCCAGCCCATTTCCCGG
TTTRGGYTBVGGCYKAGCCMAARCCHAAA	MEME-1	II	703205	703233	+	-1.53211	9.08e-06	0.406	CAGGGGTTTCGGTCCCGCCCGAGGACTAA
TTTRGGYTBVGGCYKAGCCMAARCCHAAA	MEME-1	X	8806652	8806680	+	-1.54128	9.11e-06	0.406	CTGATCCTGAGTCTTGGCCAGAACTGAAT
TTTRGGYTBVGGCYKAGCCMAARCCHAAA	MEME-1	III	2431885	2431913	-	-1.55046	9.13e-06	0.406	AGGGGGTTGGGACTTAAGCCAGGCAGAGA
TTTRGGYTBVGGCYKAGCCMAARCCHAAA	MEME-1	X	6991530	6991558	-	-1.55046	9.13e-06	0.406	CTTAGGTATTTGCCTCGGCCGTCGCCCAT
TTTRGGYTBVGGCYKAGCCMAARCCHAAA	MEME-1	III	6871495	6871523	+	-1.55963	9.15e-06	0.407	TTCTCGTGTCGTCCGAGCCAAAAGCCACT
TTTRGGYTBVGGCYKAGCCMAARCCHAAA	MEME-1	III	1207140	1207168	+	-1.56881	9.17e-06	0.407	CTTGGGAGCTGGCTTACCCCATATCTAGA
TTTRGGYTBVGGCYKAGCCMAARCCHAAA	MEME-1	X	10183781	10183809	+	-1.56881	9.17e-06	0.407	TTTTGGTGTGTGACGAGTCAGGACATAAT
TTTRGGYTBVGGCYKAGCCMAARCCHAAA	MEME-1	X	252662	252690	-	-1.57798	9.19e-06	0.407	TTTTGAATCCGTCTGGGGTCAGTCCGAAT
TTTRGGYTBVGGCYKAGCCMAARCCHAAA	MEME-1	III	4444683	4444711	-	-1.57798	9.19e-06	0.407	CTGCTCCTTGGGTCCAGCCAAATCCGAGT
TTTRGGYTBVGGCYKAGCCMAARCCHAAA	MEME-1	III	78368	78396	-	-1.58716	9.22e-06	0.407	GTCTGCCGTCGGCCGACTTCAAAGCCCAA
TTTRGGYTBVGGCYKAGCCMAARCCHAAA	MEME-1	V	9681623	9681651	-	-1.58716	9.22e-06	0.407	TCGAGGCATCGTCCAAAGCCAATCAGAAA
TTTRGGYTBVGGCYKAGCCMAARCCHAAA	MEME-1	V	5824485	5824513	-	-1.59633	9.24e-06	0.407	CTTTGGCTGCGCCCAAGTCAATCGGAACA
TTTRGGYTBVGGCYKAGCCMAARCCHAAA	MEME-1	II	229994	230022	+	-1.59633	9.24e-06	0.407	TTTGGATTTCGCGCGCGGCCGACCCATGA
TTTRGGYTBVGGCYKAGCCMAARCCHAAA	MEME-1	X	1372525	1372553	-	-1.6055	9.26e-06	0.407	TTGTTGCTTCGCCTAGGGTCATATACAGT
TTTRGGYTBVGGCYKAGCCMAARCCHAAA	MEME-1	III	1207452	1207480	+	-1.6055	9.26e-06	0.407	TTTGGCTATCGGCTGAAGACATGTAGAAA
TTTRGGYTBVGGCYKAGCCMAARCCHAAA	MEME-1	II	5596602	5596630	+	-1.6055	9.26e-06	0.407	AGGAGGCAGAGCTCGAGCCCGAGGTCAAA
TTTRGGYTBVGGCYKAGCCMAARCCHAAA	MEME-1	X	11277099	11277127	+	-1.6055	9.26e-06	0.407	TTTAGGCTTAGGCTTAGGCACATAAAGTA
TTTRGGYTBVGGCYKAGCCMAARCCHAAA	MEME-1	II	818547	818575	-	-1.61468	9.28e-06	0.407	TTTGGCTCGAGCCCGAGCATACTCACCAA
TTTRGGYTBVGGCYKAGCCMAARCCHAAA	MEME-1	III	1732844	1732872	-	-1.63303	9.33e-06	0.407	GTTTGGATCAGTCTAGGCCATAGCTCAAA
TTTRGGYTBVGGCYKAGCCMAARCCHAAA	MEME-1	V	4072774	4072802	-	-1.63303	9.33e-06	0.407	CTTAGCTTTCTGTTTAGCCAAAGAGACAA
TTTRGGYTBVGGCYKAGCCMAARCCHAAA	MEME-1	V	2511677	2511705	+	-1.63303	9.33e-06	0.407	TTTTGGTCTCCCCTTAAGTAAAAGTCAAT
TTTRGGYTBVGGCYKAGCCMAARCCHAAA	MEME-1	V	993925	993953	-	-1.6422	9.35e-06	0.407	TTTTGGCCCAGTCCAATACCATTGCCAGA
TTTRGGYTBVGGCYKAGCCMAARCCHAAA	MEME-1	II	1135290	1135318	-	-1.6422	9.35e-06	0.407	GTTAGGTATCGGGTAAAGACAGCCACAAA
TTTRGGYTBVGGCYKAGCCMAARCCHAAA	MEME-1	IV	2895193	2895221	-	-1.6422	9.35e-06	0.407	TTTGGGCATAGGCCCAGTCACTCCTCACA
TTTRGGYTBVGGCYKAGCCMAARCCHAAA	MEME-1	III	4810531	4810559	-	-1.6422	9.35e-06	0.407	AAGTTGTGTCAGCTCAGCTCAATGCCCAA
TTTRGGYTBVGGCYKAGCCMAARCCHAAA	MEME-1	V	401848	401876	-	-1.65138	9.38e-06	0.407	ACTGGGGACAGCTTGAGGTCATCCCCAAA
TTTRGGYTBVGGCYKAGCCMAARCCHAAA	MEME-1	V	5352218	5352246	-	-1.66055	9.4e-06	0.407	GTTGGGTCGGGGTTGAGTTCGAAGACGAA
TTTRGGYTBVGGCYKAGCCMAARCCHAAA	MEME-1	X	7896674	7896702	-	-1.66055	9.4e-06	0.407	CTGAACCTTCGGCTGAGCCAACTCCCGAG
TTTRGGYTBVGGCYKAGCCMAARCCHAAA	MEME-1	IV	794737	794765	+	-1.66055	9.4e-06	0.407	AGGAGGCTGGGGCTGGGGCAAGTAACCAC
TTTRGGYTBVGGCYKAGCCMAARCCHAAA	MEME-1	I	2622212	2622240	+	-1.66055	9.4e-06	0.407	CTGGGGATCGGGCGCAACCAGTACATCGA
TTTRGGYTBVGGCYKAGCCMAARCCHAAA	MEME-1	V	3951530	3951558	+	-1.66055	9.4e-06	0.407	TTTAGATACAGACTGGGACAGAGCATTAA
TTTRGGYTBVGGCYKAGCCMAARCCHAAA	MEME-1	IV	4000491	4000519	-	-1.66972	9.42e-06	0.407	TTTTTGCTCGGAACTAGGACATACCCTAA
TTTRGGYTBVGGCYKAGCCMAARCCHAAA	MEME-1	X	540886	540914	+	-1.66972	9.42e-06	0.407	ATTTAATTCCGACCTTGCTCATACCCAAA
TTTRGGYTBVGGCYKAGCCMAARCCHAAA	MEME-1	II	7917790	7917818	+	-1.66972	9.42e-06	0.407	GCTAGACTGCGGCTATGTCCATTCCCAAA
TTTRGGYTBVGGCYKAGCCMAARCCHAAA	MEME-1	X	1121872	1121900	-	-1.6789	9.44e-06	0.407	ATGAGTTATCGGCACAGCCTAAAAACAAA
TTTRGGYTBVGGCYKAGCCMAARCCHAAA	MEME-1	I	8859373	8859401	-	-1.6789	9.44e-06	0.407	CTGGGGCTGCTGCGCAGCCGGAGGAATAA
TTTRGGYTBVGGCYKAGCCMAARCCHAAA	MEME-1	I	6946998	6947026	+	-1.6789	9.44e-06	0.407	TTTTGGGGGCAGCTGAGGCCATGAAACGA
TTTRGGYTBVGGCYKAGCCMAARCCHAAA	MEME-1	X	3475194	3475222	-	-1.68807	9.47e-06	0.407	TTGTGGCGGCGGCACAGGTAGTGGAGACA
TTTRGGYTBVGGCYKAGCCMAARCCHAAA	MEME-1	I	4571577	4571605	-	-1.68807	9.47e-06	0.407	TTGGTTCAGAGGCCCATCCAATACAGAAT
TTTRGGYTBVGGCYKAGCCMAARCCHAAA	MEME-1	V	8698142	8698170	+	-1.68807	9.47e-06	0.407	TCGAGGCCTCGATCGAGGTAAAACAAAAT
TTTRGGYTBVGGCYKAGCCMAARCCHAAA	MEME-1	X	8825512	8825540	+	-1.69725	9.49e-06	0.408	TTTAGGTTGGGGCAAAACTAGGAGAAGAA
TTTRGGYTBVGGCYKAGCCMAARCCHAAA	MEME-1	II	8899650	8899678	+	-1.70642	9.51e-06	0.408	CATTCCGTCCGGCTCGGGCAGATCCCAAA
TTTRGGYTBVGGCYKAGCCMAARCCHAAA	MEME-1	III	1383354	1383382	-	-1.7156	9.53e-06	0.408	GAGAGGCAGAGGCTCGGGTCAATGATCAG
TTTRGGYTBVGGCYKAGCCMAARCCHAAA	MEME-1	X	7931494	7931522	-	-1.7156	9.53e-06	0.408	ATGAGCCTGATCCCTGGTCAACAGCTCAA
TTTRGGYTBVGGCYKAGCCMAARCCHAAA	MEME-1	I	2784380	2784408	+	-1.7156	9.53e-06	0.408	CTTTGTCACCGGCTCGGACAAGGCCTTCA
TTTRGGYTBVGGCYKAGCCMAARCCHAAA	MEME-1	III	42700	42728	+	-1.72477	9.56e-06	0.408	GTTTGCCACGCGAGTAGCCAAACCCGCGA
TTTRGGYTBVGGCYKAGCCMAARCCHAAA	MEME-1	IV	2179762	2179790	+	-1.72477	9.56e-06	0.408	TTTGGGCCGAGACCCGGGCCCATGCTCTT
TTTRGGYTBVGGCYKAGCCMAARCCHAAA	MEME-1	X	10061165	10061193	-	-1.73394	9.58e-06	0.408	CTTGACTCGGGGCTTGAGCAGAGCCTGAA
TTTRGGYTBVGGCYKAGCCMAARCCHAAA	MEME-1	IV	11014826	11014854	+	-1.73394	9.58e-06	0.408	TTGTGTCTTCTCCTTCTCCAAAGCCTCAA
TTTRGGYTBVGGCYKAGCCMAARCCHAAA	MEME-1	X	5697415	5697443	-	-1.74312	9.6e-06	0.408	TAATGGCAGGGGCTGGTCCACACCCAAAA
TTTRGGYTBVGGCYKAGCCMAARCCHAAA	MEME-1	IV	5804064	5804092	-	-1.74312	9.6e-06	0.408	GTTCGGCTCACTCCTAGGCAAAAAACAAA
TTTRGGYTBVGGCYKAGCCMAARCCHAAA	MEME-1	IV	281911	281939	+	-1.74312	9.6e-06	0.408	TTAGGCTTTAGGCTTTGCTCGGCGGACAA
TTTRGGYTBVGGCYKAGCCMAARCCHAAA	MEME-1	III	8410374	8410402	+	-1.74312	9.6e-06	0.408	GTCAGGCTTACGCCAAGGCCAAGGATCCT
TTTRGGYTBVGGCYKAGCCMAARCCHAAA	MEME-1	IV	6725818	6725846	+	-1.75229	9.63e-06	0.409	ATTAGGTTTACGATGAGTTCAAAGCAAAC
TTTRGGYTBVGGCYKAGCCMAARCCHAAA	MEME-1	II	8103115	8103143	-	-1.76147	9.65e-06	0.409	TCTAGACCGAGGCCTAGCCTACGCCAAGT
TTTRGGYTBVGGCYKAGCCMAARCCHAAA	MEME-1	V	10032631	10032659	-	-1.76147	9.65e-06	0.409	CTCAGGCTTAGGCTTAGGCTTTAGGCCAA
TTTRGGYTBVGGCYKAGCCMAARCCHAAA	MEME-1	V	10763619	10763647	-	-1.77064	9.67e-06	0.409	ATGAGGCTGGAGCTGACCAAGATCATAGA
TTTRGGYTBVGGCYKAGCCMAARCCHAAA	MEME-1	V	9022697	9022725	+	-1.77064	9.67e-06	0.409	TTTTGGCCGAGGCGGCGCAAATCCCAAAG
TTTRGGYTBVGGCYKAGCCMAARCCHAAA	MEME-1	II	1429476	1429504	-	-1.77982	9.7e-06	0.409	ATGAGTCTTGGGGTTTCCCCAAGGCATAA
TTTRGGYTBVGGCYKAGCCMAARCCHAAA	MEME-1	III	9583765	9583793	+	-1.77982	9.7e-06	0.409	TTTGTGTTTACCCCGGGGGAATCCCCCGA
TTTRGGYTBVGGCYKAGCCMAARCCHAAA	MEME-1	IV	4683326	4683354	-	-1.78899	9.72e-06	0.409	TTTTGAGTCCGACTCAGACCAAAGAACAA
TTTRGGYTBVGGCYKAGCCMAARCCHAAA	MEME-1	III	4043806	4043834	+	-1.78899	9.72e-06	0.409	ATGAGGTCGAAGTTCTGCCCGGACCCTAT
TTTRGGYTBVGGCYKAGCCMAARCCHAAA	MEME-1	II	8999742	8999770	+	-1.78899	9.72e-06	0.409	GATAAAGTTAGGCCGAGGCCGAGCCCAAA
TTTRGGYTBVGGCYKAGCCMAARCCHAAA	MEME-1	V	10482629	10482657	-	-1.80734	9.77e-06	0.41	TTCAGCTGTTGGTTGAGGCCAGACAGCAT
TTTRGGYTBVGGCYKAGCCMAARCCHAAA	MEME-1	I	994146	994174	+	-1.80734	9.77e-06	0.41	TTAGGGTGCGAGCTTGGCCGGGAGACAGA
TTTRGGYTBVGGCYKAGCCMAARCCHAAA	MEME-1	III	9512055	9512083	+	-1.80734	9.77e-06	0.41	TTTAACATCCGGATTAGCCGATCGCTCAA
TTTRGGYTBVGGCYKAGCCMAARCCHAAA	MEME-1	V	6193877	6193905	+	-1.81651	9.79e-06	0.41	GGGATGCTCAGGCCCAGGTGGGGCCCAAA
TTTRGGYTBVGGCYKAGCCMAARCCHAAA	MEME-1	X	9345383	9345411	+	-1.81651	9.79e-06	0.41	TCGTGGCTGATGCGGAGTTCAACCCAAAA
TTTRGGYTBVGGCYKAGCCMAARCCHAAA	MEME-1	X	9401229	9401257	+	-1.81651	9.79e-06	0.41	GAGATGTTGGAGCTTGGGCCAGCGCTTAA
TTTRGGYTBVGGCYKAGCCMAARCCHAAA	MEME-1	X	6076577	6076605	+	-1.82569	9.82e-06	0.411	GTTGGGCTGCGCCCGAAGTGAAGCACCAC
TTTRGGYTBVGGCYKAGCCMAARCCHAAA	MEME-1	V	2585520	2585548	+	-1.83486	9.84e-06	0.411	TTGAACTTCCTGCCTGGGTCGGGCAACAT
TTTRGGYTBVGGCYKAGCCMAARCCHAAA	MEME-1	III	9144536	9144564	-	-1.84404	9.86e-06	0.411	GTTTATTTTAGCCTTAGCCAATATCCTGT
TTTRGGYTBVGGCYKAGCCMAARCCHAAA	MEME-1	IV	11108065	11108093	-	-1.84404	9.86e-06	0.411	ATTGGGTCGATGTTTAGGTCGATCCAACA
TTTRGGYTBVGGCYKAGCCMAARCCHAAA	MEME-1	III	4592951	4592979	+	-1.84404	9.86e-06	0.411	TTTAGGTCTCTGCCAAGGCCGCCGCCTCT
TTTRGGYTBVGGCYKAGCCMAARCCHAAA	MEME-1	I	2071556	2071584	+	-1.85321	9.89e-06	0.411	CTGGGGCGTAGGCTGTGGCCGGCGGCTGT
TTTRGGYTBVGGCYKAGCCMAARCCHAAA	MEME-1	X	416862	416890	+	-1.86239	9.91e-06	0.411	TTTTGCTATAGGCTACGGACACAGCTTAA
TTTRGGYTBVGGCYKAGCCMAARCCHAAA	MEME-1	I	855434	855462	+	-1.86239	9.91e-06	0.411	ATTGGCTTTGGTCTCTGAAAATACCAAAA
TTTRGGYTBVGGCYKAGCCMAARCCHAAA	MEME-1	X	3368737	3368765	+	-1.86239	9.91e-06	0.411	TTTGACCTCAGACACATGCCAAAGCCAAA
TTTRGGYTBVGGCYKAGCCMAARCCHAAA	MEME-1	X	4527610	4527638	-	-1.87156	9.94e-06	0.411	GATGGCCTCGAGCTTAGCTGTAACCAAAA
TTTRGGYTBVGGCYKAGCCMAARCCHAAA	MEME-1	I	6833691	6833719	-	-1.87156	9.94e-06	0.411	CTAAGGCCAAGGCTGAAGCAACAGCCAAA
TTTRGGYTBVGGCYKAGCCMAARCCHAAA	MEME-1	II	7752310	7752338	+	-1.87156	9.94e-06	0.411	CAGTCGCTCAGTCCGAGCCGAAGCCTCAA
TTTRGGYTBVGGCYKAGCCMAARCCHAAA	MEME-1	V	10006538	10006566	+	-1.87156	9.94e-06	0.411	CAGTGGTCTGGACTGAGCTAAAAGCGACT
TTTRGGYTBVGGCYKAGCCMAARCCHAAA	MEME-1	X	4777013	4777041	-	-1.88073	9.96e-06	0.412	TGAAGGCTCGAGCCGAAGCAGAGGCCAAA
TTTRGGYTBVGGCYKAGCCMAARCCHAAA	MEME-1	X	9915663	9915691	-	-1.88073	9.96e-06	0.412	GTTTGGCTTCGTGTCAGTCAAAACCTAGC
TTTRGGYTBVGGCYKAGCCMAARCCHAAA	MEME-1	V	9121496	9121524	-	-1.88991	9.98e-06	0.412	AATAGGGCTCGCCCCAGCCCAATCAGACT
TTTRGGYTBVGGCYKAGCCMAARCCHAAA	MEME-1	I	5909657	5909685	+	-1.88991	9.98e-06	0.412	TTTACTCCGAGACTTGGCTCAAACAGTAA

# FIMO (Find Individual Motif Occurrences): Version 5.1.1 compiled on May 28 2020 at 04:38:09
# The format of this file is described at http://localhost:8080/doc/fimo-output-format.html.
# fimo --thresh 1e-5 --max-strand nxOscTipu1.1.meme.txt tmp.fa
